<Document doc_name="ABC19980114.1830.0611">
<token t_id="1" sentence="0" number="0">In</token>
<token t_id="2" sentence="0" number="1">Washington</token>
<token t_id="3" sentence="0" number="2">today</token>
<token t_id="4" sentence="0" number="3">,</token>
<token t_id="5" sentence="0" number="4">the</token>
<token t_id="6" sentence="0" number="5">Federal</token>
<token t_id="7" sentence="0" number="6">Aviation</token>
<token t_id="8" sentence="0" number="7">Administration</token>
<token t_id="9" sentence="0" number="8">released</token>
<token t_id="10" sentence="0" number="9">air</token>
<token t_id="11" sentence="0" number="10">traffic</token>
<token t_id="12" sentence="0" number="11">control</token>
<token t_id="13" sentence="0" number="12">tapes</token>
<token t_id="14" sentence="0" number="13">from</token>
<token t_id="15" sentence="0" number="14">the</token>
<token t_id="16" sentence="0" number="15">night</token>
<token t_id="17" sentence="0" number="16">the</token>
<token t_id="18" sentence="0" number="17">TWA</token>
<token t_id="19" sentence="0" number="18">Flight</token>
<token t_id="20" sentence="0" number="19">eight</token>
<token t_id="21" sentence="0" number="20">hundred</token>
<token t_id="22" sentence="0" number="21">went</token>
<token t_id="23" sentence="0" number="22">down</token>
<token t_id="24" sentence="0" number="23">.</token>
<token t_id="25" sentence="1" number="24">There</token>
<token t_id="26" sentence="1" number="25">'s</token>
<token t_id="27" sentence="1" number="26">nothing</token>
<token t_id="28" sentence="1" number="27">new</token>
<token t_id="29" sentence="1" number="28">on</token>
<token t_id="30" sentence="1" number="29">why</token>
<token t_id="31" sentence="1" number="30">the</token>
<token t_id="32" sentence="1" number="31">plane</token>
<token t_id="33" sentence="1" number="32">exploded</token>
<token t_id="34" sentence="1" number="33">,</token>
<token t_id="35" sentence="1" number="34">but</token>
<token t_id="36" sentence="1" number="35">you</token>
<token t_id="37" sentence="1" number="36">can</token>
<token t_id="38" sentence="1" number="37">not</token>
<token t_id="39" sentence="1" number="38">miss</token>
<token t_id="40" sentence="1" number="39">the</token>
<token t_id="41" sentence="1" number="40">moment</token>
<token t_id="42" sentence="1" number="41">.</token>
<token t_id="43" sentence="2" number="42">ABC</token>
<token t_id="44" sentence="2" number="43">'s</token>
<token t_id="45" sentence="2" number="44">Lisa</token>
<token t_id="46" sentence="2" number="45">Stark</token>
<token t_id="47" sentence="2" number="46">has</token>
<token t_id="48" sentence="2" number="47">more</token>
<token t_id="49" sentence="2" number="48">.</token>
<token t_id="50" sentence="3" number="49">There</token>
<token t_id="51" sentence="3" number="50">was</token>
<token t_id="52" sentence="3" number="51">no</token>
<token t_id="53" sentence="3" number="52">hint</token>
<token t_id="54" sentence="3" number="53">of</token>
<token t_id="55" sentence="3" number="54">trouble</token>
<token t_id="56" sentence="3" number="55">in</token>
<token t_id="57" sentence="3" number="56">the</token>
<token t_id="58" sentence="3" number="57">last</token>
<token t_id="59" sentence="3" number="58">conversation</token>
<token t_id="60" sentence="3" number="59">between</token>
<token t_id="61" sentence="3" number="60">controllers</token>
<token t_id="62" sentence="3" number="61">and</token>
<token t_id="63" sentence="3" number="62">TWA</token>
<token t_id="64" sentence="3" number="63">pilot</token>
<token t_id="65" sentence="3" number="64">Steven</token>
<token t_id="66" sentence="3" number="65">Snyder</token>
<token t_id="67" sentence="3" number="66">TWA</token>
<token t_id="68" sentence="3" number="67">eight</token>
<token t_id="69" sentence="3" number="68">hundred</token>
<token t_id="70" sentence="3" number="69">climb</token>
<token t_id="71" sentence="3" number="70">maintain</token>
<token t_id="72" sentence="3" number="71">one</token>
<token t_id="73" sentence="3" number="72">five</token>
<token t_id="74" sentence="3" number="73">thousand</token>
<token t_id="75" sentence="3" number="74">.</token>
<token t_id="76" sentence="4" number="75">TWA</token>
<token t_id="77" sentence="4" number="76">'s</token>
<token t_id="78" sentence="4" number="77">eight</token>
<token t_id="79" sentence="4" number="78">hundred</token>
<token t_id="80" sentence="4" number="79">heavy</token>
<token t_id="81" sentence="4" number="80">climb</token>
<token t_id="82" sentence="4" number="81">and</token>
<token t_id="83" sentence="4" number="82">maintain</token>
<token t_id="84" sentence="4" number="83">one</token>
<token t_id="85" sentence="4" number="84">five</token>
<token t_id="86" sentence="4" number="85">thousand</token>
<token t_id="87" sentence="4" number="86">leavin</token>
<token t_id="88" sentence="4" number="87">-</token>
<token t_id="89" sentence="4" number="88">three</token>
<token t_id="90" sentence="4" number="89">thousand</token>
<token t_id="91" sentence="4" number="90">.</token>
<token t_id="92" sentence="5" number="91">But</token>
<token t_id="93" sentence="5" number="92">a</token>
<token t_id="94" sentence="5" number="93">minute</token>
<token t_id="95" sentence="5" number="94">and</token>
<token t_id="96" sentence="5" number="95">a</token>
<token t_id="97" sentence="5" number="96">half</token>
<token t_id="98" sentence="5" number="97">later</token>
<token t_id="99" sentence="5" number="98">,</token>
<token t_id="100" sentence="5" number="99">a</token>
<token t_id="101" sentence="5" number="100">pilot</token>
<token t_id="102" sentence="5" number="101">from</token>
<token t_id="103" sentence="5" number="102">a</token>
<token t_id="104" sentence="5" number="103">nearby</token>
<token t_id="105" sentence="5" number="104">flight</token>
<token t_id="106" sentence="5" number="105">calls</token>
<token t_id="107" sentence="5" number="106">in</token>
<token t_id="108" sentence="5" number="107">.</token>
<token t_id="109" sentence="6" number="108">Ah</token>
<token t_id="110" sentence="6" number="109">,</token>
<token t_id="111" sentence="6" number="110">we</token>
<token t_id="112" sentence="6" number="111">just</token>
<token t_id="113" sentence="6" number="112">saw</token>
<token t_id="114" sentence="6" number="113">an</token>
<token t_id="115" sentence="6" number="114">explosion</token>
<token t_id="116" sentence="6" number="115">up</token>
<token t_id="117" sentence="6" number="116">ahead</token>
<token t_id="118" sentence="6" number="117">of</token>
<token t_id="119" sentence="6" number="118">us</token>
<token t_id="120" sentence="6" number="119">here</token>
<token t_id="121" sentence="6" number="120">about</token>
<token t_id="122" sentence="6" number="121">sixteen</token>
<token t_id="123" sentence="6" number="122">thousand</token>
<token t_id="124" sentence="6" number="123">feet</token>
<token t_id="125" sentence="6" number="124">or</token>
<token t_id="126" sentence="6" number="125">something</token>
<token t_id="127" sentence="6" number="126">like</token>
<token t_id="128" sentence="6" number="127">that</token>
<token t_id="129" sentence="6" number="128">.</token>
<token t_id="130" sentence="7" number="129">It</token>
<token t_id="131" sentence="7" number="130">just</token>
<token t_id="132" sentence="7" number="131">went</token>
<token t_id="133" sentence="7" number="132">down</token>
<token t_id="134" sentence="7" number="133">.</token>
<token t_id="135" sentence="8" number="134">The</token>
<token t_id="136" sentence="8" number="135">controller</token>
<token t_id="137" sentence="8" number="136">at</token>
<token t_id="138" sentence="8" number="137">Boston</token>
<token t_id="139" sentence="8" number="138">center</token>
<token t_id="140" sentence="8" number="139">tries</token>
<token t_id="141" sentence="8" number="140">to</token>
<token t_id="142" sentence="8" number="141">raise</token>
<token t_id="143" sentence="8" number="142">TWA</token>
<token t_id="144" sentence="8" number="143">eight</token>
<token t_id="145" sentence="8" number="144">hundred</token>
<token t_id="146" sentence="8" number="145">.</token>
<token t_id="147" sentence="9" number="146">TWA</token>
<token t_id="148" sentence="9" number="147">eight</token>
<token t_id="149" sentence="9" number="148">hundred</token>
<token t_id="150" sentence="9" number="149">,</token>
<token t_id="151" sentence="9" number="150">if</token>
<token t_id="152" sentence="9" number="151">you</token>
<token t_id="153" sentence="9" number="152">hear</token>
<token t_id="154" sentence="9" number="153">center</token>
<token t_id="155" sentence="9" number="154">,</token>
<token t_id="156" sentence="9" number="155">ident</token>
<token t_id="157" sentence="9" number="156">.</token>
<token t_id="158" sentence="10" number="157">There</token>
<token t_id="159" sentence="10" number="158">is</token>
<token t_id="160" sentence="10" number="159">no</token>
<token t_id="161" sentence="10" number="160">response</token>
<token t_id="162" sentence="10" number="161">.</token>
<token t_id="163" sentence="11" number="162">Later</token>
<token t_id="164" sentence="11" number="163">,</token>
<token t_id="165" sentence="11" number="164">the</token>
<token t_id="166" sentence="11" number="165">controller</token>
<token t_id="167" sentence="11" number="166">asks</token>
<token t_id="168" sentence="11" number="167">the</token>
<token t_id="169" sentence="11" number="168">Eastwind</token>
<token t_id="170" sentence="11" number="169">pilot</token>
<token t_id="171" sentence="11" number="170">for</token>
<token t_id="172" sentence="11" number="171">more</token>
<token t_id="173" sentence="11" number="172">details</token>
<token t_id="174" sentence="11" number="173">.</token>
<token t_id="175" sentence="12" number="174">Ah</token>
<token t_id="176" sentence="12" number="175">yes</token>
<token t_id="177" sentence="12" number="176">,</token>
<token t_id="178" sentence="12" number="177">sir</token>
<token t_id="179" sentence="12" number="178">.</token>
<token t_id="180" sentence="13" number="179">It</token>
<token t_id="181" sentence="13" number="180">-</token>
<token t_id="182" sentence="13" number="181">It</token>
<token t_id="183" sentence="13" number="182">just</token>
<token t_id="184" sentence="13" number="183">blew</token>
<token t_id="185" sentence="13" number="184">up</token>
<token t_id="186" sentence="13" number="185">in</token>
<token t_id="187" sentence="13" number="186">the</token>
<token t_id="188" sentence="13" number="187">air</token>
<token t_id="189" sentence="13" number="188">,</token>
<token t_id="190" sentence="13" number="189">and</token>
<token t_id="191" sentence="13" number="190">then</token>
<token t_id="192" sentence="13" number="191">we</token>
<token t_id="193" sentence="13" number="192">saw</token>
<token t_id="194" sentence="13" number="193">two</token>
<token t_id="195" sentence="13" number="194">fireballs</token>
<token t_id="196" sentence="13" number="195">go</token>
<token t_id="197" sentence="13" number="196">down</token>
<token t_id="198" sentence="13" number="197">to</token>
<token t_id="199" sentence="13" number="198">the</token>
<token t_id="200" sentence="13" number="199">,</token>
<token t_id="201" sentence="13" number="200">to</token>
<token t_id="202" sentence="13" number="201">the</token>
<token t_id="203" sentence="13" number="202">water</token>
<token t_id="204" sentence="13" number="203">,</token>
<token t_id="205" sentence="13" number="204">and</token>
<token t_id="206" sentence="13" number="205">there</token>
<token t_id="207" sentence="13" number="206">was</token>
<token t_id="208" sentence="13" number="207">a</token>
<token t_id="209" sentence="13" number="208">big</token>
<token t_id="210" sentence="13" number="209">small</token>
<token t_id="211" sentence="13" number="210">,</token>
<token t_id="212" sentence="13" number="211">ah</token>
<token t_id="213" sentence="13" number="212">,</token>
<token t_id="214" sentence="13" number="213">smoke</token>
<token t_id="215" sentence="13" number="214">,</token>
<token t_id="216" sentence="13" number="215">from</token>
<token t_id="217" sentence="13" number="216">ah</token>
<token t_id="218" sentence="13" number="217">,</token>
<token t_id="219" sentence="13" number="218">coming</token>
<token t_id="220" sentence="13" number="219">up</token>
<token t_id="221" sentence="13" number="220">from</token>
<token t_id="222" sentence="13" number="221">that</token>
<token t_id="223" sentence="13" number="222">.</token>
<token t_id="224" sentence="14" number="223">At</token>
<token t_id="225" sentence="14" number="224">one</token>
<token t_id="226" sentence="14" number="225">point</token>
<token t_id="227" sentence="14" number="226">,</token>
<token t_id="228" sentence="14" number="227">when</token>
<token t_id="229" sentence="14" number="228">it</token>
<token t_id="230" sentence="14" number="229">became</token>
<token t_id="231" sentence="14" number="230">clear</token>
<token t_id="232" sentence="14" number="231">controllers</token>
<token t_id="233" sentence="14" number="232">could</token>
<token t_id="234" sentence="14" number="233">not</token>
<token t_id="235" sentence="14" number="234">contact</token>
<token t_id="236" sentence="14" number="235">the</token>
<token t_id="237" sentence="14" number="236">plane</token>
<token t_id="238" sentence="14" number="237">,</token>
<token t_id="239" sentence="14" number="238">someone</token>
<token t_id="240" sentence="14" number="239">said</token>
<token t_id="241" sentence="14" number="240">a</token>
<token t_id="242" sentence="14" number="241">prayer</token>
<token t_id="243" sentence="14" number="242">.</token>
<token t_id="244" sentence="15" number="243">TWA</token>
<token t_id="245" sentence="15" number="244">eight</token>
<token t_id="246" sentence="15" number="245">hundred</token>
<token t_id="247" sentence="15" number="246">center</token>
<token t_id="248" sentence="15" number="247">,</token>
<token t_id="249" sentence="15" number="248">I</token>
<token t_id="250" sentence="15" number="249">think</token>
<token t_id="251" sentence="15" number="250">that</token>
<token t_id="252" sentence="15" number="251">was</token>
<token t_id="253" sentence="15" number="252">him</token>
<token t_id="254" sentence="15" number="253">.</token>
<token t_id="255" sentence="16" number="254">I</token>
<token t_id="256" sentence="16" number="255">think</token>
<token t_id="257" sentence="16" number="256">so</token>
<token t_id="258" sentence="16" number="257">.</token>
<token t_id="259" sentence="17" number="258">God</token>
<token t_id="260" sentence="17" number="259">bless</token>
<token t_id="261" sentence="17" number="260">him</token>
<token t_id="262" sentence="17" number="261">.</token>
<token t_id="263" sentence="18" number="262">Lisa</token>
<token t_id="264" sentence="18" number="263">Stark</token>
<token t_id="265" sentence="18" number="264">ABC</token>
<token t_id="266" sentence="18" number="265">news</token>
<token t_id="267" sentence="18" number="266">Washington</token>


<Markables>
<ARGUMENTATIVE m_id="27" comment="" conversational-direct="FALSE" conversational-reported="FALSE"  >
<token_anchor t_id="25"/>
<token_anchor t_id="26"/>
<token_anchor t_id="27"/>
<token_anchor t_id="28"/>
</ARGUMENTATIVE>
<ARGUMENTATIVE m_id="28" comment="" conversational-direct="FALSE" conversational-reported="FALSE"  >
<token_anchor t_id="35"/>
<token_anchor t_id="36"/>
<token_anchor t_id="37"/>
<token_anchor t_id="38"/>
<token_anchor t_id="39"/>
<token_anchor t_id="40"/>
<token_anchor t_id="41"/>
<token_anchor t_id="42"/>
</ARGUMENTATIVE>
<INSTRUCTIVE m_id="29" comment="" conversational-direct="FALSE" conversational-reported="FALSE"  >
<token_anchor t_id="67"/>
<token_anchor t_id="68"/>
<token_anchor t_id="69"/>
<token_anchor t_id="70"/>
</INSTRUCTIVE>
<INSTRUCTIVE m_id="30" comment="" conversational-direct="FALSE" conversational-reported="FALSE"  >
<token_anchor t_id="71"/>
<token_anchor t_id="72"/>
<token_anchor t_id="73"/>
<token_anchor t_id="74"/>
<token_anchor t_id="75"/>
</INSTRUCTIVE>
<INSTRUCTIVE m_id="31" comment="" conversational-direct="FALSE" conversational-reported="FALSE"  >
<token_anchor t_id="147"/>
<token_anchor t_id="148"/>
<token_anchor t_id="149"/>
<token_anchor t_id="150"/>
<token_anchor t_id="155"/>
<token_anchor t_id="156"/>
<token_anchor t_id="157"/>
</INSTRUCTIVE>
<INSTRUCTIVE m_id="32" comment="" conversational-direct="FALSE" conversational-reported="FALSE"  >
<token_anchor t_id="151"/>
<token_anchor t_id="152"/>
<token_anchor t_id="153"/>
<token_anchor t_id="154"/>
</INSTRUCTIVE>
<LOCATION m_id="1" comment=""  >
<token_anchor t_id="267"/>
</LOCATION>
<NARRATIVE m_id="33" Level="Primary" comment="" conversational-direct="TRUE" conversational-reported="FALSE"  >
<token_anchor t_id="244"/>
<token_anchor t_id="245"/>
<token_anchor t_id="246"/>
<token_anchor t_id="247"/>
<token_anchor t_id="248"/>
<token_anchor t_id="249"/>
<token_anchor t_id="250"/>
</NARRATIVE>
<NARRATIVE m_id="2" Level="Primary" comment="" conversational-direct="TRUE" conversational-reported="FALSE"  >
<token_anchor t_id="109"/>
<token_anchor t_id="110"/>
<token_anchor t_id="111"/>
<token_anchor t_id="112"/>
<token_anchor t_id="113"/>
<token_anchor t_id="114"/>
<token_anchor t_id="115"/>
<token_anchor t_id="116"/>
<token_anchor t_id="117"/>
<token_anchor t_id="118"/>
<token_anchor t_id="119"/>
<token_anchor t_id="120"/>
<token_anchor t_id="121"/>
<token_anchor t_id="122"/>
<token_anchor t_id="123"/>
<token_anchor t_id="124"/>
<token_anchor t_id="125"/>
<token_anchor t_id="126"/>
<token_anchor t_id="127"/>
<token_anchor t_id="128"/>
<token_anchor t_id="129"/>
</NARRATIVE>
<NARRATIVE m_id="34" Level="Primary" comment="" conversational-direct="TRUE" conversational-reported="FALSE"  >
<token_anchor t_id="251"/>
<token_anchor t_id="252"/>
<token_anchor t_id="253"/>
<token_anchor t_id="254"/>
</NARRATIVE>
<NARRATIVE m_id="3" Level="Primary" comment="" conversational-direct="TRUE" conversational-reported="FALSE"  >
<token_anchor t_id="130"/>
<token_anchor t_id="131"/>
<token_anchor t_id="132"/>
<token_anchor t_id="133"/>
<token_anchor t_id="134"/>
</NARRATIVE>
<NARRATIVE m_id="35" Level="Primary" comment="" conversational-direct="TRUE" conversational-reported="FALSE"  >
<token_anchor t_id="255"/>
<token_anchor t_id="256"/>
<token_anchor t_id="257"/>
<token_anchor t_id="258"/>
</NARRATIVE>
<NARRATIVE m_id="4" Level="Primary" comment="" conversational-direct="FALSE" conversational-reported="FALSE"  >
<token_anchor t_id="135"/>
<token_anchor t_id="136"/>
<token_anchor t_id="137"/>
<token_anchor t_id="138"/>
<token_anchor t_id="139"/>
<token_anchor t_id="140"/>
</NARRATIVE>
<NARRATIVE m_id="5" Level="Primary" comment="" conversational-direct="FALSE" conversational-reported="FALSE"  >
<token_anchor t_id="141"/>
<token_anchor t_id="142"/>
<token_anchor t_id="143"/>
<token_anchor t_id="144"/>
<token_anchor t_id="145"/>
<token_anchor t_id="146"/>
</NARRATIVE>
<NARRATIVE m_id="6" Level="Primary" comment="" conversational-direct="FALSE" conversational-reported="FALSE"  >
<token_anchor t_id="158"/>
<token_anchor t_id="159"/>
<token_anchor t_id="160"/>
<token_anchor t_id="161"/>
<token_anchor t_id="162"/>
</NARRATIVE>
<NARRATIVE m_id="7" Level="Primary" comment="" conversational-direct="FALSE" conversational-reported="FALSE"  >
<token_anchor t_id="163"/>
<token_anchor t_id="164"/>
<token_anchor t_id="165"/>
<token_anchor t_id="166"/>
<token_anchor t_id="167"/>
<token_anchor t_id="168"/>
<token_anchor t_id="169"/>
<token_anchor t_id="170"/>
<token_anchor t_id="171"/>
<token_anchor t_id="172"/>
<token_anchor t_id="173"/>
<token_anchor t_id="174"/>
</NARRATIVE>
<NARRATIVE m_id="8" Level="Primary" comment="" conversational-direct="TRUE" conversational-reported="FALSE"  >
<token_anchor t_id="180"/>
<token_anchor t_id="181"/>
<token_anchor t_id="182"/>
<token_anchor t_id="183"/>
<token_anchor t_id="184"/>
<token_anchor t_id="185"/>
<token_anchor t_id="186"/>
<token_anchor t_id="187"/>
<token_anchor t_id="188"/>
<token_anchor t_id="189"/>
</NARRATIVE>
<NARRATIVE m_id="9" Level="Primary" comment="" conversational-direct="TRUE" conversational-reported="FALSE"  >
<token_anchor t_id="190"/>
<token_anchor t_id="191"/>
<token_anchor t_id="192"/>
<token_anchor t_id="193"/>
</NARRATIVE>
<NARRATIVE m_id="10" Level="Primary" comment="" conversational-direct="TRUE" conversational-reported="FALSE"  >
<token_anchor t_id="194"/>
<token_anchor t_id="195"/>
<token_anchor t_id="196"/>
<token_anchor t_id="197"/>
<token_anchor t_id="198"/>
<token_anchor t_id="199"/>
<token_anchor t_id="200"/>
<token_anchor t_id="201"/>
<token_anchor t_id="202"/>
<token_anchor t_id="203"/>
<token_anchor t_id="204"/>
</NARRATIVE>
<NARRATIVE m_id="11" Level="Primary" comment="" conversational-direct="TRUE" conversational-reported="FALSE"  >
<token_anchor t_id="205"/>
<token_anchor t_id="206"/>
<token_anchor t_id="207"/>
<token_anchor t_id="208"/>
<token_anchor t_id="209"/>
<token_anchor t_id="210"/>
<token_anchor t_id="211"/>
<token_anchor t_id="212"/>
<token_anchor t_id="213"/>
<token_anchor t_id="214"/>
<token_anchor t_id="215"/>
<token_anchor t_id="216"/>
<token_anchor t_id="217"/>
<token_anchor t_id="218"/>
</NARRATIVE>
<NARRATIVE m_id="12" Level="Primary" comment="" conversational-direct="TRUE" conversational-reported="FALSE"  >
<token_anchor t_id="219"/>
<token_anchor t_id="220"/>
<token_anchor t_id="221"/>
<token_anchor t_id="222"/>
<token_anchor t_id="223"/>
</NARRATIVE>
<NARRATIVE m_id="13" Level="Primary" comment="" conversational-direct="FALSE" conversational-reported="FALSE"  >
<token_anchor t_id="224"/>
<token_anchor t_id="225"/>
<token_anchor t_id="226"/>
<token_anchor t_id="227"/>
<token_anchor t_id="228"/>
<token_anchor t_id="229"/>
<token_anchor t_id="230"/>
<token_anchor t_id="231"/>
</NARRATIVE>
<NARRATIVE m_id="14" Level="Primary" comment="" conversational-direct="FALSE" conversational-reported="FALSE"  >
<token_anchor t_id="232"/>
<token_anchor t_id="233"/>
<token_anchor t_id="234"/>
<token_anchor t_id="235"/>
<token_anchor t_id="236"/>
<token_anchor t_id="237"/>
<token_anchor t_id="238"/>
</NARRATIVE>
<NARRATIVE m_id="15" Level="Primary" comment="" conversational-direct="FALSE" conversational-reported="FALSE"  >
<token_anchor t_id="239"/>
<token_anchor t_id="240"/>
<token_anchor t_id="241"/>
<token_anchor t_id="242"/>
<token_anchor t_id="243"/>
</NARRATIVE>
<NARRATIVE m_id="16" Level="Primary" comment="" conversational-direct="FALSE" conversational-reported="FALSE"  >
<token_anchor t_id="1"/>
<token_anchor t_id="2"/>
<token_anchor t_id="3"/>
<token_anchor t_id="4"/>
<token_anchor t_id="5"/>
<token_anchor t_id="6"/>
<token_anchor t_id="7"/>
<token_anchor t_id="8"/>
<token_anchor t_id="9"/>
<token_anchor t_id="10"/>
<token_anchor t_id="11"/>
<token_anchor t_id="12"/>
<token_anchor t_id="13"/>
</NARRATIVE>
<NARRATIVE m_id="17" Level="Primary" comment="" conversational-direct="FALSE" conversational-reported="FALSE"  >
<token_anchor t_id="14"/>
<token_anchor t_id="15"/>
<token_anchor t_id="16"/>
<token_anchor t_id="17"/>
<token_anchor t_id="18"/>
<token_anchor t_id="19"/>
<token_anchor t_id="20"/>
<token_anchor t_id="21"/>
<token_anchor t_id="22"/>
<token_anchor t_id="23"/>
<token_anchor t_id="24"/>
</NARRATIVE>
<NARRATIVE m_id="18" Level="Primary" comment="" conversational-direct="FALSE" conversational-reported="FALSE"  >
<token_anchor t_id="29"/>
<token_anchor t_id="30"/>
<token_anchor t_id="31"/>
<token_anchor t_id="32"/>
<token_anchor t_id="33"/>
<token_anchor t_id="34"/>
</NARRATIVE>
<NARRATIVE m_id="19" Level="Primary" comment="" conversational-direct="FALSE" conversational-reported="FALSE"  >
<token_anchor t_id="50"/>
<token_anchor t_id="51"/>
<token_anchor t_id="52"/>
<token_anchor t_id="53"/>
<token_anchor t_id="54"/>
<token_anchor t_id="55"/>
<token_anchor t_id="56"/>
<token_anchor t_id="57"/>
<token_anchor t_id="58"/>
<token_anchor t_id="59"/>
<token_anchor t_id="60"/>
<token_anchor t_id="61"/>
<token_anchor t_id="62"/>
<token_anchor t_id="63"/>
<token_anchor t_id="64"/>
<token_anchor t_id="65"/>
<token_anchor t_id="66"/>
</NARRATIVE>
<NARRATIVE m_id="20" Level="Primary" comment="" conversational-direct="TRUE" conversational-reported="FALSE"  >
<token_anchor t_id="76"/>
<token_anchor t_id="77"/>
<token_anchor t_id="78"/>
<token_anchor t_id="79"/>
<token_anchor t_id="80"/>
<token_anchor t_id="81"/>
</NARRATIVE>
<NARRATIVE m_id="21" Level="Primary" comment="" conversational-direct="TRUE" conversational-reported="FALSE"  >
<token_anchor t_id="82"/>
<token_anchor t_id="83"/>
<token_anchor t_id="84"/>
<token_anchor t_id="85"/>
<token_anchor t_id="86"/>
<token_anchor t_id="87"/>
<token_anchor t_id="88"/>
<token_anchor t_id="89"/>
<token_anchor t_id="90"/>
<token_anchor t_id="91"/>
</NARRATIVE>
<NARRATIVE m_id="22" Level="Primary" comment="" conversational-direct="FALSE" conversational-reported="FALSE"  >
<token_anchor t_id="92"/>
<token_anchor t_id="93"/>
<token_anchor t_id="94"/>
<token_anchor t_id="95"/>
<token_anchor t_id="96"/>
<token_anchor t_id="97"/>
<token_anchor t_id="98"/>
<token_anchor t_id="99"/>
<token_anchor t_id="100"/>
<token_anchor t_id="101"/>
<token_anchor t_id="102"/>
<token_anchor t_id="103"/>
<token_anchor t_id="104"/>
<token_anchor t_id="105"/>
<token_anchor t_id="106"/>
<token_anchor t_id="107"/>
<token_anchor t_id="108"/>
</NARRATIVE>
<NONE m_id="23" comment=""  >
<token_anchor t_id="43"/>
<token_anchor t_id="44"/>
<token_anchor t_id="45"/>
<token_anchor t_id="46"/>
<token_anchor t_id="47"/>
<token_anchor t_id="48"/>
<token_anchor t_id="49"/>
</NONE>
<NONE m_id="24" comment=""  >
<token_anchor t_id="263"/>
<token_anchor t_id="264"/>
<token_anchor t_id="265"/>
<token_anchor t_id="266"/>
<token_anchor t_id="267"/>
</NONE>
<OTHER m_id="25" comment="" type="na" conversational-direct="TRUE" conversational-reported="FALSE"  >
<token_anchor t_id="175"/>
<token_anchor t_id="176"/>
<token_anchor t_id="177"/>
<token_anchor t_id="178"/>
<token_anchor t_id="179"/>
</OTHER>
<OTHER m_id="26" comment="" type="na" conversational-direct="TRUE" conversational-reported="FALSE"  >
<token_anchor t_id="259"/>
<token_anchor t_id="260"/>
<token_anchor t_id="261"/>
<token_anchor t_id="262"/>
</OTHER>


</Markables>

<Relations>
</Relations>
</Document>
