<Document doc_name="ABC19980108.1830.0711">
<token t_id="1" sentence="0" number="0">On</token>
<token t_id="2" sentence="0" number="1">the</token>
<token t_id="3" sentence="0" number="2">other</token>
<token t_id="4" sentence="0" number="3">hand</token>
<token t_id="5" sentence="0" number="4">,</token>
<token t_id="6" sentence="0" number="5">it</token>
<token t_id="7" sentence="0" number="6">'s</token>
<token t_id="8" sentence="0" number="7">turning</token>
<token t_id="9" sentence="0" number="8">out</token>
<token t_id="10" sentence="0" number="9">to</token>
<token t_id="11" sentence="0" number="10">be</token>
<token t_id="12" sentence="0" number="11">another</token>
<token t_id="13" sentence="0" number="12">very</token>
<token t_id="14" sentence="0" number="13">bad</token>
<token t_id="15" sentence="0" number="14">financial</token>
<token t_id="16" sentence="0" number="15">week</token>
<token t_id="17" sentence="0" number="16">for</token>
<token t_id="18" sentence="0" number="17">Asia</token>
<token t_id="19" sentence="0" number="18">.</token>
<token t_id="20" sentence="1" number="19">The</token>
<token t_id="21" sentence="1" number="20">financial</token>
<token t_id="22" sentence="1" number="21">assistance</token>
<token t_id="23" sentence="1" number="22">from</token>
<token t_id="24" sentence="1" number="23">the</token>
<token t_id="25" sentence="1" number="24">World</token>
<token t_id="26" sentence="1" number="25">Bank</token>
<token t_id="27" sentence="1" number="26">and</token>
<token t_id="28" sentence="1" number="27">the</token>
<token t_id="29" sentence="1" number="28">International</token>
<token t_id="30" sentence="1" number="29">Monetary</token>
<token t_id="31" sentence="1" number="30">Fund</token>
<token t_id="32" sentence="1" number="31">are</token>
<token t_id="33" sentence="1" number="32">not</token>
<token t_id="34" sentence="1" number="33">helping</token>
<token t_id="35" sentence="1" number="34">.</token>
<token t_id="36" sentence="2" number="35">In</token>
<token t_id="37" sentence="2" number="36">the</token>
<token t_id="38" sentence="2" number="37">last</token>
<token t_id="39" sentence="2" number="38">twenty</token>
<token t_id="40" sentence="2" number="39">four</token>
<token t_id="41" sentence="2" number="40">hours</token>
<token t_id="42" sentence="2" number="41">,</token>
<token t_id="43" sentence="2" number="42">the</token>
<token t_id="44" sentence="2" number="43">value</token>
<token t_id="45" sentence="2" number="44">of</token>
<token t_id="46" sentence="2" number="45">the</token>
<token t_id="47" sentence="2" number="46">Indonesian</token>
<token t_id="48" sentence="2" number="47">stock</token>
<token t_id="49" sentence="2" number="48">market</token>
<token t_id="50" sentence="2" number="49">has</token>
<token t_id="51" sentence="2" number="50">fallen</token>
<token t_id="52" sentence="2" number="51">by</token>
<token t_id="53" sentence="2" number="52">twelve</token>
<token t_id="54" sentence="2" number="53">percent</token>
<token t_id="55" sentence="2" number="54">.</token>
<token t_id="56" sentence="3" number="55">The</token>
<token t_id="57" sentence="3" number="56">Indonesian</token>
<token t_id="58" sentence="3" number="57">currency</token>
<token t_id="59" sentence="3" number="58">has</token>
<token t_id="60" sentence="3" number="59">lost</token>
<token t_id="61" sentence="3" number="60">twenty</token>
<token t_id="62" sentence="3" number="61">six</token>
<token t_id="63" sentence="3" number="62">percent</token>
<token t_id="64" sentence="3" number="63">of</token>
<token t_id="65" sentence="3" number="64">its</token>
<token t_id="66" sentence="3" number="65">value</token>
<token t_id="67" sentence="3" number="66">.</token>
<token t_id="68" sentence="4" number="67">In</token>
<token t_id="69" sentence="4" number="68">Singapore</token>
<token t_id="70" sentence="4" number="69">,</token>
<token t_id="71" sentence="4" number="70">stocks</token>
<token t_id="72" sentence="4" number="71">hit</token>
<token t_id="73" sentence="4" number="72">a</token>
<token t_id="74" sentence="4" number="73">five</token>
<token t_id="75" sentence="4" number="74">year</token>
<token t_id="76" sentence="4" number="75">low</token>
<token t_id="77" sentence="4" number="76">.</token>
<token t_id="78" sentence="5" number="77">In</token>
<token t_id="79" sentence="5" number="78">the</token>
<token t_id="80" sentence="5" number="79">Philippines</token>
<token t_id="81" sentence="5" number="80">,</token>
<token t_id="82" sentence="5" number="81">a</token>
<token t_id="83" sentence="5" number="82">four</token>
<token t_id="84" sentence="5" number="83">year</token>
<token t_id="85" sentence="5" number="84">low</token>
<token t_id="86" sentence="5" number="85">.</token>
<token t_id="87" sentence="6" number="86">And</token>
<token t_id="88" sentence="6" number="87">in</token>
<token t_id="89" sentence="6" number="88">Hong</token>
<token t_id="90" sentence="6" number="89">Kong</token>
<token t_id="91" sentence="6" number="90">,</token>
<token t_id="92" sentence="6" number="91">a</token>
<token t_id="93" sentence="6" number="92">three</token>
<token t_id="94" sentence="6" number="93">percent</token>
<token t_id="95" sentence="6" number="94">drop</token>
<token t_id="96" sentence="6" number="95">.</token>
<token t_id="97" sentence="7" number="96">More</token>
<token t_id="98" sentence="7" number="97">problems</token>
<token t_id="99" sentence="7" number="98">in</token>
<token t_id="100" sentence="7" number="99">Hong</token>
<token t_id="101" sentence="7" number="100">Kong</token>
<token t_id="102" sentence="7" number="101">for</token>
<token t_id="103" sentence="7" number="102">a</token>
<token t_id="104" sentence="7" number="103">place</token>
<token t_id="105" sentence="7" number="104">,</token>
<token t_id="106" sentence="7" number="105">for</token>
<token t_id="107" sentence="7" number="106">an</token>
<token t_id="108" sentence="7" number="107">economy</token>
<token t_id="109" sentence="7" number="108">,</token>
<token t_id="110" sentence="7" number="109">that</token>
<token t_id="111" sentence="7" number="110">many</token>
<token t_id="112" sentence="7" number="111">experts</token>
<token t_id="113" sentence="7" number="112">thought</token>
<token t_id="114" sentence="7" number="113">was</token>
<token t_id="115" sentence="7" number="114">once</token>
<token t_id="116" sentence="7" number="115">invincible</token>
<token t_id="117" sentence="7" number="116">.</token>
<token t_id="118" sentence="8" number="117">Here</token>
<token t_id="119" sentence="8" number="118">'s</token>
<token t_id="120" sentence="8" number="119">ABC</token>
<token t_id="121" sentence="8" number="120">'s</token>
<token t_id="122" sentence="8" number="121">Jim</token>
<token t_id="123" sentence="8" number="122">Laurie</token>
<token t_id="124" sentence="8" number="123">.</token>
<token t_id="125" sentence="9" number="124">Not</token>
<token t_id="126" sentence="9" number="125">that</token>
<token t_id="127" sentence="9" number="126">long</token>
<token t_id="128" sentence="9" number="127">ago</token>
<token t_id="129" sentence="9" number="128">,</token>
<token t_id="130" sentence="9" number="129">before</token>
<token t_id="131" sentence="9" number="130">the</token>
<token t_id="132" sentence="9" number="131">Chinese</token>
<token t_id="133" sentence="9" number="132">takeover</token>
<token t_id="134" sentence="9" number="133">,</token>
<token t_id="135" sentence="9" number="134">the</token>
<token t_id="136" sentence="9" number="135">news</token>
<token t_id="137" sentence="9" number="136">about</token>
<token t_id="138" sentence="9" number="137">real</token>
<token t_id="139" sentence="9" number="138">estate</token>
<token t_id="140" sentence="9" number="139">here</token>
<token t_id="141" sentence="9" number="140">was</token>
<token t_id="142" sentence="9" number="141">that</token>
<token t_id="143" sentence="9" number="142">the</token>
<token t_id="144" sentence="9" number="143">sky</token>
<token t_id="145" sentence="9" number="144">was</token>
<token t_id="146" sentence="9" number="145">the</token>
<token t_id="147" sentence="9" number="146">limit</token>
<token t_id="148" sentence="9" number="147">the</token>
<token t_id="149" sentence="9" number="148">highest</token>
<token t_id="150" sentence="9" number="149">prices</token>
<token t_id="151" sentence="9" number="150">in</token>
<token t_id="152" sentence="9" number="151">the</token>
<token t_id="153" sentence="9" number="152">world</token>
<token t_id="154" sentence="9" number="153">.</token>
<token t_id="155" sentence="10" number="154">So</token>
<token t_id="156" sentence="10" number="155">when</token>
<token t_id="157" sentence="10" number="156">Wong</token>
<token t_id="158" sentence="10" number="157">Kwan</token>
<token t_id="159" sentence="10" number="158">spent</token>
<token t_id="160" sentence="10" number="159">seventy</token>
<token t_id="161" sentence="10" number="160">million</token>
<token t_id="162" sentence="10" number="161">dollars</token>
<token t_id="163" sentence="10" number="162">for</token>
<token t_id="164" sentence="10" number="163">this</token>
<token t_id="165" sentence="10" number="164">house</token>
<token t_id="166" sentence="10" number="165">,</token>
<token t_id="167" sentence="10" number="166">he</token>
<token t_id="168" sentence="10" number="167">thought</token>
<token t_id="169" sentence="10" number="168">it</token>
<token t_id="170" sentence="10" number="169">was</token>
<token t_id="171" sentence="10" number="170">a</token>
<token t_id="172" sentence="10" number="171">great</token>
<token t_id="173" sentence="10" number="172">deal</token>
<token t_id="174" sentence="10" number="173">.</token>
<token t_id="175" sentence="11" number="174">He</token>
<token t_id="176" sentence="11" number="175">sold</token>
<token t_id="177" sentence="11" number="176">the</token>
<token t_id="178" sentence="11" number="177">property</token>
<token t_id="179" sentence="11" number="178">to</token>
<token t_id="180" sentence="11" number="179">five</token>
<token t_id="181" sentence="11" number="180">buyers</token>
<token t_id="182" sentence="11" number="181">and</token>
<token t_id="183" sentence="11" number="182">said</token>
<token t_id="184" sentence="11" number="183">he</token>
<token t_id="185" sentence="11" number="184">'d</token>
<token t_id="186" sentence="11" number="185">double</token>
<token t_id="187" sentence="11" number="186">his</token>
<token t_id="188" sentence="11" number="187">money</token>
<token t_id="189" sentence="11" number="188">.</token>
<token t_id="190" sentence="12" number="189">In</token>
<token t_id="191" sentence="12" number="190">Hong</token>
<token t_id="192" sentence="12" number="191">Kong</token>
<token t_id="193" sentence="12" number="192">,</token>
<token t_id="194" sentence="12" number="193">is</token>
<token t_id="195" sentence="12" number="194">always</token>
<token t_id="196" sentence="12" number="195">belongs</token>
<token t_id="197" sentence="12" number="196">to</token>
<token t_id="198" sentence="12" number="197">the</token>
<token t_id="199" sentence="12" number="198">seller</token>
<token t_id="200" sentence="12" number="199">'s</token>
<token t_id="201" sentence="12" number="200">market</token>
<token t_id="202" sentence="12" number="201">.</token>
<token t_id="203" sentence="13" number="202">Now</token>
<token t_id="204" sentence="13" number="203">with</token>
<token t_id="205" sentence="13" number="204">new</token>
<token t_id="206" sentence="13" number="205">construction</token>
<token t_id="207" sentence="13" number="206">under</token>
<token t_id="208" sentence="13" number="207">way</token>
<token t_id="209" sentence="13" number="208">,</token>
<token t_id="210" sentence="13" number="209">three</token>
<token t_id="211" sentence="13" number="210">of</token>
<token t_id="212" sentence="13" number="211">his</token>
<token t_id="213" sentence="13" number="212">buyers</token>
<token t_id="214" sentence="13" number="213">have</token>
<token t_id="215" sentence="13" number="214">backed</token>
<token t_id="216" sentence="13" number="215">out</token>
<token t_id="217" sentence="13" number="216">.</token>
<token t_id="218" sentence="14" number="217">And</token>
<token t_id="219" sentence="14" number="218">Wong</token>
<token t_id="220" sentence="14" number="219">Kwan</token>
<token t_id="221" sentence="14" number="220">will</token>
<token t_id="222" sentence="14" number="221">be</token>
<token t_id="223" sentence="14" number="222">lucky</token>
<token t_id="224" sentence="14" number="223">to</token>
<token t_id="225" sentence="14" number="224">break</token>
<token t_id="226" sentence="14" number="225">even</token>
<token t_id="227" sentence="14" number="226">.</token>
<token t_id="228" sentence="15" number="227">All</token>
<token t_id="229" sentence="15" number="228">across</token>
<token t_id="230" sentence="15" number="229">Hong</token>
<token t_id="231" sentence="15" number="230">Kong</token>
<token t_id="232" sentence="15" number="231">,</token>
<token t_id="233" sentence="15" number="232">the</token>
<token t_id="234" sentence="15" number="233">property</token>
<token t_id="235" sentence="15" number="234">market</token>
<token t_id="236" sentence="15" number="235">has</token>
<token t_id="237" sentence="15" number="236">crashed</token>
<token t_id="238" sentence="15" number="237">.</token>
<token t_id="239" sentence="16" number="238">Pamela</token>
<token t_id="240" sentence="16" number="239">Pak</token>
<token t_id="241" sentence="16" number="240">owns</token>
<token t_id="242" sentence="16" number="241">eight</token>
<token t_id="243" sentence="16" number="242">condominiums</token>
<token t_id="244" sentence="16" number="243">here</token>
<token t_id="245" sentence="16" number="244">.</token>
<token t_id="246" sentence="17" number="245">Pak</token>
<token t_id="247" sentence="17" number="246">ca</token>
<token t_id="248" sentence="17" number="247">n't</token>
<token t_id="249" sentence="17" number="248">find</token>
<token t_id="250" sentence="17" number="249">buyers</token>
<token t_id="251" sentence="17" number="250">.</token>
<token t_id="252" sentence="18" number="251">She</token>
<token t_id="253" sentence="18" number="252">estimates</token>
<token t_id="254" sentence="18" number="253">her</token>
<token t_id="255" sentence="18" number="254">properties</token>
<token t_id="256" sentence="18" number="255">,</token>
<token t_id="257" sentence="18" number="256">worth</token>
<token t_id="258" sentence="18" number="257">a</token>
<token t_id="259" sentence="18" number="258">hundred</token>
<token t_id="260" sentence="18" number="259">thirty</token>
<token t_id="261" sentence="18" number="260">million</token>
<token t_id="262" sentence="18" number="261">dollars</token>
<token t_id="263" sentence="18" number="262">in</token>
<token t_id="264" sentence="18" number="263">October</token>
<token t_id="265" sentence="18" number="264">,</token>
<token t_id="266" sentence="18" number="265">are</token>
<token t_id="267" sentence="18" number="266">worth</token>
<token t_id="268" sentence="18" number="267">only</token>
<token t_id="269" sentence="18" number="268">half</token>
<token t_id="270" sentence="18" number="269">that</token>
<token t_id="271" sentence="18" number="270">now</token>
<token t_id="272" sentence="18" number="271">.</token>
<token t_id="273" sentence="19" number="272">They</token>
<token t_id="274" sentence="19" number="273">believe</token>
<token t_id="275" sentence="19" number="274">ah</token>
<token t_id="276" sentence="19" number="275">it</token>
<token t_id="277" sentence="19" number="276">will</token>
<token t_id="278" sentence="19" number="277">be</token>
<token t_id="279" sentence="19" number="278">always</token>
<token t_id="280" sentence="19" number="279">up</token>
<token t_id="281" sentence="19" number="280">going</token>
<token t_id="282" sentence="19" number="281">up</token>
<token t_id="283" sentence="19" number="282">and</token>
<token t_id="284" sentence="19" number="283">up</token>
<token t_id="285" sentence="19" number="284">ah</token>
<token t_id="286" sentence="19" number="285">forever</token>
<token t_id="287" sentence="19" number="286">.</token>
<token t_id="288" sentence="20" number="287">Nobody</token>
<token t_id="289" sentence="20" number="288">believe</token>
<token t_id="290" sentence="20" number="289">this</token>
<token t_id="291" sentence="20" number="290">any</token>
<token t_id="292" sentence="20" number="291">more</token>
<token t_id="293" sentence="20" number="292">.</token>
<token t_id="294" sentence="21" number="293">Of</token>
<token t_id="295" sentence="21" number="294">all</token>
<token t_id="296" sentence="21" number="295">of</token>
<token t_id="297" sentence="21" number="296">Asia</token>
<token t_id="298" sentence="21" number="297">'s</token>
<token t_id="299" sentence="21" number="298">economies</token>
<token t_id="300" sentence="21" number="299">,</token>
<token t_id="301" sentence="21" number="300">Hong</token>
<token t_id="302" sentence="21" number="301">Kong</token>
<token t_id="303" sentence="21" number="302">is</token>
<token t_id="304" sentence="21" number="303">the</token>
<token t_id="305" sentence="21" number="304">most</token>
<token t_id="306" sentence="21" number="305">robust</token>
<token t_id="307" sentence="21" number="306">.</token>
<token t_id="308" sentence="22" number="307">But</token>
<token t_id="309" sentence="22" number="308">in</token>
<token t_id="310" sentence="22" number="309">the</token>
<token t_id="311" sentence="22" number="310">past</token>
<token t_id="312" sentence="22" number="311">three</token>
<token t_id="313" sentence="22" number="312">months</token>
<token t_id="314" sentence="22" number="313">,</token>
<token t_id="315" sentence="22" number="314">stocks</token>
<token t_id="316" sentence="22" number="315">have</token>
<token t_id="317" sentence="22" number="316">plunged</token>
<token t_id="318" sentence="22" number="317">,</token>
<token t_id="319" sentence="22" number="318">interest</token>
<token t_id="320" sentence="22" number="319">rates</token>
<token t_id="321" sentence="22" number="320">have</token>
<token t_id="322" sentence="22" number="321">soared</token>
<token t_id="323" sentence="22" number="322">and</token>
<token t_id="324" sentence="22" number="323">the</token>
<token t_id="325" sentence="22" number="324">downturn</token>
<token t_id="326" sentence="22" number="325">all</token>
<token t_id="327" sentence="22" number="326">across</token>
<token t_id="328" sentence="22" number="327">Asia</token>
<token t_id="329" sentence="22" number="328">means</token>
<token t_id="330" sentence="22" number="329">that</token>
<token t_id="331" sentence="22" number="330">people</token>
<token t_id="332" sentence="22" number="331">are</token>
<token t_id="333" sentence="22" number="332">not</token>
<token t_id="334" sentence="22" number="333">spending</token>
<token t_id="335" sentence="22" number="334">here</token>
<token t_id="336" sentence="22" number="335">.</token>
<token t_id="337" sentence="23" number="336">Hotels</token>
<token t_id="338" sentence="23" number="337">are</token>
<token t_id="339" sentence="23" number="338">only</token>
<token t_id="340" sentence="23" number="339">thirty</token>
<token t_id="341" sentence="23" number="340">percent</token>
<token t_id="342" sentence="23" number="341">full</token>
<token t_id="343" sentence="23" number="342">.</token>
<token t_id="344" sentence="24" number="343">You</token>
<token t_id="345" sentence="24" number="344">can</token>
<token t_id="346" sentence="24" number="345">get</token>
<token t_id="347" sentence="24" number="346">seventy</token>
<token t_id="348" sentence="24" number="347">percent</token>
<token t_id="349" sentence="24" number="348">discounts</token>
<token t_id="350" sentence="24" number="349">at</token>
<token t_id="351" sentence="24" number="350">the</token>
<token t_id="352" sentence="24" number="351">shopping</token>
<token t_id="353" sentence="24" number="352">malls</token>
<token t_id="354" sentence="24" number="353">.</token>
<token t_id="355" sentence="25" number="354">Three</token>
<token t_id="356" sentence="25" number="355">thousand</token>
<token t_id="357" sentence="25" number="356">dollar</token>
<token t_id="358" sentence="25" number="357">pearls</token>
<token t_id="359" sentence="25" number="358">for</token>
<token t_id="360" sentence="25" number="359">eight</token>
<token t_id="361" sentence="25" number="360">hundred</token>
<token t_id="362" sentence="25" number="361">dollars</token>
<token t_id="363" sentence="25" number="362">.</token>
<token t_id="364" sentence="26" number="363">A</token>
<token t_id="365" sentence="26" number="364">two</token>
<token t_id="366" sentence="26" number="365">hundred</token>
<token t_id="367" sentence="26" number="366">dollar</token>
<token t_id="368" sentence="26" number="367">wool</token>
<token t_id="369" sentence="26" number="368">jacket</token>
<token t_id="370" sentence="26" number="369">for</token>
<token t_id="371" sentence="26" number="370">fifty</token>
<token t_id="372" sentence="26" number="371">dollars</token>
<token t_id="373" sentence="26" number="372">.</token>
<token t_id="374" sentence="27" number="373">Still</token>
<token t_id="375" sentence="27" number="374">,</token>
<token t_id="376" sentence="27" number="375">there</token>
<token t_id="377" sentence="27" number="376">are</token>
<token t_id="378" sentence="27" number="377">few</token>
<token t_id="379" sentence="27" number="378">buyers</token>
<token t_id="380" sentence="27" number="379">.</token>
<token t_id="381" sentence="28" number="380">And</token>
<token t_id="382" sentence="28" number="381">at</token>
<token t_id="383" sentence="28" number="382">the</token>
<token t_id="384" sentence="28" number="383">big</token>
<token t_id="385" sentence="28" number="384">brokerage</token>
<token t_id="386" sentence="28" number="385">houses</token>
<token t_id="387" sentence="28" number="386">,</token>
<token t_id="388" sentence="28" number="387">after</token>
<token t_id="389" sentence="28" number="388">ten</token>
<token t_id="390" sentence="28" number="389">years</token>
<token t_id="391" sentence="28" number="390">of</token>
<token t_id="392" sentence="28" number="391">boom</token>
<token t_id="393" sentence="28" number="392">,</token>
<token t_id="394" sentence="28" number="393">they</token>
<token t_id="395" sentence="28" number="394">'re</token>
<token t_id="396" sentence="28" number="395">talking</token>
<token t_id="397" sentence="28" number="396">about</token>
<token t_id="398" sentence="28" number="397">layoffs</token>
<token t_id="399" sentence="28" number="398">.</token>
<token t_id="400" sentence="29" number="399">I</token>
<token t_id="401" sentence="29" number="400">think</token>
<token t_id="402" sentence="29" number="401">that</token>
<token t_id="403" sentence="29" number="402">the</token>
<token t_id="404" sentence="29" number="403">mood</token>
<token t_id="405" sentence="29" number="404">is</token>
<token t_id="406" sentence="29" number="405">fairly</token>
<token t_id="407" sentence="29" number="406">gloomy</token>
<token t_id="408" sentence="29" number="407">,</token>
<token t_id="409" sentence="29" number="408">and</token>
<token t_id="410" sentence="29" number="409">I</token>
<token t_id="411" sentence="29" number="410">think</token>
<token t_id="412" sentence="29" number="411">it</token>
<token t_id="413" sentence="29" number="412">'s</token>
<token t_id="414" sentence="29" number="413">not</token>
<token t_id="415" sentence="29" number="414">going</token>
<token t_id="416" sentence="29" number="415">to</token>
<token t_id="417" sentence="29" number="416">change</token>
<token t_id="418" sentence="29" number="417">for</token>
<token t_id="419" sentence="29" number="418">a</token>
<token t_id="420" sentence="29" number="419">couple</token>
<token t_id="421" sentence="29" number="420">of</token>
<token t_id="422" sentence="29" number="421">years</token>
<token t_id="423" sentence="29" number="422">.</token>
<token t_id="424" sentence="30" number="423">So</token>
<token t_id="425" sentence="30" number="424">for</token>
<token t_id="426" sentence="30" number="425">Hong</token>
<token t_id="427" sentence="30" number="426">Kong</token>
<token t_id="428" sentence="30" number="427">,</token>
<token t_id="429" sentence="30" number="428">it</token>
<token t_id="430" sentence="30" number="429">'s</token>
<token t_id="431" sentence="30" number="430">time</token>
<token t_id="432" sentence="30" number="431">,</token>
<token t_id="433" sentence="30" number="432">as</token>
<token t_id="434" sentence="30" number="433">investment</token>
<token t_id="435" sentence="30" number="434">bankers</token>
<token t_id="436" sentence="30" number="435">like</token>
<token t_id="437" sentence="30" number="436">to</token>
<token t_id="438" sentence="30" number="437">say</token>
<token t_id="439" sentence="30" number="438">,</token>
<token t_id="440" sentence="30" number="439">to</token>
<token t_id="441" sentence="30" number="440">reposition</token>
<token t_id="442" sentence="30" number="441">.</token>
<token t_id="443" sentence="31" number="442">To</token>
<token t_id="444" sentence="31" number="443">either</token>
<token t_id="445" sentence="31" number="444">hold</token>
<token t_id="446" sentence="31" number="445">on</token>
<token t_id="447" sentence="31" number="446">tight</token>
<token t_id="448" sentence="31" number="447">or</token>
<token t_id="449" sentence="31" number="448">get</token>
<token t_id="450" sentence="31" number="449">out</token>
<token t_id="451" sentence="31" number="450">,</token>
<token t_id="452" sentence="31" number="451">as</token>
<token t_id="453" sentence="31" number="452">much</token>
<token t_id="454" sentence="31" number="453">of</token>
<token t_id="455" sentence="31" number="454">Asia</token>
<token t_id="456" sentence="31" number="455">goes</token>
<token t_id="457" sentence="31" number="456">into</token>
<token t_id="458" sentence="31" number="457">recession</token>
<token t_id="459" sentence="31" number="458">.</token>
<token t_id="460" sentence="32" number="459">Jim</token>
<token t_id="461" sentence="32" number="460">Laurie</token>
<token t_id="462" sentence="32" number="461">,</token>
<token t_id="463" sentence="32" number="462">ABC</token>
<token t_id="464" sentence="32" number="463">News</token>
<token t_id="465" sentence="32" number="464">,</token>
<token t_id="466" sentence="32" number="465">Hong</token>
<token t_id="467" sentence="32" number="466">Kong</token>
<token t_id="468" sentence="32" number="467">.</token>


<Markables>
<ARGUMENTATIVE m_id="1" comment="" conversational-direct="FALSE" conversational-reported="FALSE"  >
<token_anchor t_id="169"/>
<token_anchor t_id="170"/>
<token_anchor t_id="171"/>
<token_anchor t_id="172"/>
<token_anchor t_id="173"/>
<token_anchor t_id="174"/>
</ARGUMENTATIVE>
<ARGUMENTATIVE m_id="2" comment="" conversational-direct="FALSE" conversational-reported="FALSE"  >
<token_anchor t_id="218"/>
<token_anchor t_id="219"/>
<token_anchor t_id="220"/>
<token_anchor t_id="221"/>
<token_anchor t_id="222"/>
<token_anchor t_id="223"/>
</ARGUMENTATIVE>
<ARGUMENTATIVE m_id="3" comment="" conversational-direct="FALSE" conversational-reported="FALSE"  >
<token_anchor t_id="275"/>
<token_anchor t_id="276"/>
<token_anchor t_id="277"/>
<token_anchor t_id="278"/>
<token_anchor t_id="279"/>
<token_anchor t_id="280"/>
</ARGUMENTATIVE>
<ARGUMENTATIVE m_id="4" comment="" conversational-direct="FALSE" conversational-reported="FALSE"  >
<token_anchor t_id="281"/>
<token_anchor t_id="282"/>
<token_anchor t_id="283"/>
<token_anchor t_id="284"/>
<token_anchor t_id="285"/>
<token_anchor t_id="286"/>
<token_anchor t_id="287"/>
</ARGUMENTATIVE>
<ARGUMENTATIVE m_id="5" comment="" conversational-direct="FALSE" conversational-reported="FALSE"  >
<token_anchor t_id="10"/>
<token_anchor t_id="11"/>
<token_anchor t_id="12"/>
<token_anchor t_id="13"/>
<token_anchor t_id="14"/>
<token_anchor t_id="15"/>
<token_anchor t_id="16"/>
<token_anchor t_id="17"/>
<token_anchor t_id="18"/>
<token_anchor t_id="19"/>
</ARGUMENTATIVE>
<ARGUMENTATIVE m_id="6" comment="" conversational-direct="FALSE" conversational-reported="FALSE"  >
<token_anchor t_id="402"/>
<token_anchor t_id="403"/>
<token_anchor t_id="404"/>
<token_anchor t_id="405"/>
<token_anchor t_id="406"/>
<token_anchor t_id="407"/>
<token_anchor t_id="408"/>
</ARGUMENTATIVE>
<ARGUMENTATIVE m_id="45" comment="" conversational-direct="FALSE" conversational-reported="FALSE"  >
<token_anchor t_id="97"/>
<token_anchor t_id="98"/>
<token_anchor t_id="99"/>
<token_anchor t_id="100"/>
<token_anchor t_id="101"/>
<token_anchor t_id="102"/>
<token_anchor t_id="103"/>
<token_anchor t_id="104"/>
<token_anchor t_id="105"/>
<token_anchor t_id="106"/>
<token_anchor t_id="107"/>
<token_anchor t_id="108"/>
<token_anchor t_id="109"/>
<token_anchor t_id="110"/>
<token_anchor t_id="111"/>
<token_anchor t_id="112"/>
<token_anchor t_id="113"/>
</ARGUMENTATIVE>
<ARGUMENTATIVE m_id="46" comment="" conversational-direct="FALSE" conversational-reported="FALSE"  >
<token_anchor t_id="114"/>
<token_anchor t_id="115"/>
<token_anchor t_id="116"/>
<token_anchor t_id="117"/>
</ARGUMENTATIVE>
<ARGUMENTATIVE m_id="47" comment="" conversational-direct="FALSE" conversational-reported="FALSE"  >
<token_anchor t_id="142"/>
<token_anchor t_id="143"/>
<token_anchor t_id="144"/>
<token_anchor t_id="145"/>
<token_anchor t_id="146"/>
<token_anchor t_id="147"/>
<token_anchor t_id="148"/>
<token_anchor t_id="149"/>
<token_anchor t_id="150"/>
<token_anchor t_id="151"/>
<token_anchor t_id="152"/>
<token_anchor t_id="153"/>
<token_anchor t_id="154"/>
</ARGUMENTATIVE>
<ARGUMENTATIVE m_id="48" comment="" conversational-direct="FALSE" conversational-reported="FALSE"  >
<token_anchor t_id="167"/>
<token_anchor t_id="168"/>
</ARGUMENTATIVE>
<ARGUMENTATIVE m_id="49" comment="" conversational-direct="FALSE" conversational-reported="FALSE"  >
<token_anchor t_id="224"/>
<token_anchor t_id="225"/>
<token_anchor t_id="226"/>
<token_anchor t_id="227"/>
</ARGUMENTATIVE>
<DESCRIPTIVE m_id="7" Type="Other" comment="" conversational-direct="FALSE" conversational-reported="FALSE"  >
<token_anchor t_id="294"/>
<token_anchor t_id="295"/>
<token_anchor t_id="296"/>
<token_anchor t_id="297"/>
<token_anchor t_id="298"/>
<token_anchor t_id="299"/>
<token_anchor t_id="300"/>
<token_anchor t_id="301"/>
<token_anchor t_id="302"/>
<token_anchor t_id="303"/>
<token_anchor t_id="304"/>
<token_anchor t_id="305"/>
<token_anchor t_id="306"/>
<token_anchor t_id="307"/>
</DESCRIPTIVE>
<EXPOSITORY m_id="8" comment="" conversational-direct="FALSE" conversational-reported="FALSE"  >
<token_anchor t_id="190"/>
<token_anchor t_id="191"/>
<token_anchor t_id="192"/>
<token_anchor t_id="193"/>
<token_anchor t_id="194"/>
<token_anchor t_id="195"/>
<token_anchor t_id="196"/>
<token_anchor t_id="197"/>
<token_anchor t_id="198"/>
<token_anchor t_id="199"/>
<token_anchor t_id="200"/>
<token_anchor t_id="201"/>
<token_anchor t_id="202"/>
</EXPOSITORY>
<EXPOSITORY m_id="9" comment="" conversational-direct="FALSE" conversational-reported="FALSE"  >
<token_anchor t_id="288"/>
<token_anchor t_id="289"/>
<token_anchor t_id="290"/>
<token_anchor t_id="291"/>
<token_anchor t_id="292"/>
<token_anchor t_id="293"/>
</EXPOSITORY>
<EXPOSITORY m_id="51" comment="" conversational-direct="FALSE" conversational-reported="FALSE"  >
<token_anchor t_id="433"/>
<token_anchor t_id="434"/>
<token_anchor t_id="435"/>
<token_anchor t_id="436"/>
</EXPOSITORY>
<EXPOSITORY m_id="52" comment="" conversational-direct="FALSE" conversational-reported="FALSE"  >
<token_anchor t_id="437"/>
<token_anchor t_id="438"/>
<token_anchor t_id="439"/>
</EXPOSITORY>
<LOCATION m_id="10" comment=""  >
<token_anchor t_id="466"/>
<token_anchor t_id="467"/>
</LOCATION>
<NARRATIVE m_id="25" Level="Primary" comment="" conversational-direct="FALSE" conversational-reported="FALSE"  >
<token_anchor t_id="228"/>
<token_anchor t_id="229"/>
<token_anchor t_id="230"/>
<token_anchor t_id="231"/>
<token_anchor t_id="232"/>
<token_anchor t_id="233"/>
<token_anchor t_id="234"/>
<token_anchor t_id="235"/>
<token_anchor t_id="236"/>
<token_anchor t_id="237"/>
<token_anchor t_id="238"/>
</NARRATIVE>
<NARRATIVE m_id="26" Level="Secondary" comment="" conversational-direct="FALSE" conversational-reported="FALSE"  >
<token_anchor t_id="239"/>
<token_anchor t_id="240"/>
<token_anchor t_id="241"/>
<token_anchor t_id="242"/>
<token_anchor t_id="243"/>
<token_anchor t_id="244"/>
<token_anchor t_id="245"/>
</NARRATIVE>
<NARRATIVE m_id="27" Level="Secondary" comment="" conversational-direct="FALSE" conversational-reported="FALSE"  >
<token_anchor t_id="246"/>
<token_anchor t_id="247"/>
<token_anchor t_id="248"/>
<token_anchor t_id="249"/>
<token_anchor t_id="250"/>
<token_anchor t_id="251"/>
</NARRATIVE>
<NARRATIVE m_id="28" Level="Primary" comment="" conversational-direct="FALSE" conversational-reported="FALSE"  >
<token_anchor t_id="344"/>
<token_anchor t_id="345"/>
<token_anchor t_id="346"/>
<token_anchor t_id="347"/>
<token_anchor t_id="348"/>
<token_anchor t_id="349"/>
<token_anchor t_id="350"/>
<token_anchor t_id="351"/>
<token_anchor t_id="352"/>
<token_anchor t_id="353"/>
<token_anchor t_id="354"/>
</NARRATIVE>
<NARRATIVE m_id="29" Level="Primary" comment="" conversational-direct="FALSE" conversational-reported="FALSE"  >
<token_anchor t_id="20"/>
<token_anchor t_id="21"/>
<token_anchor t_id="22"/>
<token_anchor t_id="23"/>
<token_anchor t_id="24"/>
<token_anchor t_id="25"/>
<token_anchor t_id="26"/>
<token_anchor t_id="27"/>
<token_anchor t_id="28"/>
<token_anchor t_id="29"/>
<token_anchor t_id="30"/>
<token_anchor t_id="31"/>
<token_anchor t_id="32"/>
<token_anchor t_id="33"/>
<token_anchor t_id="34"/>
<token_anchor t_id="35"/>
</NARRATIVE>
<NARRATIVE m_id="30" Level="Primary" comment="" conversational-direct="FALSE" conversational-reported="FALSE"  >
<token_anchor t_id="355"/>
<token_anchor t_id="356"/>
<token_anchor t_id="357"/>
<token_anchor t_id="358"/>
<token_anchor t_id="359"/>
<token_anchor t_id="360"/>
<token_anchor t_id="361"/>
<token_anchor t_id="362"/>
<token_anchor t_id="363"/>
</NARRATIVE>
<NARRATIVE m_id="31" Level="Primary" comment="" conversational-direct="FALSE" conversational-reported="FALSE"  >
<token_anchor t_id="36"/>
<token_anchor t_id="37"/>
<token_anchor t_id="38"/>
<token_anchor t_id="39"/>
<token_anchor t_id="40"/>
<token_anchor t_id="41"/>
<token_anchor t_id="42"/>
<token_anchor t_id="43"/>
<token_anchor t_id="44"/>
<token_anchor t_id="45"/>
<token_anchor t_id="46"/>
<token_anchor t_id="47"/>
<token_anchor t_id="48"/>
<token_anchor t_id="49"/>
<token_anchor t_id="50"/>
<token_anchor t_id="51"/>
<token_anchor t_id="52"/>
<token_anchor t_id="53"/>
<token_anchor t_id="54"/>
<token_anchor t_id="55"/>
</NARRATIVE>
<NARRATIVE m_id="32" Level="Primary" comment="" conversational-direct="FALSE" conversational-reported="FALSE"  >
<token_anchor t_id="364"/>
<token_anchor t_id="365"/>
<token_anchor t_id="366"/>
<token_anchor t_id="367"/>
<token_anchor t_id="368"/>
<token_anchor t_id="369"/>
<token_anchor t_id="370"/>
<token_anchor t_id="371"/>
<token_anchor t_id="372"/>
<token_anchor t_id="373"/>
</NARRATIVE>
<NARRATIVE m_id="33" Level="Primary" comment="" conversational-direct="FALSE" conversational-reported="FALSE"  >
<token_anchor t_id="56"/>
<token_anchor t_id="57"/>
<token_anchor t_id="58"/>
<token_anchor t_id="59"/>
<token_anchor t_id="60"/>
<token_anchor t_id="61"/>
<token_anchor t_id="62"/>
<token_anchor t_id="63"/>
<token_anchor t_id="64"/>
<token_anchor t_id="65"/>
<token_anchor t_id="66"/>
<token_anchor t_id="67"/>
</NARRATIVE>
<NARRATIVE m_id="34" Level="Primary" comment="" conversational-direct="FALSE" conversational-reported="FALSE"  >
<token_anchor t_id="374"/>
<token_anchor t_id="375"/>
<token_anchor t_id="376"/>
<token_anchor t_id="377"/>
<token_anchor t_id="378"/>
<token_anchor t_id="379"/>
<token_anchor t_id="380"/>
</NARRATIVE>
<NARRATIVE m_id="35" Level="Primary" comment="" conversational-direct="FALSE" conversational-reported="FALSE"  >
<token_anchor t_id="68"/>
<token_anchor t_id="69"/>
<token_anchor t_id="70"/>
<token_anchor t_id="71"/>
<token_anchor t_id="72"/>
<token_anchor t_id="73"/>
<token_anchor t_id="74"/>
<token_anchor t_id="75"/>
<token_anchor t_id="76"/>
<token_anchor t_id="77"/>
</NARRATIVE>
<NARRATIVE m_id="36" Level="Primary" comment="" conversational-direct="FALSE" conversational-reported="FALSE"  >
<token_anchor t_id="381"/>
<token_anchor t_id="382"/>
<token_anchor t_id="383"/>
<token_anchor t_id="384"/>
<token_anchor t_id="385"/>
<token_anchor t_id="386"/>
<token_anchor t_id="387"/>
<token_anchor t_id="388"/>
<token_anchor t_id="389"/>
<token_anchor t_id="390"/>
<token_anchor t_id="391"/>
<token_anchor t_id="392"/>
<token_anchor t_id="393"/>
<token_anchor t_id="394"/>
<token_anchor t_id="395"/>
<token_anchor t_id="396"/>
<token_anchor t_id="397"/>
<token_anchor t_id="398"/>
<token_anchor t_id="399"/>
</NARRATIVE>
<NARRATIVE m_id="37" Level="Primary" comment="" conversational-direct="FALSE" conversational-reported="FALSE"  >
<token_anchor t_id="78"/>
<token_anchor t_id="79"/>
<token_anchor t_id="80"/>
<token_anchor t_id="81"/>
<token_anchor t_id="82"/>
<token_anchor t_id="83"/>
<token_anchor t_id="84"/>
<token_anchor t_id="85"/>
<token_anchor t_id="86"/>
</NARRATIVE>
<NARRATIVE m_id="38" Level="Primary" comment="" conversational-direct="FALSE" conversational-reported="FALSE"  >
<token_anchor t_id="87"/>
<token_anchor t_id="88"/>
<token_anchor t_id="89"/>
<token_anchor t_id="90"/>
<token_anchor t_id="91"/>
<token_anchor t_id="92"/>
<token_anchor t_id="93"/>
<token_anchor t_id="94"/>
<token_anchor t_id="95"/>
<token_anchor t_id="96"/>
</NARRATIVE>
<NARRATIVE m_id="39" Level="Primary" comment="" conversational-direct="FALSE" conversational-reported="FALSE"  >
<token_anchor t_id="1"/>
<token_anchor t_id="2"/>
<token_anchor t_id="3"/>
<token_anchor t_id="4"/>
<token_anchor t_id="5"/>
<token_anchor t_id="6"/>
<token_anchor t_id="7"/>
<token_anchor t_id="8"/>
<token_anchor t_id="9"/>
</NARRATIVE>
<NARRATIVE m_id="40" Level="Primary" comment="" conversational-direct="FALSE" conversational-reported="FALSE"  >
<token_anchor t_id="424"/>
<token_anchor t_id="425"/>
<token_anchor t_id="426"/>
<token_anchor t_id="427"/>
<token_anchor t_id="428"/>
<token_anchor t_id="429"/>
<token_anchor t_id="430"/>
<token_anchor t_id="431"/>
<token_anchor t_id="432"/>
</NARRATIVE>
<NARRATIVE m_id="41" Level="" comment="" conversational-direct="FALSE" conversational-reported="FALSE"  >
<token_anchor t_id="125"/>
<token_anchor t_id="126"/>
<token_anchor t_id="127"/>
<token_anchor t_id="128"/>
<token_anchor t_id="129"/>
<token_anchor t_id="130"/>
<token_anchor t_id="131"/>
<token_anchor t_id="132"/>
<token_anchor t_id="133"/>
<token_anchor t_id="134"/>
<token_anchor t_id="135"/>
<token_anchor t_id="136"/>
<token_anchor t_id="137"/>
<token_anchor t_id="138"/>
<token_anchor t_id="139"/>
<token_anchor t_id="140"/>
<token_anchor t_id="141"/>
</NARRATIVE>
<NARRATIVE m_id="42" Level="Primary" comment="" conversational-direct="FALSE" conversational-reported="TRUE"  >
<token_anchor t_id="440"/>
<token_anchor t_id="441"/>
<token_anchor t_id="442"/>
</NARRATIVE>
<NARRATIVE m_id="11" Level="Secondary" comment="" conversational-direct="FALSE" conversational-reported="FALSE"  >
<token_anchor t_id="155"/>
<token_anchor t_id="156"/>
<token_anchor t_id="157"/>
<token_anchor t_id="158"/>
<token_anchor t_id="159"/>
<token_anchor t_id="160"/>
<token_anchor t_id="161"/>
<token_anchor t_id="162"/>
<token_anchor t_id="163"/>
<token_anchor t_id="164"/>
<token_anchor t_id="165"/>
<token_anchor t_id="166"/>
</NARRATIVE>
<NARRATIVE m_id="12" Level="Primary" comment="" conversational-direct="FALSE" conversational-reported="FALSE"  >
<token_anchor t_id="443"/>
<token_anchor t_id="444"/>
<token_anchor t_id="445"/>
<token_anchor t_id="446"/>
<token_anchor t_id="447"/>
</NARRATIVE>
<NARRATIVE m_id="13" Level="Primary" comment="" conversational-direct="FALSE" conversational-reported="FALSE"  >
<token_anchor t_id="448"/>
<token_anchor t_id="449"/>
<token_anchor t_id="450"/>
<token_anchor t_id="451"/>
</NARRATIVE>
<NARRATIVE m_id="14" Level="Secondary" comment="" conversational-direct="FALSE" conversational-reported="FALSE"  >
<token_anchor t_id="175"/>
<token_anchor t_id="176"/>
<token_anchor t_id="177"/>
<token_anchor t_id="178"/>
<token_anchor t_id="179"/>
<token_anchor t_id="180"/>
<token_anchor t_id="181"/>
</NARRATIVE>
<NARRATIVE m_id="15" Level="Primary" comment="" conversational-direct="FALSE" conversational-reported="FALSE"  >
<token_anchor t_id="452"/>
<token_anchor t_id="453"/>
<token_anchor t_id="454"/>
<token_anchor t_id="455"/>
<token_anchor t_id="456"/>
<token_anchor t_id="457"/>
<token_anchor t_id="458"/>
<token_anchor t_id="459"/>
</NARRATIVE>
<NARRATIVE m_id="16" Level="Secondary" comment="" conversational-direct="FALSE" conversational-reported="FALSE"  >
<token_anchor t_id="182"/>
<token_anchor t_id="183"/>
</NARRATIVE>
<NARRATIVE m_id="17" Level="Primary" comment="" conversational-direct="FALSE" conversational-reported="FALSE"  >
<token_anchor t_id="337"/>
<token_anchor t_id="338"/>
<token_anchor t_id="339"/>
<token_anchor t_id="340"/>
<token_anchor t_id="341"/>
<token_anchor t_id="342"/>
<token_anchor t_id="343"/>
</NARRATIVE>
<NARRATIVE m_id="18" Level="Secondary" comment="" conversational-direct="FALSE" conversational-reported="TRUE"  >
<token_anchor t_id="184"/>
<token_anchor t_id="185"/>
<token_anchor t_id="186"/>
<token_anchor t_id="187"/>
<token_anchor t_id="188"/>
<token_anchor t_id="189"/>
</NARRATIVE>
<NARRATIVE m_id="50" Level="Primary" comment="" conversational-direct="FALSE" conversational-reported="FALSE"  >
<token_anchor t_id="330"/>
<token_anchor t_id="331"/>
<token_anchor t_id="332"/>
<token_anchor t_id="333"/>
<token_anchor t_id="334"/>
<token_anchor t_id="335"/>
<token_anchor t_id="336"/>
</NARRATIVE>
<NARRATIVE m_id="19" Level="Secondary" comment="" conversational-direct="FALSE" conversational-reported="FALSE"  >
<token_anchor t_id="203"/>
<token_anchor t_id="204"/>
<token_anchor t_id="205"/>
<token_anchor t_id="206"/>
<token_anchor t_id="207"/>
<token_anchor t_id="208"/>
<token_anchor t_id="209"/>
<token_anchor t_id="210"/>
<token_anchor t_id="211"/>
<token_anchor t_id="212"/>
<token_anchor t_id="213"/>
<token_anchor t_id="214"/>
<token_anchor t_id="215"/>
<token_anchor t_id="216"/>
<token_anchor t_id="217"/>
</NARRATIVE>
<NARRATIVE m_id="20" Level="Secondary" comment="" conversational-direct="FALSE" conversational-reported="FALSE"  >
<token_anchor t_id="252"/>
<token_anchor t_id="253"/>
</NARRATIVE>
<NARRATIVE m_id="21" Level="Secondary" comment="" conversational-direct="FALSE" conversational-reported="FALSE"  >
<token_anchor t_id="254"/>
<token_anchor t_id="255"/>
<token_anchor t_id="256"/>
<token_anchor t_id="257"/>
<token_anchor t_id="258"/>
<token_anchor t_id="259"/>
<token_anchor t_id="260"/>
<token_anchor t_id="261"/>
<token_anchor t_id="262"/>
<token_anchor t_id="263"/>
<token_anchor t_id="264"/>
<token_anchor t_id="265"/>
<token_anchor t_id="266"/>
<token_anchor t_id="267"/>
<token_anchor t_id="268"/>
<token_anchor t_id="269"/>
<token_anchor t_id="270"/>
<token_anchor t_id="271"/>
<token_anchor t_id="272"/>
</NARRATIVE>
<NARRATIVE m_id="53" Level="Primary" comment="" conversational-direct="FALSE" conversational-reported="FALSE"  >
<token_anchor t_id="400"/>
<token_anchor t_id="401"/>
</NARRATIVE>
<NARRATIVE m_id="22" Level="Primary" comment="" conversational-direct="FALSE" conversational-reported="FALSE"  >
<token_anchor t_id="308"/>
<token_anchor t_id="309"/>
<token_anchor t_id="310"/>
<token_anchor t_id="311"/>
<token_anchor t_id="312"/>
<token_anchor t_id="313"/>
<token_anchor t_id="314"/>
<token_anchor t_id="315"/>
<token_anchor t_id="316"/>
<token_anchor t_id="317"/>
<token_anchor t_id="318"/>
</NARRATIVE>
<NARRATIVE m_id="54" Level="Primary" comment="" conversational-direct="FALSE" conversational-reported="FALSE"  >
<token_anchor t_id="409"/>
<token_anchor t_id="410"/>
<token_anchor t_id="411"/>
</NARRATIVE>
<NARRATIVE m_id="23" Level="Primary" comment="" conversational-direct="FALSE" conversational-reported="FALSE"  >
<token_anchor t_id="319"/>
<token_anchor t_id="320"/>
<token_anchor t_id="321"/>
<token_anchor t_id="322"/>
</NARRATIVE>
<NARRATIVE m_id="55" Level="Primary" comment="" conversational-direct="FALSE" conversational-reported="FALSE"  >
<token_anchor t_id="412"/>
<token_anchor t_id="413"/>
<token_anchor t_id="414"/>
<token_anchor t_id="415"/>
<token_anchor t_id="416"/>
<token_anchor t_id="417"/>
<token_anchor t_id="418"/>
<token_anchor t_id="419"/>
<token_anchor t_id="420"/>
<token_anchor t_id="421"/>
<token_anchor t_id="422"/>
<token_anchor t_id="423"/>
</NARRATIVE>
<NARRATIVE m_id="24" Level="Primary" comment="" conversational-direct="FALSE" conversational-reported="FALSE"  >
<token_anchor t_id="323"/>
<token_anchor t_id="324"/>
<token_anchor t_id="325"/>
<token_anchor t_id="326"/>
<token_anchor t_id="327"/>
<token_anchor t_id="328"/>
<token_anchor t_id="329"/>
</NARRATIVE>
<NARRATIVE m_id="56" Level="Primary" comment="" conversational-direct="FALSE" conversational-reported="FALSE"  >
<token_anchor t_id="273"/>
<token_anchor t_id="274"/>
</NARRATIVE>
<NONE m_id="43" comment=""  >
<token_anchor t_id="118"/>
<token_anchor t_id="119"/>
<token_anchor t_id="120"/>
<token_anchor t_id="121"/>
<token_anchor t_id="122"/>
<token_anchor t_id="123"/>
<token_anchor t_id="124"/>
</NONE>
<NONE m_id="44" comment=""  >
<token_anchor t_id="460"/>
<token_anchor t_id="461"/>
<token_anchor t_id="462"/>
<token_anchor t_id="463"/>
<token_anchor t_id="464"/>
<token_anchor t_id="465"/>
<token_anchor t_id="466"/>
<token_anchor t_id="467"/>
<token_anchor t_id="468"/>
</NONE>


</Markables>

<Relations>
</Relations>
</Document>
