<Document doc_name="ABC19980304.1830.1636">
<token t_id="1" sentence="0" number="0">Finally</token>
<token t_id="2" sentence="0" number="1">today</token>
<token t_id="3" sentence="0" number="2">,</token>
<token t_id="4" sentence="0" number="3">we</token>
<token t_id="5" sentence="0" number="4">learned</token>
<token t_id="6" sentence="0" number="5">that</token>
<token t_id="7" sentence="0" number="6">the</token>
<token t_id="8" sentence="0" number="7">space</token>
<token t_id="9" sentence="0" number="8">agency</token>
<token t_id="10" sentence="0" number="9">has</token>
<token t_id="11" sentence="0" number="10">finally</token>
<token t_id="12" sentence="0" number="11">taken</token>
<token t_id="13" sentence="0" number="12">a</token>
<token t_id="14" sentence="0" number="13">giant</token>
<token t_id="15" sentence="0" number="14">leap</token>
<token t_id="16" sentence="0" number="15">forward</token>
<token t_id="17" sentence="0" number="16">.</token>
<token t_id="18" sentence="1" number="17">Air</token>
<token t_id="19" sentence="1" number="18">Force</token>
<token t_id="20" sentence="1" number="19">Lieutenant</token>
<token t_id="21" sentence="1" number="20">Colonel</token>
<token t_id="22" sentence="1" number="21">Eileen</token>
<token t_id="23" sentence="1" number="22">Collins</token>
<token t_id="24" sentence="1" number="23">will</token>
<token t_id="25" sentence="1" number="24">be</token>
<token t_id="26" sentence="1" number="25">named</token>
<token t_id="27" sentence="1" number="26">commander</token>
<token t_id="28" sentence="1" number="27">of</token>
<token t_id="29" sentence="1" number="28">the</token>
<token t_id="30" sentence="1" number="29">Space</token>
<token t_id="31" sentence="1" number="30">Shuttle</token>
<token t_id="32" sentence="1" number="31">Columbia</token>
<token t_id="33" sentence="1" number="32">for</token>
<token t_id="34" sentence="1" number="33">a</token>
<token t_id="35" sentence="1" number="34">mission</token>
<token t_id="36" sentence="1" number="35">in</token>
<token t_id="37" sentence="1" number="36">December</token>
<token t_id="38" sentence="1" number="37">.</token>
<token t_id="39" sentence="2" number="38">Colonel</token>
<token t_id="40" sentence="2" number="39">Collins</token>
<token t_id="41" sentence="2" number="40">has</token>
<token t_id="42" sentence="2" number="41">been</token>
<token t_id="43" sentence="2" number="42">the</token>
<token t_id="44" sentence="2" number="43">co-pilot</token>
<token t_id="45" sentence="2" number="44">before</token>
<token t_id="46" sentence="2" number="45">,</token>
<token t_id="47" sentence="2" number="46">but</token>
<token t_id="48" sentence="2" number="47">this</token>
<token t_id="49" sentence="2" number="48">time</token>
<token t_id="50" sentence="2" number="49">she</token>
<token t_id="51" sentence="2" number="50">'s</token>
<token t_id="52" sentence="2" number="51">the</token>
<token t_id="53" sentence="2" number="52">boss</token>
<token t_id="54" sentence="2" number="53">.</token>
<token t_id="55" sentence="3" number="54">Here</token>
<token t_id="56" sentence="3" number="55">'s</token>
<token t_id="57" sentence="3" number="56">ABC</token>
<token t_id="58" sentence="3" number="57">'s</token>
<token t_id="59" sentence="3" number="58">Ned</token>
<token t_id="60" sentence="3" number="59">Potter</token>
<token t_id="61" sentence="3" number="60">.</token>
<token t_id="62" sentence="4" number="61">Even</token>
<token t_id="63" sentence="4" number="62">two</token>
<token t_id="64" sentence="4" number="63">hundred</token>
<token t_id="65" sentence="4" number="64">miles</token>
<token t_id="66" sentence="4" number="65">up</token>
<token t_id="67" sentence="4" number="66">in</token>
<token t_id="68" sentence="4" number="67">space</token>
<token t_id="69" sentence="4" number="68">,</token>
<token t_id="70" sentence="4" number="69">there</token>
<token t_id="71" sentence="4" number="70">has</token>
<token t_id="72" sentence="4" number="71">been</token>
<token t_id="73" sentence="4" number="72">a</token>
<token t_id="74" sentence="4" number="73">glass</token>
<token t_id="75" sentence="4" number="74">ceiling</token>
<token t_id="76" sentence="4" number="75">.</token>
<token t_id="77" sentence="5" number="76">It</token>
<token t_id="78" sentence="5" number="77">was</token>
<token t_id="79" sentence="5" number="78">n't</token>
<token t_id="80" sentence="5" number="79">until</token>
<token t_id="81" sentence="5" number="80">twenty</token>
<token t_id="82" sentence="5" number="81">years</token>
<token t_id="83" sentence="5" number="82">after</token>
<token t_id="84" sentence="5" number="83">the</token>
<token t_id="85" sentence="5" number="84">first</token>
<token t_id="86" sentence="5" number="85">astronauts</token>
<token t_id="87" sentence="5" number="86">were</token>
<token t_id="88" sentence="5" number="87">chosen</token>
<token t_id="89" sentence="5" number="88">that</token>
<token t_id="90" sentence="5" number="89">NASA</token>
<token t_id="91" sentence="5" number="90">finally</token>
<token t_id="92" sentence="5" number="91">included</token>
<token t_id="93" sentence="5" number="92">six</token>
<token t_id="94" sentence="5" number="93">women</token>
<token t_id="95" sentence="5" number="94">,</token>
<token t_id="96" sentence="5" number="95">and</token>
<token t_id="97" sentence="5" number="96">they</token>
<token t_id="98" sentence="5" number="97">were</token>
<token t_id="99" sentence="5" number="98">all</token>
<token t_id="100" sentence="5" number="99">scientists</token>
<token t_id="101" sentence="5" number="100">,</token>
<token t_id="102" sentence="5" number="101">not</token>
<token t_id="103" sentence="5" number="102">pilots</token>
<token t_id="104" sentence="5" number="103">.</token>
<token t_id="105" sentence="6" number="104">No</token>
<token t_id="106" sentence="6" number="105">woman</token>
<token t_id="107" sentence="6" number="106">has</token>
<token t_id="108" sentence="6" number="107">actually</token>
<token t_id="109" sentence="6" number="108">been</token>
<token t_id="110" sentence="6" number="109">in</token>
<token t_id="111" sentence="6" number="110">charge</token>
<token t_id="112" sentence="6" number="111">of</token>
<token t_id="113" sentence="6" number="112">a</token>
<token t_id="114" sentence="6" number="113">mission</token>
<token t_id="115" sentence="6" number="114">until</token>
<token t_id="116" sentence="6" number="115">now</token>
<token t_id="117" sentence="6" number="116">.</token>
<token t_id="118" sentence="7" number="117">Just</token>
<token t_id="119" sentence="7" number="118">the</token>
<token t_id="120" sentence="7" number="119">fact</token>
<token t_id="121" sentence="7" number="120">that</token>
<token t_id="122" sentence="7" number="121">we</token>
<token t_id="123" sentence="7" number="122">'re</token>
<token t_id="124" sentence="7" number="123">doing</token>
<token t_id="125" sentence="7" number="124">the</token>
<token t_id="126" sentence="7" number="125">job</token>
<token t_id="127" sentence="7" number="126">that</token>
<token t_id="128" sentence="7" number="127">we</token>
<token t_id="129" sentence="7" number="128">'re</token>
<token t_id="130" sentence="7" number="129">doing</token>
<token t_id="131" sentence="7" number="130">makes</token>
<token t_id="132" sentence="7" number="131">us</token>
<token t_id="133" sentence="7" number="132">role</token>
<token t_id="134" sentence="7" number="133">models</token>
<token t_id="135" sentence="7" number="134">.</token>
<token t_id="136" sentence="8" number="135">That</token>
<token t_id="137" sentence="8" number="136">was</token>
<token t_id="138" sentence="8" number="137">Eileen</token>
<token t_id="139" sentence="8" number="138">Collins</token>
<token t_id="140" sentence="8" number="139">,</token>
<token t_id="141" sentence="8" number="140">after</token>
<token t_id="142" sentence="8" number="141">she</token>
<token t_id="143" sentence="8" number="142">flew</token>
<token t_id="144" sentence="8" number="143">as</token>
<token t_id="145" sentence="8" number="144">the</token>
<token t_id="146" sentence="8" number="145">first</token>
<token t_id="147" sentence="8" number="146">ever</token>
<token t_id="148" sentence="8" number="147">co-pilot</token>
<token t_id="149" sentence="8" number="148">.</token>
<token t_id="150" sentence="9" number="149">Being</token>
<token t_id="151" sentence="9" number="150">commander</token>
<token t_id="152" sentence="9" number="151">is</token>
<token t_id="153" sentence="9" number="152">different</token>
<token t_id="154" sentence="9" number="153">.</token>
<token t_id="155" sentence="10" number="154">It</token>
<token t_id="156" sentence="10" number="155">means</token>
<token t_id="157" sentence="10" number="156">supervising</token>
<token t_id="158" sentence="10" number="157">the</token>
<token t_id="159" sentence="10" number="158">rest</token>
<token t_id="160" sentence="10" number="159">of</token>
<token t_id="161" sentence="10" number="160">the</token>
<token t_id="162" sentence="10" number="161">crew</token>
<token t_id="163" sentence="10" number="162">in</token>
<token t_id="164" sentence="10" number="163">training</token>
<token t_id="165" sentence="10" number="164">and</token>
<token t_id="166" sentence="10" number="165">leading</token>
<token t_id="167" sentence="10" number="166">them</token>
<token t_id="168" sentence="10" number="167">in</token>
<token t_id="169" sentence="10" number="168">flight</token>
<token t_id="170" sentence="10" number="169">.</token>
<token t_id="171" sentence="11" number="170">It</token>
<token t_id="172" sentence="11" number="171">is</token>
<token t_id="173" sentence="11" number="172">,</token>
<token t_id="174" sentence="11" number="173">in</token>
<token t_id="175" sentence="11" number="174">short</token>
<token t_id="176" sentence="11" number="175">,</token>
<token t_id="177" sentence="11" number="176">the</token>
<token t_id="178" sentence="11" number="177">kind</token>
<token t_id="179" sentence="11" number="178">of</token>
<token t_id="180" sentence="11" number="179">management</token>
<token t_id="181" sentence="11" number="180">job</token>
<token t_id="182" sentence="11" number="181">many</token>
<token t_id="183" sentence="11" number="182">American</token>
<token t_id="184" sentence="11" number="183">women</token>
<token t_id="185" sentence="11" number="184">say</token>
<token t_id="186" sentence="11" number="185">they</token>
<token t_id="187" sentence="11" number="186">'ve</token>
<token t_id="188" sentence="11" number="187">had</token>
<token t_id="189" sentence="11" number="188">to</token>
<token t_id="190" sentence="11" number="189">fight</token>
<token t_id="191" sentence="11" number="190">for</token>
<token t_id="192" sentence="11" number="191">.</token>
<token t_id="193" sentence="12" number="192">In</token>
<token t_id="194" sentence="12" number="193">space</token>
<token t_id="195" sentence="12" number="194">,</token>
<token t_id="196" sentence="12" number="195">some</token>
<token t_id="197" sentence="12" number="196">say</token>
<token t_id="198" sentence="12" number="197">female</token>
<token t_id="199" sentence="12" number="198">pilots</token>
<token t_id="200" sentence="12" number="199">were</token>
<token t_id="201" sentence="12" number="200">held</token>
<token t_id="202" sentence="12" number="201">up</token>
<token t_id="203" sentence="12" number="202">until</token>
<token t_id="204" sentence="12" number="203">now</token>
<token t_id="205" sentence="12" number="204">by</token>
<token t_id="206" sentence="12" number="205">the</token>
<token t_id="207" sentence="12" number="206">lack</token>
<token t_id="208" sentence="12" number="207">of</token>
<token t_id="209" sentence="12" number="208">piloting</token>
<token t_id="210" sentence="12" number="209">opportunities</token>
<token t_id="211" sentence="12" number="210">for</token>
<token t_id="212" sentence="12" number="211">them</token>
<token t_id="213" sentence="12" number="212">in</token>
<token t_id="214" sentence="12" number="213">the</token>
<token t_id="215" sentence="12" number="214">military</token>
<token t_id="216" sentence="12" number="215">.</token>
<token t_id="217" sentence="13" number="216">Once</token>
<token t_id="218" sentence="13" number="217">Colonel</token>
<token t_id="219" sentence="13" number="218">Collins</token>
<token t_id="220" sentence="13" number="219">was</token>
<token t_id="221" sentence="13" number="220">picked</token>
<token t_id="222" sentence="13" number="221">as</token>
<token t_id="223" sentence="13" number="222">a</token>
<token t_id="224" sentence="13" number="223">NASA</token>
<token t_id="225" sentence="13" number="224">astronaut</token>
<token t_id="226" sentence="13" number="225">,</token>
<token t_id="227" sentence="13" number="226">she</token>
<token t_id="228" sentence="13" number="227">followed</token>
<token t_id="229" sentence="13" number="228">a</token>
<token t_id="230" sentence="13" number="229">normal</token>
<token t_id="231" sentence="13" number="230">progression</token>
<token t_id="232" sentence="13" number="231">within</token>
<token t_id="233" sentence="13" number="232">NASA</token>
<token t_id="234" sentence="13" number="233">.</token>
<token t_id="235" sentence="14" number="234">Nobody</token>
<token t_id="236" sentence="14" number="235">hurried</token>
<token t_id="237" sentence="14" number="236">her</token>
<token t_id="238" sentence="14" number="237">up</token>
<token t_id="239" sentence="14" number="238">.</token>
<token t_id="240" sentence="15" number="239">No</token>
<token t_id="241" sentence="15" number="240">one</token>
<token t_id="242" sentence="15" number="241">held</token>
<token t_id="243" sentence="15" number="242">her</token>
<token t_id="244" sentence="15" number="243">back</token>
<token t_id="245" sentence="15" number="244">.</token>
<token t_id="246" sentence="16" number="245">Many</token>
<token t_id="247" sentence="16" number="246">NASA</token>
<token t_id="248" sentence="16" number="247">watchers</token>
<token t_id="249" sentence="16" number="248">say</token>
<token t_id="250" sentence="16" number="249">female</token>
<token t_id="251" sentence="16" number="250">astronauts</token>
<token t_id="252" sentence="16" number="251">have</token>
<token t_id="253" sentence="16" number="252">become</token>
<token t_id="254" sentence="16" number="253">part</token>
<token t_id="255" sentence="16" number="254">of</token>
<token t_id="256" sentence="16" number="255">the</token>
<token t_id="257" sentence="16" number="256">agency</token>
<token t_id="258" sentence="16" number="257">'s</token>
<token t_id="259" sentence="16" number="258">routine</token>
<token t_id="260" sentence="16" number="259">.</token>
<token t_id="261" sentence="17" number="260">But</token>
<token t_id="262" sentence="17" number="261">they</token>
<token t_id="263" sentence="17" number="262">still</token>
<token t_id="264" sentence="17" number="263">have</token>
<token t_id="265" sentence="17" number="264">catching</token>
<token t_id="266" sentence="17" number="265">up</token>
<token t_id="267" sentence="17" number="266">to</token>
<token t_id="268" sentence="17" number="267">do</token>
<token t_id="269" sentence="17" number="268">two</token>
<token t_id="270" sentence="17" number="269">hundred</token>
<token t_id="271" sentence="17" number="270">and</token>
<token t_id="272" sentence="17" number="271">thirty</token>
<token t_id="273" sentence="17" number="272">four</token>
<token t_id="274" sentence="17" number="273">Americans</token>
<token t_id="275" sentence="17" number="274">have</token>
<token t_id="276" sentence="17" number="275">flown</token>
<token t_id="277" sentence="17" number="276">in</token>
<token t_id="278" sentence="17" number="277">space</token>
<token t_id="279" sentence="17" number="278">,</token>
<token t_id="280" sentence="17" number="279">only</token>
<token t_id="281" sentence="17" number="280">twenty</token>
<token t_id="282" sentence="17" number="281">six</token>
<token t_id="283" sentence="17" number="282">of</token>
<token t_id="284" sentence="17" number="283">them</token>
<token t_id="285" sentence="17" number="284">women</token>
<token t_id="286" sentence="17" number="285">.</token>
<token t_id="287" sentence="18" number="286">Ned</token>
<token t_id="288" sentence="18" number="287">Potter</token>
<token t_id="289" sentence="18" number="288">,</token>
<token t_id="290" sentence="18" number="289">ABC</token>
<token t_id="291" sentence="18" number="290">News</token>
<token t_id="292" sentence="18" number="291">.</token>


<Markables>
<ARGUMENTATIVE m_id="1" comment="" conversational-direct="TRUE" conversational-reported="FALSE"  >
<token_anchor t_id="131"/>
<token_anchor t_id="132"/>
<token_anchor t_id="133"/>
<token_anchor t_id="134"/>
<token_anchor t_id="135"/>
</ARGUMENTATIVE>
<ARGUMENTATIVE m_id="34" comment="" conversational-direct="FALSE" conversational-reported="FALSE"  >
<token_anchor t_id="261"/>
<token_anchor t_id="262"/>
<token_anchor t_id="263"/>
<token_anchor t_id="264"/>
<token_anchor t_id="265"/>
<token_anchor t_id="266"/>
</ARGUMENTATIVE>
<ARGUMENTATIVE m_id="35" comment="" conversational-direct="FALSE" conversational-reported="FALSE"  >
<token_anchor t_id="267"/>
<token_anchor t_id="268"/>
</ARGUMENTATIVE>
<ARGUMENTATIVE m_id="22" comment="" conversational-direct="FALSE" conversational-reported="FALSE"  >
<token_anchor t_id="6"/>
<token_anchor t_id="7"/>
<token_anchor t_id="8"/>
<token_anchor t_id="9"/>
<token_anchor t_id="10"/>
<token_anchor t_id="11"/>
<token_anchor t_id="12"/>
<token_anchor t_id="13"/>
<token_anchor t_id="14"/>
<token_anchor t_id="15"/>
<token_anchor t_id="16"/>
<token_anchor t_id="17"/>
</ARGUMENTATIVE>
<DESCRIPTIVE m_id="2" Type="Person" comment="" conversational-direct="FALSE" conversational-reported="FALSE"  >
<token_anchor t_id="96"/>
<token_anchor t_id="97"/>
<token_anchor t_id="98"/>
<token_anchor t_id="99"/>
<token_anchor t_id="100"/>
<token_anchor t_id="101"/>
<token_anchor t_id="102"/>
<token_anchor t_id="103"/>
<token_anchor t_id="104"/>
</DESCRIPTIVE>
<DESCRIPTIVE m_id="24" Type="Other" comment="" conversational-direct="FALSE" conversational-reported="FALSE"  >
<token_anchor t_id="62"/>
<token_anchor t_id="63"/>
<token_anchor t_id="64"/>
<token_anchor t_id="65"/>
<token_anchor t_id="66"/>
<token_anchor t_id="67"/>
<token_anchor t_id="68"/>
<token_anchor t_id="69"/>
<token_anchor t_id="70"/>
<token_anchor t_id="71"/>
<token_anchor t_id="72"/>
<token_anchor t_id="73"/>
<token_anchor t_id="74"/>
<token_anchor t_id="75"/>
<token_anchor t_id="76"/>
</DESCRIPTIVE>
<EXPOSITORY m_id="26" comment="" conversational-direct="FALSE" conversational-reported="FALSE"  >
<token_anchor t_id="155"/>
<token_anchor t_id="156"/>
</EXPOSITORY>
<EXPOSITORY m_id="27" comment="" conversational-direct="FALSE" conversational-reported="FALSE"  >
<token_anchor t_id="157"/>
<token_anchor t_id="158"/>
<token_anchor t_id="159"/>
<token_anchor t_id="160"/>
<token_anchor t_id="161"/>
<token_anchor t_id="162"/>
<token_anchor t_id="163"/>
<token_anchor t_id="164"/>
</EXPOSITORY>
<EXPOSITORY m_id="28" comment="" conversational-direct="FALSE" conversational-reported="FALSE"  >
<token_anchor t_id="165"/>
<token_anchor t_id="166"/>
<token_anchor t_id="167"/>
<token_anchor t_id="168"/>
<token_anchor t_id="169"/>
<token_anchor t_id="170"/>
</EXPOSITORY>
<EXPOSITORY m_id="31" comment="" conversational-direct="FALSE" conversational-reported="FALSE"  >
<token_anchor t_id="171"/>
<token_anchor t_id="172"/>
<token_anchor t_id="173"/>
<token_anchor t_id="174"/>
<token_anchor t_id="175"/>
<token_anchor t_id="176"/>
<token_anchor t_id="177"/>
<token_anchor t_id="178"/>
<token_anchor t_id="179"/>
<token_anchor t_id="180"/>
<token_anchor t_id="181"/>
</EXPOSITORY>
<EXPOSITORY m_id="23" comment="" conversational-direct="FALSE" conversational-reported="FALSE"  >
<token_anchor t_id="150"/>
<token_anchor t_id="151"/>
<token_anchor t_id="152"/>
<token_anchor t_id="153"/>
<token_anchor t_id="154"/>
</EXPOSITORY>
<NARRATIVE m_id="25" Level="Primary" comment="" conversational-direct="TRUE" conversational-reported="FALSE"  >
<token_anchor t_id="118"/>
<token_anchor t_id="119"/>
<token_anchor t_id="120"/>
<token_anchor t_id="121"/>
<token_anchor t_id="122"/>
<token_anchor t_id="123"/>
<token_anchor t_id="124"/>
<token_anchor t_id="125"/>
<token_anchor t_id="126"/>
<token_anchor t_id="127"/>
<token_anchor t_id="128"/>
<token_anchor t_id="129"/>
<token_anchor t_id="130"/>
</NARRATIVE>
<NARRATIVE m_id="29" Level="Primary" comment="" conversational-direct="FALSE" conversational-reported="TRUE"  >
<token_anchor t_id="193"/>
<token_anchor t_id="194"/>
<token_anchor t_id="195"/>
<token_anchor t_id="198"/>
<token_anchor t_id="199"/>
<token_anchor t_id="200"/>
<token_anchor t_id="201"/>
<token_anchor t_id="202"/>
<token_anchor t_id="203"/>
<token_anchor t_id="204"/>
<token_anchor t_id="205"/>
<token_anchor t_id="206"/>
<token_anchor t_id="207"/>
<token_anchor t_id="208"/>
<token_anchor t_id="209"/>
<token_anchor t_id="210"/>
<token_anchor t_id="211"/>
<token_anchor t_id="212"/>
<token_anchor t_id="213"/>
<token_anchor t_id="214"/>
<token_anchor t_id="215"/>
<token_anchor t_id="216"/>
</NARRATIVE>
<NARRATIVE m_id="30" Level="Primary" comment="" conversational-direct="FALSE" conversational-reported="FALSE"  >
<token_anchor t_id="196"/>
<token_anchor t_id="197"/>
</NARRATIVE>
<NARRATIVE m_id="32" Level="Primary" comment="" conversational-direct="FALSE" conversational-reported="FALSE"  >
<token_anchor t_id="182"/>
<token_anchor t_id="183"/>
<token_anchor t_id="184"/>
<token_anchor t_id="185"/>
</NARRATIVE>
<NARRATIVE m_id="33" Level="Primary" comment="" conversational-direct="FALSE" conversational-reported="FALSE"  >
<token_anchor t_id="186"/>
<token_anchor t_id="187"/>
<token_anchor t_id="188"/>
<token_anchor t_id="189"/>
<token_anchor t_id="190"/>
<token_anchor t_id="191"/>
<token_anchor t_id="192"/>
</NARRATIVE>
<NARRATIVE m_id="3" Level="Primary" comment="" conversational-direct="FALSE" conversational-reported="FALSE"  >
<token_anchor t_id="77"/>
<token_anchor t_id="78"/>
<token_anchor t_id="79"/>
</NARRATIVE>
<NARRATIVE m_id="4" Level="Primary" comment="" conversational-direct="FALSE" conversational-reported="FALSE"  >
<token_anchor t_id="80"/>
<token_anchor t_id="81"/>
<token_anchor t_id="82"/>
<token_anchor t_id="83"/>
<token_anchor t_id="84"/>
<token_anchor t_id="85"/>
<token_anchor t_id="86"/>
<token_anchor t_id="87"/>
<token_anchor t_id="88"/>
</NARRATIVE>
<NARRATIVE m_id="5" Level="Primary" comment="" conversational-direct="FALSE" conversational-reported="FALSE"  >
<token_anchor t_id="217"/>
<token_anchor t_id="218"/>
<token_anchor t_id="219"/>
<token_anchor t_id="220"/>
<token_anchor t_id="221"/>
<token_anchor t_id="222"/>
<token_anchor t_id="223"/>
<token_anchor t_id="224"/>
<token_anchor t_id="225"/>
<token_anchor t_id="226"/>
</NARRATIVE>
<NARRATIVE m_id="6" Level="Primary" comment="" conversational-direct="FALSE" conversational-reported="FALSE"  >
<token_anchor t_id="227"/>
<token_anchor t_id="228"/>
<token_anchor t_id="229"/>
<token_anchor t_id="230"/>
<token_anchor t_id="231"/>
<token_anchor t_id="232"/>
<token_anchor t_id="233"/>
<token_anchor t_id="234"/>
</NARRATIVE>
<NARRATIVE m_id="7" Level="Primary" comment="" conversational-direct="FALSE" conversational-reported="FALSE"  >
<token_anchor t_id="235"/>
<token_anchor t_id="236"/>
<token_anchor t_id="237"/>
<token_anchor t_id="238"/>
<token_anchor t_id="239"/>
</NARRATIVE>
<NARRATIVE m_id="8" Level="Primary" comment="" conversational-direct="FALSE" conversational-reported="FALSE"  >
<token_anchor t_id="240"/>
<token_anchor t_id="241"/>
<token_anchor t_id="242"/>
<token_anchor t_id="243"/>
<token_anchor t_id="244"/>
<token_anchor t_id="245"/>
</NARRATIVE>
<NARRATIVE m_id="9" Level="Primary" comment="" conversational-direct="FALSE" conversational-reported="FALSE"  >
<token_anchor t_id="246"/>
<token_anchor t_id="247"/>
<token_anchor t_id="248"/>
<token_anchor t_id="249"/>
</NARRATIVE>
<NARRATIVE m_id="10" Level="Primary" comment="" conversational-direct="FALSE" conversational-reported="FALSE"  >
<token_anchor t_id="269"/>
<token_anchor t_id="270"/>
<token_anchor t_id="271"/>
<token_anchor t_id="272"/>
<token_anchor t_id="273"/>
<token_anchor t_id="274"/>
<token_anchor t_id="275"/>
<token_anchor t_id="276"/>
<token_anchor t_id="277"/>
<token_anchor t_id="278"/>
<token_anchor t_id="279"/>
<token_anchor t_id="280"/>
<token_anchor t_id="281"/>
<token_anchor t_id="282"/>
<token_anchor t_id="283"/>
<token_anchor t_id="284"/>
<token_anchor t_id="285"/>
<token_anchor t_id="286"/>
</NARRATIVE>
<NARRATIVE m_id="11" Level="Primary" comment="" conversational-direct="FALSE" conversational-reported="TRUE"  >
<token_anchor t_id="250"/>
<token_anchor t_id="251"/>
<token_anchor t_id="252"/>
<token_anchor t_id="253"/>
<token_anchor t_id="254"/>
<token_anchor t_id="255"/>
<token_anchor t_id="256"/>
<token_anchor t_id="257"/>
<token_anchor t_id="258"/>
<token_anchor t_id="259"/>
<token_anchor t_id="260"/>
</NARRATIVE>
<NARRATIVE m_id="12" Level="Primary" comment="" conversational-direct="FALSE" conversational-reported="FALSE"  >
<token_anchor t_id="1"/>
<token_anchor t_id="2"/>
<token_anchor t_id="3"/>
<token_anchor t_id="4"/>
<token_anchor t_id="5"/>
</NARRATIVE>
<NARRATIVE m_id="13" Level="Primary" comment="" conversational-direct="FALSE" conversational-reported="FALSE"  >
<token_anchor t_id="18"/>
<token_anchor t_id="19"/>
<token_anchor t_id="20"/>
<token_anchor t_id="21"/>
<token_anchor t_id="22"/>
<token_anchor t_id="23"/>
<token_anchor t_id="24"/>
<token_anchor t_id="25"/>
<token_anchor t_id="26"/>
<token_anchor t_id="27"/>
<token_anchor t_id="28"/>
<token_anchor t_id="29"/>
<token_anchor t_id="30"/>
<token_anchor t_id="31"/>
<token_anchor t_id="32"/>
<token_anchor t_id="33"/>
<token_anchor t_id="34"/>
<token_anchor t_id="35"/>
<token_anchor t_id="36"/>
<token_anchor t_id="37"/>
<token_anchor t_id="38"/>
</NARRATIVE>
<NARRATIVE m_id="14" Level="Primary" comment="" conversational-direct="FALSE" conversational-reported="FALSE"  >
<token_anchor t_id="39"/>
<token_anchor t_id="40"/>
<token_anchor t_id="41"/>
<token_anchor t_id="42"/>
<token_anchor t_id="43"/>
<token_anchor t_id="44"/>
<token_anchor t_id="45"/>
<token_anchor t_id="46"/>
</NARRATIVE>
<NARRATIVE m_id="15" Level="Primary" comment="" conversational-direct="FALSE" conversational-reported="FALSE"  >
<token_anchor t_id="47"/>
<token_anchor t_id="48"/>
<token_anchor t_id="49"/>
<token_anchor t_id="50"/>
<token_anchor t_id="51"/>
<token_anchor t_id="52"/>
<token_anchor t_id="53"/>
<token_anchor t_id="54"/>
</NARRATIVE>
<NARRATIVE m_id="16" Level="Primary" comment="" conversational-direct="FALSE" conversational-reported="FALSE"  >
<token_anchor t_id="105"/>
<token_anchor t_id="106"/>
<token_anchor t_id="107"/>
<token_anchor t_id="108"/>
<token_anchor t_id="109"/>
<token_anchor t_id="110"/>
<token_anchor t_id="111"/>
<token_anchor t_id="112"/>
<token_anchor t_id="113"/>
<token_anchor t_id="114"/>
<token_anchor t_id="115"/>
<token_anchor t_id="116"/>
<token_anchor t_id="117"/>
</NARRATIVE>
<NARRATIVE m_id="17" Level="Primary" comment="" conversational-direct="FALSE" conversational-reported="FALSE"  >
<token_anchor t_id="136"/>
<token_anchor t_id="137"/>
<token_anchor t_id="138"/>
<token_anchor t_id="139"/>
<token_anchor t_id="140"/>
</NARRATIVE>
<NARRATIVE m_id="18" Level="Primary" comment="" conversational-direct="FALSE" conversational-reported="FALSE"  >
<token_anchor t_id="141"/>
<token_anchor t_id="142"/>
<token_anchor t_id="143"/>
<token_anchor t_id="144"/>
<token_anchor t_id="145"/>
<token_anchor t_id="146"/>
<token_anchor t_id="147"/>
<token_anchor t_id="148"/>
<token_anchor t_id="149"/>
</NARRATIVE>
<NARRATIVE m_id="19" Level="Primary" comment="" conversational-direct="FALSE" conversational-reported="FALSE"  >
<token_anchor t_id="89"/>
<token_anchor t_id="90"/>
<token_anchor t_id="91"/>
<token_anchor t_id="92"/>
<token_anchor t_id="93"/>
<token_anchor t_id="94"/>
<token_anchor t_id="95"/>
</NARRATIVE>
<NONE m_id="20" comment=""  >
<token_anchor t_id="55"/>
<token_anchor t_id="56"/>
<token_anchor t_id="57"/>
<token_anchor t_id="58"/>
<token_anchor t_id="59"/>
<token_anchor t_id="60"/>
<token_anchor t_id="61"/>
</NONE>
<NONE m_id="21" comment=""  >
<token_anchor t_id="287"/>
<token_anchor t_id="288"/>
<token_anchor t_id="289"/>
<token_anchor t_id="290"/>
<token_anchor t_id="291"/>
<token_anchor t_id="292"/>
</NONE>


</Markables>

<Relations>
</Relations>
</Document>
