<Document doc_name="ABC19980120.1830.0957">
<token t_id="1" sentence="0" number="0">For</token>
<token t_id="2" sentence="0" number="1">his</token>
<token t_id="3" sentence="0" number="2">part</token>
<token t_id="4" sentence="0" number="3">,</token>
<token t_id="5" sentence="0" number="4">Fidel</token>
<token t_id="6" sentence="0" number="5">Castro</token>
<token t_id="7" sentence="0" number="6">is</token>
<token t_id="8" sentence="0" number="7">the</token>
<token t_id="9" sentence="0" number="8">ultimate</token>
<token t_id="10" sentence="0" number="9">political</token>
<token t_id="11" sentence="0" number="10">survivor</token>
<token t_id="12" sentence="0" number="11">.</token>
<token t_id="13" sentence="1" number="12">People</token>
<token t_id="14" sentence="1" number="13">have</token>
<token t_id="15" sentence="1" number="14">predicted</token>
<token t_id="16" sentence="1" number="15">his</token>
<token t_id="17" sentence="1" number="16">demise</token>
<token t_id="18" sentence="1" number="17">so</token>
<token t_id="19" sentence="1" number="18">many</token>
<token t_id="20" sentence="1" number="19">times</token>
<token t_id="21" sentence="1" number="20">,</token>
<token t_id="22" sentence="1" number="21">and</token>
<token t_id="23" sentence="1" number="22">the</token>
<token t_id="24" sentence="1" number="23">US</token>
<token t_id="25" sentence="1" number="24">has</token>
<token t_id="26" sentence="1" number="25">tried</token>
<token t_id="27" sentence="1" number="26">to</token>
<token t_id="28" sentence="1" number="27">hasten</token>
<token t_id="29" sentence="1" number="28">it</token>
<token t_id="30" sentence="1" number="29">on</token>
<token t_id="31" sentence="1" number="30">several</token>
<token t_id="32" sentence="1" number="31">occasions</token>
<token t_id="33" sentence="1" number="32">.</token>
<token t_id="34" sentence="2" number="33">Time</token>
<token t_id="35" sentence="2" number="34">and</token>
<token t_id="36" sentence="2" number="35">again</token>
<token t_id="37" sentence="2" number="36">,</token>
<token t_id="38" sentence="2" number="37">he</token>
<token t_id="39" sentence="2" number="38">endures</token>
<token t_id="40" sentence="2" number="39">.</token>
<token t_id="41" sentence="3" number="40">He</token>
<token t_id="42" sentence="3" number="41">has</token>
<token t_id="43" sentence="3" number="42">outlasted</token>
<token t_id="44" sentence="3" number="43">and</token>
<token t_id="45" sentence="3" number="44">sometimes</token>
<token t_id="46" sentence="3" number="45">outsmarted</token>
<token t_id="47" sentence="3" number="46">eight</token>
<token t_id="48" sentence="3" number="47">American</token>
<token t_id="49" sentence="3" number="48">presidents</token>
<token t_id="50" sentence="3" number="49">.</token>
<token t_id="51" sentence="4" number="50">Fidel</token>
<token t_id="52" sentence="4" number="51">Castro</token>
<token t_id="53" sentence="4" number="52">invited</token>
<token t_id="54" sentence="4" number="53">John</token>
<token t_id="55" sentence="4" number="54">Paul</token>
<token t_id="56" sentence="4" number="55">to</token>
<token t_id="57" sentence="4" number="56">come</token>
<token t_id="58" sentence="4" number="57">for</token>
<token t_id="59" sentence="4" number="58">a</token>
<token t_id="60" sentence="4" number="59">reason</token>
<token t_id="61" sentence="4" number="60">.</token>
<token t_id="62" sentence="5" number="61">This</token>
<token t_id="63" sentence="5" number="62">is</token>
<token t_id="64" sentence="5" number="63">clearly</token>
<token t_id="65" sentence="5" number="64">an</token>
<token t_id="66" sentence="5" number="65">opportunity</token>
<token t_id="67" sentence="5" number="66">for</token>
<token t_id="68" sentence="5" number="67">Cuba</token>
<token t_id="69" sentence="5" number="68">to</token>
<token t_id="70" sentence="5" number="69">look</token>
<token t_id="71" sentence="5" number="70">good</token>
<token t_id="72" sentence="5" number="71">internationally</token>
<token t_id="73" sentence="5" number="72">.</token>
<token t_id="74" sentence="6" number="73">The</token>
<token t_id="75" sentence="6" number="74">entire</token>
<token t_id="76" sentence="6" number="75">world</token>
<token t_id="77" sentence="6" number="76">will</token>
<token t_id="78" sentence="6" number="77">see</token>
<token t_id="79" sentence="6" number="78">images</token>
<token t_id="80" sentence="6" number="79">of</token>
<token t_id="81" sentence="6" number="80">the</token>
<token t_id="82" sentence="6" number="81">Pope</token>
<token t_id="83" sentence="6" number="82">in</token>
<token t_id="84" sentence="6" number="83">Cuba</token>
<token t_id="85" sentence="6" number="84">.</token>
<token t_id="86" sentence="7" number="85">They</token>
<token t_id="87" sentence="7" number="86">'ll</token>
<token t_id="88" sentence="7" number="87">see</token>
<token t_id="89" sentence="7" number="88">images</token>
<token t_id="90" sentence="7" number="89">of</token>
<token t_id="91" sentence="7" number="90">the</token>
<token t_id="92" sentence="7" number="91">Pope</token>
<token t_id="93" sentence="7" number="92">with</token>
<token t_id="94" sentence="7" number="93">Fidel</token>
<token t_id="95" sentence="7" number="94">Castro</token>
<token t_id="96" sentence="7" number="95">.</token>
<token t_id="97" sentence="8" number="96">It</token>
<token t_id="98" sentence="8" number="97">will</token>
<token t_id="99" sentence="8" number="98">give</token>
<token t_id="100" sentence="8" number="99">the</token>
<token t_id="101" sentence="8" number="100">rest</token>
<token t_id="102" sentence="8" number="101">of</token>
<token t_id="103" sentence="8" number="102">the</token>
<token t_id="104" sentence="8" number="103">world</token>
<token t_id="105" sentence="8" number="104">the</token>
<token t_id="106" sentence="8" number="105">view</token>
<token t_id="107" sentence="8" number="106">that</token>
<token t_id="108" sentence="8" number="107">Cuba</token>
<token t_id="109" sentence="8" number="108">is</token>
<token t_id="110" sentence="8" number="109">like</token>
<token t_id="111" sentence="8" number="110">any</token>
<token t_id="112" sentence="8" number="111">other</token>
<token t_id="113" sentence="8" number="112">nation</token>
<token t_id="114" sentence="8" number="113">,</token>
<token t_id="115" sentence="8" number="114">something</token>
<token t_id="116" sentence="8" number="115">the</token>
<token t_id="117" sentence="8" number="116">US</token>
<token t_id="118" sentence="8" number="117">has</token>
<token t_id="119" sentence="8" number="118">,</token>
<token t_id="120" sentence="8" number="119">of</token>
<token t_id="121" sentence="8" number="120">course</token>
<token t_id="122" sentence="8" number="121">,</token>
<token t_id="123" sentence="8" number="122">tried</token>
<token t_id="124" sentence="8" number="123">to</token>
<token t_id="125" sentence="8" number="124">persuade</token>
<token t_id="126" sentence="8" number="125">the</token>
<token t_id="127" sentence="8" number="126">world</token>
<token t_id="128" sentence="8" number="127">that</token>
<token t_id="129" sentence="8" number="128">it</token>
<token t_id="130" sentence="8" number="129">is</token>
<token t_id="131" sentence="8" number="130">not</token>
<token t_id="132" sentence="8" number="131">.</token>
<token t_id="133" sentence="9" number="132">For</token>
<token t_id="134" sentence="9" number="133">nearly</token>
<token t_id="135" sentence="9" number="134">forty</token>
<token t_id="136" sentence="9" number="135">years</token>
<token t_id="137" sentence="9" number="136">,</token>
<token t_id="138" sentence="9" number="137">the</token>
<token t_id="139" sentence="9" number="138">United</token>
<token t_id="140" sentence="9" number="139">States</token>
<token t_id="141" sentence="9" number="140">has</token>
<token t_id="142" sentence="9" number="141">said</token>
<token t_id="143" sentence="9" number="142">categorically</token>
<token t_id="144" sentence="9" number="143">it</token>
<token t_id="145" sentence="9" number="144">would</token>
<token t_id="146" sentence="9" number="145">not</token>
<token t_id="147" sentence="9" number="146">tolerate</token>
<token t_id="148" sentence="9" number="147">totalitarian</token>
<token t_id="149" sentence="9" number="148">rule</token>
<token t_id="150" sentence="9" number="149">in</token>
<token t_id="151" sentence="9" number="150">its</token>
<token t_id="152" sentence="9" number="151">own</token>
<token t_id="153" sentence="9" number="152">backyard</token>
<token t_id="154" sentence="9" number="153">.</token>
<token t_id="155" sentence="10" number="154">It</token>
<token t_id="156" sentence="10" number="155">is</token>
<token t_id="157" sentence="10" number="156">the</token>
<token t_id="158" sentence="10" number="157">US</token>
<token t_id="159" sentence="10" number="158">economic</token>
<token t_id="160" sentence="10" number="159">and</token>
<token t_id="161" sentence="10" number="160">political</token>
<token t_id="162" sentence="10" number="161">embargo</token>
<token t_id="163" sentence="10" number="162">which</token>
<token t_id="164" sentence="10" number="163">has</token>
<token t_id="165" sentence="10" number="164">kept</token>
<token t_id="166" sentence="10" number="165">Cuba</token>
<token t_id="167" sentence="10" number="166">in</token>
<token t_id="168" sentence="10" number="167">a</token>
<token t_id="169" sentence="10" number="168">box</token>
<token t_id="170" sentence="10" number="169">.</token>
<token t_id="171" sentence="11" number="170">The</token>
<token t_id="172" sentence="11" number="171">main</token>
<token t_id="173" sentence="11" number="172">positive</token>
<token t_id="174" sentence="11" number="173">for</token>
<token t_id="175" sentence="11" number="174">Castro</token>
<token t_id="176" sentence="11" number="175">to</token>
<token t_id="177" sentence="11" number="176">invite</token>
<token t_id="178" sentence="11" number="177">the</token>
<token t_id="179" sentence="11" number="178">Pope</token>
<token t_id="180" sentence="11" number="179">is</token>
<token t_id="181" sentence="11" number="180">international</token>
<token t_id="182" sentence="11" number="181">,</token>
<token t_id="183" sentence="11" number="182">to</token>
<token t_id="184" sentence="11" number="183">be</token>
<token t_id="185" sentence="11" number="184">able</token>
<token t_id="186" sentence="11" number="185">to</token>
<token t_id="187" sentence="11" number="186">say</token>
<token t_id="188" sentence="11" number="187">to</token>
<token t_id="189" sentence="11" number="188">the</token>
<token t_id="190" sentence="11" number="189">rest</token>
<token t_id="191" sentence="11" number="190">of</token>
<token t_id="192" sentence="11" number="191">the</token>
<token t_id="193" sentence="11" number="192">world</token>
<token t_id="194" sentence="11" number="193">,</token>
<token t_id="195" sentence="11" number="194">this</token>
<token t_id="196" sentence="11" number="195">government</token>
<token t_id="197" sentence="11" number="196">is</token>
<token t_id="198" sentence="11" number="197">not</token>
<token t_id="199" sentence="11" number="198">as</token>
<token t_id="200" sentence="11" number="199">closed</token>
<token t_id="201" sentence="11" number="200">,</token>
<token t_id="202" sentence="11" number="201">as</token>
<token t_id="203" sentence="11" number="202">intolerant</token>
<token t_id="204" sentence="11" number="203">,</token>
<token t_id="205" sentence="11" number="204">uh</token>
<token t_id="206" sentence="11" number="205">as</token>
<token t_id="207" sentence="11" number="206">totalitarian</token>
<token t_id="208" sentence="11" number="207">as</token>
<token t_id="209" sentence="11" number="208">some</token>
<token t_id="210" sentence="11" number="209">make</token>
<token t_id="211" sentence="11" number="210">it</token>
<token t_id="212" sentence="11" number="211">out</token>
<token t_id="213" sentence="11" number="212">to</token>
<token t_id="214" sentence="11" number="213">be</token>
<token t_id="215" sentence="11" number="214">.</token>
<token t_id="216" sentence="12" number="215">One</token>
<token t_id="217" sentence="12" number="216">of</token>
<token t_id="218" sentence="12" number="217">the</token>
<token t_id="219" sentence="12" number="218">scenarios</token>
<token t_id="220" sentence="12" number="219">widely</token>
<token t_id="221" sentence="12" number="220">advanced</token>
<token t_id="222" sentence="12" number="221">before</token>
<token t_id="223" sentence="12" number="222">the</token>
<token t_id="224" sentence="12" number="223">visit</token>
<token t_id="225" sentence="12" number="224">is</token>
<token t_id="226" sentence="12" number="225">that</token>
<token t_id="227" sentence="12" number="226">through</token>
<token t_id="228" sentence="12" number="227">the</token>
<token t_id="229" sentence="12" number="228">Pope</token>
<token t_id="230" sentence="12" number="229">,</token>
<token t_id="231" sentence="12" number="230">Cuba</token>
<token t_id="232" sentence="12" number="231">,</token>
<token t_id="233" sentence="12" number="232">still</token>
<token t_id="234" sentence="12" number="233">led</token>
<token t_id="235" sentence="12" number="234">by</token>
<token t_id="236" sentence="12" number="235">Castro</token>
<token t_id="237" sentence="12" number="236">,</token>
<token t_id="238" sentence="12" number="237">can</token>
<token t_id="239" sentence="12" number="238">begin</token>
<token t_id="240" sentence="12" number="239">a</token>
<token t_id="241" sentence="12" number="240">more</token>
<token t_id="242" sentence="12" number="241">productive</token>
<token t_id="243" sentence="12" number="242">relationship</token>
<token t_id="244" sentence="12" number="243">with</token>
<token t_id="245" sentence="12" number="244">the</token>
<token t_id="246" sentence="12" number="245">world</token>
<token t_id="247" sentence="12" number="246">.</token>
<token t_id="248" sentence="13" number="247">That</token>
<token t_id="249" sentence="13" number="248">will</token>
<token t_id="250" sentence="13" number="249">,</token>
<token t_id="251" sentence="13" number="250">in</token>
<token t_id="252" sentence="13" number="251">turn</token>
<token t_id="253" sentence="13" number="252">,</token>
<token t_id="254" sentence="13" number="253">bring</token>
<token t_id="255" sentence="13" number="254">pressure</token>
<token t_id="256" sentence="13" number="255">on</token>
<token t_id="257" sentence="13" number="256">Washington</token>
<token t_id="258" sentence="13" number="257">to</token>
<token t_id="259" sentence="13" number="258">change</token>
<token t_id="260" sentence="13" number="259">.</token>
<token t_id="261" sentence="14" number="260">Those</token>
<token t_id="262" sentence="14" number="261">observers</token>
<token t_id="263" sentence="14" number="262">looking</token>
<token t_id="264" sentence="14" number="263">for</token>
<token t_id="265" sentence="14" number="264">a</token>
<token t_id="266" sentence="14" number="265">battle</token>
<token t_id="267" sentence="14" number="266">between</token>
<token t_id="268" sentence="14" number="267">uncompromising</token>
<token t_id="269" sentence="14" number="268">representatives</token>
<token t_id="270" sentence="14" number="269">and</token>
<token t_id="271" sentence="14" number="270">very</token>
<token t_id="272" sentence="14" number="271">different</token>
<token t_id="273" sentence="14" number="272">ideologies</token>
<token t_id="274" sentence="14" number="273">will</token>
<token t_id="275" sentence="14" number="274">,</token>
<token t_id="276" sentence="14" number="275">in</token>
<token t_id="277" sentence="14" number="276">all</token>
<token t_id="278" sentence="14" number="277">likelihood</token>
<token t_id="279" sentence="14" number="278">,</token>
<token t_id="280" sentence="14" number="279">be</token>
<token t_id="281" sentence="14" number="280">disappointed</token>
<token t_id="282" sentence="14" number="281">.</token>
<token t_id="283" sentence="15" number="282">Castro</token>
<token t_id="284" sentence="15" number="283">has</token>
<token t_id="285" sentence="15" number="284">said</token>
<token t_id="286" sentence="15" number="285">that</token>
<token t_id="287" sentence="15" number="286">you</token>
<token t_id="288" sentence="15" number="287">can</token>
<token t_id="289" sentence="15" number="288">be</token>
<token t_id="290" sentence="15" number="289">a</token>
<token t_id="291" sentence="15" number="290">Communist</token>
<token t_id="292" sentence="15" number="291">and</token>
<token t_id="293" sentence="15" number="292">still</token>
<token t_id="294" sentence="15" number="293">be</token>
<token t_id="295" sentence="15" number="294">a</token>
<token t_id="296" sentence="15" number="295">Christian</token>
<token t_id="297" sentence="15" number="296">.</token>
<token t_id="298" sentence="16" number="297">He</token>
<token t_id="299" sentence="16" number="298">says</token>
<token t_id="300" sentence="16" number="299">he</token>
<token t_id="301" sentence="16" number="300">and</token>
<token t_id="302" sentence="16" number="301">the</token>
<token t_id="303" sentence="16" number="302">Pope</token>
<token t_id="304" sentence="16" number="303">both</token>
<token t_id="305" sentence="16" number="304">want</token>
<token t_id="306" sentence="16" number="305">to</token>
<token t_id="307" sentence="16" number="306">end</token>
<token t_id="308" sentence="16" number="307">the</token>
<token t_id="309" sentence="16" number="308">exploitation</token>
<token t_id="310" sentence="16" number="309">of</token>
<token t_id="311" sentence="16" number="310">man</token>
<token t_id="312" sentence="16" number="311">by</token>
<token t_id="313" sentence="16" number="312">man</token>
<token t_id="314" sentence="16" number="313">.</token>
<token t_id="315" sentence="17" number="314">The</token>
<token t_id="316" sentence="17" number="315">question</token>
<token t_id="317" sentence="17" number="316">is</token>
<token t_id="318" sentence="17" number="317">who</token>
<token t_id="319" sentence="17" number="318">will</token>
<token t_id="320" sentence="17" number="319">Cubans</token>
<token t_id="321" sentence="17" number="320">believe</token>
<token t_id="322" sentence="17" number="321">?</token>
<token t_id="323" sentence="18" number="322">The</token>
<token t_id="324" sentence="18" number="323">main</token>
<token t_id="325" sentence="18" number="324">negative</token>
<token t_id="326" sentence="18" number="325">is</token>
<token t_id="327" sentence="18" number="326">the</token>
<token t_id="328" sentence="18" number="327">risk</token>
<token t_id="329" sentence="18" number="328">that</token>
<token t_id="330" sentence="18" number="329">the</token>
<token t_id="331" sentence="18" number="330">Pope</token>
<token t_id="332" sentence="18" number="331">'s</token>
<token t_id="333" sentence="18" number="332">visit</token>
<token t_id="334" sentence="18" number="333">will</token>
<token t_id="335" sentence="18" number="334">persuade</token>
<token t_id="336" sentence="18" number="335">a</token>
<token t_id="337" sentence="18" number="336">great</token>
<token t_id="338" sentence="18" number="337">many</token>
<token t_id="339" sentence="18" number="338">more</token>
<token t_id="340" sentence="18" number="339">Cubans</token>
<token t_id="341" sentence="18" number="340">to</token>
<token t_id="342" sentence="18" number="341">break</token>
<token t_id="343" sentence="18" number="342">loose</token>
<token t_id="344" sentence="18" number="343">of</token>
<token t_id="345" sentence="18" number="344">the</token>
<token t_id="346" sentence="18" number="345">Cuban</token>
<token t_id="347" sentence="18" number="346">government</token>
<token t_id="348" sentence="18" number="347">.</token>
<token t_id="349" sentence="19" number="348">If</token>
<token t_id="350" sentence="19" number="349">so</token>
<token t_id="351" sentence="19" number="350">,</token>
<token t_id="352" sentence="19" number="351">then</token>
<token t_id="353" sentence="19" number="352">the</token>
<token t_id="354" sentence="19" number="353">Pope</token>
<token t_id="355" sentence="19" number="354">'s</token>
<token t_id="356" sentence="19" number="355">visit</token>
<token t_id="357" sentence="19" number="356">would</token>
<token t_id="358" sentence="19" number="357">really</token>
<token t_id="359" sentence="19" number="358">open</token>
<token t_id="360" sentence="19" number="359">up</token>
<token t_id="361" sentence="19" number="360">a</token>
<token t_id="362" sentence="19" number="361">new</token>
<token t_id="363" sentence="19" number="362">chapter</token>
<token t_id="364" sentence="19" number="363">in</token>
<token t_id="365" sentence="19" number="364">the</token>
<token t_id="366" sentence="19" number="365">government</token>
<token t_id="367" sentence="19" number="366">'s</token>
<token t_id="368" sentence="19" number="367">relations</token>
<token t_id="369" sentence="19" number="368">with</token>
<token t_id="370" sentence="19" number="369">its</token>
<token t_id="371" sentence="19" number="370">own</token>
<token t_id="372" sentence="19" number="371">society</token>
<token t_id="373" sentence="19" number="372">.</token>
<token t_id="374" sentence="20" number="373">For</token>
<token t_id="375" sentence="20" number="374">the</token>
<token t_id="376" sentence="20" number="375">Cuban</token>
<token t_id="377" sentence="20" number="376">government</token>
<token t_id="378" sentence="20" number="377">,</token>
<token t_id="379" sentence="20" number="378">that</token>
<token t_id="380" sentence="20" number="379">is</token>
<token t_id="381" sentence="20" number="380">the</token>
<token t_id="382" sentence="20" number="381">risk</token>
<token t_id="383" sentence="20" number="382">.</token>
<token t_id="384" sentence="21" number="383">At</token>
<token t_id="385" sentence="21" number="384">the</token>
<token t_id="386" sentence="21" number="385">end</token>
<token t_id="387" sentence="21" number="386">of</token>
<token t_id="388" sentence="21" number="387">the</token>
<token t_id="389" sentence="21" number="388">broadcast</token>
<token t_id="390" sentence="21" number="389">this</token>
<token t_id="391" sentence="21" number="390">evening</token>
<token t_id="392" sentence="21" number="391">,</token>
<token t_id="393" sentence="21" number="392">one</token>
<token t_id="394" sentence="21" number="393">more</token>
<token t_id="395" sentence="21" number="394">trip</token>
<token t_id="396" sentence="21" number="395">around</token>
<token t_id="397" sentence="21" number="396">Havana</token>
<token t_id="398" sentence="21" number="397">to</token>
<token t_id="399" sentence="21" number="398">see</token>
<token t_id="400" sentence="21" number="399">what</token>
<token t_id="401" sentence="21" number="400">it</token>
<token t_id="402" sentence="21" number="401">'s</token>
<token t_id="403" sentence="21" number="402">been</token>
<token t_id="404" sentence="21" number="403">like</token>
<token t_id="405" sentence="21" number="404">since</token>
<token t_id="406" sentence="21" number="405">the</token>
<token t_id="407" sentence="21" number="406">last</token>
<token t_id="408" sentence="21" number="407">time</token>
<token t_id="409" sentence="21" number="408">.</token>
<token t_id="410" sentence="22" number="409">And</token>
<token t_id="411" sentence="22" number="410">in</token>
<token t_id="412" sentence="22" number="411">just</token>
<token t_id="413" sentence="22" number="412">a</token>
<token t_id="414" sentence="22" number="413">moment</token>
<token t_id="415" sentence="22" number="414">Diane</token>
<token t_id="416" sentence="22" number="415">Sawyer</token>
<token t_id="417" sentence="22" number="416">will</token>
<token t_id="418" sentence="22" number="417">have</token>
<token t_id="419" sentence="22" number="418">some</token>
<token t_id="420" sentence="22" number="419">other</token>
<token t_id="421" sentence="22" number="420">news</token>
<token t_id="422" sentence="22" number="421">.</token>


<Markables>
<ARGUMENTATIVE m_id="1" comment="" conversational-direct="FALSE" conversational-reported="FALSE"  >
<token_anchor t_id="374"/>
<token_anchor t_id="375"/>
<token_anchor t_id="376"/>
<token_anchor t_id="377"/>
<token_anchor t_id="378"/>
<token_anchor t_id="379"/>
<token_anchor t_id="380"/>
<token_anchor t_id="381"/>
<token_anchor t_id="382"/>
<token_anchor t_id="383"/>
</ARGUMENTATIVE>
<ARGUMENTATIVE m_id="2" comment="" conversational-direct="FALSE" conversational-reported="FALSE"  >
<token_anchor t_id="1"/>
<token_anchor t_id="2"/>
<token_anchor t_id="3"/>
<token_anchor t_id="4"/>
<token_anchor t_id="5"/>
<token_anchor t_id="6"/>
<token_anchor t_id="7"/>
<token_anchor t_id="8"/>
<token_anchor t_id="9"/>
<token_anchor t_id="10"/>
<token_anchor t_id="11"/>
<token_anchor t_id="12"/>
</ARGUMENTATIVE>
<ARGUMENTATIVE m_id="3" comment="" conversational-direct="FALSE" conversational-reported="FALSE"  >
<token_anchor t_id="69"/>
<token_anchor t_id="70"/>
<token_anchor t_id="71"/>
<token_anchor t_id="72"/>
<token_anchor t_id="73"/>
</ARGUMENTATIVE>
<ARGUMENTATIVE m_id="4" comment="" conversational-direct="FALSE" conversational-reported="FALSE"  >
<token_anchor t_id="171"/>
<token_anchor t_id="172"/>
<token_anchor t_id="173"/>
<token_anchor t_id="174"/>
<token_anchor t_id="175"/>
<token_anchor t_id="176"/>
<token_anchor t_id="177"/>
<token_anchor t_id="178"/>
<token_anchor t_id="179"/>
</ARGUMENTATIVE>
<ARGUMENTATIVE m_id="5" comment="" conversational-direct="FALSE" conversational-reported="FALSE"  >
<token_anchor t_id="180"/>
<token_anchor t_id="181"/>
<token_anchor t_id="182"/>
</ARGUMENTATIVE>
<ARGUMENTATIVE m_id="6" comment="" conversational-direct="FALSE" conversational-reported="FALSE"  >
<token_anchor t_id="195"/>
<token_anchor t_id="196"/>
<token_anchor t_id="197"/>
<token_anchor t_id="198"/>
<token_anchor t_id="199"/>
<token_anchor t_id="200"/>
<token_anchor t_id="201"/>
<token_anchor t_id="202"/>
<token_anchor t_id="203"/>
<token_anchor t_id="204"/>
<token_anchor t_id="205"/>
<token_anchor t_id="206"/>
<token_anchor t_id="207"/>
</ARGUMENTATIVE>
<ARGUMENTATIVE m_id="7" comment="" conversational-direct="FALSE" conversational-reported="FALSE"  >
<token_anchor t_id="208"/>
<token_anchor t_id="209"/>
<token_anchor t_id="210"/>
<token_anchor t_id="211"/>
<token_anchor t_id="212"/>
<token_anchor t_id="213"/>
<token_anchor t_id="214"/>
<token_anchor t_id="215"/>
</ARGUMENTATIVE>
<ARGUMENTATIVE m_id="8" comment="" conversational-direct="FALSE" conversational-reported="FALSE"  >
<token_anchor t_id="274"/>
<token_anchor t_id="275"/>
<token_anchor t_id="276"/>
<token_anchor t_id="277"/>
<token_anchor t_id="278"/>
<token_anchor t_id="279"/>
<token_anchor t_id="280"/>
<token_anchor t_id="281"/>
<token_anchor t_id="282"/>
</ARGUMENTATIVE>
<ARGUMENTATIVE m_id="9" comment="" conversational-direct="FALSE" conversational-reported="FALSE"  >
<token_anchor t_id="261"/>
<token_anchor t_id="262"/>
<token_anchor t_id="263"/>
<token_anchor t_id="264"/>
<token_anchor t_id="265"/>
<token_anchor t_id="266"/>
<token_anchor t_id="267"/>
<token_anchor t_id="268"/>
<token_anchor t_id="269"/>
<token_anchor t_id="270"/>
<token_anchor t_id="271"/>
<token_anchor t_id="272"/>
<token_anchor t_id="273"/>
</ARGUMENTATIVE>
<ARGUMENTATIVE m_id="10" comment="" conversational-direct="FALSE" conversational-reported="FALSE"  >
<token_anchor t_id="323"/>
<token_anchor t_id="324"/>
<token_anchor t_id="325"/>
<token_anchor t_id="326"/>
<token_anchor t_id="327"/>
<token_anchor t_id="328"/>
</ARGUMENTATIVE>
<ARGUMENTATIVE m_id="45" comment="" conversational-direct="FALSE" conversational-reported="FALSE"  >
<token_anchor t_id="62"/>
<token_anchor t_id="63"/>
<token_anchor t_id="64"/>
<token_anchor t_id="65"/>
<token_anchor t_id="66"/>
<token_anchor t_id="67"/>
<token_anchor t_id="68"/>
</ARGUMENTATIVE>
<ARGUMENTATIVE m_id="46" comment="" conversational-direct="FALSE" conversational-reported="FALSE"  >
<token_anchor t_id="216"/>
<token_anchor t_id="217"/>
<token_anchor t_id="218"/>
<token_anchor t_id="219"/>
<token_anchor t_id="220"/>
<token_anchor t_id="221"/>
<token_anchor t_id="222"/>
<token_anchor t_id="223"/>
<token_anchor t_id="224"/>
</ARGUMENTATIVE>
<ARGUMENTATIVE m_id="47" comment="" conversational-direct="FALSE" conversational-reported="FALSE"  >
<token_anchor t_id="225"/>
<token_anchor t_id="226"/>
<token_anchor t_id="227"/>
<token_anchor t_id="228"/>
<token_anchor t_id="229"/>
<token_anchor t_id="230"/>
<token_anchor t_id="231"/>
<token_anchor t_id="232"/>
<token_anchor t_id="238"/>
<token_anchor t_id="239"/>
<token_anchor t_id="240"/>
<token_anchor t_id="241"/>
<token_anchor t_id="242"/>
<token_anchor t_id="243"/>
<token_anchor t_id="244"/>
<token_anchor t_id="245"/>
<token_anchor t_id="246"/>
<token_anchor t_id="247"/>
</ARGUMENTATIVE>
<DESCRIPTIVE m_id="48" comment="" Type="" conversational-direct="FALSE" conversational-reported="FALSE"  >
<token_anchor t_id="286"/>
<token_anchor t_id="287"/>
<token_anchor t_id="288"/>
<token_anchor t_id="289"/>
<token_anchor t_id="290"/>
<token_anchor t_id="291"/>
</DESCRIPTIVE>
<DESCRIPTIVE m_id="49" comment="" Type="" conversational-direct="FALSE" conversational-reported="FALSE"  >
<token_anchor t_id="292"/>
<token_anchor t_id="293"/>
<token_anchor t_id="294"/>
<token_anchor t_id="295"/>
<token_anchor t_id="296"/>
<token_anchor t_id="297"/>
</DESCRIPTIVE>
<NARRATIVE m_id="25" Level="Primary" comment="" conversational-direct="FALSE" conversational-reported="FALSE"  >
<token_anchor t_id="248"/>
<token_anchor t_id="249"/>
<token_anchor t_id="250"/>
<token_anchor t_id="251"/>
<token_anchor t_id="252"/>
<token_anchor t_id="253"/>
<token_anchor t_id="254"/>
<token_anchor t_id="255"/>
<token_anchor t_id="256"/>
<token_anchor t_id="257"/>
</NARRATIVE>
<NARRATIVE m_id="26" Level="Primary" comment="" conversational-direct="FALSE" conversational-reported="FALSE"  >
<token_anchor t_id="258"/>
<token_anchor t_id="259"/>
<token_anchor t_id="260"/>
</NARRATIVE>
<NARRATIVE m_id="27" Level="Primary" comment="" conversational-direct="FALSE" conversational-reported="FALSE"  >
<token_anchor t_id="13"/>
<token_anchor t_id="14"/>
<token_anchor t_id="15"/>
<token_anchor t_id="16"/>
<token_anchor t_id="17"/>
<token_anchor t_id="18"/>
<token_anchor t_id="19"/>
<token_anchor t_id="20"/>
<token_anchor t_id="21"/>
</NARRATIVE>
<NARRATIVE m_id="28" Level="Primary" comment="" conversational-direct="FALSE" conversational-reported="FALSE"  >
<token_anchor t_id="283"/>
<token_anchor t_id="284"/>
<token_anchor t_id="285"/>
</NARRATIVE>
<NARRATIVE m_id="29" Level="Primary" comment="" conversational-direct="FALSE" conversational-reported="FALSE"  >
<token_anchor t_id="22"/>
<token_anchor t_id="23"/>
<token_anchor t_id="24"/>
<token_anchor t_id="25"/>
<token_anchor t_id="26"/>
</NARRATIVE>
<NARRATIVE m_id="30" Level="Primary" comment="" conversational-direct="FALSE" conversational-reported="FALSE"  >
<token_anchor t_id="27"/>
<token_anchor t_id="28"/>
<token_anchor t_id="29"/>
<token_anchor t_id="30"/>
<token_anchor t_id="31"/>
<token_anchor t_id="32"/>
<token_anchor t_id="33"/>
</NARRATIVE>
<NARRATIVE m_id="31" Level="Primary" comment="" conversational-direct="FALSE" conversational-reported="FALSE"  >
<token_anchor t_id="41"/>
<token_anchor t_id="42"/>
<token_anchor t_id="43"/>
</NARRATIVE>
<NARRATIVE m_id="32" Level="Primary" comment="" conversational-direct="FALSE" conversational-reported="FALSE"  >
<token_anchor t_id="298"/>
<token_anchor t_id="299"/>
</NARRATIVE>
<NARRATIVE m_id="33" Level="Primary" comment="" conversational-direct="FALSE" conversational-reported="FALSE"  >
<token_anchor t_id="44"/>
<token_anchor t_id="45"/>
<token_anchor t_id="46"/>
<token_anchor t_id="47"/>
<token_anchor t_id="48"/>
<token_anchor t_id="49"/>
<token_anchor t_id="50"/>
</NARRATIVE>
<NARRATIVE m_id="34" Level="Primary" comment="" conversational-direct="FALSE" conversational-reported="TRUE"  >
<token_anchor t_id="300"/>
<token_anchor t_id="301"/>
<token_anchor t_id="302"/>
<token_anchor t_id="303"/>
<token_anchor t_id="304"/>
<token_anchor t_id="305"/>
</NARRATIVE>
<NARRATIVE m_id="35" Level="Primary" comment="" conversational-direct="FALSE" conversational-reported="FALSE"  >
<token_anchor t_id="51"/>
<token_anchor t_id="52"/>
<token_anchor t_id="53"/>
<token_anchor t_id="54"/>
<token_anchor t_id="55"/>
</NARRATIVE>
<NARRATIVE m_id="36" Level="Primary" comment="" conversational-direct="FALSE" conversational-reported="TRUE"  >
<token_anchor t_id="306"/>
<token_anchor t_id="307"/>
<token_anchor t_id="308"/>
<token_anchor t_id="309"/>
<token_anchor t_id="310"/>
<token_anchor t_id="311"/>
<token_anchor t_id="312"/>
<token_anchor t_id="313"/>
<token_anchor t_id="314"/>
</NARRATIVE>
<NARRATIVE m_id="37" Level="Primary" comment="" conversational-direct="FALSE" conversational-reported="FALSE"  >
<token_anchor t_id="56"/>
<token_anchor t_id="57"/>
<token_anchor t_id="58"/>
<token_anchor t_id="59"/>
<token_anchor t_id="60"/>
<token_anchor t_id="61"/>
</NARRATIVE>
<NARRATIVE m_id="38" Level="Primary" comment="" conversational-direct="FALSE" conversational-reported="FALSE"  >
<token_anchor t_id="74"/>
<token_anchor t_id="75"/>
<token_anchor t_id="76"/>
<token_anchor t_id="77"/>
<token_anchor t_id="78"/>
<token_anchor t_id="79"/>
<token_anchor t_id="80"/>
<token_anchor t_id="81"/>
<token_anchor t_id="82"/>
<token_anchor t_id="83"/>
<token_anchor t_id="84"/>
<token_anchor t_id="85"/>
</NARRATIVE>
<NARRATIVE m_id="39" Level="Primary" comment="" conversational-direct="FALSE" conversational-reported="FALSE"  >
<token_anchor t_id="86"/>
<token_anchor t_id="87"/>
<token_anchor t_id="88"/>
<token_anchor t_id="89"/>
<token_anchor t_id="90"/>
<token_anchor t_id="91"/>
<token_anchor t_id="92"/>
<token_anchor t_id="93"/>
<token_anchor t_id="94"/>
<token_anchor t_id="95"/>
<token_anchor t_id="96"/>
</NARRATIVE>
<NARRATIVE m_id="40" Level="Primary" comment="" conversational-direct="FALSE" conversational-reported="FALSE"  >
<token_anchor t_id="183"/>
<token_anchor t_id="184"/>
<token_anchor t_id="185"/>
</NARRATIVE>
<NARRATIVE m_id="41" Level="Primary" comment="" conversational-direct="FALSE" conversational-reported="FALSE"  >
<token_anchor t_id="133"/>
<token_anchor t_id="134"/>
<token_anchor t_id="135"/>
<token_anchor t_id="136"/>
<token_anchor t_id="137"/>
<token_anchor t_id="138"/>
<token_anchor t_id="139"/>
<token_anchor t_id="140"/>
<token_anchor t_id="141"/>
<token_anchor t_id="142"/>
<token_anchor t_id="143"/>
</NARRATIVE>
<NARRATIVE m_id="42" Level="Primary" comment="" conversational-direct="FALSE" conversational-reported="FALSE"  >
<token_anchor t_id="186"/>
<token_anchor t_id="187"/>
<token_anchor t_id="188"/>
<token_anchor t_id="189"/>
<token_anchor t_id="190"/>
<token_anchor t_id="191"/>
<token_anchor t_id="192"/>
<token_anchor t_id="193"/>
<token_anchor t_id="194"/>
</NARRATIVE>
<NARRATIVE m_id="11" Level="Primary" comment="" conversational-direct="FALSE" conversational-reported="FALSE"  >
<token_anchor t_id="144"/>
<token_anchor t_id="145"/>
<token_anchor t_id="146"/>
<token_anchor t_id="147"/>
<token_anchor t_id="148"/>
<token_anchor t_id="149"/>
<token_anchor t_id="150"/>
<token_anchor t_id="151"/>
<token_anchor t_id="152"/>
<token_anchor t_id="153"/>
<token_anchor t_id="154"/>
</NARRATIVE>
<NARRATIVE m_id="12" Level="Primary" comment="" conversational-direct="FALSE" conversational-reported="FALSE"  >
<token_anchor t_id="329"/>
<token_anchor t_id="330"/>
<token_anchor t_id="331"/>
<token_anchor t_id="332"/>
<token_anchor t_id="333"/>
<token_anchor t_id="334"/>
<token_anchor t_id="335"/>
<token_anchor t_id="336"/>
<token_anchor t_id="337"/>
<token_anchor t_id="338"/>
<token_anchor t_id="339"/>
<token_anchor t_id="340"/>
</NARRATIVE>
<NARRATIVE m_id="13" Level="Primary" comment="" conversational-direct="FALSE" conversational-reported="FALSE"  >
<token_anchor t_id="155"/>
<token_anchor t_id="156"/>
<token_anchor t_id="157"/>
<token_anchor t_id="158"/>
<token_anchor t_id="159"/>
<token_anchor t_id="160"/>
<token_anchor t_id="161"/>
<token_anchor t_id="162"/>
</NARRATIVE>
<NARRATIVE m_id="14" Level="Primary" comment="" conversational-direct="FALSE" conversational-reported="FALSE"  >
<token_anchor t_id="341"/>
<token_anchor t_id="342"/>
<token_anchor t_id="343"/>
<token_anchor t_id="344"/>
<token_anchor t_id="345"/>
<token_anchor t_id="346"/>
<token_anchor t_id="347"/>
<token_anchor t_id="348"/>
</NARRATIVE>
<NARRATIVE m_id="15" Level="Primary" comment="" conversational-direct="FALSE" conversational-reported="FALSE"  >
<token_anchor t_id="163"/>
<token_anchor t_id="164"/>
<token_anchor t_id="165"/>
<token_anchor t_id="166"/>
<token_anchor t_id="167"/>
<token_anchor t_id="168"/>
<token_anchor t_id="169"/>
<token_anchor t_id="170"/>
</NARRATIVE>
<NARRATIVE m_id="16" Level="Primary" comment="" conversational-direct="FALSE" conversational-reported="FALSE"  >
<token_anchor t_id="349"/>
<token_anchor t_id="350"/>
<token_anchor t_id="351"/>
<token_anchor t_id="352"/>
<token_anchor t_id="353"/>
<token_anchor t_id="354"/>
<token_anchor t_id="355"/>
<token_anchor t_id="356"/>
<token_anchor t_id="357"/>
<token_anchor t_id="358"/>
<token_anchor t_id="359"/>
<token_anchor t_id="360"/>
<token_anchor t_id="361"/>
<token_anchor t_id="362"/>
<token_anchor t_id="363"/>
<token_anchor t_id="364"/>
<token_anchor t_id="365"/>
<token_anchor t_id="366"/>
<token_anchor t_id="367"/>
<token_anchor t_id="368"/>
<token_anchor t_id="369"/>
<token_anchor t_id="370"/>
<token_anchor t_id="371"/>
<token_anchor t_id="372"/>
<token_anchor t_id="373"/>
</NARRATIVE>
<NARRATIVE m_id="17" Level="Primary" comment="" conversational-direct="FALSE" conversational-reported="FALSE"  >
<token_anchor t_id="34"/>
<token_anchor t_id="35"/>
<token_anchor t_id="36"/>
<token_anchor t_id="37"/>
<token_anchor t_id="38"/>
<token_anchor t_id="39"/>
<token_anchor t_id="40"/>
</NARRATIVE>
<NARRATIVE m_id="18" Level="Primary" comment="" conversational-direct="FALSE" conversational-reported="FALSE"  >
<token_anchor t_id="384"/>
<token_anchor t_id="385"/>
<token_anchor t_id="386"/>
<token_anchor t_id="387"/>
<token_anchor t_id="388"/>
<token_anchor t_id="389"/>
<token_anchor t_id="390"/>
<token_anchor t_id="391"/>
<token_anchor t_id="392"/>
<token_anchor t_id="393"/>
<token_anchor t_id="394"/>
<token_anchor t_id="395"/>
<token_anchor t_id="396"/>
<token_anchor t_id="397"/>
<token_anchor t_id="398"/>
<token_anchor t_id="399"/>
</NARRATIVE>
<NARRATIVE m_id="19" Level="Primary" comment="" conversational-direct="FALSE" conversational-reported="FALSE"  >
<token_anchor t_id="400"/>
<token_anchor t_id="401"/>
<token_anchor t_id="402"/>
<token_anchor t_id="403"/>
<token_anchor t_id="404"/>
<token_anchor t_id="405"/>
<token_anchor t_id="406"/>
<token_anchor t_id="407"/>
<token_anchor t_id="408"/>
<token_anchor t_id="409"/>
</NARRATIVE>
<NARRATIVE m_id="20" Level="Secondary" comment="" conversational-direct="FALSE" conversational-reported="FALSE"  >
<token_anchor t_id="410"/>
<token_anchor t_id="411"/>
<token_anchor t_id="412"/>
<token_anchor t_id="413"/>
<token_anchor t_id="414"/>
<token_anchor t_id="415"/>
<token_anchor t_id="416"/>
<token_anchor t_id="417"/>
<token_anchor t_id="418"/>
<token_anchor t_id="419"/>
<token_anchor t_id="420"/>
<token_anchor t_id="421"/>
<token_anchor t_id="422"/>
</NARRATIVE>
<NARRATIVE m_id="21" Level="" comment="" conversational-direct="FALSE" conversational-reported="FALSE"  >
<token_anchor t_id="97"/>
<token_anchor t_id="98"/>
<token_anchor t_id="99"/>
<token_anchor t_id="100"/>
<token_anchor t_id="101"/>
<token_anchor t_id="102"/>
<token_anchor t_id="103"/>
<token_anchor t_id="104"/>
<token_anchor t_id="105"/>
<token_anchor t_id="106"/>
<token_anchor t_id="107"/>
<token_anchor t_id="108"/>
<token_anchor t_id="109"/>
<token_anchor t_id="110"/>
<token_anchor t_id="111"/>
<token_anchor t_id="112"/>
<token_anchor t_id="113"/>
<token_anchor t_id="114"/>
</NARRATIVE>
<NARRATIVE m_id="22" Level="Primary" comment="" conversational-direct="FALSE" conversational-reported="FALSE"  >
<token_anchor t_id="115"/>
<token_anchor t_id="116"/>
<token_anchor t_id="117"/>
<token_anchor t_id="118"/>
<token_anchor t_id="119"/>
<token_anchor t_id="120"/>
<token_anchor t_id="121"/>
<token_anchor t_id="122"/>
<token_anchor t_id="123"/>
</NARRATIVE>
<NARRATIVE m_id="23" Level="Primary" comment="" conversational-direct="FALSE" conversational-reported="FALSE"  >
<token_anchor t_id="124"/>
<token_anchor t_id="125"/>
<token_anchor t_id="126"/>
<token_anchor t_id="127"/>
<token_anchor t_id="128"/>
<token_anchor t_id="129"/>
<token_anchor t_id="130"/>
<token_anchor t_id="131"/>
<token_anchor t_id="132"/>
</NARRATIVE>
<NARRATIVE m_id="24" Level="" comment="" conversational-direct="FALSE" conversational-reported="FALSE"  >
<token_anchor t_id="233"/>
<token_anchor t_id="234"/>
<token_anchor t_id="235"/>
<token_anchor t_id="236"/>
<token_anchor t_id="237"/>
</NARRATIVE>
<OTHER m_id="43" comment="" type="question" conversational-direct="FALSE" conversational-reported="FALSE"  >
<token_anchor t_id="318"/>
<token_anchor t_id="319"/>
<token_anchor t_id="320"/>
<token_anchor t_id="321"/>
<token_anchor t_id="322"/>
</OTHER>
<OTHER m_id="44" comment="" type="na" conversational-direct="FALSE" conversational-reported="FALSE"  >
<token_anchor t_id="315"/>
<token_anchor t_id="316"/>
<token_anchor t_id="317"/>
</OTHER>


</Markables>

<Relations>
</Relations>
</Document>
