<Document doc_name="bbc_20130322_1353">
<token t_id="1" sentence="0" number="0">Israel</token>
<token t_id="2" sentence="0" number="1">'s</token>
<token t_id="3" sentence="0" number="2">prime</token>
<token t_id="4" sentence="0" number="3">minister</token>
<token t_id="5" sentence="0" number="4">has</token>
<token t_id="6" sentence="0" number="5">apologised</token>
<token t_id="7" sentence="0" number="6">to</token>
<token t_id="8" sentence="0" number="7">Turkey</token>
<token t_id="9" sentence="0" number="8">for</token>
<token t_id="10" sentence="0" number="9">``</token>
<token t_id="11" sentence="0" number="10">any</token>
<token t_id="12" sentence="0" number="11">errors</token>
<token t_id="13" sentence="0" number="12">that</token>
<token t_id="14" sentence="0" number="13">could</token>
<token t_id="15" sentence="0" number="14">have</token>
<token t_id="16" sentence="0" number="15">led</token>
<token t_id="17" sentence="0" number="16">to</token>
<token t_id="18" sentence="0" number="17">loss</token>
<token t_id="19" sentence="0" number="18">of</token>
<token t_id="20" sentence="0" number="19">life</token>
<token t_id="21" sentence="0" number="20">''</token>
<token t_id="22" sentence="0" number="21">during</token>
<token t_id="23" sentence="0" number="22">the</token>
<token t_id="24" sentence="0" number="23">2010</token>
<token t_id="25" sentence="0" number="24">commando</token>
<token t_id="26" sentence="0" number="25">raid</token>
<token t_id="27" sentence="0" number="26">on</token>
<token t_id="28" sentence="0" number="27">an</token>
<token t_id="29" sentence="0" number="28">aid</token>
<token t_id="30" sentence="0" number="29">flotilla</token>
<token t_id="31" sentence="0" number="30">that</token>
<token t_id="32" sentence="0" number="31">tried</token>
<token t_id="33" sentence="0" number="32">to</token>
<token t_id="34" sentence="0" number="33">breach</token>
<token t_id="35" sentence="0" number="34">the</token>
<token t_id="36" sentence="0" number="35">Gaza</token>
<token t_id="37" sentence="0" number="36">blockade</token>
<token t_id="38" sentence="0" number="37">.</token>
<token t_id="39" sentence="1" number="38">Benjamin</token>
<token t_id="40" sentence="1" number="39">Netanyahu</token>
<token t_id="41" sentence="1" number="40">also</token>
<token t_id="42" sentence="1" number="41">agreed</token>
<token t_id="43" sentence="1" number="42">with</token>
<token t_id="44" sentence="1" number="43">his</token>
<token t_id="45" sentence="1" number="44">Turkish</token>
<token t_id="46" sentence="1" number="45">counterpart</token>
<token t_id="47" sentence="1" number="46">Recep</token>
<token t_id="48" sentence="1" number="47">Tayyip</token>
<token t_id="49" sentence="1" number="48">Erdogan</token>
<token t_id="50" sentence="1" number="49">to</token>
<token t_id="51" sentence="1" number="50">compensate</token>
<token t_id="52" sentence="1" number="51">the</token>
<token t_id="53" sentence="1" number="52">families</token>
<token t_id="54" sentence="1" number="53">of</token>
<token t_id="55" sentence="1" number="54">the</token>
<token t_id="56" sentence="1" number="55">nine</token>
<token t_id="57" sentence="1" number="56">activists</token>
<token t_id="58" sentence="1" number="57">who</token>
<token t_id="59" sentence="1" number="58">were</token>
<token t_id="60" sentence="1" number="59">killed</token>
<token t_id="61" sentence="1" number="60">.</token>
<token t_id="62" sentence="2" number="61">Mr</token>
<token t_id="63" sentence="2" number="62">Netanyahu</token>
<token t_id="64" sentence="2" number="63">had</token>
<token t_id="65" sentence="2" number="64">previously</token>
<token t_id="66" sentence="2" number="65">only</token>
<token t_id="67" sentence="2" number="66">expressed</token>
<token t_id="68" sentence="2" number="67">regret</token>
<token t_id="69" sentence="2" number="68">for</token>
<token t_id="70" sentence="2" number="69">the</token>
<token t_id="71" sentence="2" number="70">deaths</token>
<token t_id="72" sentence="2" number="71">.</token>
<token t_id="73" sentence="3" number="72">The</token>
<token t_id="74" sentence="3" number="73">deal</token>
<token t_id="75" sentence="3" number="74">was</token>
<token t_id="76" sentence="3" number="75">brokered</token>
<token t_id="77" sentence="3" number="76">by</token>
<token t_id="78" sentence="3" number="77">US</token>
<token t_id="79" sentence="3" number="78">President</token>
<token t_id="80" sentence="3" number="79">Barack</token>
<token t_id="81" sentence="3" number="80">Obama</token>
<token t_id="82" sentence="3" number="81">during</token>
<token t_id="83" sentence="3" number="82">a</token>
<token t_id="84" sentence="3" number="83">visit</token>
<token t_id="85" sentence="3" number="84">to</token>
<token t_id="86" sentence="3" number="85">Israel</token>
<token t_id="87" sentence="3" number="86">.</token>
<token t_id="88" sentence="4" number="87">Mr</token>
<token t_id="89" sentence="4" number="88">Erdogan</token>
<token t_id="90" sentence="4" number="89">'s</token>
<token t_id="91" sentence="4" number="90">office</token>
<token t_id="92" sentence="4" number="91">said</token>
<token t_id="93" sentence="4" number="92">he</token>
<token t_id="94" sentence="4" number="93">had</token>
<token t_id="95" sentence="4" number="94">accepted</token>
<token t_id="96" sentence="4" number="95">the</token>
<token t_id="97" sentence="4" number="96">apology</token>
<token t_id="98" sentence="4" number="97">,</token>
<token t_id="99" sentence="4" number="98">``</token>
<token t_id="100" sentence="4" number="99">in</token>
<token t_id="101" sentence="4" number="100">the</token>
<token t_id="102" sentence="4" number="101">name</token>
<token t_id="103" sentence="4" number="102">of</token>
<token t_id="104" sentence="4" number="103">the</token>
<token t_id="105" sentence="4" number="104">Turkish</token>
<token t_id="106" sentence="4" number="105">people</token>
<token t_id="107" sentence="4" number="106">''</token>
<token t_id="108" sentence="4" number="107">.</token>
<token t_id="109" sentence="5" number="108">In</token>
<token t_id="110" sentence="5" number="109">the</token>
<token t_id="111" sentence="5" number="110">past</token>
<token t_id="112" sentence="5" number="111">,</token>
<token t_id="113" sentence="5" number="112">he</token>
<token t_id="114" sentence="5" number="113">has</token>
<token t_id="115" sentence="5" number="114">always</token>
<token t_id="116" sentence="5" number="115">given</token>
<token t_id="117" sentence="5" number="116">two</token>
<token t_id="118" sentence="5" number="117">conditions</token>
<token t_id="119" sentence="5" number="118">for</token>
<token t_id="120" sentence="5" number="119">restoring</token>
<token t_id="121" sentence="5" number="120">bilateral</token>
<token t_id="122" sentence="5" number="121">relations</token>
<token t_id="123" sentence="5" number="122">with</token>
<token t_id="124" sentence="5" number="123">Israel</token>
<token t_id="125" sentence="5" number="124">-</token>
<token t_id="126" sentence="5" number="125">an</token>
<token t_id="127" sentence="5" number="126">apology</token>
<token t_id="128" sentence="5" number="127">and</token>
<token t_id="129" sentence="5" number="128">compensation</token>
<token t_id="130" sentence="5" number="129">for</token>
<token t_id="131" sentence="5" number="130">victims</token>
<token t_id="132" sentence="5" number="131">'</token>
<token t_id="133" sentence="5" number="132">families</token>
<token t_id="134" sentence="5" number="133">.</token>
<token t_id="135" sentence="6" number="134">Nine</token>
<token t_id="136" sentence="6" number="135">people</token>
<token t_id="137" sentence="6" number="136">were</token>
<token t_id="138" sentence="6" number="137">killed</token>
<token t_id="139" sentence="6" number="138">on</token>
<token t_id="140" sentence="6" number="139">board</token>
<token t_id="141" sentence="6" number="140">the</token>
<token t_id="142" sentence="6" number="141">Turkish</token>
<token t_id="143" sentence="6" number="142">aid</token>
<token t_id="144" sentence="6" number="143">ship</token>
<token t_id="145" sentence="6" number="144">,</token>
<token t_id="146" sentence="6" number="145">Mavi</token>
<token t_id="147" sentence="6" number="146">Marmara</token>
<token t_id="148" sentence="6" number="147">,</token>
<token t_id="149" sentence="6" number="148">when</token>
<token t_id="150" sentence="6" number="149">it</token>
<token t_id="151" sentence="6" number="150">was</token>
<token t_id="152" sentence="6" number="151">boarded</token>
<token t_id="153" sentence="6" number="152">by</token>
<token t_id="154" sentence="6" number="153">Israeli</token>
<token t_id="155" sentence="6" number="154">commandos</token>
<token t_id="156" sentence="6" number="155">while</token>
<token t_id="157" sentence="6" number="156">trying</token>
<token t_id="158" sentence="6" number="157">to</token>
<token t_id="159" sentence="6" number="158">transport</token>
<token t_id="160" sentence="6" number="159">aid</token>
<token t_id="161" sentence="6" number="160">supplies</token>
<token t_id="162" sentence="6" number="161">to</token>
<token t_id="163" sentence="6" number="162">Gaza</token>
<token t_id="164" sentence="6" number="163">in</token>
<token t_id="165" sentence="6" number="164">May</token>
<token t_id="166" sentence="6" number="165">2010</token>
<token t_id="167" sentence="6" number="166">in</token>
<token t_id="168" sentence="6" number="167">spite</token>
<token t_id="169" sentence="6" number="168">of</token>
<token t_id="170" sentence="6" number="169">an</token>
<token t_id="171" sentence="6" number="170">Israeli</token>
<token t_id="172" sentence="6" number="171">naval</token>
<token t_id="173" sentence="6" number="172">blockade</token>
<token t_id="174" sentence="6" number="173">.</token>
<token t_id="175" sentence="7" number="174">The</token>
<token t_id="176" sentence="7" number="175">Israeli</token>
<token t_id="177" sentence="7" number="176">government</token>
<token t_id="178" sentence="7" number="177">admitted</token>
<token t_id="179" sentence="7" number="178">mistakes</token>
<token t_id="180" sentence="7" number="179">were</token>
<token t_id="181" sentence="7" number="180">made</token>
<token t_id="182" sentence="7" number="181">in</token>
<token t_id="183" sentence="7" number="182">intelligence-gathering</token>
<token t_id="184" sentence="7" number="183">and</token>
<token t_id="185" sentence="7" number="184">planning</token>
<token t_id="186" sentence="7" number="185">,</token>
<token t_id="187" sentence="7" number="186">but</token>
<token t_id="188" sentence="7" number="187">insisted</token>
<token t_id="189" sentence="7" number="188">its</token>
<token t_id="190" sentence="7" number="189">commandos</token>
<token t_id="191" sentence="7" number="190">used</token>
<token t_id="192" sentence="7" number="191">lethal</token>
<token t_id="193" sentence="7" number="192">force</token>
<token t_id="194" sentence="7" number="193">because</token>
<token t_id="195" sentence="7" number="194">activists</token>
<token t_id="196" sentence="7" number="195">had</token>
<token t_id="197" sentence="7" number="196">attacked</token>
<token t_id="198" sentence="7" number="197">them</token>
<token t_id="199" sentence="7" number="198">.</token>
<token t_id="200" sentence="8" number="199">The</token>
<token t_id="201" sentence="8" number="200">activists</token>
<token t_id="202" sentence="8" number="201">said</token>
<token t_id="203" sentence="8" number="202">the</token>
<token t_id="204" sentence="8" number="203">troops</token>
<token t_id="205" sentence="8" number="204">had</token>
<token t_id="206" sentence="8" number="205">opened</token>
<token t_id="207" sentence="8" number="206">fire</token>
<token t_id="208" sentence="8" number="207">as</token>
<token t_id="209" sentence="8" number="208">soon</token>
<token t_id="210" sentence="8" number="209">as</token>
<token t_id="211" sentence="8" number="210">they</token>
<token t_id="212" sentence="8" number="211">boarded</token>
<token t_id="213" sentence="8" number="212">the</token>
<token t_id="214" sentence="8" number="213">vessel</token>
<token t_id="215" sentence="8" number="214">,</token>
<token t_id="216" sentence="8" number="215">which</token>
<token t_id="217" sentence="8" number="216">was</token>
<token t_id="218" sentence="8" number="217">in</token>
<token t_id="219" sentence="8" number="218">international</token>
<token t_id="220" sentence="8" number="219">waters</token>
<token t_id="221" sentence="8" number="220">at</token>
<token t_id="222" sentence="8" number="221">the</token>
<token t_id="223" sentence="8" number="222">time</token>
<token t_id="224" sentence="8" number="223">.</token>
<token t_id="225" sentence="9" number="224">The</token>
<token t_id="226" sentence="9" number="225">incident</token>
<token t_id="227" sentence="9" number="226">provoked</token>
<token t_id="228" sentence="9" number="227">an</token>
<token t_id="229" sentence="9" number="228">international</token>
<token t_id="230" sentence="9" number="229">outcry</token>
<token t_id="231" sentence="9" number="230">and</token>
<token t_id="232" sentence="9" number="231">led</token>
<token t_id="233" sentence="9" number="232">to</token>
<token t_id="234" sentence="9" number="233">a</token>
<token t_id="235" sentence="9" number="234">major</token>
<token t_id="236" sentence="9" number="235">deterioration</token>
<token t_id="237" sentence="9" number="236">in</token>
<token t_id="238" sentence="9" number="237">relations</token>
<token t_id="239" sentence="9" number="238">between</token>
<token t_id="240" sentence="9" number="239">Turkey</token>
<token t_id="241" sentence="9" number="240">and</token>
<token t_id="242" sentence="9" number="241">Israel</token>
<token t_id="243" sentence="9" number="242">.</token>
<token t_id="244" sentence="10" number="243">Before</token>
<token t_id="245" sentence="10" number="244">departing</token>
<token t_id="246" sentence="10" number="245">for</token>
<token t_id="247" sentence="10" number="246">Jordan</token>
<token t_id="248" sentence="10" number="247">on</token>
<token t_id="249" sentence="10" number="248">Friday</token>
<token t_id="250" sentence="10" number="249">afternoon</token>
<token t_id="251" sentence="10" number="250">,</token>
<token t_id="252" sentence="10" number="251">Mr</token>
<token t_id="253" sentence="10" number="252">Obama</token>
<token t_id="254" sentence="10" number="253">revealed</token>
<token t_id="255" sentence="10" number="254">that</token>
<token t_id="256" sentence="10" number="255">Mr</token>
<token t_id="257" sentence="10" number="256">Netanyahu</token>
<token t_id="258" sentence="10" number="257">and</token>
<token t_id="259" sentence="10" number="258">Mr</token>
<token t_id="260" sentence="10" number="259">Erdogan</token>
<token t_id="261" sentence="10" number="260">had</token>
<token t_id="262" sentence="10" number="261">just</token>
<token t_id="263" sentence="10" number="262">spoken</token>
<token t_id="264" sentence="10" number="263">by</token>
<token t_id="265" sentence="10" number="264">telephone</token>
<token t_id="266" sentence="10" number="265">.</token>


<Markables>
<NARRATIVE m_id="9" Level="Secondary" comment="" conversational-direct="FALSE" conversational-reported="FALSE"  >
<token_anchor t_id="225"/>
<token_anchor t_id="226"/>
<token_anchor t_id="227"/>
<token_anchor t_id="228"/>
<token_anchor t_id="229"/>
<token_anchor t_id="230"/>
</NARRATIVE>
<NARRATIVE m_id="10" Level="Secondary" comment="" conversational-direct="FALSE" conversational-reported="FALSE"  >
<token_anchor t_id="231"/>
<token_anchor t_id="232"/>
<token_anchor t_id="233"/>
<token_anchor t_id="234"/>
<token_anchor t_id="235"/>
<token_anchor t_id="236"/>
<token_anchor t_id="237"/>
<token_anchor t_id="238"/>
<token_anchor t_id="239"/>
<token_anchor t_id="240"/>
<token_anchor t_id="241"/>
<token_anchor t_id="242"/>
<token_anchor t_id="243"/>
</NARRATIVE>
<NARRATIVE m_id="11" Level="Primary" comment="" conversational-direct="FALSE" conversational-reported="TRUE"  >
<token_anchor t_id="255"/>
<token_anchor t_id="256"/>
<token_anchor t_id="257"/>
<token_anchor t_id="258"/>
<token_anchor t_id="259"/>
<token_anchor t_id="260"/>
<token_anchor t_id="261"/>
<token_anchor t_id="262"/>
<token_anchor t_id="263"/>
<token_anchor t_id="264"/>
<token_anchor t_id="265"/>
<token_anchor t_id="266"/>
</NARRATIVE>
<NARRATIVE m_id="12" Level="Primary" comment="" conversational-direct="FALSE" conversational-reported="FALSE"  >
<token_anchor t_id="119"/>
<token_anchor t_id="120"/>
<token_anchor t_id="121"/>
<token_anchor t_id="122"/>
<token_anchor t_id="123"/>
<token_anchor t_id="124"/>
<token_anchor t_id="125"/>
<token_anchor t_id="126"/>
<token_anchor t_id="127"/>
<token_anchor t_id="128"/>
<token_anchor t_id="129"/>
<token_anchor t_id="130"/>
<token_anchor t_id="131"/>
<token_anchor t_id="132"/>
<token_anchor t_id="133"/>
<token_anchor t_id="134"/>
</NARRATIVE>
<NARRATIVE m_id="13" Level="Secondary" comment="" conversational-direct="FALSE" conversational-reported="FALSE"  >
<token_anchor t_id="158"/>
<token_anchor t_id="159"/>
<token_anchor t_id="160"/>
<token_anchor t_id="161"/>
<token_anchor t_id="162"/>
<token_anchor t_id="163"/>
<token_anchor t_id="164"/>
<token_anchor t_id="165"/>
<token_anchor t_id="166"/>
<token_anchor t_id="167"/>
<token_anchor t_id="168"/>
<token_anchor t_id="169"/>
<token_anchor t_id="170"/>
<token_anchor t_id="171"/>
<token_anchor t_id="172"/>
<token_anchor t_id="173"/>
</NARRATIVE>
<NARRATIVE m_id="14" Level="" comment="" conversational-direct="FALSE" conversational-reported="FALSE"  >
<token_anchor t_id="194"/>
<token_anchor t_id="195"/>
<token_anchor t_id="196"/>
<token_anchor t_id="197"/>
<token_anchor t_id="198"/>
<token_anchor t_id="199"/>
</NARRATIVE>
<NARRATIVE m_id="15" Level="Secondary" comment="" conversational-direct="FALSE" conversational-reported="TRUE"  >
<token_anchor t_id="208"/>
<token_anchor t_id="209"/>
<token_anchor t_id="210"/>
<token_anchor t_id="211"/>
<token_anchor t_id="212"/>
<token_anchor t_id="213"/>
<token_anchor t_id="214"/>
<token_anchor t_id="215"/>
</NARRATIVE>
<NARRATIVE m_id="16" Level="Secondary" comment="" conversational-direct="FALSE" conversational-reported="TRUE"  >
<token_anchor t_id="216"/>
<token_anchor t_id="217"/>
<token_anchor t_id="218"/>
<token_anchor t_id="219"/>
<token_anchor t_id="220"/>
<token_anchor t_id="221"/>
<token_anchor t_id="222"/>
<token_anchor t_id="223"/>
<token_anchor t_id="224"/>
</NARRATIVE>
<NARRATIVE m_id="17" Level="Primary" comment="" conversational-direct="FALSE" conversational-reported="FALSE"  >
<token_anchor t_id="244"/>
<token_anchor t_id="245"/>
<token_anchor t_id="246"/>
<token_anchor t_id="247"/>
<token_anchor t_id="248"/>
<token_anchor t_id="249"/>
<token_anchor t_id="250"/>
<token_anchor t_id="251"/>
</NARRATIVE>
<NARRATIVE m_id="18" Level="" comment="" conversational-direct="FALSE" conversational-reported="FALSE"  >
<token_anchor t_id="62"/>
<token_anchor t_id="63"/>
<token_anchor t_id="64"/>
<token_anchor t_id="65"/>
<token_anchor t_id="66"/>
<token_anchor t_id="67"/>
<token_anchor t_id="68"/>
<token_anchor t_id="69"/>
<token_anchor t_id="70"/>
<token_anchor t_id="71"/>
<token_anchor t_id="72"/>
</NARRATIVE>
<NARRATIVE m_id="19" Level="Primary" comment="" conversational-direct="FALSE" conversational-reported="FALSE"  >
<token_anchor t_id="109"/>
<token_anchor t_id="110"/>
<token_anchor t_id="111"/>
<token_anchor t_id="112"/>
<token_anchor t_id="113"/>
<token_anchor t_id="114"/>
<token_anchor t_id="115"/>
<token_anchor t_id="116"/>
<token_anchor t_id="117"/>
<token_anchor t_id="118"/>
</NARRATIVE>
<NARRATIVE m_id="20" Level="Secondary" comment="" conversational-direct="FALSE" conversational-reported="FALSE"  >
<token_anchor t_id="135"/>
<token_anchor t_id="136"/>
<token_anchor t_id="137"/>
<token_anchor t_id="138"/>
<token_anchor t_id="139"/>
<token_anchor t_id="140"/>
<token_anchor t_id="141"/>
<token_anchor t_id="142"/>
<token_anchor t_id="143"/>
<token_anchor t_id="144"/>
<token_anchor t_id="145"/>
<token_anchor t_id="146"/>
<token_anchor t_id="147"/>
<token_anchor t_id="148"/>
</NARRATIVE>
<NARRATIVE m_id="21" Level="Secondary" comment="" conversational-direct="FALSE" conversational-reported="FALSE"  >
<token_anchor t_id="149"/>
<token_anchor t_id="150"/>
<token_anchor t_id="151"/>
<token_anchor t_id="152"/>
<token_anchor t_id="153"/>
<token_anchor t_id="154"/>
<token_anchor t_id="155"/>
</NARRATIVE>
<NARRATIVE m_id="22" Level="Secondary" comment="" conversational-direct="FALSE" conversational-reported="FALSE"  >
<token_anchor t_id="156"/>
<token_anchor t_id="157"/>
</NARRATIVE>
<NARRATIVE m_id="23" Level="" comment="" conversational-direct="FALSE" conversational-reported="FALSE"  >
<token_anchor t_id="179"/>
<token_anchor t_id="180"/>
<token_anchor t_id="181"/>
<token_anchor t_id="182"/>
<token_anchor t_id="183"/>
<token_anchor t_id="184"/>
<token_anchor t_id="185"/>
<token_anchor t_id="186"/>
</NARRATIVE>
<NARRATIVE m_id="24" Level="Primary" comment="" conversational-direct="FALSE" conversational-reported="FALSE"  >
<token_anchor t_id="73"/>
<token_anchor t_id="74"/>
<token_anchor t_id="75"/>
<token_anchor t_id="76"/>
<token_anchor t_id="77"/>
<token_anchor t_id="78"/>
<token_anchor t_id="79"/>
<token_anchor t_id="80"/>
<token_anchor t_id="81"/>
<token_anchor t_id="82"/>
<token_anchor t_id="83"/>
<token_anchor t_id="84"/>
<token_anchor t_id="85"/>
<token_anchor t_id="86"/>
<token_anchor t_id="87"/>
</NARRATIVE>
<NARRATIVE m_id="25" Level="Primary" comment="" conversational-direct="FALSE" conversational-reported="TRUE"  >
<token_anchor t_id="93"/>
<token_anchor t_id="94"/>
<token_anchor t_id="95"/>
<token_anchor t_id="96"/>
<token_anchor t_id="97"/>
<token_anchor t_id="98"/>
<token_anchor t_id="99"/>
<token_anchor t_id="100"/>
<token_anchor t_id="101"/>
<token_anchor t_id="102"/>
<token_anchor t_id="103"/>
<token_anchor t_id="104"/>
<token_anchor t_id="105"/>
<token_anchor t_id="106"/>
<token_anchor t_id="107"/>
<token_anchor t_id="108"/>
</NARRATIVE>
<NARRATIVE m_id="26" Level="Primary" comment="" conversational-direct="FALSE" conversational-reported="FALSE"  >
<token_anchor t_id="1"/>
<token_anchor t_id="2"/>
<token_anchor t_id="3"/>
<token_anchor t_id="4"/>
<token_anchor t_id="5"/>
<token_anchor t_id="6"/>
<token_anchor t_id="7"/>
<token_anchor t_id="8"/>
<token_anchor t_id="9"/>
<token_anchor t_id="10"/>
<token_anchor t_id="11"/>
<token_anchor t_id="12"/>
<token_anchor t_id="13"/>
<token_anchor t_id="14"/>
<token_anchor t_id="15"/>
<token_anchor t_id="16"/>
<token_anchor t_id="17"/>
<token_anchor t_id="18"/>
<token_anchor t_id="19"/>
<token_anchor t_id="20"/>
<token_anchor t_id="21"/>
<token_anchor t_id="22"/>
<token_anchor t_id="23"/>
<token_anchor t_id="24"/>
<token_anchor t_id="25"/>
<token_anchor t_id="26"/>
<token_anchor t_id="27"/>
<token_anchor t_id="28"/>
<token_anchor t_id="29"/>
<token_anchor t_id="30"/>
<token_anchor t_id="31"/>
<token_anchor t_id="32"/>
<token_anchor t_id="33"/>
<token_anchor t_id="34"/>
<token_anchor t_id="35"/>
<token_anchor t_id="36"/>
<token_anchor t_id="37"/>
<token_anchor t_id="38"/>
</NARRATIVE>
<NARRATIVE m_id="27" Level="Primary" comment="" conversational-direct="FALSE" conversational-reported="FALSE"  >
<token_anchor t_id="50"/>
<token_anchor t_id="51"/>
<token_anchor t_id="52"/>
<token_anchor t_id="53"/>
<token_anchor t_id="54"/>
<token_anchor t_id="55"/>
<token_anchor t_id="56"/>
<token_anchor t_id="57"/>
<token_anchor t_id="58"/>
<token_anchor t_id="59"/>
<token_anchor t_id="60"/>
<token_anchor t_id="61"/>
</NARRATIVE>
<NARRATIVE m_id="1" Level="Secondary" comment="" conversational-direct="FALSE" conversational-reported="FALSE"  >
<token_anchor t_id="200"/>
<token_anchor t_id="201"/>
<token_anchor t_id="202"/>
</NARRATIVE>
<NARRATIVE m_id="2" Level="Primary" comment="" conversational-direct="FALSE" conversational-reported="FALSE"  >
<token_anchor t_id="175"/>
<token_anchor t_id="176"/>
<token_anchor t_id="177"/>
<token_anchor t_id="178"/>
</NARRATIVE>
<NARRATIVE m_id="3" Level="Primary" comment="" conversational-direct="FALSE" conversational-reported="FALSE"  >
<token_anchor t_id="252"/>
<token_anchor t_id="253"/>
<token_anchor t_id="254"/>
</NARRATIVE>
<NARRATIVE m_id="4" Level="" comment="" conversational-direct="FALSE" conversational-reported="FALSE"  >
<token_anchor t_id="187"/>
<token_anchor t_id="188"/>
</NARRATIVE>
<NARRATIVE m_id="5" Level="Primary" comment="" conversational-direct="FALSE" conversational-reported="FALSE"  >
<token_anchor t_id="39"/>
<token_anchor t_id="40"/>
<token_anchor t_id="41"/>
<token_anchor t_id="42"/>
<token_anchor t_id="43"/>
<token_anchor t_id="44"/>
<token_anchor t_id="45"/>
<token_anchor t_id="46"/>
<token_anchor t_id="47"/>
<token_anchor t_id="48"/>
<token_anchor t_id="49"/>
</NARRATIVE>
<NARRATIVE m_id="6" Level="Primary" comment="" conversational-direct="FALSE" conversational-reported="FALSE"  >
<token_anchor t_id="88"/>
<token_anchor t_id="89"/>
<token_anchor t_id="90"/>
<token_anchor t_id="91"/>
<token_anchor t_id="92"/>
</NARRATIVE>
<NARRATIVE m_id="7" Level="" comment="" conversational-direct="FALSE" conversational-reported="FALSE"  >
<token_anchor t_id="189"/>
<token_anchor t_id="190"/>
<token_anchor t_id="191"/>
<token_anchor t_id="192"/>
<token_anchor t_id="193"/>
</NARRATIVE>
<NARRATIVE m_id="8" Level="Secondary" comment="" conversational-direct="FALSE" conversational-reported="TRUE"  >
<token_anchor t_id="203"/>
<token_anchor t_id="204"/>
<token_anchor t_id="205"/>
<token_anchor t_id="206"/>
<token_anchor t_id="207"/>
</NARRATIVE>


</Markables>

<Relations>
</Relations>
</Document>
