<Document doc_name="bbc_20130322_1150">
<token t_id="1" sentence="0" number="0">The</token>
<token t_id="2" sentence="0" number="1">last</token>
<token t_id="3" sentence="0" number="2">surviving</token>
<token t_id="4" sentence="0" number="3">member</token>
<token t_id="5" sentence="0" number="4">of</token>
<token t_id="6" sentence="0" number="5">the</token>
<token t_id="7" sentence="0" number="6">team</token>
<token t_id="8" sentence="0" number="7">which</token>
<token t_id="9" sentence="0" number="8">first</token>
<token t_id="10" sentence="0" number="9">conquered</token>
<token t_id="11" sentence="0" number="10">Everest</token>
<token t_id="12" sentence="0" number="11">in</token>
<token t_id="13" sentence="0" number="12">1953</token>
<token t_id="14" sentence="0" number="13">has</token>
<token t_id="15" sentence="0" number="14">died</token>
<token t_id="16" sentence="0" number="15">in</token>
<token t_id="17" sentence="0" number="16">a</token>
<token t_id="18" sentence="0" number="17">Derbyshire</token>
<token t_id="19" sentence="0" number="18">nursing</token>
<token t_id="20" sentence="0" number="19">home</token>
<token t_id="21" sentence="0" number="20">.</token>
<token t_id="22" sentence="1" number="21">George</token>
<token t_id="23" sentence="1" number="22">Lowe</token>
<token t_id="24" sentence="1" number="23">,</token>
<token t_id="25" sentence="1" number="24">89</token>
<token t_id="26" sentence="1" number="25">,</token>
<token t_id="27" sentence="1" number="26">died</token>
<token t_id="28" sentence="1" number="27">in</token>
<token t_id="29" sentence="1" number="28">Ripley</token>
<token t_id="30" sentence="1" number="29">on</token>
<token t_id="31" sentence="1" number="30">Wednesday</token>
<token t_id="32" sentence="1" number="31">after</token>
<token t_id="33" sentence="1" number="32">a</token>
<token t_id="34" sentence="1" number="33">long-term</token>
<token t_id="35" sentence="1" number="34">illness</token>
<token t_id="36" sentence="1" number="35">,</token>
<token t_id="37" sentence="1" number="36">with</token>
<token t_id="38" sentence="1" number="37">his</token>
<token t_id="39" sentence="1" number="38">wife</token>
<token t_id="40" sentence="1" number="39">Mary</token>
<token t_id="41" sentence="1" number="40">by</token>
<token t_id="42" sentence="1" number="41">his</token>
<token t_id="43" sentence="1" number="42">side</token>
<token t_id="44" sentence="1" number="43">.</token>
<token t_id="45" sentence="2" number="44">New</token>
<token t_id="46" sentence="2" number="45">Zealand-born</token>
<token t_id="47" sentence="2" number="46">Mr</token>
<token t_id="48" sentence="2" number="47">Lowe</token>
<token t_id="49" sentence="2" number="48">was</token>
<token t_id="50" sentence="2" number="49">part</token>
<token t_id="51" sentence="2" number="50">of</token>
<token t_id="52" sentence="2" number="51">the</token>
<token t_id="53" sentence="2" number="52">team</token>
<token t_id="54" sentence="2" number="53">that</token>
<token t_id="55" sentence="2" number="54">helped</token>
<token t_id="56" sentence="2" number="55">Sir</token>
<token t_id="57" sentence="2" number="56">Edmund</token>
<token t_id="58" sentence="2" number="57">Hillary</token>
<token t_id="59" sentence="2" number="58">and</token>
<token t_id="60" sentence="2" number="59">Tenzing</token>
<token t_id="61" sentence="2" number="60">Norgay</token>
<token t_id="62" sentence="2" number="61">to</token>
<token t_id="63" sentence="2" number="62">the</token>
<token t_id="64" sentence="2" number="63">summit</token>
<token t_id="65" sentence="2" number="64">in</token>
<token t_id="66" sentence="2" number="65">1953</token>
<token t_id="67" sentence="2" number="66">.</token>
<token t_id="68" sentence="3" number="67">Family</token>
<token t_id="69" sentence="3" number="68">friend</token>
<token t_id="70" sentence="3" number="69">and</token>
<token t_id="71" sentence="3" number="70">historian</token>
<token t_id="72" sentence="3" number="71">Dr</token>
<token t_id="73" sentence="3" number="72">Huw</token>
<token t_id="74" sentence="3" number="73">Lewis-Jones</token>
<token t_id="75" sentence="3" number="74">paid</token>
<token t_id="76" sentence="3" number="75">tribute</token>
<token t_id="77" sentence="3" number="76">to</token>
<token t_id="78" sentence="3" number="77">a</token>
<token t_id="79" sentence="3" number="78">``</token>
<token t_id="80" sentence="3" number="79">gentle</token>
<token t_id="81" sentence="3" number="80">soul</token>
<token t_id="82" sentence="3" number="81">and</token>
<token t_id="83" sentence="3" number="82">fine</token>
<token t_id="84" sentence="3" number="83">climber</token>
<token t_id="85" sentence="3" number="84">''</token>
<token t_id="86" sentence="3" number="85">who</token>
<token t_id="87" sentence="3" number="86">shunned</token>
<token t_id="88" sentence="3" number="87">the</token>
<token t_id="89" sentence="3" number="88">limelight</token>
<token t_id="90" sentence="3" number="89">.</token>
<token t_id="91" sentence="4" number="90">Mr</token>
<token t_id="92" sentence="4" number="91">Lowe</token>
<token t_id="93" sentence="4" number="92">also</token>
<token t_id="94" sentence="4" number="93">took</token>
<token t_id="95" sentence="4" number="94">part</token>
<token t_id="96" sentence="4" number="95">in</token>
<token t_id="97" sentence="4" number="96">the</token>
<token t_id="98" sentence="4" number="97">trans-Antarctic</token>
<token t_id="99" sentence="4" number="98">expedition</token>
<token t_id="100" sentence="4" number="99">of</token>
<token t_id="101" sentence="4" number="100">1957</token>
<token t_id="102" sentence="4" number="101">-</token>
<token t_id="103" sentence="4" number="102">58</token>
<token t_id="104" sentence="4" number="103">,</token>
<token t_id="105" sentence="4" number="104">which</token>
<token t_id="106" sentence="4" number="105">made</token>
<token t_id="107" sentence="4" number="106">the</token>
<token t_id="108" sentence="4" number="107">first</token>
<token t_id="109" sentence="4" number="108">successful</token>
<token t_id="110" sentence="4" number="109">overland</token>
<token t_id="111" sentence="4" number="110">crossing</token>
<token t_id="112" sentence="4" number="111">of</token>
<token t_id="113" sentence="4" number="112">Antarctica</token>
<token t_id="114" sentence="4" number="113">via</token>
<token t_id="115" sentence="4" number="114">the</token>
<token t_id="116" sentence="4" number="115">South</token>
<token t_id="117" sentence="4" number="116">Pole</token>
<token t_id="118" sentence="4" number="117">.</token>
<token t_id="119" sentence="5" number="118">He</token>
<token t_id="120" sentence="5" number="119">later</token>
<token t_id="121" sentence="5" number="120">made</token>
<token t_id="122" sentence="5" number="121">expeditions</token>
<token t_id="123" sentence="5" number="122">to</token>
<token t_id="124" sentence="5" number="123">Greenland</token>
<token t_id="125" sentence="5" number="124">,</token>
<token t_id="126" sentence="5" number="125">Greece</token>
<token t_id="127" sentence="5" number="126">and</token>
<token t_id="128" sentence="5" number="127">Ethiopia</token>
<token t_id="129" sentence="5" number="128">.</token>
<token t_id="130" sentence="6" number="129">Speaking</token>
<token t_id="131" sentence="6" number="130">to</token>
<token t_id="132" sentence="6" number="131">the</token>
<token t_id="133" sentence="6" number="132">BBC</token>
<token t_id="134" sentence="6" number="133">in</token>
<token t_id="135" sentence="6" number="134">1995</token>
<token t_id="136" sentence="6" number="135">,</token>
<token t_id="137" sentence="6" number="136">Mr</token>
<token t_id="138" sentence="6" number="137">Lowe</token>
<token t_id="139" sentence="6" number="138">said</token>
<token t_id="140" sentence="6" number="139">of</token>
<token t_id="141" sentence="6" number="140">his</token>
<token t_id="142" sentence="6" number="141">Antarctic</token>
<token t_id="143" sentence="6" number="142">adventure</token>
<token t_id="144" sentence="6" number="143">:</token>
<token t_id="145" sentence="6" number="144">``</token>
<token t_id="146" sentence="6" number="145">We</token>
<token t_id="147" sentence="6" number="146">estimated</token>
<token t_id="148" sentence="6" number="147">we</token>
<token t_id="149" sentence="6" number="148">could</token>
<token t_id="150" sentence="6" number="149">do</token>
<token t_id="151" sentence="6" number="150">it</token>
<token t_id="152" sentence="6" number="151">in</token>
<token t_id="153" sentence="6" number="152">100</token>
<token t_id="154" sentence="6" number="153">days</token>
<token t_id="155" sentence="6" number="154">,</token>
<token t_id="156" sentence="6" number="155">and</token>
<token t_id="157" sentence="6" number="156">we</token>
<token t_id="158" sentence="6" number="157">got</token>
<token t_id="159" sentence="6" number="158">across</token>
<token t_id="160" sentence="6" number="159">on</token>
<token t_id="161" sentence="6" number="160">the</token>
<token t_id="162" sentence="6" number="161">99th</token>
<token t_id="163" sentence="6" number="162">day</token>
<token t_id="164" sentence="6" number="163">.</token>
<token t_id="165" sentence="7" number="164">``</token>
<token t_id="166" sentence="7" number="165">There</token>
<token t_id="167" sentence="7" number="166">was</token>
<token t_id="168" sentence="7" number="167">a</token>
<token t_id="169" sentence="7" number="168">great</token>
<token t_id="170" sentence="7" number="169">feeling</token>
<token t_id="171" sentence="7" number="170">of</token>
<token t_id="172" sentence="7" number="171">euphoria</token>
<token t_id="173" sentence="7" number="172">from</token>
<token t_id="174" sentence="7" number="173">everyone</token>
<token t_id="175" sentence="7" number="174">.</token>
<token t_id="176" sentence="8" number="175">It</token>
<token t_id="177" sentence="8" number="176">had</token>
<token t_id="178" sentence="8" number="177">a</token>
<token t_id="179" sentence="8" number="178">multiplying</token>
<token t_id="180" sentence="8" number="179">effect</token>
<token t_id="181" sentence="8" number="180">.</token>
<token t_id="182" sentence="9" number="181">``</token>
<token t_id="183" sentence="9" number="182">We</token>
<token t_id="184" sentence="9" number="183">were</token>
<token t_id="185" sentence="9" number="184">pleased</token>
<token t_id="186" sentence="9" number="185">that</token>
<token t_id="187" sentence="9" number="186">England</token>
<token t_id="188" sentence="9" number="187">and</token>
<token t_id="189" sentence="9" number="188">New</token>
<token t_id="190" sentence="9" number="189">Zealand</token>
<token t_id="191" sentence="9" number="190">knew</token>
<token t_id="192" sentence="9" number="191">about</token>
<token t_id="193" sentence="9" number="192">it</token>
<token t_id="194" sentence="9" number="193">,</token>
<token t_id="195" sentence="9" number="194">and</token>
<token t_id="196" sentence="9" number="195">we</token>
<token t_id="197" sentence="9" number="196">thought</token>
<token t_id="198" sentence="9" number="197">that</token>
<token t_id="199" sentence="9" number="198">'s</token>
<token t_id="200" sentence="9" number="199">where</token>
<token t_id="201" sentence="9" number="200">it</token>
<token t_id="202" sentence="9" number="201">would</token>
<token t_id="203" sentence="9" number="202">stop</token>
<token t_id="204" sentence="9" number="203">.</token>
<token t_id="205" sentence="9" number="204">''</token>
<token t_id="206" sentence="10" number="205">He</token>
<token t_id="207" sentence="10" number="206">also</token>
<token t_id="208" sentence="10" number="207">talked</token>
<token t_id="209" sentence="10" number="208">about</token>
<token t_id="210" sentence="10" number="209">his</token>
<token t_id="211" sentence="10" number="210">``</token>
<token t_id="212" sentence="10" number="211">second</token>
<token t_id="213" sentence="10" number="212">job</token>
<token t_id="214" sentence="10" number="213">''</token>
<token t_id="215" sentence="10" number="214">as</token>
<token t_id="216" sentence="10" number="215">the</token>
<token t_id="217" sentence="10" number="216">group</token>
<token t_id="218" sentence="10" number="217">'s</token>
<token t_id="219" sentence="10" number="218">cameraman</token>
<token t_id="220" sentence="10" number="219">,</token>
<token t_id="221" sentence="10" number="220">and</token>
<token t_id="222" sentence="10" number="221">having</token>
<token t_id="223" sentence="10" number="222">to</token>
<token t_id="224" sentence="10" number="223">wear</token>
<token t_id="225" sentence="10" number="224">four</token>
<token t_id="226" sentence="10" number="225">pairs</token>
<token t_id="227" sentence="10" number="226">of</token>
<token t_id="228" sentence="10" number="227">gloves</token>
<token t_id="229" sentence="10" number="228">to</token>
<token t_id="230" sentence="10" number="229">work</token>
<token t_id="231" sentence="10" number="230">the</token>
<token t_id="232" sentence="10" number="231">clockwork</token>
<token t_id="233" sentence="10" number="232">camera</token>
<token t_id="234" sentence="10" number="233">.</token>
<token t_id="235" sentence="11" number="234">``</token>
<token t_id="236" sentence="11" number="235">When</token>
<token t_id="237" sentence="11" number="236">there</token>
<token t_id="238" sentence="11" number="237">were</token>
<token t_id="239" sentence="11" number="238">dramas</token>
<token t_id="240" sentence="11" number="239">,</token>
<token t_id="241" sentence="11" number="240">there</token>
<token t_id="242" sentence="11" number="241">was</token>
<token t_id="243" sentence="11" number="242">a</token>
<token t_id="244" sentence="11" number="243">split</token>
<token t_id="245" sentence="11" number="244">problem</token>
<token t_id="246" sentence="11" number="245">.</token>
<token t_id="247" sentence="12" number="246">Do</token>
<token t_id="248" sentence="12" number="247">you</token>
<token t_id="249" sentence="12" number="248">take</token>
<token t_id="250" sentence="12" number="249">part</token>
<token t_id="251" sentence="12" number="250">in</token>
<token t_id="252" sentence="12" number="251">the</token>
<token t_id="253" sentence="12" number="252">urgency</token>
<token t_id="254" sentence="12" number="253">-</token>
<token t_id="255" sentence="12" number="254">or</token>
<token t_id="256" sentence="12" number="255">do</token>
<token t_id="257" sentence="12" number="256">you</token>
<token t_id="258" sentence="12" number="257">record</token>
<token t_id="259" sentence="12" number="258">it</token>
<token t_id="260" sentence="12" number="259">?</token>
<token t_id="261" sentence="12" number="260">''</token>
<token t_id="262" sentence="13" number="261">he</token>
<token t_id="263" sentence="13" number="262">said</token>
<token t_id="264" sentence="13" number="263">.</token>
<token t_id="265" sentence="14" number="264">Dr</token>
<token t_id="266" sentence="14" number="265">Lewis-Jones</token>
<token t_id="267" sentence="14" number="266">,</token>
<token t_id="268" sentence="14" number="267">the</token>
<token t_id="269" sentence="14" number="268">former</token>
<token t_id="270" sentence="14" number="269">curator</token>
<token t_id="271" sentence="14" number="270">at</token>
<token t_id="272" sentence="14" number="271">the</token>
<token t_id="273" sentence="14" number="272">Scott</token>
<token t_id="274" sentence="14" number="273">Polar</token>
<token t_id="275" sentence="14" number="274">Research</token>
<token t_id="276" sentence="14" number="275">Institute</token>
<token t_id="277" sentence="14" number="276">at</token>
<token t_id="278" sentence="14" number="277">the</token>
<token t_id="279" sentence="14" number="278">University</token>
<token t_id="280" sentence="14" number="279">of</token>
<token t_id="281" sentence="14" number="280">Cambridge</token>
<token t_id="282" sentence="14" number="281">,</token>
<token t_id="283" sentence="14" number="282">who</token>
<token t_id="284" sentence="14" number="283">first</token>
<token t_id="285" sentence="14" number="284">met</token>
<token t_id="286" sentence="14" number="285">Mr</token>
<token t_id="287" sentence="14" number="286">Lowe</token>
<token t_id="288" sentence="14" number="287">in</token>
<token t_id="289" sentence="14" number="288">2005</token>
<token t_id="290" sentence="14" number="289">,</token>
<token t_id="291" sentence="14" number="290">called</token>
<token t_id="292" sentence="14" number="291">him</token>
<token t_id="293" sentence="14" number="292">a</token>
<token t_id="294" sentence="14" number="293">``</token>
<token t_id="295" sentence="14" number="294">hero</token>
<token t_id="296" sentence="14" number="295">''</token>
<token t_id="297" sentence="14" number="296">.</token>
<token t_id="298" sentence="15" number="297">``</token>
<token t_id="299" sentence="15" number="298">I</token>
<token t_id="300" sentence="15" number="299">do</token>
<token t_id="301" sentence="15" number="300">n't</token>
<token t_id="302" sentence="15" number="301">often</token>
<token t_id="303" sentence="15" number="302">use</token>
<token t_id="304" sentence="15" number="303">that</token>
<token t_id="305" sentence="15" number="304">word</token>
<token t_id="306" sentence="15" number="305">but</token>
<token t_id="307" sentence="15" number="306">then</token>
<token t_id="308" sentence="15" number="307">it</token>
<token t_id="309" sentence="15" number="308">is</token>
<token t_id="310" sentence="15" number="309">not</token>
<token t_id="311" sentence="15" number="310">very</token>
<token t_id="312" sentence="15" number="311">often</token>
<token t_id="313" sentence="15" number="312">that</token>
<token t_id="314" sentence="15" number="313">you</token>
<token t_id="315" sentence="15" number="314">get</token>
<token t_id="316" sentence="15" number="315">to</token>
<token t_id="317" sentence="15" number="316">meet</token>
<token t_id="318" sentence="15" number="317">one</token>
<token t_id="319" sentence="15" number="318">,</token>
<token t_id="320" sentence="15" number="319">''</token>
<token t_id="321" sentence="15" number="320">he</token>
<token t_id="322" sentence="15" number="321">said</token>
<token t_id="323" sentence="15" number="322">.</token>
<token t_id="324" sentence="16" number="323">A</token>
<token t_id="325" sentence="16" number="324">book</token>
<token t_id="326" sentence="16" number="325">of</token>
<token t_id="327" sentence="16" number="326">memoirs</token>
<token t_id="328" sentence="16" number="327">and</token>
<token t_id="329" sentence="16" number="328">photographs</token>
<token t_id="330" sentence="16" number="329">from</token>
<token t_id="331" sentence="16" number="330">the</token>
<token t_id="332" sentence="16" number="331">climb</token>
<token t_id="333" sentence="16" number="332">by</token>
<token t_id="334" sentence="16" number="333">Mr</token>
<token t_id="335" sentence="16" number="334">Lowe</token>
<token t_id="336" sentence="16" number="335">,</token>
<token t_id="337" sentence="16" number="336">which</token>
<token t_id="338" sentence="16" number="337">he</token>
<token t_id="339" sentence="16" number="338">worked</token>
<token t_id="340" sentence="16" number="339">on</token>
<token t_id="341" sentence="16" number="340">with</token>
<token t_id="342" sentence="16" number="341">Dr</token>
<token t_id="343" sentence="16" number="342">Lewis-Jones</token>
<token t_id="344" sentence="16" number="343">,</token>
<token t_id="345" sentence="16" number="344">is</token>
<token t_id="346" sentence="16" number="345">due</token>
<token t_id="347" sentence="16" number="346">to</token>
<token t_id="348" sentence="16" number="347">be</token>
<token t_id="349" sentence="16" number="348">published</token>
<token t_id="350" sentence="16" number="349">in</token>
<token t_id="351" sentence="16" number="350">May</token>
<token t_id="352" sentence="16" number="351">.</token>
<token t_id="353" sentence="17" number="352">He</token>
<token t_id="354" sentence="17" number="353">said</token>
<token t_id="355" sentence="17" number="354">:</token>
<token t_id="356" sentence="17" number="355">``</token>
<token t_id="357" sentence="17" number="356">Lowe</token>
<token t_id="358" sentence="17" number="357">was</token>
<token t_id="359" sentence="17" number="358">a</token>
<token t_id="360" sentence="17" number="359">brilliant</token>
<token t_id="361" sentence="17" number="360">,</token>
<token t_id="362" sentence="17" number="361">kind</token>
<token t_id="363" sentence="17" number="362">fellow</token>
<token t_id="364" sentence="17" number="363">who</token>
<token t_id="365" sentence="17" number="364">never</token>
<token t_id="366" sentence="17" number="365">sought</token>
<token t_id="367" sentence="17" number="366">the</token>
<token t_id="368" sentence="17" number="367">limelight</token>
<token t_id="369" sentence="17" number="368">...</token>
<token t_id="370" sentence="17" number="369">and</token>
<token t_id="371" sentence="17" number="370">60</token>
<token t_id="372" sentence="17" number="371">years</token>
<token t_id="373" sentence="17" number="372">on</token>
<token t_id="374" sentence="17" number="373">from</token>
<token t_id="375" sentence="17" number="374">Everest</token>
<token t_id="376" sentence="17" number="375">his</token>
<token t_id="377" sentence="17" number="376">achievements</token>
<token t_id="378" sentence="17" number="377">deserve</token>
<token t_id="379" sentence="17" number="378">wider</token>
<token t_id="380" sentence="17" number="379">recognition</token>
<token t_id="381" sentence="17" number="380">.</token>
<token t_id="382" sentence="18" number="381">``</token>
<token t_id="383" sentence="18" number="382">He</token>
<token t_id="384" sentence="18" number="383">was</token>
<token t_id="385" sentence="18" number="384">involved</token>
<token t_id="386" sentence="18" number="385">in</token>
<token t_id="387" sentence="18" number="386">two</token>
<token t_id="388" sentence="18" number="387">of</token>
<token t_id="389" sentence="18" number="388">the</token>
<token t_id="390" sentence="18" number="389">most</token>
<token t_id="391" sentence="18" number="390">important</token>
<token t_id="392" sentence="18" number="391">explorations</token>
<token t_id="393" sentence="18" number="392">of</token>
<token t_id="394" sentence="18" number="393">the</token>
<token t_id="395" sentence="18" number="394">20th</token>
<token t_id="396" sentence="18" number="395">Century</token>
<token t_id="397" sentence="18" number="396">...</token>
<token t_id="398" sentence="18" number="397">yet</token>
<token t_id="399" sentence="18" number="398">remained</token>
<token t_id="400" sentence="18" number="399">a</token>
<token t_id="401" sentence="18" number="400">humble</token>
<token t_id="402" sentence="18" number="401">,</token>
<token t_id="403" sentence="18" number="402">happy</token>
<token t_id="404" sentence="18" number="403">man</token>
<token t_id="405" sentence="18" number="404">right</token>
<token t_id="406" sentence="18" number="405">to</token>
<token t_id="407" sentence="18" number="406">the</token>
<token t_id="408" sentence="18" number="407">end</token>
<token t_id="409" sentence="18" number="408">...</token>
<token t_id="410" sentence="18" number="409">an</token>
<token t_id="411" sentence="18" number="410">inspirational</token>
<token t_id="412" sentence="18" number="411">lesson</token>
<token t_id="413" sentence="18" number="412">to</token>
<token t_id="414" sentence="18" number="413">us</token>
<token t_id="415" sentence="18" number="414">all</token>
<token t_id="416" sentence="18" number="415">.</token>
<token t_id="417" sentence="18" number="416">''</token>
<token t_id="418" sentence="19" number="417">Before</token>
<token t_id="419" sentence="19" number="418">retiring</token>
<token t_id="420" sentence="19" number="419">in</token>
<token t_id="421" sentence="19" number="420">1984</token>
<token t_id="422" sentence="19" number="421">,</token>
<token t_id="423" sentence="19" number="422">Mr</token>
<token t_id="424" sentence="19" number="423">Lowe</token>
<token t_id="425" sentence="19" number="424">worked</token>
<token t_id="426" sentence="19" number="425">as</token>
<token t_id="427" sentence="19" number="426">an</token>
<token t_id="428" sentence="19" number="427">Inspector</token>
<token t_id="429" sentence="19" number="428">of</token>
<token t_id="430" sentence="19" number="429">Schools</token>
<token t_id="431" sentence="19" number="430">with</token>
<token t_id="432" sentence="19" number="431">the</token>
<token t_id="433" sentence="19" number="432">Department</token>
<token t_id="434" sentence="19" number="433">of</token>
<token t_id="435" sentence="19" number="434">Education</token>
<token t_id="436" sentence="19" number="435">and</token>
<token t_id="437" sentence="19" number="436">Sciences</token>
<token t_id="438" sentence="19" number="437">,</token>
<token t_id="439" sentence="19" number="438">and</token>
<token t_id="440" sentence="19" number="439">he</token>
<token t_id="441" sentence="19" number="440">leaves</token>
<token t_id="442" sentence="19" number="441">three</token>
<token t_id="443" sentence="19" number="442">sons</token>
<token t_id="444" sentence="19" number="443">from</token>
<token t_id="445" sentence="19" number="444">a</token>
<token t_id="446" sentence="19" number="445">previous</token>
<token t_id="447" sentence="19" number="446">marriage</token>
<token t_id="448" sentence="19" number="447">.</token>
<token t_id="449" sentence="20" number="448">The</token>
<token t_id="450" sentence="20" number="449">last</token>
<token t_id="451" sentence="20" number="450">British</token>
<token t_id="452" sentence="20" number="451">climbing</token>
<token t_id="453" sentence="20" number="452">member</token>
<token t_id="454" sentence="20" number="453">of</token>
<token t_id="455" sentence="20" number="454">the</token>
<token t_id="456" sentence="20" number="455">1953</token>
<token t_id="457" sentence="20" number="456">team</token>
<token t_id="458" sentence="20" number="457">,</token>
<token t_id="459" sentence="20" number="458">Mike</token>
<token t_id="460" sentence="20" number="459">Westmacott</token>
<token t_id="461" sentence="20" number="460">,</token>
<token t_id="462" sentence="20" number="461">died</token>
<token t_id="463" sentence="20" number="462">last</token>
<token t_id="464" sentence="20" number="463">June</token>
<token t_id="465" sentence="20" number="464">.</token>


<Markables>
<ARGUMENTATIVE m_id="26" comment="" conversational-direct="TRUE" conversational-reported="FALSE"  >
<token_anchor t_id="356"/>
<token_anchor t_id="357"/>
<token_anchor t_id="358"/>
<token_anchor t_id="359"/>
<token_anchor t_id="360"/>
<token_anchor t_id="361"/>
<token_anchor t_id="362"/>
<token_anchor t_id="363"/>
<token_anchor t_id="364"/>
<token_anchor t_id="365"/>
<token_anchor t_id="366"/>
<token_anchor t_id="367"/>
<token_anchor t_id="368"/>
<token_anchor t_id="369"/>
</ARGUMENTATIVE>
<ARGUMENTATIVE m_id="27" comment="" conversational-direct="TRUE" conversational-reported="FALSE"  >
<token_anchor t_id="370"/>
<token_anchor t_id="371"/>
<token_anchor t_id="372"/>
<token_anchor t_id="373"/>
<token_anchor t_id="374"/>
<token_anchor t_id="375"/>
<token_anchor t_id="376"/>
<token_anchor t_id="377"/>
<token_anchor t_id="378"/>
<token_anchor t_id="379"/>
<token_anchor t_id="380"/>
<token_anchor t_id="381"/>
</ARGUMENTATIVE>
<ARGUMENTATIVE m_id="33" comment="" conversational-direct="TRUE" conversational-reported="FALSE"  >
<token_anchor t_id="165"/>
<token_anchor t_id="166"/>
<token_anchor t_id="167"/>
<token_anchor t_id="168"/>
<token_anchor t_id="169"/>
<token_anchor t_id="170"/>
<token_anchor t_id="171"/>
<token_anchor t_id="172"/>
<token_anchor t_id="173"/>
<token_anchor t_id="174"/>
<token_anchor t_id="175"/>
</ARGUMENTATIVE>
<ARGUMENTATIVE m_id="34" comment="" conversational-direct="TRUE" conversational-reported="FALSE"  >
<token_anchor t_id="241"/>
<token_anchor t_id="242"/>
<token_anchor t_id="243"/>
<token_anchor t_id="244"/>
<token_anchor t_id="245"/>
<token_anchor t_id="246"/>
</ARGUMENTATIVE>
<ARGUMENTATIVE m_id="38" comment="" conversational-direct="FALSE" conversational-reported="FALSE"  >
<token_anchor t_id="182"/>
<token_anchor t_id="183"/>
<token_anchor t_id="184"/>
<token_anchor t_id="185"/>
</ARGUMENTATIVE>
<ARGUMENTATIVE m_id="39" comment="" conversational-direct="TRUE" conversational-reported="FALSE"  >
<token_anchor t_id="398"/>
<token_anchor t_id="399"/>
<token_anchor t_id="400"/>
<token_anchor t_id="401"/>
<token_anchor t_id="402"/>
<token_anchor t_id="403"/>
<token_anchor t_id="404"/>
<token_anchor t_id="405"/>
<token_anchor t_id="406"/>
<token_anchor t_id="407"/>
<token_anchor t_id="408"/>
<token_anchor t_id="409"/>
<token_anchor t_id="410"/>
<token_anchor t_id="411"/>
<token_anchor t_id="412"/>
<token_anchor t_id="413"/>
<token_anchor t_id="414"/>
<token_anchor t_id="415"/>
<token_anchor t_id="416"/>
<token_anchor t_id="417"/>
</ARGUMENTATIVE>
<ARGUMENTATIVE m_id="40" comment="" conversational-direct="FALSE" conversational-reported="FALSE"  >
<token_anchor t_id="265"/>
<token_anchor t_id="266"/>
<token_anchor t_id="267"/>
<token_anchor t_id="268"/>
<token_anchor t_id="269"/>
<token_anchor t_id="270"/>
<token_anchor t_id="271"/>
<token_anchor t_id="272"/>
<token_anchor t_id="273"/>
<token_anchor t_id="274"/>
<token_anchor t_id="275"/>
<token_anchor t_id="276"/>
<token_anchor t_id="277"/>
<token_anchor t_id="278"/>
<token_anchor t_id="279"/>
<token_anchor t_id="280"/>
<token_anchor t_id="281"/>
<token_anchor t_id="282"/>
<token_anchor t_id="291"/>
<token_anchor t_id="292"/>
<token_anchor t_id="293"/>
<token_anchor t_id="294"/>
<token_anchor t_id="295"/>
<token_anchor t_id="296"/>
<token_anchor t_id="297"/>
</ARGUMENTATIVE>
<NARRATIVE m_id="41" Level="Secondary" comment="" conversational-direct="FALSE" conversational-reported="FALSE"  >
<token_anchor t_id="283"/>
<token_anchor t_id="284"/>
<token_anchor t_id="285"/>
<token_anchor t_id="286"/>
<token_anchor t_id="287"/>
<token_anchor t_id="288"/>
<token_anchor t_id="289"/>
<token_anchor t_id="290"/>
</NARRATIVE>
<NARRATIVE m_id="9" Level="Secondary" comment="" conversational-direct="TRUE" conversational-reported="FALSE"  >
<token_anchor t_id="148"/>
<token_anchor t_id="149"/>
<token_anchor t_id="150"/>
<token_anchor t_id="151"/>
<token_anchor t_id="152"/>
<token_anchor t_id="153"/>
<token_anchor t_id="154"/>
<token_anchor t_id="155"/>
</NARRATIVE>
<NARRATIVE m_id="42" Level="Secondary" comment="" conversational-direct="TRUE" conversational-reported="FALSE"  >
<token_anchor t_id="298"/>
<token_anchor t_id="299"/>
<token_anchor t_id="300"/>
<token_anchor t_id="301"/>
<token_anchor t_id="302"/>
<token_anchor t_id="303"/>
<token_anchor t_id="304"/>
<token_anchor t_id="305"/>
</NARRATIVE>
<NARRATIVE m_id="10" Level="Secondary" comment="" conversational-direct="TRUE" conversational-reported="FALSE"  >
<token_anchor t_id="195"/>
<token_anchor t_id="196"/>
<token_anchor t_id="197"/>
</NARRATIVE>
<NARRATIVE m_id="43" Level="Secondary" comment="" conversational-direct="TRUE" conversational-reported="FALSE"  >
<token_anchor t_id="306"/>
<token_anchor t_id="307"/>
<token_anchor t_id="308"/>
<token_anchor t_id="309"/>
<token_anchor t_id="310"/>
<token_anchor t_id="311"/>
<token_anchor t_id="312"/>
</NARRATIVE>
<NARRATIVE m_id="11" Level="Primary" comment="" conversational-direct="FALSE" conversational-reported="FALSE"  >
<token_anchor t_id="206"/>
<token_anchor t_id="207"/>
<token_anchor t_id="208"/>
<token_anchor t_id="209"/>
<token_anchor t_id="210"/>
<token_anchor t_id="211"/>
<token_anchor t_id="212"/>
<token_anchor t_id="213"/>
<token_anchor t_id="214"/>
<token_anchor t_id="215"/>
<token_anchor t_id="216"/>
<token_anchor t_id="217"/>
<token_anchor t_id="218"/>
<token_anchor t_id="219"/>
<token_anchor t_id="220"/>
</NARRATIVE>
<NARRATIVE m_id="44" Level="Secondary" comment="" conversational-direct="TRUE" conversational-reported="FALSE"  >
<token_anchor t_id="313"/>
<token_anchor t_id="314"/>
<token_anchor t_id="315"/>
<token_anchor t_id="316"/>
<token_anchor t_id="317"/>
<token_anchor t_id="318"/>
<token_anchor t_id="319"/>
<token_anchor t_id="320"/>
</NARRATIVE>
<NARRATIVE m_id="12" Level="Secondary" comment="" conversational-direct="TRUE" conversational-reported="FALSE"  >
<token_anchor t_id="235"/>
<token_anchor t_id="236"/>
<token_anchor t_id="237"/>
<token_anchor t_id="238"/>
<token_anchor t_id="239"/>
<token_anchor t_id="240"/>
</NARRATIVE>
<NARRATIVE m_id="13" Level="Secondary" comment="" conversational-direct="FALSE" conversational-reported="FALSE"  >
<token_anchor t_id="337"/>
<token_anchor t_id="338"/>
<token_anchor t_id="339"/>
<token_anchor t_id="340"/>
<token_anchor t_id="341"/>
<token_anchor t_id="342"/>
<token_anchor t_id="343"/>
<token_anchor t_id="344"/>
</NARRATIVE>
<NARRATIVE m_id="14" Level="Primary" comment="" conversational-direct="TRUE" conversational-reported="FALSE"  >
<token_anchor t_id="382"/>
<token_anchor t_id="383"/>
<token_anchor t_id="384"/>
<token_anchor t_id="385"/>
<token_anchor t_id="386"/>
<token_anchor t_id="387"/>
<token_anchor t_id="388"/>
<token_anchor t_id="389"/>
<token_anchor t_id="390"/>
<token_anchor t_id="391"/>
<token_anchor t_id="392"/>
<token_anchor t_id="393"/>
<token_anchor t_id="394"/>
<token_anchor t_id="395"/>
<token_anchor t_id="396"/>
<token_anchor t_id="397"/>
</NARRATIVE>
<NARRATIVE m_id="15" Level="Primary" comment="" conversational-direct="FALSE" conversational-reported="FALSE"  >
<token_anchor t_id="221"/>
<token_anchor t_id="222"/>
<token_anchor t_id="223"/>
<token_anchor t_id="224"/>
<token_anchor t_id="225"/>
<token_anchor t_id="226"/>
<token_anchor t_id="227"/>
<token_anchor t_id="228"/>
</NARRATIVE>
<NARRATIVE m_id="16" Level="Secondary" comment="" conversational-direct="TRUE" conversational-reported="FALSE"  >
<token_anchor t_id="156"/>
<token_anchor t_id="157"/>
<token_anchor t_id="158"/>
<token_anchor t_id="159"/>
<token_anchor t_id="160"/>
<token_anchor t_id="161"/>
<token_anchor t_id="162"/>
<token_anchor t_id="163"/>
<token_anchor t_id="164"/>
</NARRATIVE>
<NARRATIVE m_id="17" Level="Primary" comment="" conversational-direct="FALSE" conversational-reported="FALSE"  >
<token_anchor t_id="130"/>
<token_anchor t_id="131"/>
<token_anchor t_id="132"/>
<token_anchor t_id="133"/>
<token_anchor t_id="134"/>
<token_anchor t_id="135"/>
<token_anchor t_id="136"/>
</NARRATIVE>
<NARRATIVE m_id="18" Level="Secondary" comment="" conversational-direct="TRUE" conversational-reported="FALSE"  >
<token_anchor t_id="186"/>
<token_anchor t_id="187"/>
<token_anchor t_id="188"/>
<token_anchor t_id="189"/>
<token_anchor t_id="190"/>
<token_anchor t_id="191"/>
<token_anchor t_id="192"/>
<token_anchor t_id="193"/>
<token_anchor t_id="194"/>
</NARRATIVE>
<NARRATIVE m_id="19" Level="Secondary" comment="" conversational-direct="TRUE" conversational-reported="FALSE"  >
<token_anchor t_id="200"/>
<token_anchor t_id="201"/>
<token_anchor t_id="202"/>
<token_anchor t_id="203"/>
</NARRATIVE>
<NARRATIVE m_id="20" Level="Primary" comment="" conversational-direct="FALSE" conversational-reported="FALSE"  >
<token_anchor t_id="423"/>
<token_anchor t_id="424"/>
<token_anchor t_id="425"/>
<token_anchor t_id="426"/>
<token_anchor t_id="427"/>
<token_anchor t_id="428"/>
<token_anchor t_id="429"/>
<token_anchor t_id="430"/>
<token_anchor t_id="431"/>
<token_anchor t_id="432"/>
<token_anchor t_id="433"/>
<token_anchor t_id="434"/>
<token_anchor t_id="435"/>
<token_anchor t_id="436"/>
<token_anchor t_id="437"/>
<token_anchor t_id="438"/>
</NARRATIVE>
<NARRATIVE m_id="21" Level="Primary" comment="" conversational-direct="FALSE" conversational-reported="FALSE"  >
<token_anchor t_id="229"/>
<token_anchor t_id="230"/>
<token_anchor t_id="231"/>
<token_anchor t_id="232"/>
<token_anchor t_id="233"/>
<token_anchor t_id="234"/>
</NARRATIVE>
<NARRATIVE m_id="22" Level="Primary" comment="" conversational-direct="FALSE" conversational-reported="FALSE"  >
<token_anchor t_id="418"/>
<token_anchor t_id="419"/>
<token_anchor t_id="420"/>
<token_anchor t_id="421"/>
<token_anchor t_id="422"/>
</NARRATIVE>
<NARRATIVE m_id="23" Level="Secondary" comment="" conversational-direct="FALSE" conversational-reported="FALSE"  >
<token_anchor t_id="449"/>
<token_anchor t_id="450"/>
<token_anchor t_id="451"/>
<token_anchor t_id="452"/>
<token_anchor t_id="453"/>
<token_anchor t_id="454"/>
<token_anchor t_id="455"/>
<token_anchor t_id="456"/>
<token_anchor t_id="457"/>
<token_anchor t_id="458"/>
<token_anchor t_id="459"/>
<token_anchor t_id="460"/>
<token_anchor t_id="461"/>
<token_anchor t_id="462"/>
<token_anchor t_id="463"/>
<token_anchor t_id="464"/>
<token_anchor t_id="465"/>
</NARRATIVE>
<NARRATIVE m_id="24" Level="Secondary" comment="" conversational-direct="FALSE" conversational-reported="FALSE"  >
<token_anchor t_id="105"/>
<token_anchor t_id="106"/>
<token_anchor t_id="107"/>
<token_anchor t_id="108"/>
<token_anchor t_id="109"/>
<token_anchor t_id="110"/>
<token_anchor t_id="111"/>
<token_anchor t_id="112"/>
<token_anchor t_id="113"/>
<token_anchor t_id="114"/>
<token_anchor t_id="115"/>
<token_anchor t_id="116"/>
<token_anchor t_id="117"/>
<token_anchor t_id="118"/>
</NARRATIVE>
<NARRATIVE m_id="25" Level="Secondary" comment="" conversational-direct="TRUE" conversational-reported="FALSE"  >
<token_anchor t_id="198"/>
<token_anchor t_id="199"/>
</NARRATIVE>
<NARRATIVE m_id="28" Level="Primary" comment="" conversational-direct="FALSE" conversational-reported="FALSE"  >
<token_anchor t_id="68"/>
<token_anchor t_id="69"/>
<token_anchor t_id="70"/>
<token_anchor t_id="71"/>
<token_anchor t_id="72"/>
<token_anchor t_id="73"/>
<token_anchor t_id="74"/>
<token_anchor t_id="75"/>
<token_anchor t_id="76"/>
<token_anchor t_id="77"/>
<token_anchor t_id="78"/>
<token_anchor t_id="79"/>
<token_anchor t_id="80"/>
<token_anchor t_id="81"/>
<token_anchor t_id="82"/>
<token_anchor t_id="83"/>
<token_anchor t_id="84"/>
<token_anchor t_id="85"/>
<token_anchor t_id="86"/>
<token_anchor t_id="87"/>
<token_anchor t_id="88"/>
<token_anchor t_id="89"/>
<token_anchor t_id="90"/>
</NARRATIVE>
<NARRATIVE m_id="29" Level="Primary" comment="" conversational-direct="FALSE" conversational-reported="FALSE"  >
<token_anchor t_id="324"/>
<token_anchor t_id="325"/>
<token_anchor t_id="326"/>
<token_anchor t_id="327"/>
<token_anchor t_id="328"/>
<token_anchor t_id="329"/>
<token_anchor t_id="330"/>
<token_anchor t_id="331"/>
<token_anchor t_id="332"/>
<token_anchor t_id="333"/>
<token_anchor t_id="334"/>
<token_anchor t_id="335"/>
<token_anchor t_id="336"/>
<token_anchor t_id="345"/>
<token_anchor t_id="346"/>
<token_anchor t_id="347"/>
<token_anchor t_id="348"/>
<token_anchor t_id="349"/>
<token_anchor t_id="350"/>
<token_anchor t_id="351"/>
<token_anchor t_id="352"/>
</NARRATIVE>
<NARRATIVE m_id="30" Level="Primary" comment="" conversational-direct="FALSE" conversational-reported="FALSE"  >
<token_anchor t_id="439"/>
<token_anchor t_id="440"/>
<token_anchor t_id="441"/>
<token_anchor t_id="442"/>
<token_anchor t_id="443"/>
<token_anchor t_id="444"/>
<token_anchor t_id="445"/>
<token_anchor t_id="446"/>
<token_anchor t_id="447"/>
<token_anchor t_id="448"/>
</NARRATIVE>
<NARRATIVE m_id="31" Level="Primary" comment="" conversational-direct="FALSE" conversational-reported="FALSE"  >
<token_anchor t_id="1"/>
<token_anchor t_id="2"/>
<token_anchor t_id="3"/>
<token_anchor t_id="4"/>
<token_anchor t_id="5"/>
<token_anchor t_id="6"/>
<token_anchor t_id="7"/>
<token_anchor t_id="8"/>
<token_anchor t_id="9"/>
<token_anchor t_id="10"/>
<token_anchor t_id="11"/>
<token_anchor t_id="12"/>
<token_anchor t_id="13"/>
<token_anchor t_id="14"/>
<token_anchor t_id="15"/>
<token_anchor t_id="16"/>
<token_anchor t_id="17"/>
<token_anchor t_id="18"/>
<token_anchor t_id="19"/>
<token_anchor t_id="20"/>
<token_anchor t_id="21"/>
</NARRATIVE>
<NARRATIVE m_id="32" Level="Primary" comment="" conversational-direct="FALSE" conversational-reported="FALSE"  >
<token_anchor t_id="22"/>
<token_anchor t_id="23"/>
<token_anchor t_id="24"/>
<token_anchor t_id="25"/>
<token_anchor t_id="26"/>
<token_anchor t_id="27"/>
<token_anchor t_id="28"/>
<token_anchor t_id="29"/>
<token_anchor t_id="30"/>
<token_anchor t_id="31"/>
<token_anchor t_id="32"/>
<token_anchor t_id="33"/>
<token_anchor t_id="34"/>
<token_anchor t_id="35"/>
<token_anchor t_id="36"/>
<token_anchor t_id="37"/>
<token_anchor t_id="38"/>
<token_anchor t_id="39"/>
<token_anchor t_id="40"/>
<token_anchor t_id="41"/>
<token_anchor t_id="42"/>
<token_anchor t_id="43"/>
<token_anchor t_id="44"/>
</NARRATIVE>
<NARRATIVE m_id="1" Level="Primary" comment="" conversational-direct="FALSE" conversational-reported="FALSE"  >
<token_anchor t_id="137"/>
<token_anchor t_id="138"/>
<token_anchor t_id="139"/>
<token_anchor t_id="140"/>
<token_anchor t_id="141"/>
<token_anchor t_id="142"/>
<token_anchor t_id="143"/>
<token_anchor t_id="144"/>
</NARRATIVE>
<NARRATIVE m_id="2" Level="Primary" comment="" conversational-direct="FALSE" conversational-reported="FALSE"  >
<token_anchor t_id="262"/>
<token_anchor t_id="263"/>
<token_anchor t_id="264"/>
</NARRATIVE>
<NARRATIVE m_id="3" Level="Primary" comment="" conversational-direct="FALSE" conversational-reported="FALSE"  >
<token_anchor t_id="321"/>
<token_anchor t_id="322"/>
<token_anchor t_id="323"/>
</NARRATIVE>
<NARRATIVE m_id="4" Level="Primary" comment="" conversational-direct="FALSE" conversational-reported="FALSE"  >
<token_anchor t_id="353"/>
<token_anchor t_id="354"/>
<token_anchor t_id="355"/>
</NARRATIVE>
<NARRATIVE m_id="5" Level="Primary" comment="" conversational-direct="FALSE" conversational-reported="FALSE"  >
<token_anchor t_id="45"/>
<token_anchor t_id="46"/>
<token_anchor t_id="47"/>
<token_anchor t_id="48"/>
<token_anchor t_id="49"/>
<token_anchor t_id="50"/>
<token_anchor t_id="51"/>
<token_anchor t_id="52"/>
<token_anchor t_id="53"/>
<token_anchor t_id="54"/>
<token_anchor t_id="55"/>
<token_anchor t_id="56"/>
<token_anchor t_id="57"/>
<token_anchor t_id="58"/>
<token_anchor t_id="59"/>
<token_anchor t_id="60"/>
<token_anchor t_id="61"/>
<token_anchor t_id="62"/>
<token_anchor t_id="63"/>
<token_anchor t_id="64"/>
<token_anchor t_id="65"/>
<token_anchor t_id="66"/>
<token_anchor t_id="67"/>
</NARRATIVE>
<NARRATIVE m_id="37" Level="Secondary" comment="" conversational-direct="TRUE" conversational-reported="FALSE"  >
<token_anchor t_id="176"/>
<token_anchor t_id="177"/>
<token_anchor t_id="178"/>
<token_anchor t_id="179"/>
<token_anchor t_id="180"/>
<token_anchor t_id="181"/>
</NARRATIVE>
<NARRATIVE m_id="6" Level="Secondary" comment="" conversational-direct="TRUE" conversational-reported="FALSE"  >
<token_anchor t_id="145"/>
<token_anchor t_id="146"/>
<token_anchor t_id="147"/>
</NARRATIVE>
<NARRATIVE m_id="7" Level="Primary" comment="" conversational-direct="FALSE" conversational-reported="FALSE"  >
<token_anchor t_id="91"/>
<token_anchor t_id="92"/>
<token_anchor t_id="93"/>
<token_anchor t_id="94"/>
<token_anchor t_id="95"/>
<token_anchor t_id="96"/>
<token_anchor t_id="97"/>
<token_anchor t_id="98"/>
<token_anchor t_id="99"/>
<token_anchor t_id="100"/>
<token_anchor t_id="101"/>
<token_anchor t_id="102"/>
<token_anchor t_id="103"/>
<token_anchor t_id="104"/>
</NARRATIVE>
<NARRATIVE m_id="8" Level="Primary" comment="" conversational-direct="FALSE" conversational-reported="FALSE"  >
<token_anchor t_id="119"/>
<token_anchor t_id="120"/>
<token_anchor t_id="121"/>
<token_anchor t_id="122"/>
<token_anchor t_id="123"/>
<token_anchor t_id="124"/>
<token_anchor t_id="125"/>
<token_anchor t_id="126"/>
<token_anchor t_id="127"/>
<token_anchor t_id="128"/>
<token_anchor t_id="129"/>
</NARRATIVE>
<OTHER m_id="35" comment="" type="question" conversational-direct="TRUE" conversational-reported="FALSE"  >
<token_anchor t_id="247"/>
<token_anchor t_id="248"/>
<token_anchor t_id="249"/>
<token_anchor t_id="250"/>
<token_anchor t_id="251"/>
<token_anchor t_id="252"/>
<token_anchor t_id="253"/>
</OTHER>
<OTHER m_id="36" comment="" type="question" conversational-direct="TRUE" conversational-reported="FALSE"  >
<token_anchor t_id="254"/>
<token_anchor t_id="255"/>
<token_anchor t_id="256"/>
<token_anchor t_id="257"/>
<token_anchor t_id="258"/>
<token_anchor t_id="259"/>
<token_anchor t_id="260"/>
<token_anchor t_id="261"/>
</OTHER>


</Markables>

<Relations>
</Relations>
</Document>
