<Document doc_name="bbc_20130322_1600">
<token t_id="1" sentence="0" number="0">Heavy</token>
<token t_id="2" sentence="0" number="1">snow</token>
<token t_id="3" sentence="0" number="2">is</token>
<token t_id="4" sentence="0" number="3">causing</token>
<token t_id="5" sentence="0" number="4">disruption</token>
<token t_id="6" sentence="0" number="5">to</token>
<token t_id="7" sentence="0" number="6">transport</token>
<token t_id="8" sentence="0" number="7">across</token>
<token t_id="9" sentence="0" number="8">the</token>
<token t_id="10" sentence="0" number="9">UK</token>
<token t_id="11" sentence="0" number="10">,</token>
<token t_id="12" sentence="0" number="11">with</token>
<token t_id="13" sentence="0" number="12">heavy</token>
<token t_id="14" sentence="0" number="13">rainfall</token>
<token t_id="15" sentence="0" number="14">bringing</token>
<token t_id="16" sentence="0" number="15">flooding</token>
<token t_id="17" sentence="0" number="16">to</token>
<token t_id="18" sentence="0" number="17">the</token>
<token t_id="19" sentence="0" number="18">south-west</token>
<token t_id="20" sentence="0" number="19">of</token>
<token t_id="21" sentence="0" number="20">England</token>
<token t_id="22" sentence="0" number="21">.</token>
<token t_id="23" sentence="1" number="22">Rescuers</token>
<token t_id="24" sentence="1" number="23">searching</token>
<token t_id="25" sentence="1" number="24">for</token>
<token t_id="26" sentence="1" number="25">a</token>
<token t_id="27" sentence="1" number="26">woman</token>
<token t_id="28" sentence="1" number="27">trapped</token>
<token t_id="29" sentence="1" number="28">in</token>
<token t_id="30" sentence="1" number="29">a</token>
<token t_id="31" sentence="1" number="30">landslide</token>
<token t_id="32" sentence="1" number="31">at</token>
<token t_id="33" sentence="1" number="32">her</token>
<token t_id="34" sentence="1" number="33">home</token>
<token t_id="35" sentence="1" number="34">in</token>
<token t_id="36" sentence="1" number="35">Looe</token>
<token t_id="37" sentence="1" number="36">,</token>
<token t_id="38" sentence="1" number="37">Cornwall</token>
<token t_id="39" sentence="1" number="38">,</token>
<token t_id="40" sentence="1" number="39">said</token>
<token t_id="41" sentence="1" number="40">they</token>
<token t_id="42" sentence="1" number="41">had</token>
<token t_id="43" sentence="1" number="42">found</token>
<token t_id="44" sentence="1" number="43">a</token>
<token t_id="45" sentence="1" number="44">body</token>
<token t_id="46" sentence="1" number="45">.</token>
<token t_id="47" sentence="2" number="46">Over</token>
<token t_id="48" sentence="2" number="47">200,000</token>
<token t_id="49" sentence="2" number="48">Belfast</token>
<token t_id="50" sentence="2" number="49">customers</token>
<token t_id="51" sentence="2" number="50">were</token>
<token t_id="52" sentence="2" number="51">affected</token>
<token t_id="53" sentence="2" number="52">by</token>
<token t_id="54" sentence="2" number="53">a</token>
<token t_id="55" sentence="2" number="54">blackout</token>
<token t_id="56" sentence="2" number="55">but</token>
<token t_id="57" sentence="2" number="56">power</token>
<token t_id="58" sentence="2" number="57">is</token>
<token t_id="59" sentence="2" number="58">starting</token>
<token t_id="60" sentence="2" number="59">to</token>
<token t_id="61" sentence="2" number="60">be</token>
<token t_id="62" sentence="2" number="61">restored</token>
<token t_id="63" sentence="2" number="62">.</token>
<token t_id="64" sentence="3" number="63">Northern</token>
<token t_id="65" sentence="3" number="64">Ireland</token>
<token t_id="66" sentence="3" number="65">'s</token>
<token t_id="67" sentence="3" number="66">World</token>
<token t_id="68" sentence="3" number="67">Cup</token>
<token t_id="69" sentence="3" number="68">qualifier</token>
<token t_id="70" sentence="3" number="69">with</token>
<token t_id="71" sentence="3" number="70">Russia</token>
<token t_id="72" sentence="3" number="71">has</token>
<token t_id="73" sentence="3" number="72">been</token>
<token t_id="74" sentence="3" number="73">postponed</token>
<token t_id="75" sentence="3" number="74">until</token>
<token t_id="76" sentence="3" number="75">15:00</token>
<token t_id="77" sentence="3" number="76">GMT</token>
<token t_id="78" sentence="3" number="77">Saturday</token>
<token t_id="79" sentence="3" number="78">due</token>
<token t_id="80" sentence="3" number="79">to</token>
<token t_id="81" sentence="3" number="80">heavy</token>
<token t_id="82" sentence="3" number="81">snow</token>
<token t_id="83" sentence="3" number="82">.</token>
<token t_id="84" sentence="4" number="83">There</token>
<token t_id="85" sentence="4" number="84">are</token>
<token t_id="86" sentence="4" number="85">12</token>
<token t_id="87" sentence="4" number="86">flood</token>
<token t_id="88" sentence="4" number="87">warnings</token>
<token t_id="89" sentence="4" number="88">in</token>
<token t_id="90" sentence="4" number="89">the</token>
<token t_id="91" sentence="4" number="90">South</token>
<token t_id="92" sentence="4" number="91">West</token>
<token t_id="93" sentence="4" number="92">,</token>
<token t_id="94" sentence="4" number="93">with</token>
<token t_id="95" sentence="4" number="94">Met</token>
<token t_id="96" sentence="4" number="95">Office</token>
<token t_id="97" sentence="4" number="96">warnings</token>
<token t_id="98" sentence="4" number="97">for</token>
<token t_id="99" sentence="4" number="98">snow</token>
<token t_id="100" sentence="4" number="99">covering</token>
<token t_id="101" sentence="4" number="100">much</token>
<token t_id="102" sentence="4" number="101">of</token>
<token t_id="103" sentence="4" number="102">the</token>
<token t_id="104" sentence="4" number="103">UK</token>
<token t_id="105" sentence="4" number="104">.</token>
<token t_id="106" sentence="5" number="105">This</token>
<token t_id="107" sentence="5" number="106">comes</token>
<token t_id="108" sentence="5" number="107">just</token>
<token t_id="109" sentence="5" number="108">over</token>
<token t_id="110" sentence="5" number="109">a</token>
<token t_id="111" sentence="5" number="110">week</token>
<token t_id="112" sentence="5" number="111">before</token>
<token t_id="113" sentence="5" number="112">the</token>
<token t_id="114" sentence="5" number="113">start</token>
<token t_id="115" sentence="5" number="114">of</token>
<token t_id="116" sentence="5" number="115">British</token>
<token t_id="117" sentence="5" number="116">Summer</token>
<token t_id="118" sentence="5" number="117">Time</token>
<token t_id="119" sentence="5" number="118">.</token>
<token t_id="120" sentence="6" number="119">BBC</token>
<token t_id="121" sentence="6" number="120">forecasters</token>
<token t_id="122" sentence="6" number="121">said</token>
<token t_id="123" sentence="6" number="122">the</token>
<token t_id="124" sentence="6" number="123">snow</token>
<token t_id="125" sentence="6" number="124">would</token>
<token t_id="126" sentence="6" number="125">cause</token>
<token t_id="127" sentence="6" number="126">travel</token>
<token t_id="128" sentence="6" number="127">disruption</token>
<token t_id="129" sentence="6" number="128">across</token>
<token t_id="130" sentence="6" number="129">northern</token>
<token t_id="131" sentence="6" number="130">parts</token>
<token t_id="132" sentence="6" number="131">of</token>
<token t_id="133" sentence="6" number="132">the</token>
<token t_id="134" sentence="6" number="133">UK</token>
<token t_id="135" sentence="6" number="134">on</token>
<token t_id="136" sentence="6" number="135">Friday</token>
<token t_id="137" sentence="6" number="136">,</token>
<token t_id="138" sentence="6" number="137">with</token>
<token t_id="139" sentence="6" number="138">some</token>
<token t_id="140" sentence="6" number="139">20cm-40cm</token>
<token t_id="141" sentence="6" number="140">-LRB-</token>
<token t_id="142" sentence="6" number="141">8in-16in</token>
<token t_id="143" sentence="6" number="142">-RRB-</token>
<token t_id="144" sentence="6" number="143">falling</token>
<token t_id="145" sentence="6" number="144">in</token>
<token t_id="146" sentence="6" number="145">places</token>
<token t_id="147" sentence="6" number="146">.</token>
<token t_id="148" sentence="7" number="147">Atrocious</token>
<token t_id="149" sentence="7" number="148">conditions</token>
<token t_id="150" sentence="7" number="149">could</token>
<token t_id="151" sentence="7" number="150">be</token>
<token t_id="152" sentence="7" number="151">expected</token>
<token t_id="153" sentence="7" number="152">on</token>
<token t_id="154" sentence="7" number="153">high</token>
<token t_id="155" sentence="7" number="154">ground</token>
<token t_id="156" sentence="7" number="155">,</token>
<token t_id="157" sentence="7" number="156">they</token>
<token t_id="158" sentence="7" number="157">said</token>
<token t_id="159" sentence="7" number="158">.</token>
<token t_id="160" sentence="8" number="159">Roads</token>
<token t_id="161" sentence="8" number="160">in</token>
<token t_id="162" sentence="8" number="161">northern</token>
<token t_id="163" sentence="8" number="162">parts</token>
<token t_id="164" sentence="8" number="163">of</token>
<token t_id="165" sentence="8" number="164">Wales</token>
<token t_id="166" sentence="8" number="165">,</token>
<token t_id="167" sentence="8" number="166">the</token>
<token t_id="168" sentence="8" number="167">Midlands</token>
<token t_id="169" sentence="8" number="168">into</token>
<token t_id="170" sentence="8" number="169">the</token>
<token t_id="171" sentence="8" number="170">Pennines</token>
<token t_id="172" sentence="8" number="171">,</token>
<token t_id="173" sentence="8" number="172">southern</token>
<token t_id="174" sentence="8" number="173">Scotland</token>
<token t_id="175" sentence="8" number="174">and</token>
<token t_id="176" sentence="8" number="175">Northern</token>
<token t_id="177" sentence="8" number="176">Ireland</token>
<token t_id="178" sentence="8" number="177">would</token>
<token t_id="179" sentence="8" number="178">be</token>
<token t_id="180" sentence="8" number="179">the</token>
<token t_id="181" sentence="8" number="180">worst</token>
<token t_id="182" sentence="8" number="181">affected</token>
<token t_id="183" sentence="8" number="182">,</token>
<token t_id="184" sentence="8" number="183">while</token>
<token t_id="185" sentence="8" number="184">gale</token>
<token t_id="186" sentence="8" number="185">force</token>
<token t_id="187" sentence="8" number="186">winds</token>
<token t_id="188" sentence="8" number="187">would</token>
<token t_id="189" sentence="8" number="188">blow</token>
<token t_id="190" sentence="8" number="189">snow</token>
<token t_id="191" sentence="8" number="190">and</token>
<token t_id="192" sentence="8" number="191">drifts</token>
<token t_id="193" sentence="8" number="192">across</token>
<token t_id="194" sentence="8" number="193">trans-Pennine</token>
<token t_id="195" sentence="8" number="194">routes</token>
<token t_id="196" sentence="8" number="195">,</token>
<token t_id="197" sentence="8" number="196">they</token>
<token t_id="198" sentence="8" number="197">added</token>
<token t_id="199" sentence="8" number="198">.</token>


<Markables>
<ARGUMENTATIVE m_id="15" comment="" conversational-direct="FALSE" conversational-reported="TRUE"  >
<token_anchor t_id="148"/>
<token_anchor t_id="149"/>
<token_anchor t_id="150"/>
<token_anchor t_id="151"/>
<token_anchor t_id="152"/>
<token_anchor t_id="153"/>
<token_anchor t_id="154"/>
<token_anchor t_id="155"/>
<token_anchor t_id="156"/>
</ARGUMENTATIVE>
<ARGUMENTATIVE m_id="16" comment="" conversational-direct="FALSE" conversational-reported="TRUE"  >
<token_anchor t_id="160"/>
<token_anchor t_id="161"/>
<token_anchor t_id="162"/>
<token_anchor t_id="163"/>
<token_anchor t_id="164"/>
<token_anchor t_id="165"/>
<token_anchor t_id="166"/>
<token_anchor t_id="167"/>
<token_anchor t_id="168"/>
<token_anchor t_id="169"/>
<token_anchor t_id="170"/>
<token_anchor t_id="171"/>
<token_anchor t_id="172"/>
<token_anchor t_id="173"/>
<token_anchor t_id="174"/>
<token_anchor t_id="175"/>
<token_anchor t_id="176"/>
<token_anchor t_id="177"/>
<token_anchor t_id="178"/>
<token_anchor t_id="179"/>
<token_anchor t_id="180"/>
<token_anchor t_id="181"/>
<token_anchor t_id="182"/>
<token_anchor t_id="183"/>
</ARGUMENTATIVE>
<DESCRIPTIVE m_id="12" Type="Other" comment="" conversational-direct="FALSE" conversational-reported="FALSE"  >
<token_anchor t_id="84"/>
<token_anchor t_id="85"/>
<token_anchor t_id="86"/>
<token_anchor t_id="87"/>
<token_anchor t_id="88"/>
<token_anchor t_id="89"/>
<token_anchor t_id="90"/>
<token_anchor t_id="91"/>
<token_anchor t_id="92"/>
<token_anchor t_id="93"/>
<token_anchor t_id="94"/>
<token_anchor t_id="95"/>
<token_anchor t_id="96"/>
<token_anchor t_id="97"/>
<token_anchor t_id="98"/>
<token_anchor t_id="99"/>
<token_anchor t_id="100"/>
<token_anchor t_id="101"/>
<token_anchor t_id="102"/>
<token_anchor t_id="103"/>
<token_anchor t_id="104"/>
<token_anchor t_id="105"/>
</DESCRIPTIVE>
<NARRATIVE m_id="9" Level="Primary" comment="" conversational-direct="FALSE" conversational-reported="FALSE"  >
<token_anchor t_id="1"/>
<token_anchor t_id="2"/>
<token_anchor t_id="3"/>
<token_anchor t_id="4"/>
<token_anchor t_id="5"/>
<token_anchor t_id="6"/>
<token_anchor t_id="7"/>
<token_anchor t_id="8"/>
<token_anchor t_id="9"/>
<token_anchor t_id="10"/>
<token_anchor t_id="11"/>
</NARRATIVE>
<NARRATIVE m_id="10" Level="Primary" comment="" conversational-direct="FALSE" conversational-reported="FALSE"  >
<token_anchor t_id="12"/>
<token_anchor t_id="13"/>
<token_anchor t_id="14"/>
<token_anchor t_id="15"/>
<token_anchor t_id="16"/>
<token_anchor t_id="17"/>
<token_anchor t_id="18"/>
<token_anchor t_id="19"/>
<token_anchor t_id="20"/>
<token_anchor t_id="21"/>
<token_anchor t_id="22"/>
</NARRATIVE>
<NARRATIVE m_id="11" Level="Primary" comment="" conversational-direct="FALSE" conversational-reported="FALSE"  >
<token_anchor t_id="47"/>
<token_anchor t_id="48"/>
<token_anchor t_id="49"/>
<token_anchor t_id="50"/>
<token_anchor t_id="51"/>
<token_anchor t_id="52"/>
<token_anchor t_id="53"/>
<token_anchor t_id="54"/>
<token_anchor t_id="55"/>
</NARRATIVE>
<NARRATIVE m_id="13" Level="Primary" comment="" conversational-direct="FALSE" conversational-reported="FALSE"  >
<token_anchor t_id="106"/>
<token_anchor t_id="107"/>
<token_anchor t_id="108"/>
<token_anchor t_id="109"/>
<token_anchor t_id="110"/>
<token_anchor t_id="111"/>
<token_anchor t_id="112"/>
<token_anchor t_id="113"/>
<token_anchor t_id="114"/>
<token_anchor t_id="115"/>
<token_anchor t_id="116"/>
<token_anchor t_id="117"/>
<token_anchor t_id="118"/>
<token_anchor t_id="119"/>
</NARRATIVE>
<NARRATIVE m_id="14" Level="Primary" comment="" conversational-direct="FALSE" conversational-reported="TRUE"  >
<token_anchor t_id="123"/>
<token_anchor t_id="124"/>
<token_anchor t_id="125"/>
<token_anchor t_id="126"/>
<token_anchor t_id="127"/>
<token_anchor t_id="128"/>
<token_anchor t_id="129"/>
<token_anchor t_id="130"/>
<token_anchor t_id="131"/>
<token_anchor t_id="132"/>
<token_anchor t_id="133"/>
<token_anchor t_id="134"/>
<token_anchor t_id="135"/>
<token_anchor t_id="136"/>
<token_anchor t_id="137"/>
<token_anchor t_id="138"/>
<token_anchor t_id="139"/>
<token_anchor t_id="140"/>
<token_anchor t_id="141"/>
<token_anchor t_id="142"/>
<token_anchor t_id="143"/>
<token_anchor t_id="144"/>
<token_anchor t_id="145"/>
<token_anchor t_id="146"/>
<token_anchor t_id="147"/>
</NARRATIVE>
<NARRATIVE m_id="17" Level="Primary" comment="" conversational-direct="FALSE" conversational-reported="TRUE"  >
<token_anchor t_id="184"/>
<token_anchor t_id="185"/>
<token_anchor t_id="186"/>
<token_anchor t_id="187"/>
<token_anchor t_id="188"/>
<token_anchor t_id="189"/>
<token_anchor t_id="190"/>
<token_anchor t_id="191"/>
<token_anchor t_id="192"/>
<token_anchor t_id="193"/>
<token_anchor t_id="194"/>
<token_anchor t_id="195"/>
<token_anchor t_id="196"/>
</NARRATIVE>
<NARRATIVE m_id="1" Level="Primary" comment="" conversational-direct="FALSE" conversational-reported="FALSE"  >
<token_anchor t_id="23"/>
<token_anchor t_id="24"/>
<token_anchor t_id="25"/>
<token_anchor t_id="26"/>
<token_anchor t_id="27"/>
<token_anchor t_id="28"/>
<token_anchor t_id="29"/>
<token_anchor t_id="30"/>
<token_anchor t_id="31"/>
<token_anchor t_id="32"/>
<token_anchor t_id="33"/>
<token_anchor t_id="34"/>
<token_anchor t_id="35"/>
<token_anchor t_id="36"/>
<token_anchor t_id="37"/>
<token_anchor t_id="38"/>
<token_anchor t_id="39"/>
<token_anchor t_id="40"/>
</NARRATIVE>
<NARRATIVE m_id="2" Level="Primary" comment="" conversational-direct="FALSE" conversational-reported="FALSE"  >
<token_anchor t_id="120"/>
<token_anchor t_id="121"/>
<token_anchor t_id="122"/>
</NARRATIVE>
<NARRATIVE m_id="3" Level="Primary" comment="" conversational-direct="FALSE" conversational-reported="FALSE"  >
<token_anchor t_id="157"/>
<token_anchor t_id="158"/>
</NARRATIVE>
<NARRATIVE m_id="4" Level="Primary" comment="" conversational-direct="FALSE" conversational-reported="FALSE"  >
<token_anchor t_id="197"/>
<token_anchor t_id="198"/>
</NARRATIVE>
<NARRATIVE m_id="5" Level="Primary" comment="" conversational-direct="FALSE" conversational-reported="TRUE"  >
<token_anchor t_id="41"/>
<token_anchor t_id="42"/>
<token_anchor t_id="43"/>
<token_anchor t_id="44"/>
<token_anchor t_id="45"/>
<token_anchor t_id="46"/>
</NARRATIVE>
<NARRATIVE m_id="6" Level="Primary" comment="" conversational-direct="FALSE" conversational-reported="FALSE"  >
<token_anchor t_id="56"/>
<token_anchor t_id="57"/>
<token_anchor t_id="58"/>
<token_anchor t_id="59"/>
</NARRATIVE>
<NARRATIVE m_id="7" Level="Primary" comment="" conversational-direct="FALSE" conversational-reported="FALSE"  >
<token_anchor t_id="64"/>
<token_anchor t_id="65"/>
<token_anchor t_id="66"/>
<token_anchor t_id="67"/>
<token_anchor t_id="68"/>
<token_anchor t_id="69"/>
<token_anchor t_id="70"/>
<token_anchor t_id="71"/>
<token_anchor t_id="72"/>
<token_anchor t_id="73"/>
<token_anchor t_id="74"/>
<token_anchor t_id="75"/>
<token_anchor t_id="76"/>
<token_anchor t_id="77"/>
<token_anchor t_id="78"/>
<token_anchor t_id="79"/>
<token_anchor t_id="80"/>
<token_anchor t_id="81"/>
<token_anchor t_id="82"/>
<token_anchor t_id="83"/>
</NARRATIVE>
<NARRATIVE m_id="8" Level="Primary" comment="" conversational-direct="FALSE" conversational-reported="FALSE"  >
<token_anchor t_id="60"/>
<token_anchor t_id="61"/>
<token_anchor t_id="62"/>
<token_anchor t_id="63"/>
</NARRATIVE>


</Markables>

<Relations>
</Relations>
</Document>
