<Document doc_name="CNN_20130321_821">
<token t_id="1" sentence="0" number="0">Barack</token>
<token t_id="2" sentence="0" number="1">Obama</token>
<token t_id="3" sentence="0" number="2">would</token>
<token t_id="4" sentence="0" number="3">make</token>
<token t_id="5" sentence="0" number="4">a</token>
<token t_id="6" sentence="0" number="5">great</token>
<token t_id="7" sentence="0" number="6">stand-up</token>
<token t_id="8" sentence="0" number="7">comic</token>
<token t_id="9" sentence="0" number="8">,</token>
<token t_id="10" sentence="0" number="9">not</token>
<token t_id="11" sentence="0" number="10">because</token>
<token t_id="12" sentence="0" number="11">he</token>
<token t_id="13" sentence="0" number="12">'s</token>
<token t_id="14" sentence="0" number="13">the</token>
<token t_id="15" sentence="0" number="14">funniest</token>
<token t_id="16" sentence="0" number="15">president</token>
<token t_id="17" sentence="0" number="16">ever</token>
<token t_id="18" sentence="0" number="17">but</token>
<token t_id="19" sentence="0" number="18">because</token>
<token t_id="20" sentence="0" number="19">he</token>
<token t_id="21" sentence="0" number="20">uses</token>
<token t_id="22" sentence="0" number="21">jokes</token>
<token t_id="23" sentence="0" number="22">the</token>
<token t_id="24" sentence="0" number="23">same</token>
<token t_id="25" sentence="0" number="24">way</token>
<token t_id="26" sentence="0" number="25">many</token>
<token t_id="27" sentence="0" number="26">of</token>
<token t_id="28" sentence="0" number="27">us</token>
<token t_id="29" sentence="0" number="28">comedians</token>
<token t_id="30" sentence="0" number="29">do</token>
<token t_id="31" sentence="0" number="30">:</token>
<token t_id="32" sentence="0" number="31">as</token>
<token t_id="33" sentence="0" number="32">a</token>
<token t_id="34" sentence="0" number="33">weapon</token>
<token t_id="35" sentence="0" number="34">.</token>
<token t_id="36" sentence="1" number="35">Traditionally</token>
<token t_id="37" sentence="1" number="36">,</token>
<token t_id="38" sentence="1" number="37">the</token>
<token t_id="39" sentence="1" number="38">-LRB-</token>
<token t_id="40" sentence="1" number="39">intentionally</token>
<token t_id="41" sentence="1" number="40">-RRB-</token>
<token t_id="42" sentence="1" number="41">funny</token>
<token t_id="43" sentence="1" number="42">lines</token>
<token t_id="44" sentence="1" number="43">by</token>
<token t_id="45" sentence="1" number="44">our</token>
<token t_id="46" sentence="1" number="45">presidents</token>
<token t_id="47" sentence="1" number="46">have</token>
<token t_id="48" sentence="1" number="47">had</token>
<token t_id="49" sentence="1" number="48">one</token>
<token t_id="50" sentence="1" number="49">thing</token>
<token t_id="51" sentence="1" number="50">in</token>
<token t_id="52" sentence="1" number="51">common</token>
<token t_id="53" sentence="1" number="52">:</token>
<token t_id="54" sentence="1" number="53">They</token>
<token t_id="55" sentence="1" number="54">were</token>
<token t_id="56" sentence="1" number="55">self-deprecating</token>
<token t_id="57" sentence="1" number="56">.</token>
<token t_id="58" sentence="2" number="57">Sure</token>
<token t_id="59" sentence="2" number="58">,</token>
<token t_id="60" sentence="2" number="59">some</token>
<token t_id="61" sentence="2" number="60">presidents</token>
<token t_id="62" sentence="2" number="61">have</token>
<token t_id="63" sentence="2" number="62">used</token>
<token t_id="64" sentence="2" number="63">jokes</token>
<token t_id="65" sentence="2" number="64">to</token>
<token t_id="66" sentence="2" number="65">take</token>
<token t_id="67" sentence="2" number="66">jabs</token>
<token t_id="68" sentence="2" number="67">at</token>
<token t_id="69" sentence="2" number="68">their</token>
<token t_id="70" sentence="2" number="69">opponents</token>
<token t_id="71" sentence="2" number="70">,</token>
<token t_id="72" sentence="2" number="71">but</token>
<token t_id="73" sentence="2" number="72">not</token>
<token t_id="74" sentence="2" number="73">to</token>
<token t_id="75" sentence="2" number="74">the</token>
<token t_id="76" sentence="2" number="75">extent</token>
<token t_id="77" sentence="2" number="76">of</token>
<token t_id="78" sentence="2" number="77">Obama</token>
<token t_id="79" sentence="2" number="78">.</token>
<token t_id="80" sentence="3" number="79">During</token>
<token t_id="81" sentence="3" number="80">his</token>
<token t_id="82" sentence="3" number="81">tenure</token>
<token t_id="83" sentence="3" number="82">,</token>
<token t_id="84" sentence="3" number="83">he</token>
<token t_id="85" sentence="3" number="84">has</token>
<token t_id="86" sentence="3" number="85">increasingly</token>
<token t_id="87" sentence="3" number="86">unleashed</token>
<token t_id="88" sentence="3" number="87">biting</token>
<token t_id="89" sentence="3" number="88">comedic</token>
<token t_id="90" sentence="3" number="89">barbs</token>
<token t_id="91" sentence="3" number="90">against</token>
<token t_id="92" sentence="3" number="91">his</token>
<token t_id="93" sentence="3" number="92">critics</token>
<token t_id="94" sentence="3" number="93">and</token>
<token t_id="95" sentence="3" number="94">political</token>
<token t_id="96" sentence="3" number="95">adversaries</token>
<token t_id="97" sentence="3" number="96">.</token>
<token t_id="98" sentence="4" number="97">These</token>
<token t_id="99" sentence="4" number="98">jokes</token>
<token t_id="100" sentence="4" number="99">are</token>
<token t_id="101" sentence="4" number="100">intended</token>
<token t_id="102" sentence="4" number="101">to</token>
<token t_id="103" sentence="4" number="102">do</token>
<token t_id="104" sentence="4" number="103">more</token>
<token t_id="105" sentence="4" number="104">than</token>
<token t_id="106" sentence="4" number="105">simply</token>
<token t_id="107" sentence="4" number="106">entertain</token>
<token t_id="108" sentence="4" number="107">you</token>
<token t_id="109" sentence="4" number="108">.</token>
<token t_id="110" sentence="5" number="109">They</token>
<token t_id="111" sentence="5" number="110">have</token>
<token t_id="112" sentence="5" number="111">an</token>
<token t_id="113" sentence="5" number="112">agenda</token>
<token t_id="114" sentence="5" number="113">.</token>
<token t_id="115" sentence="6" number="114">Obama</token>
<token t_id="116" sentence="6" number="115">'s</token>
<token t_id="117" sentence="6" number="116">humor</token>
<token t_id="118" sentence="6" number="117">is</token>
<token t_id="119" sentence="6" number="118">often</token>
<token t_id="120" sentence="6" number="119">delivered</token>
<token t_id="121" sentence="6" number="120">the</token>
<token t_id="122" sentence="6" number="121">way</token>
<token t_id="123" sentence="6" number="122">a</token>
<token t_id="124" sentence="6" number="123">comedian</token>
<token t_id="125" sentence="6" number="124">dealing</token>
<token t_id="126" sentence="6" number="125">with</token>
<token t_id="127" sentence="6" number="126">a</token>
<token t_id="128" sentence="6" number="127">heckler</token>
<token t_id="129" sentence="6" number="128">would</token>
<token t_id="130" sentence="6" number="129">do</token>
<token t_id="131" sentence="6" number="130">it</token>
<token t_id="132" sentence="6" number="131">.</token>
<token t_id="133" sentence="7" number="132">He</token>
<token t_id="134" sentence="7" number="133">tries</token>
<token t_id="135" sentence="7" number="134">to</token>
<token t_id="136" sentence="7" number="135">undermine</token>
<token t_id="137" sentence="7" number="136">his</token>
<token t_id="138" sentence="7" number="137">opponents</token>
<token t_id="139" sentence="7" number="138">with</token>
<token t_id="140" sentence="7" number="139">it</token>
<token t_id="141" sentence="7" number="140">and</token>
<token t_id="142" sentence="7" number="141">get</token>
<token t_id="143" sentence="7" number="142">the</token>
<token t_id="144" sentence="7" number="143">crowd</token>
<token t_id="145" sentence="7" number="144">--</token>
<token t_id="146" sentence="7" number="145">in</token>
<token t_id="147" sentence="7" number="146">this</token>
<token t_id="148" sentence="7" number="147">case</token>
<token t_id="149" sentence="7" number="148">the</token>
<token t_id="150" sentence="7" number="149">public</token>
<token t_id="151" sentence="7" number="150">--</token>
<token t_id="152" sentence="7" number="151">on</token>
<token t_id="153" sentence="7" number="152">his</token>
<token t_id="154" sentence="7" number="153">side</token>
<token t_id="155" sentence="7" number="154">.</token>
<token t_id="156" sentence="8" number="155">I</token>
<token t_id="157" sentence="8" number="156">can</token>
<token t_id="158" sentence="8" number="157">assure</token>
<token t_id="159" sentence="8" number="158">you</token>
<token t_id="160" sentence="8" number="159">that</token>
<token t_id="161" sentence="8" number="160">having</token>
<token t_id="162" sentence="8" number="161">a</token>
<token t_id="163" sentence="8" number="162">crowd</token>
<token t_id="164" sentence="8" number="163">laugh</token>
<token t_id="165" sentence="8" number="164">at</token>
<token t_id="166" sentence="8" number="165">your</token>
<token t_id="167" sentence="8" number="166">critic/heckler</token>
<token t_id="168" sentence="8" number="167">is</token>
<token t_id="169" sentence="8" number="168">not</token>
<token t_id="170" sentence="8" number="169">only</token>
<token t_id="171" sentence="8" number="170">effective</token>
<token t_id="172" sentence="8" number="171">in</token>
<token t_id="173" sentence="8" number="172">dominating</token>
<token t_id="174" sentence="8" number="173">them</token>
<token t_id="175" sentence="8" number="174">,</token>
<token t_id="176" sentence="8" number="175">it</token>
<token t_id="177" sentence="8" number="176">'s</token>
<token t_id="178" sentence="8" number="177">also</token>
<token t_id="179" sentence="8" number="178">very</token>
<token t_id="180" sentence="8" number="179">satisfying</token>
<token t_id="181" sentence="8" number="180">.</token>


<Markables>
<ARGUMENTATIVE m_id="9" comment="" conversational-direct="FALSE" conversational-reported="FALSE"  >
<token_anchor t_id="115"/>
<token_anchor t_id="116"/>
<token_anchor t_id="117"/>
<token_anchor t_id="118"/>
<token_anchor t_id="119"/>
<token_anchor t_id="120"/>
<token_anchor t_id="121"/>
<token_anchor t_id="122"/>
<token_anchor t_id="123"/>
<token_anchor t_id="124"/>
<token_anchor t_id="125"/>
<token_anchor t_id="126"/>
<token_anchor t_id="127"/>
<token_anchor t_id="128"/>
<token_anchor t_id="129"/>
<token_anchor t_id="130"/>
<token_anchor t_id="131"/>
</ARGUMENTATIVE>
<ARGUMENTATIVE m_id="10" comment="" conversational-direct="FALSE" conversational-reported="FALSE"  >
<token_anchor t_id="1"/>
<token_anchor t_id="2"/>
<token_anchor t_id="3"/>
<token_anchor t_id="4"/>
<token_anchor t_id="5"/>
<token_anchor t_id="6"/>
<token_anchor t_id="7"/>
<token_anchor t_id="8"/>
<token_anchor t_id="9"/>
</ARGUMENTATIVE>
<ARGUMENTATIVE m_id="12" comment="" conversational-direct="FALSE" conversational-reported="FALSE"  >
<token_anchor t_id="156"/>
<token_anchor t_id="157"/>
<token_anchor t_id="158"/>
<token_anchor t_id="159"/>
</ARGUMENTATIVE>
<ARGUMENTATIVE m_id="3" comment="" conversational-direct="FALSE" conversational-reported="FALSE"  >
<token_anchor t_id="141"/>
<token_anchor t_id="142"/>
<token_anchor t_id="143"/>
<token_anchor t_id="144"/>
<token_anchor t_id="145"/>
<token_anchor t_id="146"/>
<token_anchor t_id="147"/>
<token_anchor t_id="148"/>
<token_anchor t_id="149"/>
<token_anchor t_id="150"/>
<token_anchor t_id="151"/>
<token_anchor t_id="152"/>
<token_anchor t_id="153"/>
<token_anchor t_id="154"/>
</ARGUMENTATIVE>
<ARGUMENTATIVE m_id="4" comment="" conversational-direct="FALSE" conversational-reported="FALSE"  >
<token_anchor t_id="133"/>
<token_anchor t_id="134"/>
</ARGUMENTATIVE>
<ARGUMENTATIVE m_id="5" comment="" conversational-direct="FALSE" conversational-reported="FALSE"  >
<token_anchor t_id="135"/>
<token_anchor t_id="136"/>
<token_anchor t_id="137"/>
<token_anchor t_id="138"/>
<token_anchor t_id="139"/>
<token_anchor t_id="140"/>
</ARGUMENTATIVE>
<ARGUMENTATIVE m_id="6" comment="" conversational-direct="FALSE" conversational-reported="FALSE"  >
<token_anchor t_id="168"/>
<token_anchor t_id="169"/>
<token_anchor t_id="170"/>
<token_anchor t_id="171"/>
<token_anchor t_id="172"/>
<token_anchor t_id="173"/>
<token_anchor t_id="174"/>
<token_anchor t_id="175"/>
</ARGUMENTATIVE>
<ARGUMENTATIVE m_id="7" comment="" conversational-direct="FALSE" conversational-reported="FALSE"  >
<token_anchor t_id="176"/>
<token_anchor t_id="177"/>
<token_anchor t_id="178"/>
<token_anchor t_id="179"/>
<token_anchor t_id="180"/>
<token_anchor t_id="181"/>
</ARGUMENTATIVE>
<ARGUMENTATIVE m_id="8" comment="" conversational-direct="FALSE" conversational-reported="FALSE"  >
<token_anchor t_id="10"/>
<token_anchor t_id="11"/>
<token_anchor t_id="12"/>
<token_anchor t_id="13"/>
<token_anchor t_id="14"/>
<token_anchor t_id="15"/>
<token_anchor t_id="16"/>
<token_anchor t_id="17"/>
</ARGUMENTATIVE>
<DESCRIPTIVE m_id="13" comment="" Type="" conversational-direct="FALSE" conversational-reported="FALSE"  >
<token_anchor t_id="160"/>
<token_anchor t_id="161"/>
<token_anchor t_id="162"/>
<token_anchor t_id="163"/>
<token_anchor t_id="164"/>
<token_anchor t_id="165"/>
<token_anchor t_id="166"/>
<token_anchor t_id="167"/>
</DESCRIPTIVE>
<DESCRIPTIVE m_id="14" comment="" Type="" conversational-direct="FALSE" conversational-reported="FALSE"  >
<token_anchor t_id="110"/>
<token_anchor t_id="111"/>
<token_anchor t_id="112"/>
<token_anchor t_id="113"/>
<token_anchor t_id="114"/>
</DESCRIPTIVE>
<DESCRIPTIVE m_id="15" Type="Person" comment="" conversational-direct="FALSE" conversational-reported="FALSE"  >
<token_anchor t_id="18"/>
<token_anchor t_id="19"/>
<token_anchor t_id="20"/>
<token_anchor t_id="21"/>
<token_anchor t_id="22"/>
</DESCRIPTIVE>
<DESCRIPTIVE m_id="19" Type="Other" comment="" conversational-direct="FALSE" conversational-reported="FALSE"  >
<token_anchor t_id="98"/>
<token_anchor t_id="99"/>
<token_anchor t_id="100"/>
<token_anchor t_id="101"/>
<token_anchor t_id="102"/>
<token_anchor t_id="103"/>
<token_anchor t_id="104"/>
<token_anchor t_id="105"/>
<token_anchor t_id="106"/>
<token_anchor t_id="107"/>
<token_anchor t_id="108"/>
<token_anchor t_id="109"/>
</DESCRIPTIVE>
<EXPOSITORY m_id="16" comment="" conversational-direct="FALSE" conversational-reported="FALSE"  >
<token_anchor t_id="23"/>
<token_anchor t_id="24"/>
<token_anchor t_id="25"/>
<token_anchor t_id="26"/>
<token_anchor t_id="27"/>
<token_anchor t_id="28"/>
<token_anchor t_id="29"/>
<token_anchor t_id="30"/>
<token_anchor t_id="31"/>
<token_anchor t_id="32"/>
<token_anchor t_id="33"/>
<token_anchor t_id="34"/>
<token_anchor t_id="35"/>
</EXPOSITORY>
<EXPOSITORY m_id="17" comment="" conversational-direct="FALSE" conversational-reported="FALSE"  >
<token_anchor t_id="36"/>
<token_anchor t_id="37"/>
<token_anchor t_id="38"/>
<token_anchor t_id="39"/>
<token_anchor t_id="40"/>
<token_anchor t_id="41"/>
<token_anchor t_id="42"/>
<token_anchor t_id="43"/>
<token_anchor t_id="44"/>
<token_anchor t_id="45"/>
<token_anchor t_id="46"/>
<token_anchor t_id="47"/>
<token_anchor t_id="48"/>
<token_anchor t_id="49"/>
<token_anchor t_id="50"/>
<token_anchor t_id="51"/>
<token_anchor t_id="52"/>
<token_anchor t_id="53"/>
</EXPOSITORY>
<EXPOSITORY m_id="18" comment="" conversational-direct="FALSE" conversational-reported="FALSE"  >
<token_anchor t_id="54"/>
<token_anchor t_id="55"/>
<token_anchor t_id="56"/>
<token_anchor t_id="57"/>
</EXPOSITORY>
<NARRATIVE m_id="11" Level="Primary" comment="" conversational-direct="FALSE" conversational-reported="FALSE"  >
<token_anchor t_id="65"/>
<token_anchor t_id="66"/>
<token_anchor t_id="67"/>
<token_anchor t_id="68"/>
<token_anchor t_id="69"/>
<token_anchor t_id="70"/>
<token_anchor t_id="71"/>
<token_anchor t_id="72"/>
<token_anchor t_id="73"/>
<token_anchor t_id="74"/>
<token_anchor t_id="75"/>
<token_anchor t_id="76"/>
<token_anchor t_id="77"/>
<token_anchor t_id="78"/>
<token_anchor t_id="79"/>
</NARRATIVE>
<NARRATIVE m_id="1" Level="Primary" comment="" conversational-direct="FALSE" conversational-reported="FALSE"  >
<token_anchor t_id="58"/>
<token_anchor t_id="59"/>
<token_anchor t_id="60"/>
<token_anchor t_id="61"/>
<token_anchor t_id="62"/>
<token_anchor t_id="63"/>
<token_anchor t_id="64"/>
</NARRATIVE>
<NARRATIVE m_id="2" Level="Primary" comment="" conversational-direct="FALSE" conversational-reported="FALSE"  >
<token_anchor t_id="80"/>
<token_anchor t_id="81"/>
<token_anchor t_id="82"/>
<token_anchor t_id="83"/>
<token_anchor t_id="84"/>
<token_anchor t_id="85"/>
<token_anchor t_id="86"/>
<token_anchor t_id="87"/>
<token_anchor t_id="88"/>
<token_anchor t_id="89"/>
<token_anchor t_id="90"/>
<token_anchor t_id="91"/>
<token_anchor t_id="92"/>
<token_anchor t_id="93"/>
<token_anchor t_id="94"/>
<token_anchor t_id="95"/>
<token_anchor t_id="96"/>
<token_anchor t_id="97"/>
</NARRATIVE>


</Markables>

<Relations>
</Relations>
</Document>
