<Document doc_name="news_wsj_0132.txt">
<token t_id="1" sentence="0" number="0">N</token>
<token t_id="2" sentence="0" number="1">.</token>
<token t_id="3" sentence="0" number="2">V</token>
<token t_id="4" sentence="0" number="3">.</token>
<token t_id="5" sentence="0" number="4">DSM</token>
<token t_id="6" sentence="0" number="5">said</token>
<token t_id="7" sentence="0" number="6">net</token>
<token t_id="8" sentence="0" number="7">income</token>
<token t_id="9" sentence="0" number="8">in</token>
<token t_id="10" sentence="0" number="9">the</token>
<token t_id="11" sentence="0" number="10">third</token>
<token t_id="12" sentence="0" number="11">quarter</token>
<token t_id="13" sentence="0" number="12">jumped</token>
<token t_id="14" sentence="0" number="13">63%</token>
<token t_id="15" sentence="0" number="14">as</token>
<token t_id="16" sentence="0" number="15">the</token>
<token t_id="17" sentence="0" number="16">company</token>
<token t_id="18" sentence="0" number="17">had</token>
<token t_id="19" sentence="0" number="18">substantially</token>
<token t_id="20" sentence="0" number="19">lower</token>
<token t_id="21" sentence="0" number="20">extraordinary</token>
<token t_id="22" sentence="0" number="21">charges</token>
<token t_id="23" sentence="0" number="22">to</token>
<token t_id="24" sentence="0" number="23">account</token>
<token t_id="25" sentence="0" number="24">for</token>
<token t_id="26" sentence="0" number="25">a</token>
<token t_id="27" sentence="0" number="26">restructuring</token>
<token t_id="28" sentence="0" number="27">program</token>
<token t_id="29" sentence="0" number="28">.</token>
<token t_id="30" sentence="1" number="0">The</token>
<token t_id="31" sentence="1" number="1">Dutch</token>
<token t_id="32" sentence="1" number="2">chemical</token>
<token t_id="33" sentence="1" number="3">group</token>
<token t_id="34" sentence="1" number="4">said</token>
<token t_id="35" sentence="1" number="5">net</token>
<token t_id="36" sentence="1" number="6">income</token>
<token t_id="37" sentence="1" number="7">gained</token>
<token t_id="38" sentence="1" number="8">to</token>
<token t_id="39" sentence="1" number="9">235</token>
<token t_id="40" sentence="1" number="10">million</token>
<token t_id="41" sentence="1" number="11">guilders</token>
<token t_id="42" sentence="1" number="12">(</token>
<token t_id="43" sentence="1" number="13">$113</token>
<token t_id="44" sentence="1" number="14">.</token>
<token t_id="45" sentence="1" number="15">2</token>
<token t_id="46" sentence="1" number="16">million</token>
<token t_id="47" sentence="1" number="17">)</token>
<token t_id="48" sentence="1" number="18">,</token>
<token t_id="49" sentence="1" number="19">or</token>
<token t_id="50" sentence="1" number="20">6</token>
<token t_id="51" sentence="1" number="21">.</token>
<token t_id="52" sentence="1" number="22">70</token>
<token t_id="53" sentence="1" number="23">guilders</token>
<token t_id="54" sentence="1" number="24">a</token>
<token t_id="55" sentence="1" number="25">share</token>
<token t_id="56" sentence="1" number="26">,</token>
<token t_id="57" sentence="1" number="27">from</token>
<token t_id="58" sentence="1" number="28">144</token>
<token t_id="59" sentence="1" number="29">million</token>
<token t_id="60" sentence="1" number="30">guilders</token>
<token t_id="61" sentence="1" number="31">,</token>
<token t_id="62" sentence="1" number="32">or</token>
<token t_id="63" sentence="1" number="33">4</token>
<token t_id="64" sentence="1" number="34">.</token>
<token t_id="65" sentence="1" number="35">10</token>
<token t_id="66" sentence="1" number="36">guilders</token>
<token t_id="67" sentence="1" number="37">a</token>
<token t_id="68" sentence="1" number="38">share</token>
<token t_id="69" sentence="1" number="39">,</token>
<token t_id="70" sentence="1" number="40">a</token>
<token t_id="71" sentence="1" number="41">year</token>
<token t_id="72" sentence="1" number="42">ago</token>
<token t_id="73" sentence="1" number="43">.</token>
<token t_id="74" sentence="2" number="0">The</token>
<token t_id="75" sentence="2" number="1">32%</token>
<token t_id="76" sentence="2" number="2">state</token>
<token t_id="77" sentence="2" number="3">-</token>
<token t_id="78" sentence="2" number="4">owned</token>
<token t_id="79" sentence="2" number="5">DSM</token>
<token t_id="80" sentence="2" number="6">had</token>
<token t_id="81" sentence="2" number="7">eight</token>
<token t_id="82" sentence="2" number="8">million</token>
<token t_id="83" sentence="2" number="9">guilders</token>
<token t_id="84" sentence="2" number="10">of</token>
<token t_id="85" sentence="2" number="11">extraordinary</token>
<token t_id="86" sentence="2" number="12">charges</token>
<token t_id="87" sentence="2" number="13">in</token>
<token t_id="88" sentence="2" number="14">the</token>
<token t_id="89" sentence="2" number="15">latest</token>
<token t_id="90" sentence="2" number="16">quarter</token>
<token t_id="91" sentence="2" number="17">,</token>
<token t_id="92" sentence="2" number="18">mainly</token>
<token t_id="93" sentence="2" number="19">to</token>
<token t_id="94" sentence="2" number="20">reflect</token>
<token t_id="95" sentence="2" number="21">one</token>
<token t_id="96" sentence="2" number="22">-</token>
<token t_id="97" sentence="2" number="23">time</token>
<token t_id="98" sentence="2" number="24">losses</token>
<token t_id="99" sentence="2" number="25">in</token>
<token t_id="100" sentence="2" number="26">connection</token>
<token t_id="101" sentence="2" number="27">with</token>
<token t_id="102" sentence="2" number="28">the</token>
<token t_id="103" sentence="2" number="29">disposal</token>
<token t_id="104" sentence="2" number="30">of</token>
<token t_id="105" sentence="2" number="31">some</token>
<token t_id="106" sentence="2" number="32">operations</token>
<token t_id="107" sentence="2" number="33">.</token>
<token t_id="108" sentence="3" number="0">The</token>
<token t_id="109" sentence="3" number="1">charges</token>
<token t_id="110" sentence="3" number="2">were</token>
<token t_id="111" sentence="3" number="3">offset</token>
<token t_id="112" sentence="3" number="4">in</token>
<token t_id="113" sentence="3" number="5">part</token>
<token t_id="114" sentence="3" number="6">by</token>
<token t_id="115" sentence="3" number="7">a</token>
<token t_id="116" sentence="3" number="8">gain</token>
<token t_id="117" sentence="3" number="9">from</token>
<token t_id="118" sentence="3" number="10">the</token>
<token t_id="119" sentence="3" number="11">sale</token>
<token t_id="120" sentence="3" number="12">of</token>
<token t_id="121" sentence="3" number="13">the</token>
<token t_id="122" sentence="3" number="14">company's</token>
<token t_id="123" sentence="3" number="15">construction</token>
<token t_id="124" sentence="3" number="16">division</token>
<token t_id="125" sentence="3" number="17">.</token>
<token t_id="126" sentence="4" number="0">Last</token>
<token t_id="127" sentence="4" number="1">year</token>
<token t_id="128" sentence="4" number="2">,</token>
<token t_id="129" sentence="4" number="3">DSM</token>
<token t_id="130" sentence="4" number="4">had</token>
<token t_id="131" sentence="4" number="5">71</token>
<token t_id="132" sentence="4" number="6">million</token>
<token t_id="133" sentence="4" number="7">guilders</token>
<token t_id="134" sentence="4" number="8">of</token>
<token t_id="135" sentence="4" number="9">extraordinary</token>
<token t_id="136" sentence="4" number="10">charges</token>
<token t_id="137" sentence="4" number="11">for</token>
<token t_id="138" sentence="4" number="12">the</token>
<token t_id="139" sentence="4" number="13">restructuring</token>
<token t_id="140" sentence="4" number="14">program</token>
<token t_id="141" sentence="4" number="15">and</token>
<token t_id="142" sentence="4" number="16">other</token>
<token t_id="143" sentence="4" number="17">transactions</token>
<token t_id="144" sentence="4" number="18">.</token>
<token t_id="145" sentence="5" number="0">The</token>
<token t_id="146" sentence="5" number="1">earnings</token>
<token t_id="147" sentence="5" number="2">growth</token>
<token t_id="148" sentence="5" number="3">also</token>
<token t_id="149" sentence="5" number="4">was</token>
<token t_id="150" sentence="5" number="5">fueled</token>
<token t_id="151" sentence="5" number="6">by</token>
<token t_id="152" sentence="5" number="7">the</token>
<token t_id="153" sentence="5" number="8">company's</token>
<token t_id="154" sentence="5" number="9">ability</token>
<token t_id="155" sentence="5" number="10">to</token>
<token t_id="156" sentence="5" number="11">cut</token>
<token t_id="157" sentence="5" number="12">net</token>
<token t_id="158" sentence="5" number="13">financing</token>
<token t_id="159" sentence="5" number="14">spending</token>
<token t_id="160" sentence="5" number="15">by</token>
<token t_id="161" sentence="5" number="16">half</token>
<token t_id="162" sentence="5" number="17">to</token>
<token t_id="163" sentence="5" number="18">around</token>
<token t_id="164" sentence="5" number="19">15</token>
<token t_id="165" sentence="5" number="20">million</token>
<token t_id="166" sentence="5" number="21">guilders</token>
<token t_id="167" sentence="5" number="22">.</token>
<token t_id="168" sentence="6" number="0">Also</token>
<token t_id="169" sentence="6" number="1">,</token>
<token t_id="170" sentence="6" number="2">substantially</token>
<token t_id="171" sentence="6" number="3">lower</token>
<token t_id="172" sentence="6" number="4">Dutch</token>
<token t_id="173" sentence="6" number="5">corporate</token>
<token t_id="174" sentence="6" number="6">tax</token>
<token t_id="175" sentence="6" number="7">rates</token>
<token t_id="176" sentence="6" number="8">helped</token>
<token t_id="177" sentence="6" number="9">the</token>
<token t_id="178" sentence="6" number="10">company</token>
<token t_id="179" sentence="6" number="11">keep</token>
<token t_id="180" sentence="6" number="12">its</token>
<token t_id="181" sentence="6" number="13">tax</token>
<token t_id="182" sentence="6" number="14">outlay</token>
<token t_id="183" sentence="6" number="15">flat</token>
<token t_id="184" sentence="6" number="16">relative</token>
<token t_id="185" sentence="6" number="17">to</token>
<token t_id="186" sentence="6" number="18">earnings</token>
<token t_id="187" sentence="6" number="19">growth</token>
<token t_id="188" sentence="6" number="20">,</token>
<token t_id="189" sentence="6" number="21">the</token>
<token t_id="190" sentence="6" number="22">company</token>
<token t_id="191" sentence="6" number="23">added</token>
<token t_id="192" sentence="6" number="24">.</token>
<token t_id="193" sentence="7" number="0">Sales</token>
<token t_id="194" sentence="7" number="1">,</token>
<token t_id="195" sentence="7" number="2">however</token>
<token t_id="196" sentence="7" number="3">,</token>
<token t_id="197" sentence="7" number="4">were</token>
<token t_id="198" sentence="7" number="5">little</token>
<token t_id="199" sentence="7" number="6">changed</token>
<token t_id="200" sentence="7" number="7">at</token>
<token t_id="201" sentence="7" number="8">2</token>
<token t_id="202" sentence="7" number="9">.</token>
<token t_id="203" sentence="7" number="10">46</token>
<token t_id="204" sentence="7" number="11">billion</token>
<token t_id="205" sentence="7" number="12">guilders</token>
<token t_id="206" sentence="7" number="13">,</token>
<token t_id="207" sentence="7" number="14">compared</token>
<token t_id="208" sentence="7" number="15">with</token>
<token t_id="209" sentence="7" number="16">2</token>
<token t_id="210" sentence="7" number="17">.</token>
<token t_id="211" sentence="7" number="18">42</token>
<token t_id="212" sentence="7" number="19">billion</token>
<token t_id="213" sentence="7" number="20">guilders</token>
<token t_id="214" sentence="7" number="21">.</token>


<Markables>
<NARRATIVE m_id="7" Level="Primary" comment="" conversational-direct="FALSE" conversational-reported="FALSE"  >
<token_anchor t_id="74"/>
<token_anchor t_id="75"/>
<token_anchor t_id="76"/>
<token_anchor t_id="77"/>
<token_anchor t_id="78"/>
<token_anchor t_id="79"/>
<token_anchor t_id="80"/>
<token_anchor t_id="81"/>
<token_anchor t_id="82"/>
<token_anchor t_id="83"/>
<token_anchor t_id="84"/>
<token_anchor t_id="85"/>
<token_anchor t_id="86"/>
<token_anchor t_id="87"/>
<token_anchor t_id="88"/>
<token_anchor t_id="89"/>
<token_anchor t_id="90"/>
<token_anchor t_id="91"/>
</NARRATIVE>
<NARRATIVE m_id="8" Level="Primary" comment="" conversational-direct="FALSE" conversational-reported="FALSE"  >
<token_anchor t_id="92"/>
<token_anchor t_id="93"/>
<token_anchor t_id="94"/>
<token_anchor t_id="95"/>
<token_anchor t_id="96"/>
<token_anchor t_id="97"/>
<token_anchor t_id="98"/>
<token_anchor t_id="99"/>
<token_anchor t_id="100"/>
<token_anchor t_id="101"/>
<token_anchor t_id="102"/>
<token_anchor t_id="103"/>
<token_anchor t_id="104"/>
<token_anchor t_id="105"/>
<token_anchor t_id="106"/>
<token_anchor t_id="107"/>
</NARRATIVE>
<NARRATIVE m_id="9" Level="Primary" comment="" conversational-direct="FALSE" conversational-reported="FALSE"  >
<token_anchor t_id="108"/>
<token_anchor t_id="109"/>
<token_anchor t_id="110"/>
<token_anchor t_id="111"/>
<token_anchor t_id="112"/>
<token_anchor t_id="113"/>
<token_anchor t_id="114"/>
<token_anchor t_id="115"/>
<token_anchor t_id="116"/>
<token_anchor t_id="117"/>
<token_anchor t_id="118"/>
<token_anchor t_id="119"/>
<token_anchor t_id="120"/>
<token_anchor t_id="121"/>
<token_anchor t_id="122"/>
<token_anchor t_id="123"/>
<token_anchor t_id="124"/>
<token_anchor t_id="125"/>
</NARRATIVE>
<NARRATIVE m_id="10" Level="Primary" comment="" conversational-direct="FALSE" conversational-reported="FALSE"  >
<token_anchor t_id="126"/>
<token_anchor t_id="127"/>
<token_anchor t_id="128"/>
<token_anchor t_id="129"/>
<token_anchor t_id="130"/>
<token_anchor t_id="131"/>
<token_anchor t_id="132"/>
<token_anchor t_id="133"/>
<token_anchor t_id="134"/>
<token_anchor t_id="135"/>
<token_anchor t_id="136"/>
<token_anchor t_id="137"/>
<token_anchor t_id="138"/>
<token_anchor t_id="139"/>
<token_anchor t_id="140"/>
<token_anchor t_id="141"/>
<token_anchor t_id="142"/>
<token_anchor t_id="143"/>
<token_anchor t_id="144"/>
</NARRATIVE>
<NARRATIVE m_id="11" Level="Primary" comment="" conversational-direct="FALSE" conversational-reported="FALSE"  >
<token_anchor t_id="145"/>
<token_anchor t_id="146"/>
<token_anchor t_id="147"/>
<token_anchor t_id="148"/>
<token_anchor t_id="149"/>
<token_anchor t_id="150"/>
<token_anchor t_id="151"/>
<token_anchor t_id="152"/>
<token_anchor t_id="153"/>
<token_anchor t_id="154"/>
<token_anchor t_id="155"/>
<token_anchor t_id="156"/>
<token_anchor t_id="157"/>
<token_anchor t_id="158"/>
<token_anchor t_id="159"/>
<token_anchor t_id="160"/>
<token_anchor t_id="161"/>
<token_anchor t_id="162"/>
<token_anchor t_id="163"/>
<token_anchor t_id="164"/>
<token_anchor t_id="165"/>
<token_anchor t_id="166"/>
<token_anchor t_id="167"/>
</NARRATIVE>
<NARRATIVE m_id="12" Level="Primary" comment="" conversational-direct="FALSE" conversational-reported="TRUE"  >
<token_anchor t_id="168"/>
<token_anchor t_id="169"/>
<token_anchor t_id="170"/>
<token_anchor t_id="171"/>
<token_anchor t_id="172"/>
<token_anchor t_id="173"/>
<token_anchor t_id="174"/>
<token_anchor t_id="175"/>
<token_anchor t_id="176"/>
<token_anchor t_id="177"/>
<token_anchor t_id="178"/>
</NARRATIVE>
<NARRATIVE m_id="13" Level="Primary" comment="" conversational-direct="FALSE" conversational-reported="TRUE"  >
<token_anchor t_id="179"/>
<token_anchor t_id="180"/>
<token_anchor t_id="181"/>
<token_anchor t_id="182"/>
<token_anchor t_id="183"/>
<token_anchor t_id="184"/>
<token_anchor t_id="185"/>
<token_anchor t_id="186"/>
<token_anchor t_id="187"/>
<token_anchor t_id="188"/>
</NARRATIVE>
<NARRATIVE m_id="14" Level="Primary" comment="" conversational-direct="FALSE" conversational-reported="FALSE"  >
<token_anchor t_id="189"/>
<token_anchor t_id="190"/>
<token_anchor t_id="191"/>
<token_anchor t_id="192"/>
</NARRATIVE>
<NARRATIVE m_id="15" Level="Primary" comment="" conversational-direct="FALSE" conversational-reported="FALSE"  >
<token_anchor t_id="193"/>
<token_anchor t_id="194"/>
<token_anchor t_id="195"/>
<token_anchor t_id="196"/>
<token_anchor t_id="197"/>
<token_anchor t_id="198"/>
<token_anchor t_id="199"/>
<token_anchor t_id="200"/>
<token_anchor t_id="201"/>
<token_anchor t_id="202"/>
<token_anchor t_id="203"/>
<token_anchor t_id="204"/>
<token_anchor t_id="205"/>
<token_anchor t_id="206"/>
</NARRATIVE>
<NARRATIVE m_id="16" Level="Primary" comment="" conversational-direct="FALSE" conversational-reported="FALSE"  >
<token_anchor t_id="207"/>
<token_anchor t_id="208"/>
<token_anchor t_id="209"/>
<token_anchor t_id="210"/>
<token_anchor t_id="211"/>
<token_anchor t_id="212"/>
<token_anchor t_id="213"/>
<token_anchor t_id="214"/>
</NARRATIVE>
<NARRATIVE m_id="1" Level="Primary" comment="" conversational-direct="FALSE" conversational-reported="FALSE"  >
<token_anchor t_id="1"/>
<token_anchor t_id="2"/>
<token_anchor t_id="3"/>
<token_anchor t_id="4"/>
<token_anchor t_id="5"/>
<token_anchor t_id="6"/>
</NARRATIVE>
<NARRATIVE m_id="2" Level="Primary" comment="" conversational-direct="FALSE" conversational-reported="TRUE"  >
<token_anchor t_id="7"/>
<token_anchor t_id="8"/>
<token_anchor t_id="9"/>
<token_anchor t_id="10"/>
<token_anchor t_id="11"/>
<token_anchor t_id="12"/>
<token_anchor t_id="13"/>
<token_anchor t_id="14"/>
</NARRATIVE>
<NARRATIVE m_id="3" Level="Primary" comment="" conversational-direct="FALSE" conversational-reported="TRUE"  >
<token_anchor t_id="15"/>
<token_anchor t_id="16"/>
<token_anchor t_id="17"/>
<token_anchor t_id="18"/>
<token_anchor t_id="19"/>
<token_anchor t_id="20"/>
<token_anchor t_id="21"/>
<token_anchor t_id="22"/>
</NARRATIVE>
<NARRATIVE m_id="4" Level="Primary" comment="" conversational-direct="FALSE" conversational-reported="TRUE"  >
<token_anchor t_id="23"/>
<token_anchor t_id="24"/>
<token_anchor t_id="25"/>
<token_anchor t_id="26"/>
<token_anchor t_id="27"/>
<token_anchor t_id="28"/>
<token_anchor t_id="29"/>
</NARRATIVE>
<NARRATIVE m_id="5" Level="Primary" comment="" conversational-direct="FALSE" conversational-reported="FALSE"  >
<token_anchor t_id="30"/>
<token_anchor t_id="31"/>
<token_anchor t_id="32"/>
<token_anchor t_id="33"/>
<token_anchor t_id="34"/>
</NARRATIVE>
<NARRATIVE m_id="6" Level="Primary" comment="" conversational-direct="FALSE" conversational-reported="TRUE"  >
<token_anchor t_id="35"/>
<token_anchor t_id="36"/>
<token_anchor t_id="37"/>
<token_anchor t_id="38"/>
<token_anchor t_id="39"/>
<token_anchor t_id="40"/>
<token_anchor t_id="41"/>
<token_anchor t_id="42"/>
<token_anchor t_id="43"/>
<token_anchor t_id="44"/>
<token_anchor t_id="45"/>
<token_anchor t_id="46"/>
<token_anchor t_id="47"/>
<token_anchor t_id="48"/>
<token_anchor t_id="49"/>
<token_anchor t_id="50"/>
<token_anchor t_id="51"/>
<token_anchor t_id="52"/>
<token_anchor t_id="53"/>
<token_anchor t_id="54"/>
<token_anchor t_id="55"/>
<token_anchor t_id="56"/>
<token_anchor t_id="57"/>
<token_anchor t_id="58"/>
<token_anchor t_id="59"/>
<token_anchor t_id="60"/>
<token_anchor t_id="61"/>
<token_anchor t_id="62"/>
<token_anchor t_id="63"/>
<token_anchor t_id="64"/>
<token_anchor t_id="65"/>
<token_anchor t_id="66"/>
<token_anchor t_id="67"/>
<token_anchor t_id="68"/>
<token_anchor t_id="69"/>
<token_anchor t_id="70"/>
<token_anchor t_id="71"/>
<token_anchor t_id="72"/>
<token_anchor t_id="73"/>
</NARRATIVE>


</Markables>

<Relations>
</Relations>
</Document>
