<Document doc_name="news_wsj_1640.mrg-NEW.txt">
<token t_id="1" sentence="0" number="0">Electronic</token>
<token t_id="2" sentence="0" number="1">theft</token>
<token t_id="3" sentence="0" number="2">by</token>
<token t_id="4" sentence="0" number="3">foreign</token>
<token t_id="5" sentence="0" number="4">and</token>
<token t_id="6" sentence="0" number="5">industrial</token>
<token t_id="7" sentence="0" number="6">spies</token>
<token t_id="8" sentence="0" number="7">and</token>
<token t_id="9" sentence="0" number="8">disgruntled</token>
<token t_id="10" sentence="0" number="9">employees</token>
<token t_id="11" sentence="0" number="10">is</token>
<token t_id="12" sentence="0" number="11">costing</token>
<token t_id="13" sentence="0" number="12">U</token>
<token t_id="14" sentence="0" number="13">.</token>
<token t_id="15" sentence="0" number="14">S</token>
<token t_id="16" sentence="0" number="15">.</token>
<token t_id="17" sentence="0" number="16">companies</token>
<token t_id="18" sentence="0" number="17">billions</token>
<token t_id="19" sentence="0" number="18">and</token>
<token t_id="20" sentence="0" number="19">eroding</token>
<token t_id="21" sentence="0" number="20">their</token>
<token t_id="22" sentence="0" number="21">international</token>
<token t_id="23" sentence="0" number="22">competitive</token>
<token t_id="24" sentence="0" number="23">advantage</token>
<token t_id="25" sentence="0" number="24">.</token>
<token t_id="26" sentence="1" number="0">That</token>
<token t_id="27" sentence="1" number="1">was</token>
<token t_id="28" sentence="1" number="2">the</token>
<token t_id="29" sentence="1" number="3">message</token>
<token t_id="30" sentence="1" number="4">delivered</token>
<token t_id="31" sentence="1" number="5">by</token>
<token t_id="32" sentence="1" number="6">government</token>
<token t_id="33" sentence="1" number="7">and</token>
<token t_id="34" sentence="1" number="8">private</token>
<token t_id="35" sentence="1" number="9">security</token>
<token t_id="36" sentence="1" number="10">experts</token>
<token t_id="37" sentence="1" number="11">at</token>
<token t_id="38" sentence="1" number="12">an</token>
<token t_id="39" sentence="1" number="13">all</token>
<token t_id="40" sentence="1" number="14">-</token>
<token t_id="41" sentence="1" number="15">day</token>
<token t_id="42" sentence="1" number="16">conference</token>
<token t_id="43" sentence="1" number="17">on</token>
<token t_id="44" sentence="1" number="18">corporate</token>
<token t_id="45" sentence="1" number="19">electronic</token>
<token t_id="46" sentence="1" number="20">espionage</token>
<token t_id="47" sentence="1" number="21">.</token>
<token t_id="48" sentence="2" number="0">"Hostile</token>
<token t_id="49" sentence="2" number="1">and</token>
<token t_id="50" sentence="2" number="2">even</token>
<token t_id="51" sentence="2" number="3">friendly</token>
<token t_id="52" sentence="2" number="4">nations</token>
<token t_id="53" sentence="2" number="5">routinely</token>
<token t_id="54" sentence="2" number="6">steal</token>
<token t_id="55" sentence="2" number="7">information</token>
<token t_id="56" sentence="2" number="8">from</token>
<token t_id="57" sentence="2" number="9">U</token>
<token t_id="58" sentence="2" number="10">.</token>
<token t_id="59" sentence="2" number="11">S</token>
<token t_id="60" sentence="2" number="12">.</token>
<token t_id="61" sentence="2" number="13">companies</token>
<token t_id="62" sentence="2" number="14">and</token>
<token t_id="63" sentence="2" number="15">share</token>
<token t_id="64" sentence="2" number="16">it</token>
<token t_id="65" sentence="2" number="17">with</token>
<token t_id="66" sentence="2" number="18">their</token>
<token t_id="67" sentence="2" number="19">own</token>
<token t_id="68" sentence="2" number="20">companies</token>
<token t_id="69" sentence="2" number="21">,</token>
<token t_id="70" sentence="2" number="22">"</token>
<token t_id="71" sentence="2" number="23">said</token>
<token t_id="72" sentence="2" number="24">Noel</token>
<token t_id="73" sentence="2" number="25">D</token>
<token t_id="74" sentence="2" number="26">.</token>
<token t_id="75" sentence="2" number="27">Matchett</token>
<token t_id="76" sentence="2" number="28">,</token>
<token t_id="77" sentence="2" number="29">a</token>
<token t_id="78" sentence="2" number="30">former</token>
<token t_id="79" sentence="2" number="31">staffer</token>
<token t_id="80" sentence="2" number="32">at</token>
<token t_id="81" sentence="2" number="33">the</token>
<token t_id="82" sentence="2" number="34">federal</token>
<token t_id="83" sentence="2" number="35">National</token>
<token t_id="84" sentence="2" number="36">Security</token>
<token t_id="85" sentence="2" number="37">Agency</token>
<token t_id="86" sentence="2" number="38">and</token>
<token t_id="87" sentence="2" number="39">now</token>
<token t_id="88" sentence="2" number="40">president</token>
<token t_id="89" sentence="2" number="41">of</token>
<token t_id="90" sentence="2" number="42">Information</token>
<token t_id="91" sentence="2" number="43">Security</token>
<token t_id="92" sentence="2" number="44">Inc</token>
<token t_id="93" sentence="2" number="45">.</token>
<token t_id="94" sentence="2" number="46">,</token>
<token t_id="95" sentence="2" number="47">Silver</token>
<token t_id="96" sentence="2" number="48">Spring</token>
<token t_id="97" sentence="2" number="49">,</token>
<token t_id="98" sentence="2" number="50">Md</token>
<token t_id="99" sentence="2" number="51">.</token>
<token t_id="100" sentence="3" number="0">It</token>
<token t_id="101" sentence="3" number="1">"may</token>
<token t_id="102" sentence="3" number="2">well</token>
<token t_id="103" sentence="3" number="3">be"</token>
<token t_id="104" sentence="3" number="4">that</token>
<token t_id="105" sentence="3" number="5">theft</token>
<token t_id="106" sentence="3" number="6">of</token>
<token t_id="107" sentence="3" number="7">business</token>
<token t_id="108" sentence="3" number="8">data</token>
<token t_id="109" sentence="3" number="9">is</token>
<token t_id="110" sentence="3" number="10">"as</token>
<token t_id="111" sentence="3" number="11">serious</token>
<token t_id="112" sentence="3" number="12">a</token>
<token t_id="113" sentence="3" number="13">strategic</token>
<token t_id="114" sentence="3" number="14">threat</token>
<token t_id="115" sentence="3" number="15">to</token>
<token t_id="116" sentence="3" number="16">national</token>
<token t_id="117" sentence="3" number="17">security"</token>
<token t_id="118" sentence="3" number="18">as</token>
<token t_id="119" sentence="3" number="19">it</token>
<token t_id="120" sentence="3" number="20">is</token>
<token t_id="121" sentence="3" number="21">a</token>
<token t_id="122" sentence="3" number="22">threat</token>
<token t_id="123" sentence="3" number="23">to</token>
<token t_id="124" sentence="3" number="24">the</token>
<token t_id="125" sentence="3" number="25">survival</token>
<token t_id="126" sentence="3" number="26">of</token>
<token t_id="127" sentence="3" number="27">victimized</token>
<token t_id="128" sentence="3" number="28">U</token>
<token t_id="129" sentence="3" number="29">.</token>
<token t_id="130" sentence="3" number="30">S</token>
<token t_id="131" sentence="3" number="31">.</token>
<token t_id="132" sentence="3" number="32">firms</token>
<token t_id="133" sentence="3" number="33">,</token>
<token t_id="134" sentence="3" number="34">said</token>
<token t_id="135" sentence="3" number="35">Michelle</token>
<token t_id="136" sentence="3" number="36">Van</token>
<token t_id="137" sentence="3" number="37">Cleave</token>
<token t_id="138" sentence="3" number="38">,</token>
<token t_id="139" sentence="3" number="39">the</token>
<token t_id="140" sentence="3" number="40">White</token>
<token t_id="141" sentence="3" number="41">House's</token>
<token t_id="142" sentence="3" number="42">assistant</token>
<token t_id="143" sentence="3" number="43">director</token>
<token t_id="144" sentence="3" number="44">for</token>
<token t_id="145" sentence="3" number="45">National</token>
<token t_id="146" sentence="3" number="46">Security</token>
<token t_id="147" sentence="3" number="47">Affairs</token>
<token t_id="148" sentence="3" number="48">.</token>
<token t_id="149" sentence="4" number="0">The</token>
<token t_id="150" sentence="4" number="1">conference</token>
<token t_id="151" sentence="4" number="2">was</token>
<token t_id="152" sentence="4" number="3">jointly</token>
<token t_id="153" sentence="4" number="4">sponsored</token>
<token t_id="154" sentence="4" number="5">by</token>
<token t_id="155" sentence="4" number="6">the</token>
<token t_id="156" sentence="4" number="7">New</token>
<token t_id="157" sentence="4" number="8">York</token>
<token t_id="158" sentence="4" number="9">Institute</token>
<token t_id="159" sentence="4" number="10">of</token>
<token t_id="160" sentence="4" number="11">Technology</token>
<token t_id="161" sentence="4" number="12">School</token>
<token t_id="162" sentence="4" number="13">of</token>
<token t_id="163" sentence="4" number="14">Management</token>
<token t_id="164" sentence="4" number="15">and</token>
<token t_id="165" sentence="4" number="16">the</token>
<token t_id="166" sentence="4" number="17">Armed</token>
<token t_id="167" sentence="4" number="18">Forces</token>
<token t_id="168" sentence="4" number="19">Communications</token>
<token t_id="169" sentence="4" number="20">and</token>
<token t_id="170" sentence="4" number="21">Electronics</token>
<token t_id="171" sentence="4" number="22">Association</token>
<token t_id="172" sentence="4" number="23">,</token>
<token t_id="173" sentence="4" number="24">a</token>
<token t_id="174" sentence="4" number="25">joint</token>
<token t_id="175" sentence="4" number="26">industry</token>
<token t_id="176" sentence="4" number="27">-</token>
<token t_id="177" sentence="4" number="28">government</token>
<token t_id="178" sentence="4" number="29">trade</token>
<token t_id="179" sentence="4" number="30">group</token>
<token t_id="180" sentence="4" number="31">.</token>
<token t_id="181" sentence="5" number="0">Any</token>
<token t_id="182" sentence="5" number="1">secret</token>
<token t_id="183" sentence="5" number="2">can</token>
<token t_id="184" sentence="5" number="3">be</token>
<token t_id="185" sentence="5" number="4">pirated</token>
<token t_id="186" sentence="5" number="5">,</token>
<token t_id="187" sentence="5" number="6">the</token>
<token t_id="188" sentence="5" number="7">experts</token>
<token t_id="189" sentence="5" number="8">said</token>
<token t_id="190" sentence="5" number="9">,</token>
<token t_id="191" sentence="5" number="10">if</token>
<token t_id="192" sentence="5" number="11">it</token>
<token t_id="193" sentence="5" number="12">is</token>
<token t_id="194" sentence="5" number="13">transmitted</token>
<token t_id="195" sentence="5" number="14">over</token>
<token t_id="196" sentence="5" number="15">the</token>
<token t_id="197" sentence="5" number="16">air</token>
<token t_id="198" sentence="5" number="17">.</token>
<token t_id="199" sentence="6" number="0">Even</token>
<token t_id="200" sentence="6" number="1">rank</token>
<token t_id="201" sentence="6" number="2">amateurs</token>
<token t_id="202" sentence="6" number="3">can</token>
<token t_id="203" sentence="6" number="4">do</token>
<token t_id="204" sentence="6" number="5">it</token>
<token t_id="205" sentence="6" number="6">if</token>
<token t_id="206" sentence="6" number="7">they</token>
<token t_id="207" sentence="6" number="8">spend</token>
<token t_id="208" sentence="6" number="9">a</token>
<token t_id="209" sentence="6" number="10">few</token>
<token t_id="210" sentence="6" number="11">thousand</token>
<token t_id="211" sentence="6" number="12">dollars</token>
<token t_id="212" sentence="6" number="13">for</token>
<token t_id="213" sentence="6" number="14">a</token>
<token t_id="214" sentence="6" number="15">commercially</token>
<token t_id="215" sentence="6" number="16">available</token>
<token t_id="216" sentence="6" number="17">microwave</token>
<token t_id="217" sentence="6" number="18">receiver</token>
<token t_id="218" sentence="6" number="19">with</token>
<token t_id="219" sentence="6" number="20">amplifier</token>
<token t_id="220" sentence="6" number="21">and</token>
<token t_id="221" sentence="6" number="22">a</token>
<token t_id="222" sentence="6" number="23">VCR</token>
<token t_id="223" sentence="6" number="24">recorder</token>
<token t_id="224" sentence="6" number="25">.</token>
<token t_id="225" sentence="7" number="0">They</token>
<token t_id="226" sentence="7" number="1">need</token>
<token t_id="227" sentence="7" number="2">only</token>
<token t_id="228" sentence="7" number="3">position</token>
<token t_id="229" sentence="7" number="4">themselves</token>
<token t_id="230" sentence="7" number="5">near</token>
<token t_id="231" sentence="7" number="6">a</token>
<token t_id="232" sentence="7" number="7">company's</token>
<token t_id="233" sentence="7" number="8">satellite</token>
<token t_id="234" sentence="7" number="9">dish</token>
<token t_id="235" sentence="7" number="10">and</token>
<token t_id="236" sentence="7" number="11">wait</token>
<token t_id="237" sentence="7" number="12">.</token>
<token t_id="238" sentence="8" number="0">"You</token>
<token t_id="239" sentence="8" number="1">can</token>
<token t_id="240" sentence="8" number="2">have</token>
<token t_id="241" sentence="8" number="3">a</token>
<token t_id="242" sentence="8" number="4">dozen</token>
<token t_id="243" sentence="8" number="5">competitors</token>
<token t_id="244" sentence="8" number="6">stealing</token>
<token t_id="245" sentence="8" number="7">your</token>
<token t_id="246" sentence="8" number="8">secrets</token>
<token t_id="247" sentence="8" number="9">at</token>
<token t_id="248" sentence="8" number="10">the</token>
<token t_id="249" sentence="8" number="11">same</token>
<token t_id="250" sentence="8" number="12">time</token>
<token t_id="251" sentence="8" number="13">,</token>
<token t_id="252" sentence="8" number="14">"</token>
<token t_id="253" sentence="8" number="15">Mr</token>
<token t_id="254" sentence="8" number="16">.</token>
<token t_id="255" sentence="8" number="17">Matchett</token>
<token t_id="256" sentence="8" number="18">said</token>
<token t_id="257" sentence="8" number="19">,</token>
<token t_id="258" sentence="8" number="20">adding</token>
<token t_id="259" sentence="8" number="21">:</token>
<token t_id="260" sentence="8" number="22">"It's</token>
<token t_id="261" sentence="8" number="23">a</token>
<token t_id="262" sentence="8" number="24">pretty</token>
<token t_id="263" sentence="8" number="25">good</token>
<token t_id="264" sentence="8" number="26">bet</token>
<token t_id="265" sentence="8" number="27">they</token>
<token t_id="266" sentence="8" number="28">won't</token>
<token t_id="267" sentence="8" number="29">get</token>
<token t_id="268" sentence="8" number="30">caught</token>
<token t_id="269" sentence="8" number="31">.</token>
<token t_id="270" sentence="8" number="32">"</token>
<token t_id="271" sentence="9" number="0">The</token>
<token t_id="272" sentence="9" number="1">only</token>
<token t_id="273" sentence="9" number="2">way</token>
<token t_id="274" sentence="9" number="3">to</token>
<token t_id="275" sentence="9" number="4">catch</token>
<token t_id="276" sentence="9" number="5">an</token>
<token t_id="277" sentence="9" number="6">electronic</token>
<token t_id="278" sentence="9" number="7">thief</token>
<token t_id="279" sentence="9" number="8">,</token>
<token t_id="280" sentence="9" number="9">he</token>
<token t_id="281" sentence="9" number="10">said</token>
<token t_id="282" sentence="9" number="11">,</token>
<token t_id="283" sentence="9" number="12">is</token>
<token t_id="284" sentence="9" number="13">to</token>
<token t_id="285" sentence="9" number="14">set</token>
<token t_id="286" sentence="9" number="15">him</token>
<token t_id="287" sentence="9" number="16">up</token>
<token t_id="288" sentence="9" number="17">with</token>
<token t_id="289" sentence="9" number="18">erroneous</token>
<token t_id="290" sentence="9" number="19">information</token>
<token t_id="291" sentence="9" number="20">.</token>
<token t_id="292" sentence="10" number="0">Even</token>
<token t_id="293" sentence="10" number="1">though</token>
<token t_id="294" sentence="10" number="2">electronic</token>
<token t_id="295" sentence="10" number="3">espionage</token>
<token t_id="296" sentence="10" number="4">may</token>
<token t_id="297" sentence="10" number="5">cost</token>
<token t_id="298" sentence="10" number="6">U</token>
<token t_id="299" sentence="10" number="7">.</token>
<token t_id="300" sentence="10" number="8">S</token>
<token t_id="301" sentence="10" number="9">.</token>
<token t_id="302" sentence="10" number="10">firms</token>
<token t_id="303" sentence="10" number="11">billions</token>
<token t_id="304" sentence="10" number="12">of</token>
<token t_id="305" sentence="10" number="13">dollars</token>
<token t_id="306" sentence="10" number="14">a</token>
<token t_id="307" sentence="10" number="15">year</token>
<token t_id="308" sentence="10" number="16">,</token>
<token t_id="309" sentence="10" number="17">most</token>
<token t_id="310" sentence="10" number="18">aren't</token>
<token t_id="311" sentence="10" number="19">yet</token>
<token t_id="312" sentence="10" number="20">taking</token>
<token t_id="313" sentence="10" number="21">precautions</token>
<token t_id="314" sentence="10" number="22">,</token>
<token t_id="315" sentence="10" number="23">the</token>
<token t_id="316" sentence="10" number="24">experts</token>
<token t_id="317" sentence="10" number="25">said</token>
<token t_id="318" sentence="10" number="26">.</token>
<token t_id="319" sentence="11" number="0">By</token>
<token t_id="320" sentence="11" number="1">contrast</token>
<token t_id="321" sentence="11" number="2">,</token>
<token t_id="322" sentence="11" number="3">European</token>
<token t_id="323" sentence="11" number="4">firms</token>
<token t_id="324" sentence="11" number="5">will</token>
<token t_id="325" sentence="11" number="6">spend</token>
<token t_id="326" sentence="11" number="7">$150</token>
<token t_id="327" sentence="11" number="8">million</token>
<token t_id="328" sentence="11" number="9">this</token>
<token t_id="329" sentence="11" number="10">year</token>
<token t_id="330" sentence="11" number="11">on</token>
<token t_id="331" sentence="11" number="12">electronic</token>
<token t_id="332" sentence="11" number="13">security</token>
<token t_id="333" sentence="11" number="14">,</token>
<token t_id="334" sentence="11" number="15">and</token>
<token t_id="335" sentence="11" number="16">are</token>
<token t_id="336" sentence="11" number="17">expected</token>
<token t_id="337" sentence="11" number="18">to</token>
<token t_id="338" sentence="11" number="19">spend</token>
<token t_id="339" sentence="11" number="20">$1</token>
<token t_id="340" sentence="11" number="21">billion</token>
<token t_id="341" sentence="11" number="22">by</token>
<token t_id="342" sentence="11" number="23">1992</token>
<token t_id="343" sentence="11" number="24">.</token>
<token t_id="344" sentence="12" number="0">Already</token>
<token t_id="345" sentence="12" number="1">many</token>
<token t_id="346" sentence="12" number="2">foreign</token>
<token t_id="347" sentence="12" number="3">firms</token>
<token t_id="348" sentence="12" number="4">,</token>
<token t_id="349" sentence="12" number="5">especially</token>
<token t_id="350" sentence="12" number="6">banks</token>
<token t_id="351" sentence="12" number="7">,</token>
<token t_id="352" sentence="12" number="8">have</token>
<token t_id="353" sentence="12" number="9">their</token>
<token t_id="354" sentence="12" number="10">own</token>
<token t_id="355" sentence="12" number="11">cryptographers</token>
<token t_id="356" sentence="12" number="12">,</token>
<token t_id="357" sentence="12" number="13">conference</token>
<token t_id="358" sentence="12" number="14">speakers</token>
<token t_id="359" sentence="12" number="15">reported</token>
<token t_id="360" sentence="12" number="16">.</token>
<token t_id="361" sentence="13" number="0">Still</token>
<token t_id="362" sentence="13" number="1">,</token>
<token t_id="363" sentence="13" number="2">encrypting</token>
<token t_id="364" sentence="13" number="3">corporate</token>
<token t_id="365" sentence="13" number="4">communications</token>
<token t_id="366" sentence="13" number="5">is</token>
<token t_id="367" sentence="13" number="6">only</token>
<token t_id="368" sentence="13" number="7">a</token>
<token t_id="369" sentence="13" number="8">partial</token>
<token t_id="370" sentence="13" number="9">remedy</token>
<token t_id="371" sentence="13" number="10">.</token>
<token t_id="372" sentence="14" number="0">One</token>
<token t_id="373" sentence="14" number="1">expert</token>
<token t_id="374" sentence="14" number="2">,</token>
<token t_id="375" sentence="14" number="3">whose</token>
<token t_id="376" sentence="14" number="4">job</token>
<token t_id="377" sentence="14" number="5">is</token>
<token t_id="378" sentence="14" number="6">so</token>
<token t_id="379" sentence="14" number="7">politically</token>
<token t_id="380" sentence="14" number="8">sensitive</token>
<token t_id="381" sentence="14" number="9">that</token>
<token t_id="382" sentence="14" number="10">he</token>
<token t_id="383" sentence="14" number="11">spoke</token>
<token t_id="384" sentence="14" number="12">on</token>
<token t_id="385" sentence="14" number="13">condition</token>
<token t_id="386" sentence="14" number="14">that</token>
<token t_id="387" sentence="14" number="15">he</token>
<token t_id="388" sentence="14" number="16">wouldn't</token>
<token t_id="389" sentence="14" number="17">be</token>
<token t_id="390" sentence="14" number="18">named</token>
<token t_id="391" sentence="14" number="19">or</token>
<token t_id="392" sentence="14" number="20">quoted</token>
<token t_id="393" sentence="14" number="21">,</token>
<token t_id="394" sentence="14" number="22">said</token>
<token t_id="395" sentence="14" number="23">the</token>
<token t_id="396" sentence="14" number="24">expected</token>
<token t_id="397" sentence="14" number="25">influx</token>
<token t_id="398" sentence="14" number="26">of</token>
<token t_id="399" sentence="14" number="27">East</token>
<token t_id="400" sentence="14" number="28">European</token>
<token t_id="401" sentence="14" number="29">refugees</token>
<token t_id="402" sentence="14" number="30">over</token>
<token t_id="403" sentence="14" number="31">the</token>
<token t_id="404" sentence="14" number="32">next</token>
<token t_id="405" sentence="14" number="33">few</token>
<token t_id="406" sentence="14" number="34">years</token>
<token t_id="407" sentence="14" number="35">will</token>
<token t_id="408" sentence="14" number="36">greatly</token>
<token t_id="409" sentence="14" number="37">increase</token>
<token t_id="410" sentence="14" number="38">the</token>
<token t_id="411" sentence="14" number="39">chances</token>
<token t_id="412" sentence="14" number="40">of</token>
<token t_id="413" sentence="14" number="41">computer</token>
<token t_id="414" sentence="14" number="42">-</token>
<token t_id="415" sentence="14" number="43">maintenance</token>
<token t_id="416" sentence="14" number="44">workers</token>
<token t_id="417" sentence="14" number="45">,</token>
<token t_id="418" sentence="14" number="46">for</token>
<token t_id="419" sentence="14" number="47">example</token>
<token t_id="420" sentence="14" number="48">,</token>
<token t_id="421" sentence="14" number="49">doubling</token>
<token t_id="422" sentence="14" number="50">as</token>
<token t_id="423" sentence="14" number="51">foreign</token>
<token t_id="424" sentence="14" number="52">spies</token>
<token t_id="425" sentence="14" number="53">.</token>
<token t_id="426" sentence="15" number="0">Moreover</token>
<token t_id="427" sentence="15" number="1">,</token>
<token t_id="428" sentence="15" number="2">he</token>
<token t_id="429" sentence="15" number="3">said</token>
<token t_id="430" sentence="15" number="4">,</token>
<token t_id="431" sentence="15" number="5">technology</token>
<token t_id="432" sentence="15" number="6">now</token>
<token t_id="433" sentence="15" number="7">exists</token>
<token t_id="434" sentence="15" number="8">for</token>
<token t_id="435" sentence="15" number="9">stealing</token>
<token t_id="436" sentence="15" number="10">corporate</token>
<token t_id="437" sentence="15" number="11">secrets</token>
<token t_id="438" sentence="15" number="12">after</token>
<token t_id="439" sentence="15" number="13">they've</token>
<token t_id="440" sentence="15" number="14">been</token>
<token t_id="441" sentence="15" number="15">"erased"</token>
<token t_id="442" sentence="15" number="16">from</token>
<token t_id="443" sentence="15" number="17">a</token>
<token t_id="444" sentence="15" number="18">computer's</token>
<token t_id="445" sentence="15" number="19">memory</token>
<token t_id="446" sentence="15" number="20">.</token>
<token t_id="447" sentence="16" number="0">He</token>
<token t_id="448" sentence="16" number="1">said</token>
<token t_id="449" sentence="16" number="2">that</token>
<token t_id="450" sentence="16" number="3">Oliver</token>
<token t_id="451" sentence="16" number="4">North</token>
<token t_id="452" sentence="16" number="5">of</token>
<token t_id="453" sentence="16" number="6">Iran</token>
<token t_id="454" sentence="16" number="7">-</token>
<token t_id="455" sentence="16" number="8">Contra</token>
<token t_id="456" sentence="16" number="9">notoriety</token>
<token t_id="457" sentence="16" number="10">thought</token>
<token t_id="458" sentence="16" number="11">he</token>
<token t_id="459" sentence="16" number="12">had</token>
<token t_id="460" sentence="16" number="13">erased</token>
<token t_id="461" sentence="16" number="14">his</token>
<token t_id="462" sentence="16" number="15">computer</token>
<token t_id="463" sentence="16" number="16">but</token>
<token t_id="464" sentence="16" number="17">that</token>
<token t_id="465" sentence="16" number="18">the</token>
<token t_id="466" sentence="16" number="19">information</token>
<token t_id="467" sentence="16" number="20">was</token>
<token t_id="468" sentence="16" number="21">later</token>
<token t_id="469" sentence="16" number="22">retrieved</token>
<token t_id="470" sentence="16" number="23">for</token>
<token t_id="471" sentence="16" number="24">congressional</token>
<token t_id="472" sentence="16" number="25">committees</token>
<token t_id="473" sentence="16" number="26">to</token>
<token t_id="474" sentence="16" number="27">read</token>
<token t_id="475" sentence="16" number="28">.</token>
<token t_id="476" sentence="17" number="0">No</token>
<token t_id="477" sentence="17" number="1">personal</token>
<token t_id="478" sentence="17" number="2">computer</token>
<token t_id="479" sentence="17" number="3">,</token>
<token t_id="480" sentence="17" number="4">not</token>
<token t_id="481" sentence="17" number="5">even</token>
<token t_id="482" sentence="17" number="6">the</token>
<token t_id="483" sentence="17" number="7">one</token>
<token t_id="484" sentence="17" number="8">on</token>
<token t_id="485" sentence="17" number="9">a</token>
<token t_id="486" sentence="17" number="10">chief</token>
<token t_id="487" sentence="17" number="11">executive's</token>
<token t_id="488" sentence="17" number="12">desk</token>
<token t_id="489" sentence="17" number="13">,</token>
<token t_id="490" sentence="17" number="14">is</token>
<token t_id="491" sentence="17" number="15">safe</token>
<token t_id="492" sentence="17" number="16">,</token>
<token t_id="493" sentence="17" number="17">this</token>
<token t_id="494" sentence="17" number="18">speaker</token>
<token t_id="495" sentence="17" number="19">noted</token>
<token t_id="496" sentence="17" number="20">.</token>
<token t_id="497" sentence="18" number="0">W</token>
<token t_id="498" sentence="18" number="1">.</token>
<token t_id="499" sentence="18" number="2">Mark</token>
<token t_id="500" sentence="18" number="3">Goode</token>
<token t_id="501" sentence="18" number="4">,</token>
<token t_id="502" sentence="18" number="5">president</token>
<token t_id="503" sentence="18" number="6">of</token>
<token t_id="504" sentence="18" number="7">Micronyx</token>
<token t_id="505" sentence="18" number="8">Inc</token>
<token t_id="506" sentence="18" number="9">.</token>
<token t_id="507" sentence="18" number="10">,</token>
<token t_id="508" sentence="18" number="11">a</token>
<token t_id="509" sentence="18" number="12">Richardson</token>
<token t_id="510" sentence="18" number="13">,</token>
<token t_id="511" sentence="18" number="14">Texas</token>
<token t_id="512" sentence="18" number="15">,</token>
<token t_id="513" sentence="18" number="16">firm</token>
<token t_id="514" sentence="18" number="17">that</token>
<token t_id="515" sentence="18" number="18">makes</token>
<token t_id="516" sentence="18" number="19">computer</token>
<token t_id="517" sentence="18" number="20">-</token>
<token t_id="518" sentence="18" number="21">security</token>
<token t_id="519" sentence="18" number="22">products</token>
<token t_id="520" sentence="18" number="23">,</token>
<token t_id="521" sentence="18" number="24">provided</token>
<token t_id="522" sentence="18" number="25">a</token>
<token t_id="523" sentence="18" number="26">new</token>
<token t_id="524" sentence="18" number="27">definition</token>
<token t_id="525" sentence="18" number="28">for</token>
<token t_id="526" sentence="18" number="29">Mikhail</token>
<token t_id="527" sentence="18" number="30">Gorbachev's</token>
<token t_id="528" sentence="18" number="31">campaign</token>
<token t_id="529" sentence="18" number="32">for</token>
<token t_id="530" sentence="18" number="33">greater</token>
<token t_id="531" sentence="18" number="34">openness</token>
<token t_id="532" sentence="18" number="35">,</token>
<token t_id="533" sentence="18" number="36">known</token>
<token t_id="534" sentence="18" number="37">commonly</token>
<token t_id="535" sentence="18" number="38">as</token>
<token t_id="536" sentence="18" number="39">glasnost</token>
<token t_id="537" sentence="18" number="40">.</token>
<token t_id="538" sentence="19" number="0">Under</token>
<token t_id="539" sentence="19" number="1">Mr</token>
<token t_id="540" sentence="19" number="2">.</token>
<token t_id="541" sentence="19" number="3">Gorbachev</token>
<token t_id="542" sentence="19" number="4">,</token>
<token t_id="543" sentence="19" number="5">Mr</token>
<token t_id="544" sentence="19" number="6">.</token>
<token t_id="545" sentence="19" number="7">Goode</token>
<token t_id="546" sentence="19" number="8">said</token>
<token t_id="547" sentence="19" number="9">,</token>
<token t_id="548" sentence="19" number="10">the</token>
<token t_id="549" sentence="19" number="11">Soviets</token>
<token t_id="550" sentence="19" number="12">are</token>
<token t_id="551" sentence="19" number="13">openly</token>
<token t_id="552" sentence="19" number="14">stealing</token>
<token t_id="553" sentence="19" number="15">Western</token>
<token t_id="554" sentence="19" number="16">corporate</token>
<token t_id="555" sentence="19" number="17">communications</token>
<token t_id="556" sentence="19" number="18">.</token>
<token t_id="557" sentence="20" number="0">He</token>
<token t_id="558" sentence="20" number="1">cited</token>
<token t_id="559" sentence="20" number="2">the</token>
<token t_id="560" sentence="20" number="3">case</token>
<token t_id="561" sentence="20" number="4">of</token>
<token t_id="562" sentence="20" number="5">a</token>
<token t_id="563" sentence="20" number="6">Swiss</token>
<token t_id="564" sentence="20" number="7">oil</token>
<token t_id="565" sentence="20" number="8">trader</token>
<token t_id="566" sentence="20" number="9">who</token>
<token t_id="567" sentence="20" number="10">recently</token>
<token t_id="568" sentence="20" number="11">put</token>
<token t_id="569" sentence="20" number="12">out</token>
<token t_id="570" sentence="20" number="13">bids</token>
<token t_id="571" sentence="20" number="14">via</token>
<token t_id="572" sentence="20" number="15">telex</token>
<token t_id="573" sentence="20" number="16">for</token>
<token t_id="574" sentence="20" number="17">an</token>
<token t_id="575" sentence="20" number="18">oil</token>
<token t_id="576" sentence="20" number="19">tanker</token>
<token t_id="577" sentence="20" number="20">to</token>
<token t_id="578" sentence="20" number="21">pick</token>
<token t_id="579" sentence="20" number="22">up</token>
<token t_id="580" sentence="20" number="23">a</token>
<token t_id="581" sentence="20" number="24">cargo</token>
<token t_id="582" sentence="20" number="25">of</token>
<token t_id="583" sentence="20" number="26">crude</token>
<token t_id="584" sentence="20" number="27">in</token>
<token t_id="585" sentence="20" number="28">the</token>
<token t_id="586" sentence="20" number="29">Middle</token>
<token t_id="587" sentence="20" number="30">East</token>
<token t_id="588" sentence="20" number="31">.</token>
<token t_id="589" sentence="21" number="0">Among</token>
<token t_id="590" sentence="21" number="1">the</token>
<token t_id="591" sentence="21" number="2">responses</token>
<token t_id="592" sentence="21" number="3">the</token>
<token t_id="593" sentence="21" number="4">Swiss</token>
<token t_id="594" sentence="21" number="5">trader</token>
<token t_id="595" sentence="21" number="6">got</token>
<token t_id="596" sentence="21" number="7">was</token>
<token t_id="597" sentence="21" number="8">one</token>
<token t_id="598" sentence="21" number="9">from</token>
<token t_id="599" sentence="21" number="10">the</token>
<token t_id="600" sentence="21" number="11">Soviet</token>
<token t_id="601" sentence="21" number="12">national</token>
<token t_id="602" sentence="21" number="13">shipping</token>
<token t_id="603" sentence="21" number="14">company</token>
<token t_id="604" sentence="21" number="15">,</token>
<token t_id="605" sentence="21" number="16">which</token>
<token t_id="606" sentence="21" number="17">hadn't</token>
<token t_id="607" sentence="21" number="18">been</token>
<token t_id="608" sentence="21" number="19">invited</token>
<token t_id="609" sentence="21" number="20">to</token>
<token t_id="610" sentence="21" number="21">submit</token>
<token t_id="611" sentence="21" number="22">a</token>
<token t_id="612" sentence="21" number="23">bid</token>
<token t_id="613" sentence="21" number="24">.</token>
<token t_id="614" sentence="22" number="0">The</token>
<token t_id="615" sentence="22" number="1">Soviets'</token>
<token t_id="616" sentence="22" number="2">eavesdropping</token>
<token t_id="617" sentence="22" number="3">paid</token>
<token t_id="618" sentence="22" number="4">off</token>
<token t_id="619" sentence="22" number="5">,</token>
<token t_id="620" sentence="22" number="6">however</token>
<token t_id="621" sentence="22" number="7">,</token>
<token t_id="622" sentence="22" number="8">because</token>
<token t_id="623" sentence="22" number="9">they</token>
<token t_id="624" sentence="22" number="10">got</token>
<token t_id="625" sentence="22" number="11">the</token>
<token t_id="626" sentence="22" number="12">contract</token>
<token t_id="627" sentence="22" number="13">.</token>


<Markables>
<ARGUMENTATIVE m_id="7" comment="" conversational-direct="FALSE" conversational-reported="TRUE"  >
<token_anchor t_id="100"/>
<token_anchor t_id="101"/>
<token_anchor t_id="102"/>
<token_anchor t_id="103"/>
</ARGUMENTATIVE>
<ARGUMENTATIVE m_id="8" comment="" conversational-direct="FALSE" conversational-reported="TRUE"  >
<token_anchor t_id="104"/>
<token_anchor t_id="105"/>
<token_anchor t_id="106"/>
<token_anchor t_id="107"/>
<token_anchor t_id="108"/>
<token_anchor t_id="109"/>
<token_anchor t_id="110"/>
<token_anchor t_id="111"/>
<token_anchor t_id="112"/>
<token_anchor t_id="113"/>
<token_anchor t_id="114"/>
<token_anchor t_id="115"/>
<token_anchor t_id="116"/>
<token_anchor t_id="117"/>
</ARGUMENTATIVE>
<ARGUMENTATIVE m_id="9" comment="" conversational-direct="FALSE" conversational-reported="TRUE"  >
<token_anchor t_id="118"/>
<token_anchor t_id="119"/>
<token_anchor t_id="120"/>
<token_anchor t_id="121"/>
<token_anchor t_id="122"/>
<token_anchor t_id="123"/>
<token_anchor t_id="124"/>
<token_anchor t_id="125"/>
<token_anchor t_id="126"/>
<token_anchor t_id="127"/>
<token_anchor t_id="128"/>
<token_anchor t_id="129"/>
<token_anchor t_id="130"/>
<token_anchor t_id="131"/>
<token_anchor t_id="132"/>
<token_anchor t_id="133"/>
</ARGUMENTATIVE>
<ARGUMENTATIVE m_id="42" comment="" conversational-direct="FALSE" conversational-reported="TRUE"  >
<token_anchor t_id="395"/>
<token_anchor t_id="396"/>
<token_anchor t_id="397"/>
<token_anchor t_id="398"/>
<token_anchor t_id="399"/>
<token_anchor t_id="400"/>
<token_anchor t_id="401"/>
<token_anchor t_id="402"/>
<token_anchor t_id="403"/>
<token_anchor t_id="404"/>
<token_anchor t_id="405"/>
<token_anchor t_id="406"/>
<token_anchor t_id="407"/>
<token_anchor t_id="408"/>
<token_anchor t_id="409"/>
</ARGUMENTATIVE>
<ARGUMENTATIVE m_id="43" comment="" conversational-direct="FALSE" conversational-reported="TRUE"  >
<token_anchor t_id="410"/>
<token_anchor t_id="411"/>
<token_anchor t_id="412"/>
<token_anchor t_id="413"/>
<token_anchor t_id="414"/>
<token_anchor t_id="415"/>
<token_anchor t_id="416"/>
<token_anchor t_id="417"/>
<token_anchor t_id="418"/>
<token_anchor t_id="419"/>
<token_anchor t_id="420"/>
<token_anchor t_id="421"/>
<token_anchor t_id="422"/>
<token_anchor t_id="423"/>
<token_anchor t_id="424"/>
<token_anchor t_id="425"/>
</ARGUMENTATIVE>
<ARGUMENTATIVE m_id="22" comment="" conversational-direct="TRUE" conversational-reported="FALSE"  >
<token_anchor t_id="260"/>
<token_anchor t_id="261"/>
<token_anchor t_id="262"/>
<token_anchor t_id="263"/>
<token_anchor t_id="264"/>
</ARGUMENTATIVE>
<ARGUMENTATIVE m_id="2" comment="" conversational-direct="FALSE" conversational-reported="FALSE"  >
<token_anchor t_id="19"/>
<token_anchor t_id="20"/>
<token_anchor t_id="21"/>
<token_anchor t_id="22"/>
<token_anchor t_id="23"/>
<token_anchor t_id="24"/>
<token_anchor t_id="25"/>
</ARGUMENTATIVE>
<DESCRIPTIVE m_id="55" Type="Other" comment="" conversational-direct="FALSE" conversational-reported="FALSE"  >
<token_anchor t_id="533"/>
<token_anchor t_id="534"/>
<token_anchor t_id="535"/>
<token_anchor t_id="536"/>
<token_anchor t_id="537"/>
</DESCRIPTIVE>
<DESCRIPTIVE m_id="36" Type="Person" comment="" conversational-direct="FALSE" conversational-reported="FALSE"  >
<token_anchor t_id="375"/>
<token_anchor t_id="376"/>
<token_anchor t_id="377"/>
<token_anchor t_id="378"/>
<token_anchor t_id="379"/>
<token_anchor t_id="380"/>
</DESCRIPTIVE>
<EXPOSITORY m_id="12" comment="" conversational-direct="FALSE" conversational-reported="TRUE"  >
<token_anchor t_id="181"/>
<token_anchor t_id="182"/>
<token_anchor t_id="183"/>
<token_anchor t_id="184"/>
<token_anchor t_id="185"/>
<token_anchor t_id="186"/>
</EXPOSITORY>
<EXPOSITORY m_id="13" comment="" conversational-direct="FALSE" conversational-reported="TRUE"  >
<token_anchor t_id="191"/>
<token_anchor t_id="192"/>
<token_anchor t_id="193"/>
<token_anchor t_id="194"/>
<token_anchor t_id="195"/>
<token_anchor t_id="196"/>
<token_anchor t_id="197"/>
<token_anchor t_id="198"/>
</EXPOSITORY>
<EXPOSITORY m_id="15" comment="" conversational-direct="FALSE" conversational-reported="FALSE"  >
<token_anchor t_id="199"/>
<token_anchor t_id="200"/>
<token_anchor t_id="201"/>
<token_anchor t_id="202"/>
<token_anchor t_id="203"/>
<token_anchor t_id="204"/>
</EXPOSITORY>
<EXPOSITORY m_id="16" comment="" conversational-direct="FALSE" conversational-reported="FALSE"  >
<token_anchor t_id="205"/>
<token_anchor t_id="206"/>
<token_anchor t_id="207"/>
<token_anchor t_id="208"/>
<token_anchor t_id="209"/>
<token_anchor t_id="210"/>
<token_anchor t_id="211"/>
<token_anchor t_id="212"/>
<token_anchor t_id="213"/>
<token_anchor t_id="214"/>
<token_anchor t_id="215"/>
<token_anchor t_id="216"/>
<token_anchor t_id="217"/>
<token_anchor t_id="218"/>
<token_anchor t_id="219"/>
<token_anchor t_id="220"/>
<token_anchor t_id="221"/>
<token_anchor t_id="222"/>
<token_anchor t_id="223"/>
<token_anchor t_id="224"/>
</EXPOSITORY>
<EXPOSITORY m_id="17" comment="" conversational-direct="FALSE" conversational-reported="FALSE"  >
<token_anchor t_id="225"/>
<token_anchor t_id="226"/>
<token_anchor t_id="227"/>
</EXPOSITORY>
<EXPOSITORY m_id="18" comment="" conversational-direct="FALSE" conversational-reported="FALSE"  >
<token_anchor t_id="228"/>
<token_anchor t_id="229"/>
<token_anchor t_id="230"/>
<token_anchor t_id="231"/>
<token_anchor t_id="232"/>
<token_anchor t_id="233"/>
<token_anchor t_id="234"/>
</EXPOSITORY>
<EXPOSITORY m_id="19" comment="" conversational-direct="FALSE" conversational-reported="FALSE"  >
<token_anchor t_id="235"/>
<token_anchor t_id="236"/>
<token_anchor t_id="237"/>
</EXPOSITORY>
<EXPOSITORY m_id="52" comment="" conversational-direct="FALSE" conversational-reported="TRUE"  >
<token_anchor t_id="476"/>
<token_anchor t_id="477"/>
<token_anchor t_id="478"/>
<token_anchor t_id="479"/>
<token_anchor t_id="480"/>
<token_anchor t_id="481"/>
<token_anchor t_id="482"/>
<token_anchor t_id="483"/>
<token_anchor t_id="484"/>
<token_anchor t_id="485"/>
<token_anchor t_id="486"/>
<token_anchor t_id="487"/>
<token_anchor t_id="488"/>
<token_anchor t_id="489"/>
<token_anchor t_id="490"/>
<token_anchor t_id="491"/>
<token_anchor t_id="492"/>
</EXPOSITORY>
<EXPOSITORY m_id="24" comment="" conversational-direct="FALSE" conversational-reported="TRUE"  >
<token_anchor t_id="271"/>
<token_anchor t_id="272"/>
<token_anchor t_id="273"/>
<token_anchor t_id="274"/>
<token_anchor t_id="275"/>
<token_anchor t_id="276"/>
<token_anchor t_id="277"/>
<token_anchor t_id="278"/>
<token_anchor t_id="279"/>
</EXPOSITORY>
<EXPOSITORY m_id="26" comment="" conversational-direct="FALSE" conversational-reported="TRUE"  >
<token_anchor t_id="283"/>
<token_anchor t_id="284"/>
<token_anchor t_id="285"/>
<token_anchor t_id="286"/>
<token_anchor t_id="287"/>
<token_anchor t_id="288"/>
<token_anchor t_id="289"/>
<token_anchor t_id="290"/>
<token_anchor t_id="291"/>
</EXPOSITORY>
<EXPOSITORY m_id="4" comment="" conversational-direct="TRUE" conversational-reported="FALSE"  >
<token_anchor t_id="48"/>
<token_anchor t_id="49"/>
<token_anchor t_id="50"/>
<token_anchor t_id="51"/>
<token_anchor t_id="52"/>
<token_anchor t_id="53"/>
<token_anchor t_id="54"/>
<token_anchor t_id="55"/>
<token_anchor t_id="56"/>
<token_anchor t_id="57"/>
<token_anchor t_id="58"/>
<token_anchor t_id="59"/>
<token_anchor t_id="60"/>
<token_anchor t_id="61"/>
</EXPOSITORY>
<EXPOSITORY m_id="5" comment="" conversational-direct="FALSE" conversational-reported="FALSE"  >
<token_anchor t_id="62"/>
<token_anchor t_id="63"/>
<token_anchor t_id="64"/>
<token_anchor t_id="65"/>
<token_anchor t_id="66"/>
<token_anchor t_id="67"/>
<token_anchor t_id="68"/>
<token_anchor t_id="69"/>
<token_anchor t_id="70"/>
</EXPOSITORY>
<NARRATIVE m_id="39" Level="Primary" comment="" conversational-direct="FALSE" conversational-reported="FALSE"  >
<token_anchor t_id="391"/>
<token_anchor t_id="392"/>
<token_anchor t_id="393"/>
</NARRATIVE>
<NARRATIVE m_id="40" Level="Primary" comment="" conversational-direct="FALSE" conversational-reported="TRUE"  >
<token_anchor t_id="372"/>
<token_anchor t_id="373"/>
<token_anchor t_id="374"/>
<token_anchor t_id="394"/>
</NARRATIVE>
<NARRATIVE m_id="41" Level="Primary" comment="" conversational-direct="FALSE" conversational-reported="FALSE"  >
<token_anchor t_id="426"/>
<token_anchor t_id="427"/>
<token_anchor t_id="428"/>
<token_anchor t_id="429"/>
<token_anchor t_id="430"/>
</NARRATIVE>
<NARRATIVE m_id="10" Level="Primary" comment="" conversational-direct="FALSE" conversational-reported="FALSE"  >
<token_anchor t_id="134"/>
<token_anchor t_id="135"/>
<token_anchor t_id="136"/>
<token_anchor t_id="137"/>
<token_anchor t_id="138"/>
<token_anchor t_id="139"/>
<token_anchor t_id="140"/>
<token_anchor t_id="141"/>
<token_anchor t_id="142"/>
<token_anchor t_id="143"/>
<token_anchor t_id="144"/>
<token_anchor t_id="145"/>
<token_anchor t_id="146"/>
<token_anchor t_id="147"/>
<token_anchor t_id="148"/>
</NARRATIVE>
<NARRATIVE m_id="11" Level="Primary" comment="" conversational-direct="FALSE" conversational-reported="FALSE"  >
<token_anchor t_id="149"/>
<token_anchor t_id="150"/>
<token_anchor t_id="151"/>
<token_anchor t_id="152"/>
<token_anchor t_id="153"/>
<token_anchor t_id="154"/>
<token_anchor t_id="155"/>
<token_anchor t_id="156"/>
<token_anchor t_id="157"/>
<token_anchor t_id="158"/>
<token_anchor t_id="159"/>
<token_anchor t_id="160"/>
<token_anchor t_id="161"/>
<token_anchor t_id="162"/>
<token_anchor t_id="163"/>
<token_anchor t_id="164"/>
<token_anchor t_id="165"/>
<token_anchor t_id="166"/>
<token_anchor t_id="167"/>
<token_anchor t_id="168"/>
<token_anchor t_id="169"/>
<token_anchor t_id="170"/>
<token_anchor t_id="171"/>
<token_anchor t_id="172"/>
<token_anchor t_id="173"/>
<token_anchor t_id="174"/>
<token_anchor t_id="175"/>
<token_anchor t_id="176"/>
<token_anchor t_id="177"/>
<token_anchor t_id="178"/>
<token_anchor t_id="179"/>
<token_anchor t_id="180"/>
</NARRATIVE>
<NARRATIVE m_id="44" Level="Primary" comment="" conversational-direct="FALSE" conversational-reported="TRUE"  >
<token_anchor t_id="431"/>
<token_anchor t_id="432"/>
<token_anchor t_id="433"/>
</NARRATIVE>
<NARRATIVE m_id="45" Level="Primary" comment="" conversational-direct="FALSE" conversational-reported="TRUE"  >
<token_anchor t_id="434"/>
<token_anchor t_id="435"/>
<token_anchor t_id="436"/>
<token_anchor t_id="437"/>
</NARRATIVE>
<NARRATIVE m_id="46" Level="Primary" comment="" conversational-direct="FALSE" conversational-reported="TRUE"  >
<token_anchor t_id="438"/>
<token_anchor t_id="439"/>
<token_anchor t_id="440"/>
<token_anchor t_id="441"/>
<token_anchor t_id="442"/>
<token_anchor t_id="443"/>
<token_anchor t_id="444"/>
<token_anchor t_id="445"/>
<token_anchor t_id="446"/>
</NARRATIVE>
<NARRATIVE m_id="14" Level="" comment="" conversational-direct="FALSE" conversational-reported="FALSE"  >
<token_anchor t_id="187"/>
<token_anchor t_id="188"/>
<token_anchor t_id="189"/>
<token_anchor t_id="190"/>
</NARRATIVE>
<NARRATIVE m_id="47" Level="Primary" comment="" conversational-direct="FALSE" conversational-reported="FALSE"  >
<token_anchor t_id="447"/>
<token_anchor t_id="448"/>
</NARRATIVE>
<NARRATIVE m_id="48" Level="Primary" comment="" conversational-direct="FALSE" conversational-reported="TRUE"  >
<token_anchor t_id="449"/>
<token_anchor t_id="450"/>
<token_anchor t_id="451"/>
<token_anchor t_id="452"/>
<token_anchor t_id="453"/>
<token_anchor t_id="454"/>
<token_anchor t_id="455"/>
<token_anchor t_id="456"/>
<token_anchor t_id="457"/>
</NARRATIVE>
<NARRATIVE m_id="49" Level="Primary" comment="" conversational-direct="FALSE" conversational-reported="TRUE"  >
<token_anchor t_id="458"/>
<token_anchor t_id="459"/>
<token_anchor t_id="460"/>
<token_anchor t_id="461"/>
<token_anchor t_id="462"/>
</NARRATIVE>
<NARRATIVE m_id="50" Level="Primary" comment="" conversational-direct="FALSE" conversational-reported="TRUE"  >
<token_anchor t_id="463"/>
<token_anchor t_id="464"/>
<token_anchor t_id="465"/>
<token_anchor t_id="466"/>
<token_anchor t_id="467"/>
<token_anchor t_id="468"/>
<token_anchor t_id="469"/>
</NARRATIVE>
<NARRATIVE m_id="51" Level="Primary" comment="" conversational-direct="FALSE" conversational-reported="TRUE"  >
<token_anchor t_id="470"/>
<token_anchor t_id="471"/>
<token_anchor t_id="472"/>
<token_anchor t_id="473"/>
<token_anchor t_id="474"/>
<token_anchor t_id="475"/>
</NARRATIVE>
<NARRATIVE m_id="20" Level="Primary" comment="" conversational-direct="TRUE" conversational-reported="FALSE"  >
<token_anchor t_id="238"/>
<token_anchor t_id="239"/>
<token_anchor t_id="240"/>
<token_anchor t_id="241"/>
<token_anchor t_id="242"/>
<token_anchor t_id="243"/>
<token_anchor t_id="244"/>
<token_anchor t_id="245"/>
<token_anchor t_id="246"/>
<token_anchor t_id="247"/>
<token_anchor t_id="248"/>
<token_anchor t_id="249"/>
<token_anchor t_id="250"/>
<token_anchor t_id="251"/>
<token_anchor t_id="252"/>
</NARRATIVE>
<NARRATIVE m_id="53" Level="Primary" comment="" conversational-direct="FALSE" conversational-reported="FALSE"  >
<token_anchor t_id="493"/>
<token_anchor t_id="494"/>
<token_anchor t_id="495"/>
<token_anchor t_id="496"/>
</NARRATIVE>
<NARRATIVE m_id="21" Level="Primary" comment="" conversational-direct="FALSE" conversational-reported="FALSE"  >
<token_anchor t_id="253"/>
<token_anchor t_id="254"/>
<token_anchor t_id="255"/>
<token_anchor t_id="256"/>
<token_anchor t_id="257"/>
<token_anchor t_id="258"/>
<token_anchor t_id="259"/>
</NARRATIVE>
<NARRATIVE m_id="54" Level="Primary" comment="" conversational-direct="FALSE" conversational-reported="FALSE"  >
<token_anchor t_id="497"/>
<token_anchor t_id="498"/>
<token_anchor t_id="499"/>
<token_anchor t_id="500"/>
<token_anchor t_id="501"/>
<token_anchor t_id="502"/>
<token_anchor t_id="503"/>
<token_anchor t_id="504"/>
<token_anchor t_id="505"/>
<token_anchor t_id="506"/>
<token_anchor t_id="507"/>
<token_anchor t_id="508"/>
<token_anchor t_id="509"/>
<token_anchor t_id="510"/>
<token_anchor t_id="511"/>
<token_anchor t_id="512"/>
<token_anchor t_id="513"/>
<token_anchor t_id="514"/>
<token_anchor t_id="515"/>
<token_anchor t_id="516"/>
<token_anchor t_id="517"/>
<token_anchor t_id="518"/>
<token_anchor t_id="519"/>
<token_anchor t_id="520"/>
<token_anchor t_id="521"/>
<token_anchor t_id="522"/>
<token_anchor t_id="523"/>
<token_anchor t_id="524"/>
<token_anchor t_id="525"/>
<token_anchor t_id="526"/>
<token_anchor t_id="527"/>
<token_anchor t_id="528"/>
<token_anchor t_id="529"/>
<token_anchor t_id="530"/>
<token_anchor t_id="531"/>
<token_anchor t_id="532"/>
</NARRATIVE>
<NARRATIVE m_id="23" Level="Primary" comment="" conversational-direct="TRUE" conversational-reported="FALSE"  >
<token_anchor t_id="265"/>
<token_anchor t_id="266"/>
<token_anchor t_id="267"/>
<token_anchor t_id="268"/>
<token_anchor t_id="269"/>
<token_anchor t_id="270"/>
</NARRATIVE>
<NARRATIVE m_id="56" Level="Primary" comment="" conversational-direct="FALSE" conversational-reported="TRUE"  >
<token_anchor t_id="538"/>
<token_anchor t_id="539"/>
<token_anchor t_id="540"/>
<token_anchor t_id="541"/>
<token_anchor t_id="542"/>
<token_anchor t_id="548"/>
<token_anchor t_id="549"/>
<token_anchor t_id="550"/>
<token_anchor t_id="551"/>
<token_anchor t_id="552"/>
<token_anchor t_id="553"/>
<token_anchor t_id="554"/>
<token_anchor t_id="555"/>
<token_anchor t_id="556"/>
</NARRATIVE>
<NARRATIVE m_id="57" Level="Primary" comment="" conversational-direct="FALSE" conversational-reported="FALSE"  >
<token_anchor t_id="543"/>
<token_anchor t_id="544"/>
<token_anchor t_id="545"/>
<token_anchor t_id="546"/>
<token_anchor t_id="547"/>
</NARRATIVE>
<NARRATIVE m_id="25" Level="" comment="" conversational-direct="FALSE" conversational-reported="FALSE"  >
<token_anchor t_id="280"/>
<token_anchor t_id="281"/>
<token_anchor t_id="282"/>
</NARRATIVE>
<NARRATIVE m_id="58" Level="Primary" comment="" conversational-direct="FALSE" conversational-reported="FALSE"  >
<token_anchor t_id="557"/>
<token_anchor t_id="558"/>
<token_anchor t_id="559"/>
<token_anchor t_id="560"/>
<token_anchor t_id="561"/>
<token_anchor t_id="562"/>
<token_anchor t_id="563"/>
<token_anchor t_id="564"/>
<token_anchor t_id="565"/>
</NARRATIVE>
<NARRATIVE m_id="59" Level="Primary" comment="" conversational-direct="FALSE" conversational-reported="FALSE"  >
<token_anchor t_id="566"/>
<token_anchor t_id="567"/>
<token_anchor t_id="568"/>
<token_anchor t_id="569"/>
<token_anchor t_id="570"/>
<token_anchor t_id="571"/>
<token_anchor t_id="572"/>
<token_anchor t_id="573"/>
<token_anchor t_id="574"/>
<token_anchor t_id="575"/>
<token_anchor t_id="576"/>
<token_anchor t_id="577"/>
<token_anchor t_id="578"/>
<token_anchor t_id="579"/>
<token_anchor t_id="580"/>
<token_anchor t_id="581"/>
<token_anchor t_id="582"/>
<token_anchor t_id="583"/>
<token_anchor t_id="584"/>
<token_anchor t_id="585"/>
<token_anchor t_id="586"/>
<token_anchor t_id="587"/>
<token_anchor t_id="588"/>
</NARRATIVE>
<NARRATIVE m_id="27" Level="Primary" comment="" conversational-direct="FALSE" conversational-reported="TRUE"  >
<token_anchor t_id="292"/>
<token_anchor t_id="293"/>
<token_anchor t_id="294"/>
<token_anchor t_id="295"/>
<token_anchor t_id="296"/>
<token_anchor t_id="297"/>
<token_anchor t_id="298"/>
<token_anchor t_id="299"/>
<token_anchor t_id="300"/>
<token_anchor t_id="301"/>
<token_anchor t_id="302"/>
<token_anchor t_id="303"/>
<token_anchor t_id="304"/>
<token_anchor t_id="305"/>
<token_anchor t_id="306"/>
<token_anchor t_id="307"/>
<token_anchor t_id="308"/>
</NARRATIVE>
<NARRATIVE m_id="60" Level="Primary" comment="" conversational-direct="FALSE" conversational-reported="FALSE"  >
<token_anchor t_id="589"/>
<token_anchor t_id="590"/>
<token_anchor t_id="591"/>
<token_anchor t_id="592"/>
<token_anchor t_id="593"/>
<token_anchor t_id="594"/>
<token_anchor t_id="595"/>
<token_anchor t_id="596"/>
<token_anchor t_id="597"/>
<token_anchor t_id="598"/>
<token_anchor t_id="599"/>
<token_anchor t_id="600"/>
<token_anchor t_id="601"/>
<token_anchor t_id="602"/>
<token_anchor t_id="603"/>
<token_anchor t_id="604"/>
</NARRATIVE>
<NARRATIVE m_id="28" Level="Primary" comment="" conversational-direct="FALSE" conversational-reported="TRUE"  >
<token_anchor t_id="309"/>
<token_anchor t_id="310"/>
<token_anchor t_id="311"/>
<token_anchor t_id="312"/>
<token_anchor t_id="313"/>
<token_anchor t_id="314"/>
</NARRATIVE>
<NARRATIVE m_id="29" Level="Primary" comment="" conversational-direct="FALSE" conversational-reported="FALSE"  >
<token_anchor t_id="315"/>
<token_anchor t_id="316"/>
<token_anchor t_id="317"/>
<token_anchor t_id="318"/>
</NARRATIVE>
<NARRATIVE m_id="61" Level="Primary" comment="" conversational-direct="FALSE" conversational-reported="FALSE"  >
<token_anchor t_id="605"/>
<token_anchor t_id="606"/>
<token_anchor t_id="607"/>
<token_anchor t_id="608"/>
<token_anchor t_id="609"/>
<token_anchor t_id="610"/>
<token_anchor t_id="611"/>
<token_anchor t_id="612"/>
<token_anchor t_id="613"/>
</NARRATIVE>
<NARRATIVE m_id="30" Level="Primary" comment="" conversational-direct="FALSE" conversational-reported="FALSE"  >
<token_anchor t_id="319"/>
<token_anchor t_id="320"/>
<token_anchor t_id="321"/>
<token_anchor t_id="322"/>
<token_anchor t_id="323"/>
<token_anchor t_id="324"/>
<token_anchor t_id="325"/>
<token_anchor t_id="326"/>
<token_anchor t_id="327"/>
<token_anchor t_id="328"/>
<token_anchor t_id="329"/>
<token_anchor t_id="330"/>
<token_anchor t_id="331"/>
<token_anchor t_id="332"/>
<token_anchor t_id="333"/>
</NARRATIVE>
<NARRATIVE m_id="62" Level="Primary" comment="" conversational-direct="FALSE" conversational-reported="FALSE"  >
<token_anchor t_id="614"/>
<token_anchor t_id="615"/>
<token_anchor t_id="616"/>
<token_anchor t_id="617"/>
<token_anchor t_id="618"/>
<token_anchor t_id="619"/>
<token_anchor t_id="620"/>
<token_anchor t_id="621"/>
</NARRATIVE>
<NARRATIVE m_id="31" Level="Primary" comment="" conversational-direct="FALSE" conversational-reported="FALSE"  >
<token_anchor t_id="334"/>
<token_anchor t_id="335"/>
<token_anchor t_id="336"/>
</NARRATIVE>
<NARRATIVE m_id="63" Level="Primary" comment="" conversational-direct="FALSE" conversational-reported="FALSE"  >
<token_anchor t_id="622"/>
<token_anchor t_id="623"/>
<token_anchor t_id="624"/>
<token_anchor t_id="625"/>
<token_anchor t_id="626"/>
<token_anchor t_id="627"/>
</NARRATIVE>
<NARRATIVE m_id="32" Level="Primary" comment="" conversational-direct="FALSE" conversational-reported="FALSE"  >
<token_anchor t_id="337"/>
<token_anchor t_id="338"/>
<token_anchor t_id="339"/>
<token_anchor t_id="340"/>
<token_anchor t_id="341"/>
<token_anchor t_id="342"/>
<token_anchor t_id="343"/>
</NARRATIVE>
<NARRATIVE m_id="33" Level="Primary" comment="" conversational-direct="FALSE" conversational-reported="TRUE"  >
<token_anchor t_id="344"/>
<token_anchor t_id="345"/>
<token_anchor t_id="346"/>
<token_anchor t_id="347"/>
<token_anchor t_id="348"/>
<token_anchor t_id="349"/>
<token_anchor t_id="350"/>
<token_anchor t_id="351"/>
<token_anchor t_id="352"/>
<token_anchor t_id="353"/>
<token_anchor t_id="354"/>
<token_anchor t_id="355"/>
<token_anchor t_id="356"/>
</NARRATIVE>
<NARRATIVE m_id="1" Level="" comment="" conversational-direct="FALSE" conversational-reported="FALSE"  >
<token_anchor t_id="1"/>
<token_anchor t_id="2"/>
<token_anchor t_id="3"/>
<token_anchor t_id="4"/>
<token_anchor t_id="5"/>
<token_anchor t_id="6"/>
<token_anchor t_id="7"/>
<token_anchor t_id="8"/>
<token_anchor t_id="9"/>
<token_anchor t_id="10"/>
<token_anchor t_id="11"/>
<token_anchor t_id="12"/>
<token_anchor t_id="13"/>
<token_anchor t_id="14"/>
<token_anchor t_id="15"/>
<token_anchor t_id="16"/>
<token_anchor t_id="17"/>
<token_anchor t_id="18"/>
</NARRATIVE>
<NARRATIVE m_id="34" Level="Primary" comment="" conversational-direct="FALSE" conversational-reported="FALSE"  >
<token_anchor t_id="357"/>
<token_anchor t_id="358"/>
<token_anchor t_id="359"/>
<token_anchor t_id="360"/>
</NARRATIVE>
<NARRATIVE m_id="35" Level="Primary" comment="" conversational-direct="FALSE" conversational-reported="FALSE"  >
<token_anchor t_id="361"/>
<token_anchor t_id="362"/>
<token_anchor t_id="363"/>
<token_anchor t_id="364"/>
<token_anchor t_id="365"/>
<token_anchor t_id="366"/>
<token_anchor t_id="367"/>
<token_anchor t_id="368"/>
<token_anchor t_id="369"/>
<token_anchor t_id="370"/>
<token_anchor t_id="371"/>
</NARRATIVE>
<NARRATIVE m_id="3" Level="Primary" comment="" conversational-direct="FALSE" conversational-reported="FALSE"  >
<token_anchor t_id="26"/>
<token_anchor t_id="27"/>
<token_anchor t_id="28"/>
<token_anchor t_id="29"/>
<token_anchor t_id="30"/>
<token_anchor t_id="31"/>
<token_anchor t_id="32"/>
<token_anchor t_id="33"/>
<token_anchor t_id="34"/>
<token_anchor t_id="35"/>
<token_anchor t_id="36"/>
<token_anchor t_id="37"/>
<token_anchor t_id="38"/>
<token_anchor t_id="39"/>
<token_anchor t_id="40"/>
<token_anchor t_id="41"/>
<token_anchor t_id="42"/>
<token_anchor t_id="43"/>
<token_anchor t_id="44"/>
<token_anchor t_id="45"/>
<token_anchor t_id="46"/>
<token_anchor t_id="47"/>
</NARRATIVE>
<NARRATIVE m_id="37" Level="Primary" comment="" conversational-direct="FALSE" conversational-reported="FALSE"  >
<token_anchor t_id="381"/>
<token_anchor t_id="382"/>
<token_anchor t_id="383"/>
<token_anchor t_id="384"/>
<token_anchor t_id="385"/>
</NARRATIVE>
<NARRATIVE m_id="38" Level="Primary" comment="" conversational-direct="FALSE" conversational-reported="FALSE"  >
<token_anchor t_id="386"/>
<token_anchor t_id="387"/>
<token_anchor t_id="388"/>
<token_anchor t_id="389"/>
<token_anchor t_id="390"/>
</NARRATIVE>
<NARRATIVE m_id="6" Level="" comment="" conversational-direct="FALSE" conversational-reported="FALSE"  >
<token_anchor t_id="71"/>
<token_anchor t_id="72"/>
<token_anchor t_id="73"/>
<token_anchor t_id="74"/>
<token_anchor t_id="75"/>
<token_anchor t_id="76"/>
<token_anchor t_id="77"/>
<token_anchor t_id="78"/>
<token_anchor t_id="79"/>
<token_anchor t_id="80"/>
<token_anchor t_id="81"/>
<token_anchor t_id="82"/>
<token_anchor t_id="83"/>
<token_anchor t_id="84"/>
<token_anchor t_id="85"/>
<token_anchor t_id="86"/>
<token_anchor t_id="87"/>
<token_anchor t_id="88"/>
<token_anchor t_id="89"/>
<token_anchor t_id="90"/>
<token_anchor t_id="91"/>
<token_anchor t_id="92"/>
<token_anchor t_id="93"/>
<token_anchor t_id="94"/>
<token_anchor t_id="95"/>
<token_anchor t_id="96"/>
<token_anchor t_id="97"/>
<token_anchor t_id="98"/>
<token_anchor t_id="99"/>
</NARRATIVE>


</Markables>

<Relations>
</Relations>
</Document>
