<Document doc_name="news_wsj_0169.txt">
<token t_id="1" sentence="0" number="0">Ratners</token>
<token t_id="2" sentence="0" number="1">Group</token>
<token t_id="3" sentence="0" number="2">PLC</token>
<token t_id="4" sentence="0" number="3">,</token>
<token t_id="5" sentence="0" number="4">a</token>
<token t_id="6" sentence="0" number="5">fast</token>
<token t_id="7" sentence="0" number="6">-</token>
<token t_id="8" sentence="0" number="7">growing</token>
<token t_id="9" sentence="0" number="8">,</token>
<token t_id="10" sentence="0" number="9">acquisition</token>
<token t_id="11" sentence="0" number="10">-</token>
<token t_id="12" sentence="0" number="11">minded</token>
<token t_id="13" sentence="0" number="12">London</token>
<token t_id="14" sentence="0" number="13">-</token>
<token t_id="15" sentence="0" number="14">based</token>
<token t_id="16" sentence="0" number="15">jeweler</token>
<token t_id="17" sentence="0" number="16">,</token>
<token t_id="18" sentence="0" number="17">raised</token>
<token t_id="19" sentence="0" number="18">its</token>
<token t_id="20" sentence="0" number="19">price</token>
<token t_id="21" sentence="0" number="20">for</token>
<token t_id="22" sentence="0" number="21">Seattle</token>
<token t_id="23" sentence="0" number="22">-</token>
<token t_id="24" sentence="0" number="23">based</token>
<token t_id="25" sentence="0" number="24">specialty</token>
<token t_id="26" sentence="0" number="25">jeweler</token>
<token t_id="27" sentence="0" number="26">Weisfield's</token>
<token t_id="28" sentence="0" number="27">Inc</token>
<token t_id="29" sentence="0" number="28">.</token>
<token t_id="30" sentence="0" number="29">to</token>
<token t_id="31" sentence="0" number="30">$57</token>
<token t_id="32" sentence="0" number="31">.</token>
<token t_id="33" sentence="0" number="32">50</token>
<token t_id="34" sentence="0" number="33">a</token>
<token t_id="35" sentence="0" number="34">share</token>
<token t_id="36" sentence="0" number="35">,</token>
<token t_id="37" sentence="0" number="36">or</token>
<token t_id="38" sentence="0" number="37">$62</token>
<token t_id="39" sentence="0" number="38">.</token>
<token t_id="40" sentence="0" number="39">1</token>
<token t_id="41" sentence="0" number="40">million</token>
<token t_id="42" sentence="0" number="41">,</token>
<token t_id="43" sentence="0" number="42">from</token>
<token t_id="44" sentence="0" number="43">$50</token>
<token t_id="45" sentence="0" number="44">a</token>
<token t_id="46" sentence="0" number="45">share</token>
<token t_id="47" sentence="0" number="46">,</token>
<token t_id="48" sentence="0" number="47">or</token>
<token t_id="49" sentence="0" number="48">$55</token>
<token t_id="50" sentence="0" number="49">million</token>
<token t_id="51" sentence="0" number="50">,</token>
<token t_id="52" sentence="0" number="51">after</token>
<token t_id="53" sentence="0" number="52">another</token>
<token t_id="54" sentence="0" number="53">concern</token>
<token t_id="55" sentence="0" number="54">said</token>
<token t_id="56" sentence="0" number="55">it</token>
<token t_id="57" sentence="0" number="56">would</token>
<token t_id="58" sentence="0" number="57">be</token>
<token t_id="59" sentence="0" number="58">prepared</token>
<token t_id="60" sentence="0" number="59">to</token>
<token t_id="61" sentence="0" number="60">outbid</token>
<token t_id="62" sentence="0" number="61">Ratners's</token>
<token t_id="63" sentence="0" number="62">initial</token>
<token t_id="64" sentence="0" number="63">offer</token>
<token t_id="65" sentence="0" number="64">.</token>
<token t_id="66" sentence="1" number="0">The</token>
<token t_id="67" sentence="1" number="1">other</token>
<token t_id="68" sentence="1" number="2">concern</token>
<token t_id="69" sentence="1" number="3">wasn't</token>
<token t_id="70" sentence="1" number="4">identified</token>
<token t_id="71" sentence="1" number="5">.</token>
<token t_id="72" sentence="2" number="0">Ratners's</token>
<token t_id="73" sentence="2" number="1">chairman</token>
<token t_id="74" sentence="2" number="2">,</token>
<token t_id="75" sentence="2" number="3">Gerald</token>
<token t_id="76" sentence="2" number="4">Ratner</token>
<token t_id="77" sentence="2" number="5">,</token>
<token t_id="78" sentence="2" number="6">said</token>
<token t_id="79" sentence="2" number="7">the</token>
<token t_id="80" sentence="2" number="8">deal</token>
<token t_id="81" sentence="2" number="9">remains</token>
<token t_id="82" sentence="2" number="10">of</token>
<token t_id="83" sentence="2" number="11">"substantial</token>
<token t_id="84" sentence="2" number="12">benefit</token>
<token t_id="85" sentence="2" number="13">to</token>
<token t_id="86" sentence="2" number="14">Ratners</token>
<token t_id="87" sentence="2" number="15">.</token>
<token t_id="88" sentence="3" number="0">"</token>
<token t_id="89" sentence="3" number="1">In</token>
<token t_id="90" sentence="3" number="2">London</token>
<token t_id="91" sentence="3" number="3">at</token>
<token t_id="92" sentence="3" number="4">mid</token>
<token t_id="93" sentence="3" number="5">-</token>
<token t_id="94" sentence="3" number="6">afternoon</token>
<token t_id="95" sentence="3" number="7">yesterday</token>
<token t_id="96" sentence="3" number="8">,</token>
<token t_id="97" sentence="3" number="9">Ratners's</token>
<token t_id="98" sentence="3" number="10">shares</token>
<token t_id="99" sentence="3" number="11">were</token>
<token t_id="100" sentence="3" number="12">up</token>
<token t_id="101" sentence="3" number="13">2</token>
<token t_id="102" sentence="3" number="14">pence</token>
<token t_id="103" sentence="3" number="15">(</token>
<token t_id="104" sentence="3" number="16">1</token>
<token t_id="105" sentence="3" number="17">.</token>
<token t_id="106" sentence="3" number="18">26</token>
<token t_id="107" sentence="3" number="19">cents</token>
<token t_id="108" sentence="3" number="20">)</token>
<token t_id="109" sentence="3" number="21">,</token>
<token t_id="110" sentence="3" number="22">at</token>
<token t_id="111" sentence="3" number="23">260</token>
<token t_id="112" sentence="3" number="24">pence</token>
<token t_id="113" sentence="3" number="25">(</token>
<token t_id="114" sentence="3" number="26">$1</token>
<token t_id="115" sentence="3" number="27">.</token>
<token t_id="116" sentence="3" number="28">64</token>
<token t_id="117" sentence="3" number="29">)</token>
<token t_id="118" sentence="3" number="30">.</token>
<token t_id="119" sentence="4" number="0">The</token>
<token t_id="120" sentence="4" number="1">sweetened</token>
<token t_id="121" sentence="4" number="2">offer</token>
<token t_id="122" sentence="4" number="3">has</token>
<token t_id="123" sentence="4" number="4">acceptances</token>
<token t_id="124" sentence="4" number="5">from</token>
<token t_id="125" sentence="4" number="6">more</token>
<token t_id="126" sentence="4" number="7">than</token>
<token t_id="127" sentence="4" number="8">50%</token>
<token t_id="128" sentence="4" number="9">of</token>
<token t_id="129" sentence="4" number="10">Weisfield's</token>
<token t_id="130" sentence="4" number="11">shareholders</token>
<token t_id="131" sentence="4" number="12">,</token>
<token t_id="132" sentence="4" number="13">and</token>
<token t_id="133" sentence="4" number="14">it</token>
<token t_id="134" sentence="4" number="15">is</token>
<token t_id="135" sentence="4" number="16">scheduled</token>
<token t_id="136" sentence="4" number="17">for</token>
<token t_id="137" sentence="4" number="18">completion</token>
<token t_id="138" sentence="4" number="19">by</token>
<token t_id="139" sentence="4" number="20">Dec</token>
<token t_id="140" sentence="4" number="21">.</token>
<token t_id="141" sentence="4" number="22">10</token>
<token t_id="142" sentence="4" number="23">.</token>
<token t_id="143" sentence="5" number="0">The</token>
<token t_id="144" sentence="5" number="1">acquisition</token>
<token t_id="145" sentence="5" number="2">of</token>
<token t_id="146" sentence="5" number="3">87</token>
<token t_id="147" sentence="5" number="4">-</token>
<token t_id="148" sentence="5" number="5">store</token>
<token t_id="149" sentence="5" number="6">Weisfield's</token>
<token t_id="150" sentence="5" number="7">raises</token>
<token t_id="151" sentence="5" number="8">Ratners's</token>
<token t_id="152" sentence="5" number="9">U</token>
<token t_id="153" sentence="5" number="10">.</token>
<token t_id="154" sentence="5" number="11">S</token>
<token t_id="155" sentence="5" number="12">.</token>
<token t_id="156" sentence="5" number="13">presence</token>
<token t_id="157" sentence="5" number="14">to</token>
<token t_id="158" sentence="5" number="15">450</token>
<token t_id="159" sentence="5" number="16">stores</token>
<token t_id="160" sentence="5" number="17">.</token>
<token t_id="161" sentence="6" number="0">About</token>
<token t_id="162" sentence="6" number="1">30%</token>
<token t_id="163" sentence="6" number="2">of</token>
<token t_id="164" sentence="6" number="3">Ratners's</token>
<token t_id="165" sentence="6" number="4">profit</token>
<token t_id="166" sentence="6" number="5">already</token>
<token t_id="167" sentence="6" number="6">is</token>
<token t_id="168" sentence="6" number="7">derived</token>
<token t_id="169" sentence="6" number="8">from</token>
<token t_id="170" sentence="6" number="9">the</token>
<token t_id="171" sentence="6" number="10">U</token>
<token t_id="172" sentence="6" number="11">.</token>
<token t_id="173" sentence="6" number="12">S</token>
<token t_id="174" sentence="6" number="13">.</token>


<Markables>
<ARGUMENTATIVE m_id="7" comment="" conversational-direct="FALSE" conversational-reported="TRUE"  >
<token_anchor t_id="79"/>
<token_anchor t_id="80"/>
<token_anchor t_id="81"/>
<token_anchor t_id="82"/>
<token_anchor t_id="83"/>
<token_anchor t_id="84"/>
<token_anchor t_id="85"/>
<token_anchor t_id="86"/>
<token_anchor t_id="87"/>
</ARGUMENTATIVE>
<NARRATIVE m_id="8" Level="Primary" comment="" conversational-direct="FALSE" conversational-reported="FALSE"  >
<token_anchor t_id="88"/>
<token_anchor t_id="89"/>
<token_anchor t_id="90"/>
<token_anchor t_id="91"/>
<token_anchor t_id="92"/>
<token_anchor t_id="93"/>
<token_anchor t_id="94"/>
<token_anchor t_id="95"/>
<token_anchor t_id="96"/>
<token_anchor t_id="97"/>
<token_anchor t_id="98"/>
<token_anchor t_id="99"/>
<token_anchor t_id="100"/>
<token_anchor t_id="101"/>
<token_anchor t_id="102"/>
<token_anchor t_id="103"/>
<token_anchor t_id="104"/>
<token_anchor t_id="105"/>
<token_anchor t_id="106"/>
<token_anchor t_id="107"/>
<token_anchor t_id="108"/>
<token_anchor t_id="109"/>
<token_anchor t_id="110"/>
<token_anchor t_id="111"/>
<token_anchor t_id="112"/>
<token_anchor t_id="113"/>
<token_anchor t_id="114"/>
<token_anchor t_id="115"/>
<token_anchor t_id="116"/>
<token_anchor t_id="117"/>
<token_anchor t_id="118"/>
</NARRATIVE>
<NARRATIVE m_id="9" Level="Primary" comment="" conversational-direct="FALSE" conversational-reported="FALSE"  >
<token_anchor t_id="119"/>
<token_anchor t_id="120"/>
<token_anchor t_id="121"/>
<token_anchor t_id="122"/>
<token_anchor t_id="123"/>
<token_anchor t_id="124"/>
<token_anchor t_id="125"/>
<token_anchor t_id="126"/>
<token_anchor t_id="127"/>
<token_anchor t_id="128"/>
<token_anchor t_id="129"/>
<token_anchor t_id="130"/>
<token_anchor t_id="131"/>
</NARRATIVE>
<NARRATIVE m_id="10" Level="Primary" comment="" conversational-direct="FALSE" conversational-reported="FALSE"  >
<token_anchor t_id="132"/>
<token_anchor t_id="133"/>
<token_anchor t_id="134"/>
<token_anchor t_id="135"/>
<token_anchor t_id="136"/>
<token_anchor t_id="137"/>
<token_anchor t_id="138"/>
<token_anchor t_id="139"/>
<token_anchor t_id="140"/>
<token_anchor t_id="141"/>
<token_anchor t_id="142"/>
</NARRATIVE>
<NARRATIVE m_id="11" Level="Primary" comment="" conversational-direct="FALSE" conversational-reported="FALSE"  >
<token_anchor t_id="143"/>
<token_anchor t_id="144"/>
<token_anchor t_id="145"/>
<token_anchor t_id="146"/>
<token_anchor t_id="147"/>
<token_anchor t_id="148"/>
<token_anchor t_id="149"/>
<token_anchor t_id="150"/>
<token_anchor t_id="151"/>
<token_anchor t_id="152"/>
<token_anchor t_id="153"/>
<token_anchor t_id="154"/>
<token_anchor t_id="155"/>
<token_anchor t_id="156"/>
<token_anchor t_id="157"/>
<token_anchor t_id="158"/>
<token_anchor t_id="159"/>
<token_anchor t_id="160"/>
</NARRATIVE>
<NARRATIVE m_id="12" Level="Primary" comment="" conversational-direct="FALSE" conversational-reported="FALSE"  >
<token_anchor t_id="161"/>
<token_anchor t_id="162"/>
<token_anchor t_id="163"/>
<token_anchor t_id="164"/>
<token_anchor t_id="165"/>
<token_anchor t_id="166"/>
<token_anchor t_id="167"/>
<token_anchor t_id="168"/>
<token_anchor t_id="169"/>
<token_anchor t_id="170"/>
<token_anchor t_id="171"/>
<token_anchor t_id="172"/>
<token_anchor t_id="173"/>
<token_anchor t_id="174"/>
</NARRATIVE>
<NARRATIVE m_id="1" Level="Primary" comment="" conversational-direct="FALSE" conversational-reported="FALSE"  >
<token_anchor t_id="1"/>
<token_anchor t_id="2"/>
<token_anchor t_id="3"/>
<token_anchor t_id="4"/>
<token_anchor t_id="5"/>
<token_anchor t_id="6"/>
<token_anchor t_id="7"/>
<token_anchor t_id="8"/>
<token_anchor t_id="9"/>
<token_anchor t_id="10"/>
<token_anchor t_id="11"/>
<token_anchor t_id="12"/>
<token_anchor t_id="13"/>
<token_anchor t_id="14"/>
<token_anchor t_id="15"/>
<token_anchor t_id="16"/>
<token_anchor t_id="17"/>
<token_anchor t_id="18"/>
<token_anchor t_id="19"/>
<token_anchor t_id="20"/>
<token_anchor t_id="21"/>
<token_anchor t_id="22"/>
<token_anchor t_id="23"/>
<token_anchor t_id="24"/>
<token_anchor t_id="25"/>
<token_anchor t_id="26"/>
<token_anchor t_id="27"/>
<token_anchor t_id="28"/>
<token_anchor t_id="29"/>
<token_anchor t_id="30"/>
<token_anchor t_id="31"/>
<token_anchor t_id="32"/>
<token_anchor t_id="33"/>
<token_anchor t_id="34"/>
<token_anchor t_id="35"/>
<token_anchor t_id="36"/>
<token_anchor t_id="37"/>
<token_anchor t_id="38"/>
<token_anchor t_id="39"/>
<token_anchor t_id="40"/>
<token_anchor t_id="41"/>
<token_anchor t_id="42"/>
<token_anchor t_id="43"/>
<token_anchor t_id="44"/>
<token_anchor t_id="45"/>
<token_anchor t_id="46"/>
<token_anchor t_id="47"/>
<token_anchor t_id="48"/>
<token_anchor t_id="49"/>
<token_anchor t_id="50"/>
<token_anchor t_id="51"/>
</NARRATIVE>
<NARRATIVE m_id="2" Level="Primary" comment="" conversational-direct="FALSE" conversational-reported="FALSE"  >
<token_anchor t_id="52"/>
<token_anchor t_id="53"/>
<token_anchor t_id="54"/>
<token_anchor t_id="55"/>
</NARRATIVE>
<NARRATIVE m_id="3" Level="Primary" comment="" conversational-direct="FALSE" conversational-reported="TRUE"  >
<token_anchor t_id="56"/>
<token_anchor t_id="57"/>
<token_anchor t_id="58"/>
<token_anchor t_id="59"/>
</NARRATIVE>
<NARRATIVE m_id="4" Level="Primary" comment="" conversational-direct="FALSE" conversational-reported="TRUE"  >
<token_anchor t_id="60"/>
<token_anchor t_id="61"/>
<token_anchor t_id="62"/>
<token_anchor t_id="63"/>
<token_anchor t_id="64"/>
<token_anchor t_id="65"/>
</NARRATIVE>
<NARRATIVE m_id="5" Level="Primary" comment="" conversational-direct="FALSE" conversational-reported="FALSE"  >
<token_anchor t_id="66"/>
<token_anchor t_id="67"/>
<token_anchor t_id="68"/>
<token_anchor t_id="69"/>
<token_anchor t_id="70"/>
<token_anchor t_id="71"/>
</NARRATIVE>
<NARRATIVE m_id="6" Level="Primary" comment="" conversational-direct="FALSE" conversational-reported="FALSE"  >
<token_anchor t_id="72"/>
<token_anchor t_id="73"/>
<token_anchor t_id="74"/>
<token_anchor t_id="75"/>
<token_anchor t_id="76"/>
<token_anchor t_id="77"/>
<token_anchor t_id="78"/>
</NARRATIVE>


</Markables>

<Relations>
</Relations>
</Document>
