<Document doc_name="news_20000419_apw_eng-NEW.txt">
<token t_id="1" sentence="0" number="0">Lawmaker</token>
<token t_id="2" sentence="0" number="1">Appeals</token>
<token t_id="3" sentence="0" number="2">for</token>
<token t_id="4" sentence="0" number="3">Innocent</token>
<token t_id="5" sentence="0" number="4">Iraqis</token>
<token t_id="6" sentence="1" number="0">By</token>
<token t_id="7" sentence="1" number="1">HASSAN</token>
<token t_id="8" sentence="1" number="2">ABDULWAHAB</token>
<token t_id="9" sentence="1" number="3">,</token>
<token t_id="10" sentence="1" number="4">Associated</token>
<token t_id="11" sentence="1" number="5">Press</token>
<token t_id="12" sentence="1" number="6">Writer</token>
<token t_id="13" sentence="1" number="7">BASRA</token>
<token t_id="14" sentence="1" number="8">,</token>
<token t_id="15" sentence="1" number="9">Iraq</token>
<token t_id="16" sentence="1" number="10">(</token>
<token t_id="17" sentence="1" number="11">AP</token>
<token t_id="18" sentence="1" number="12">)</token>
<token t_id="19" sentence="2" number="0">A</token>
<token t_id="20" sentence="2" number="1">U</token>
<token t_id="21" sentence="2" number="2">.</token>
<token t_id="22" sentence="2" number="3">S</token>
<token t_id="23" sentence="2" number="4">.</token>
<token t_id="24" sentence="2" number="5">lawmaker</token>
<token t_id="25" sentence="2" number="6">assessing</token>
<token t_id="26" sentence="2" number="7">the</token>
<token t_id="27" sentence="2" number="8">impact</token>
<token t_id="28" sentence="2" number="9">of</token>
<token t_id="29" sentence="2" number="10">U</token>
<token t_id="30" sentence="2" number="11">.</token>
<token t_id="31" sentence="2" number="12">N</token>
<token t_id="32" sentence="2" number="13">.</token>
<token t_id="33" sentence="2" number="14">sanctions</token>
<token t_id="34" sentence="2" number="15">on</token>
<token t_id="35" sentence="2" number="16">Iraq</token>
<token t_id="36" sentence="2" number="17">said</token>
<token t_id="37" sentence="2" number="18">Wednesday</token>
<token t_id="38" sentence="2" number="19">it</token>
<token t_id="39" sentence="2" number="20">is</token>
<token t_id="40" sentence="2" number="21">important</token>
<token t_id="41" sentence="2" number="22">not</token>
<token t_id="42" sentence="2" number="23">only</token>
<token t_id="43" sentence="2" number="24">to</token>
<token t_id="44" sentence="2" number="25">force</token>
<token t_id="45" sentence="2" number="26">Baghdad</token>
<token t_id="46" sentence="2" number="27">to</token>
<token t_id="47" sentence="2" number="28">give</token>
<token t_id="48" sentence="2" number="29">up</token>
<token t_id="49" sentence="2" number="30">its</token>
<token t_id="50" sentence="2" number="31">weapons</token>
<token t_id="51" sentence="2" number="32">of</token>
<token t_id="52" sentence="2" number="33">mass</token>
<token t_id="53" sentence="2" number="34">destruction</token>
<token t_id="54" sentence="2" number="35">but</token>
<token t_id="55" sentence="2" number="36">also</token>
<token t_id="56" sentence="2" number="37">to</token>
<token t_id="57" sentence="2" number="38">do</token>
<token t_id="58" sentence="2" number="39">more</token>
<token t_id="59" sentence="2" number="40">to</token>
<token t_id="60" sentence="2" number="41">ease</token>
<token t_id="61" sentence="2" number="42">the</token>
<token t_id="62" sentence="2" number="43">hardships</token>
<token t_id="63" sentence="2" number="44">on</token>
<token t_id="64" sentence="2" number="45">ordinary</token>
<token t_id="65" sentence="2" number="46">Iraqis</token>
<token t_id="66" sentence="2" number="47">.</token>
<token t_id="67" sentence="3" number="0">Rep</token>
<token t_id="68" sentence="3" number="1">.</token>
<token t_id="69" sentence="3" number="2">Tony</token>
<token t_id="70" sentence="3" number="3">Hall</token>
<token t_id="71" sentence="3" number="4">,</token>
<token t_id="72" sentence="3" number="5">D</token>
<token t_id="73" sentence="3" number="6">-</token>
<token t_id="74" sentence="3" number="7">Ohio</token>
<token t_id="75" sentence="3" number="8">,</token>
<token t_id="76" sentence="3" number="9">did</token>
<token t_id="77" sentence="3" number="10">not</token>
<token t_id="78" sentence="3" number="11">call</token>
<token t_id="79" sentence="3" number="12">for</token>
<token t_id="80" sentence="3" number="13">a</token>
<token t_id="81" sentence="3" number="14">lifting</token>
<token t_id="82" sentence="3" number="15">of</token>
<token t_id="83" sentence="3" number="16">sanctions</token>
<token t_id="84" sentence="3" number="17">imposed</token>
<token t_id="85" sentence="3" number="18">on</token>
<token t_id="86" sentence="3" number="19">Iraq</token>
<token t_id="87" sentence="3" number="20">for</token>
<token t_id="88" sentence="3" number="21">its</token>
<token t_id="89" sentence="3" number="22">1990</token>
<token t_id="90" sentence="3" number="23">invasion</token>
<token t_id="91" sentence="3" number="24">of</token>
<token t_id="92" sentence="3" number="25">Kuwait</token>
<token t_id="93" sentence="3" number="26">,</token>
<token t_id="94" sentence="3" number="27">but</token>
<token t_id="95" sentence="3" number="28">said</token>
<token t_id="96" sentence="3" number="29">the</token>
<token t_id="97" sentence="3" number="30">United</token>
<token t_id="98" sentence="3" number="31">Nations</token>
<token t_id="99" sentence="3" number="32">should</token>
<token t_id="100" sentence="3" number="33">make</token>
<token t_id="101" sentence="3" number="34">sure</token>
<token t_id="102" sentence="3" number="35">that</token>
<token t_id="103" sentence="3" number="36">sanctions</token>
<token t_id="104" sentence="3" number="37">do</token>
<token t_id="105" sentence="3" number="38">not</token>
<token t_id="106" sentence="3" number="39">hurt</token>
<token t_id="107" sentence="3" number="40">innocent</token>
<token t_id="108" sentence="3" number="41">Iraqis</token>
<token t_id="109" sentence="3" number="42">.</token>
<token t_id="110" sentence="4" number="0">"It</token>
<token t_id="111" sentence="4" number="1">was</token>
<token t_id="112" sentence="4" number="2">very</token>
<token t_id="113" sentence="4" number="3">,</token>
<token t_id="114" sentence="4" number="4">very</token>
<token t_id="115" sentence="4" number="5">important"</token>
<token t_id="116" sentence="4" number="6">to</token>
<token t_id="117" sentence="4" number="7">compel</token>
<token t_id="118" sentence="4" number="8">Iraq</token>
<token t_id="119" sentence="4" number="9">to</token>
<token t_id="120" sentence="4" number="10">rid</token>
<token t_id="121" sentence="4" number="11">itself</token>
<token t_id="122" sentence="4" number="12">of</token>
<token t_id="123" sentence="4" number="13">weapons</token>
<token t_id="124" sentence="4" number="14">of</token>
<token t_id="125" sentence="4" number="15">mass</token>
<token t_id="126" sentence="4" number="16">destruction</token>
<token t_id="127" sentence="4" number="17">so</token>
<token t_id="128" sentence="4" number="18">that</token>
<token t_id="129" sentence="4" number="19">"it</token>
<token t_id="130" sentence="4" number="20">cannot</token>
<token t_id="131" sentence="4" number="21">use</token>
<token t_id="132" sentence="4" number="22">or</token>
<token t_id="133" sentence="4" number="23">export</token>
<token t_id="134" sentence="4" number="24">them</token>
<token t_id="135" sentence="4" number="25">to</token>
<token t_id="136" sentence="4" number="26">other</token>
<token t_id="137" sentence="4" number="27">countries</token>
<token t_id="138" sentence="4" number="28">,</token>
<token t_id="139" sentence="4" number="29">"</token>
<token t_id="140" sentence="4" number="30">he</token>
<token t_id="141" sentence="4" number="31">told</token>
<token t_id="142" sentence="4" number="32">Associated</token>
<token t_id="143" sentence="4" number="33">Press</token>
<token t_id="144" sentence="4" number="34">Television</token>
<token t_id="145" sentence="4" number="35">News</token>
<token t_id="146" sentence="4" number="36">.</token>
<token t_id="147" sentence="5" number="0">But</token>
<token t_id="148" sentence="5" number="1">he</token>
<token t_id="149" sentence="5" number="2">insisted</token>
<token t_id="150" sentence="5" number="3">the</token>
<token t_id="151" sentence="5" number="4">international</token>
<token t_id="152" sentence="5" number="5">community</token>
<token t_id="153" sentence="5" number="6">can</token>
<token t_id="154" sentence="5" number="7">do</token>
<token t_id="155" sentence="5" number="8">a</token>
<token t_id="156" sentence="5" number="9">much</token>
<token t_id="157" sentence="5" number="10">better</token>
<token t_id="158" sentence="5" number="11">job</token>
<token t_id="159" sentence="5" number="12">in</token>
<token t_id="160" sentence="5" number="13">helping</token>
<token t_id="161" sentence="5" number="14">Iraq</token>
<token t_id="162" sentence="5" number="15">deal</token>
<token t_id="163" sentence="5" number="16">with</token>
<token t_id="164" sentence="5" number="17">its</token>
<token t_id="165" sentence="5" number="18">economic</token>
<token t_id="166" sentence="5" number="19">and</token>
<token t_id="167" sentence="5" number="20">health</token>
<token t_id="168" sentence="5" number="21">problems</token>
<token t_id="169" sentence="5" number="22">.</token>
<token t_id="170" sentence="6" number="0">One</token>
<token t_id="171" sentence="6" number="1">way</token>
<token t_id="172" sentence="6" number="2">would</token>
<token t_id="173" sentence="6" number="3">be</token>
<token t_id="174" sentence="6" number="4">to</token>
<token t_id="175" sentence="6" number="5">speed</token>
<token t_id="176" sentence="6" number="6">up</token>
<token t_id="177" sentence="6" number="7">the</token>
<token t_id="178" sentence="6" number="8">flow</token>
<token t_id="179" sentence="6" number="9">of</token>
<token t_id="180" sentence="6" number="10">health</token>
<token t_id="181" sentence="6" number="11">supplies</token>
<token t_id="182" sentence="6" number="12">and</token>
<token t_id="183" sentence="6" number="13">other</token>
<token t_id="184" sentence="6" number="14">urgent</token>
<token t_id="185" sentence="6" number="15">commodities</token>
<token t_id="186" sentence="6" number="16">to</token>
<token t_id="187" sentence="6" number="17">the</token>
<token t_id="188" sentence="6" number="18">country</token>
<token t_id="189" sentence="6" number="19">under</token>
<token t_id="190" sentence="6" number="20">a</token>
<token t_id="191" sentence="6" number="21">U</token>
<token t_id="192" sentence="6" number="22">.</token>
<token t_id="193" sentence="6" number="23">N</token>
<token t_id="194" sentence="6" number="24">.</token>
<token t_id="195" sentence="6" number="25">humanitarian</token>
<token t_id="196" sentence="6" number="26">program</token>
<token t_id="197" sentence="6" number="27">,</token>
<token t_id="198" sentence="6" number="28">he</token>
<token t_id="199" sentence="6" number="29">said</token>
<token t_id="200" sentence="6" number="30">.</token>
<token t_id="201" sentence="7" number="0">Iraq</token>
<token t_id="202" sentence="7" number="1">says</token>
<token t_id="203" sentence="7" number="2">the</token>
<token t_id="204" sentence="7" number="3">United</token>
<token t_id="205" sentence="7" number="4">States</token>
<token t_id="206" sentence="7" number="5">and</token>
<token t_id="207" sentence="7" number="6">Britain</token>
<token t_id="208" sentence="7" number="7">hold</token>
<token t_id="209" sentence="7" number="8">up</token>
<token t_id="210" sentence="7" number="9">delivery</token>
<token t_id="211" sentence="7" number="10">of</token>
<token t_id="212" sentence="7" number="11">needed</token>
<token t_id="213" sentence="7" number="12">supplies</token>
<token t_id="214" sentence="7" number="13">,</token>
<token t_id="215" sentence="7" number="14">using</token>
<token t_id="216" sentence="7" number="15">their</token>
<token t_id="217" sentence="7" number="16">clout</token>
<token t_id="218" sentence="7" number="17">in</token>
<token t_id="219" sentence="7" number="18">the</token>
<token t_id="220" sentence="7" number="19">United</token>
<token t_id="221" sentence="7" number="20">Nations</token>
<token t_id="222" sentence="7" number="21">.</token>
<token t_id="223" sentence="8" number="0">The</token>
<token t_id="224" sentence="8" number="1">U</token>
<token t_id="225" sentence="8" number="2">.</token>
<token t_id="226" sentence="8" number="3">S</token>
<token t_id="227" sentence="8" number="4">.</token>
<token t_id="228" sentence="8" number="5">government</token>
<token t_id="229" sentence="8" number="6">says</token>
<token t_id="230" sentence="8" number="7">it</token>
<token t_id="231" sentence="8" number="8">wants</token>
<token t_id="232" sentence="8" number="9">to</token>
<token t_id="233" sentence="8" number="10">ensure</token>
<token t_id="234" sentence="8" number="11">that</token>
<token t_id="235" sentence="8" number="12">Iraq</token>
<token t_id="236" sentence="8" number="13">is</token>
<token t_id="237" sentence="8" number="14">not</token>
<token t_id="238" sentence="8" number="15">buying</token>
<token t_id="239" sentence="8" number="16">items</token>
<token t_id="240" sentence="8" number="17">that</token>
<token t_id="241" sentence="8" number="18">appear</token>
<token t_id="242" sentence="8" number="19">to</token>
<token t_id="243" sentence="8" number="20">be</token>
<token t_id="244" sentence="8" number="21">humanitarian</token>
<token t_id="245" sentence="8" number="22">in</token>
<token t_id="246" sentence="8" number="23">nature</token>
<token t_id="247" sentence="8" number="24">but</token>
<token t_id="248" sentence="8" number="25">that</token>
<token t_id="249" sentence="8" number="26">could</token>
<token t_id="250" sentence="8" number="27">be</token>
<token t_id="251" sentence="8" number="28">used</token>
<token t_id="252" sentence="8" number="29">for</token>
<token t_id="253" sentence="8" number="30">making</token>
<token t_id="254" sentence="8" number="31">weapons</token>
<token t_id="255" sentence="8" number="32">.</token>


<Markables>
<ARGUMENTATIVE m_id="7" comment="" conversational-direct="FALSE" conversational-reported="TRUE"  >
<token_anchor t_id="41"/>
<token_anchor t_id="42"/>
<token_anchor t_id="43"/>
<token_anchor t_id="44"/>
<token_anchor t_id="45"/>
</ARGUMENTATIVE>
<ARGUMENTATIVE m_id="9" comment="" conversational-direct="FALSE" conversational-reported="TRUE"  >
<token_anchor t_id="54"/>
<token_anchor t_id="55"/>
<token_anchor t_id="56"/>
<token_anchor t_id="57"/>
<token_anchor t_id="58"/>
</ARGUMENTATIVE>
<ARGUMENTATIVE m_id="10" comment="" conversational-direct="FALSE" conversational-reported="TRUE"  >
<token_anchor t_id="59"/>
<token_anchor t_id="60"/>
<token_anchor t_id="61"/>
<token_anchor t_id="62"/>
<token_anchor t_id="63"/>
<token_anchor t_id="64"/>
<token_anchor t_id="65"/>
<token_anchor t_id="66"/>
</ARGUMENTATIVE>
<ARGUMENTATIVE m_id="13" comment="" conversational-direct="FALSE" conversational-reported="TRUE"  >
<token_anchor t_id="96"/>
<token_anchor t_id="97"/>
<token_anchor t_id="98"/>
<token_anchor t_id="99"/>
<token_anchor t_id="100"/>
<token_anchor t_id="101"/>
</ARGUMENTATIVE>
<ARGUMENTATIVE m_id="14" comment="" conversational-direct="FALSE" conversational-reported="TRUE"  >
<token_anchor t_id="102"/>
<token_anchor t_id="103"/>
<token_anchor t_id="104"/>
<token_anchor t_id="105"/>
<token_anchor t_id="106"/>
<token_anchor t_id="107"/>
<token_anchor t_id="108"/>
<token_anchor t_id="109"/>
</ARGUMENTATIVE>
<ARGUMENTATIVE m_id="15" comment="" conversational-direct="FALSE" conversational-reported="FALSE"  >
<token_anchor t_id="110"/>
<token_anchor t_id="111"/>
<token_anchor t_id="112"/>
<token_anchor t_id="113"/>
<token_anchor t_id="114"/>
<token_anchor t_id="115"/>
</ARGUMENTATIVE>
<ARGUMENTATIVE m_id="16" comment="" conversational-direct="FALSE" conversational-reported="FALSE"  >
<token_anchor t_id="116"/>
<token_anchor t_id="117"/>
<token_anchor t_id="118"/>
</ARGUMENTATIVE>
<ARGUMENTATIVE m_id="22" comment="" conversational-direct="FALSE" conversational-reported="TRUE"  >
<token_anchor t_id="150"/>
<token_anchor t_id="151"/>
<token_anchor t_id="152"/>
<token_anchor t_id="153"/>
<token_anchor t_id="154"/>
<token_anchor t_id="155"/>
<token_anchor t_id="156"/>
<token_anchor t_id="157"/>
<token_anchor t_id="158"/>
<token_anchor t_id="159"/>
<token_anchor t_id="160"/>
<token_anchor t_id="161"/>
</ARGUMENTATIVE>
<ARGUMENTATIVE m_id="24" comment="" conversational-direct="FALSE" conversational-reported="TRUE"  >
<token_anchor t_id="170"/>
<token_anchor t_id="171"/>
<token_anchor t_id="172"/>
<token_anchor t_id="173"/>
</ARGUMENTATIVE>
<ARGUMENTATIVE m_id="25" comment="" conversational-direct="FALSE" conversational-reported="TRUE"  >
<token_anchor t_id="174"/>
<token_anchor t_id="175"/>
<token_anchor t_id="176"/>
<token_anchor t_id="177"/>
<token_anchor t_id="178"/>
<token_anchor t_id="179"/>
<token_anchor t_id="180"/>
<token_anchor t_id="181"/>
<token_anchor t_id="182"/>
<token_anchor t_id="183"/>
<token_anchor t_id="184"/>
<token_anchor t_id="185"/>
<token_anchor t_id="186"/>
<token_anchor t_id="187"/>
<token_anchor t_id="188"/>
<token_anchor t_id="189"/>
<token_anchor t_id="190"/>
<token_anchor t_id="191"/>
<token_anchor t_id="192"/>
<token_anchor t_id="193"/>
<token_anchor t_id="194"/>
<token_anchor t_id="195"/>
<token_anchor t_id="196"/>
<token_anchor t_id="197"/>
</ARGUMENTATIVE>
<ARGUMENTATIVE m_id="6" comment="" conversational-direct="FALSE" conversational-reported="TRUE"  >
<token_anchor t_id="38"/>
<token_anchor t_id="39"/>
<token_anchor t_id="40"/>
</ARGUMENTATIVE>
<LOCATION m_id="3" comment=""  >
<token_anchor t_id="13"/>
</LOCATION>
<LOCATION m_id="4" comment=""  >
<token_anchor t_id="15"/>
</LOCATION>
<NARRATIVE m_id="8" Level="Primary" comment="" conversational-direct="FALSE" conversational-reported="TRUE"  >
<token_anchor t_id="46"/>
<token_anchor t_id="47"/>
<token_anchor t_id="48"/>
<token_anchor t_id="49"/>
<token_anchor t_id="50"/>
<token_anchor t_id="51"/>
<token_anchor t_id="52"/>
<token_anchor t_id="53"/>
</NARRATIVE>
<NARRATIVE m_id="11" Level="Primary" comment="" conversational-direct="FALSE" conversational-reported="FALSE"  >
<token_anchor t_id="67"/>
<token_anchor t_id="68"/>
<token_anchor t_id="69"/>
<token_anchor t_id="70"/>
<token_anchor t_id="71"/>
<token_anchor t_id="72"/>
<token_anchor t_id="73"/>
<token_anchor t_id="74"/>
<token_anchor t_id="75"/>
<token_anchor t_id="76"/>
<token_anchor t_id="77"/>
<token_anchor t_id="78"/>
<token_anchor t_id="79"/>
<token_anchor t_id="80"/>
<token_anchor t_id="81"/>
<token_anchor t_id="82"/>
<token_anchor t_id="83"/>
<token_anchor t_id="84"/>
<token_anchor t_id="85"/>
<token_anchor t_id="86"/>
<token_anchor t_id="87"/>
<token_anchor t_id="88"/>
<token_anchor t_id="89"/>
<token_anchor t_id="90"/>
<token_anchor t_id="91"/>
<token_anchor t_id="92"/>
<token_anchor t_id="93"/>
</NARRATIVE>
<NARRATIVE m_id="12" Level="Primary" comment="" conversational-direct="FALSE" conversational-reported="FALSE"  >
<token_anchor t_id="94"/>
<token_anchor t_id="95"/>
</NARRATIVE>
<NARRATIVE m_id="17" Level="" comment="" conversational-direct="FALSE" conversational-reported="FALSE"  >
<token_anchor t_id="119"/>
<token_anchor t_id="120"/>
<token_anchor t_id="121"/>
<token_anchor t_id="122"/>
<token_anchor t_id="123"/>
<token_anchor t_id="124"/>
<token_anchor t_id="125"/>
<token_anchor t_id="126"/>
</NARRATIVE>
<NARRATIVE m_id="18" Level="" comment="" conversational-direct="FALSE" conversational-reported="FALSE"  >
<token_anchor t_id="127"/>
<token_anchor t_id="128"/>
<token_anchor t_id="129"/>
<token_anchor t_id="130"/>
<token_anchor t_id="131"/>
</NARRATIVE>
<NARRATIVE m_id="19" Level="" comment="" conversational-direct="FALSE" conversational-reported="FALSE"  >
<token_anchor t_id="132"/>
<token_anchor t_id="133"/>
<token_anchor t_id="134"/>
<token_anchor t_id="135"/>
<token_anchor t_id="136"/>
<token_anchor t_id="137"/>
<token_anchor t_id="138"/>
<token_anchor t_id="139"/>
</NARRATIVE>
<NARRATIVE m_id="20" Level="" comment="" conversational-direct="FALSE" conversational-reported="FALSE"  >
<token_anchor t_id="140"/>
<token_anchor t_id="141"/>
<token_anchor t_id="142"/>
<token_anchor t_id="143"/>
<token_anchor t_id="144"/>
<token_anchor t_id="145"/>
<token_anchor t_id="146"/>
</NARRATIVE>
<NARRATIVE m_id="21" Level="Primary" comment="" conversational-direct="FALSE" conversational-reported="TRUE"  >
<token_anchor t_id="147"/>
<token_anchor t_id="148"/>
<token_anchor t_id="149"/>
</NARRATIVE>
<NARRATIVE m_id="23" Level="Primary" comment="" conversational-direct="FALSE" conversational-reported="TRUE"  >
<token_anchor t_id="162"/>
<token_anchor t_id="163"/>
<token_anchor t_id="164"/>
<token_anchor t_id="165"/>
<token_anchor t_id="166"/>
<token_anchor t_id="167"/>
<token_anchor t_id="168"/>
<token_anchor t_id="169"/>
</NARRATIVE>
<NARRATIVE m_id="26" Level="Primary" comment="" conversational-direct="FALSE" conversational-reported="FALSE"  >
<token_anchor t_id="198"/>
<token_anchor t_id="199"/>
<token_anchor t_id="200"/>
</NARRATIVE>
<NARRATIVE m_id="27" Level="" comment="" conversational-direct="FALSE" conversational-reported="FALSE"  >
<token_anchor t_id="201"/>
<token_anchor t_id="202"/>
</NARRATIVE>
<NARRATIVE m_id="28" Level="Primary" comment="" conversational-direct="FALSE" conversational-reported="TRUE"  >
<token_anchor t_id="203"/>
<token_anchor t_id="204"/>
<token_anchor t_id="205"/>
<token_anchor t_id="206"/>
<token_anchor t_id="207"/>
<token_anchor t_id="208"/>
<token_anchor t_id="209"/>
<token_anchor t_id="210"/>
<token_anchor t_id="211"/>
<token_anchor t_id="212"/>
<token_anchor t_id="213"/>
<token_anchor t_id="214"/>
</NARRATIVE>
<NARRATIVE m_id="29" Level="Primary" comment="" conversational-direct="FALSE" conversational-reported="TRUE"  >
<token_anchor t_id="215"/>
<token_anchor t_id="216"/>
<token_anchor t_id="217"/>
<token_anchor t_id="218"/>
<token_anchor t_id="219"/>
<token_anchor t_id="220"/>
<token_anchor t_id="221"/>
<token_anchor t_id="222"/>
</NARRATIVE>
<NARRATIVE m_id="30" Level="" comment="" conversational-direct="FALSE" conversational-reported="TRUE"  >
<token_anchor t_id="223"/>
<token_anchor t_id="224"/>
<token_anchor t_id="225"/>
<token_anchor t_id="226"/>
<token_anchor t_id="227"/>
<token_anchor t_id="228"/>
<token_anchor t_id="229"/>
</NARRATIVE>
<NARRATIVE m_id="31" Level="" comment="" conversational-direct="FALSE" conversational-reported="TRUE"  >
<token_anchor t_id="230"/>
<token_anchor t_id="231"/>
</NARRATIVE>
<NARRATIVE m_id="32" Level="" comment="" conversational-direct="FALSE" conversational-reported="TRUE"  >
<token_anchor t_id="232"/>
<token_anchor t_id="233"/>
</NARRATIVE>
<NARRATIVE m_id="33" Level="Primary" comment="" conversational-direct="FALSE" conversational-reported="TRUE"  >
<token_anchor t_id="234"/>
<token_anchor t_id="235"/>
<token_anchor t_id="236"/>
<token_anchor t_id="237"/>
<token_anchor t_id="238"/>
<token_anchor t_id="239"/>
<token_anchor t_id="240"/>
<token_anchor t_id="241"/>
<token_anchor t_id="242"/>
<token_anchor t_id="243"/>
<token_anchor t_id="244"/>
<token_anchor t_id="245"/>
<token_anchor t_id="246"/>
<token_anchor t_id="247"/>
<token_anchor t_id="248"/>
<token_anchor t_id="249"/>
<token_anchor t_id="250"/>
<token_anchor t_id="251"/>
<token_anchor t_id="252"/>
<token_anchor t_id="253"/>
<token_anchor t_id="254"/>
<token_anchor t_id="255"/>
</NARRATIVE>
<NARRATIVE m_id="1" Level="" comment="" conversational-direct="FALSE" conversational-reported="FALSE"  >
<token_anchor t_id="1"/>
<token_anchor t_id="2"/>
<token_anchor t_id="3"/>
<token_anchor t_id="4"/>
<token_anchor t_id="5"/>
</NARRATIVE>
<NARRATIVE m_id="5" Level="Primary" comment="" conversational-direct="FALSE" conversational-reported="FALSE"  >
<token_anchor t_id="19"/>
<token_anchor t_id="20"/>
<token_anchor t_id="21"/>
<token_anchor t_id="22"/>
<token_anchor t_id="23"/>
<token_anchor t_id="24"/>
<token_anchor t_id="25"/>
<token_anchor t_id="26"/>
<token_anchor t_id="27"/>
<token_anchor t_id="28"/>
<token_anchor t_id="29"/>
<token_anchor t_id="30"/>
<token_anchor t_id="31"/>
<token_anchor t_id="32"/>
<token_anchor t_id="33"/>
<token_anchor t_id="34"/>
<token_anchor t_id="35"/>
<token_anchor t_id="36"/>
<token_anchor t_id="37"/>
</NARRATIVE>
<NONE m_id="2" comment=""  >
<token_anchor t_id="6"/>
<token_anchor t_id="7"/>
<token_anchor t_id="8"/>
<token_anchor t_id="9"/>
<token_anchor t_id="10"/>
<token_anchor t_id="11"/>
<token_anchor t_id="12"/>
<token_anchor t_id="13"/>
<token_anchor t_id="14"/>
<token_anchor t_id="15"/>
<token_anchor t_id="16"/>
<token_anchor t_id="17"/>
<token_anchor t_id="18"/>
</NONE>


</Markables>

<Relations>
</Relations>
</Document>
