<Document doc_name="news_wsj_0172.txt">
<token t_id="1" sentence="0" number="0">First</token>
<token t_id="2" sentence="0" number="1">of</token>
<token t_id="3" sentence="0" number="2">America</token>
<token t_id="4" sentence="0" number="3">Bank</token>
<token t_id="5" sentence="0" number="4">Corp</token>
<token t_id="6" sentence="0" number="5">.</token>
<token t_id="7" sentence="0" number="6">said</token>
<token t_id="8" sentence="0" number="7">it</token>
<token t_id="9" sentence="0" number="8">completed</token>
<token t_id="10" sentence="0" number="9">its</token>
<token t_id="11" sentence="0" number="10">acquisition</token>
<token t_id="12" sentence="0" number="11">of</token>
<token t_id="13" sentence="0" number="12">Midwest</token>
<token t_id="14" sentence="0" number="13">Financial</token>
<token t_id="15" sentence="0" number="14">Group</token>
<token t_id="16" sentence="0" number="15">Inc</token>
<token t_id="17" sentence="0" number="16">.</token>
<token t_id="18" sentence="0" number="17">for</token>
<token t_id="19" sentence="0" number="18">about</token>
<token t_id="20" sentence="0" number="19">$250</token>
<token t_id="21" sentence="0" number="20">million</token>
<token t_id="22" sentence="0" number="21">.</token>
<token t_id="23" sentence="1" number="0">First</token>
<token t_id="24" sentence="1" number="1">of</token>
<token t_id="25" sentence="1" number="2">America</token>
<token t_id="26" sentence="1" number="3">,</token>
<token t_id="27" sentence="1" number="4">which</token>
<token t_id="28" sentence="1" number="5">now</token>
<token t_id="29" sentence="1" number="6">has</token>
<token t_id="30" sentence="1" number="7">45</token>
<token t_id="31" sentence="1" number="8">banks</token>
<token t_id="32" sentence="1" number="9">and</token>
<token t_id="33" sentence="1" number="10">$12</token>
<token t_id="34" sentence="1" number="11">.</token>
<token t_id="35" sentence="1" number="12">5</token>
<token t_id="36" sentence="1" number="13">billion</token>
<token t_id="37" sentence="1" number="14">in</token>
<token t_id="38" sentence="1" number="15">assets</token>
<token t_id="39" sentence="1" number="16">,</token>
<token t_id="40" sentence="1" number="17">announced</token>
<token t_id="41" sentence="1" number="18">an</token>
<token t_id="42" sentence="1" number="19">agreement</token>
<token t_id="43" sentence="1" number="20">to</token>
<token t_id="44" sentence="1" number="21">acquire</token>
<token t_id="45" sentence="1" number="22">the</token>
<token t_id="46" sentence="1" number="23">Peoria</token>
<token t_id="47" sentence="1" number="24">,</token>
<token t_id="48" sentence="1" number="25">Ill</token>
<token t_id="49" sentence="1" number="26">.</token>
<token t_id="50" sentence="1" number="27">,</token>
<token t_id="51" sentence="1" number="28">bank</token>
<token t_id="52" sentence="1" number="29">holding</token>
<token t_id="53" sentence="1" number="30">company</token>
<token t_id="54" sentence="1" number="31">in</token>
<token t_id="55" sentence="1" number="32">January</token>
<token t_id="56" sentence="1" number="33">.</token>
<token t_id="57" sentence="2" number="0">Midwest</token>
<token t_id="58" sentence="2" number="1">Financial</token>
<token t_id="59" sentence="2" number="2">has</token>
<token t_id="60" sentence="2" number="3">$2</token>
<token t_id="61" sentence="2" number="4">.</token>
<token t_id="62" sentence="2" number="5">3</token>
<token t_id="63" sentence="2" number="6">billion</token>
<token t_id="64" sentence="2" number="7">in</token>
<token t_id="65" sentence="2" number="8">assets</token>
<token t_id="66" sentence="2" number="9">and</token>
<token t_id="67" sentence="2" number="10">eight</token>
<token t_id="68" sentence="2" number="11">banks</token>
<token t_id="69" sentence="2" number="12">.</token>
<token t_id="70" sentence="3" number="0">The</token>
<token t_id="71" sentence="3" number="1">Midwest</token>
<token t_id="72" sentence="3" number="2">Financial</token>
<token t_id="73" sentence="3" number="3">subsidiary</token>
<token t_id="74" sentence="3" number="4">banks</token>
<token t_id="75" sentence="3" number="5">will</token>
<token t_id="76" sentence="3" number="6">continue</token>
<token t_id="77" sentence="3" number="7">to</token>
<token t_id="78" sentence="3" number="8">operate</token>
<token t_id="79" sentence="3" number="9">under</token>
<token t_id="80" sentence="3" number="10">their</token>
<token t_id="81" sentence="3" number="11">current</token>
<token t_id="82" sentence="3" number="12">names</token>
<token t_id="83" sentence="3" number="13">until</token>
<token t_id="84" sentence="3" number="14">early</token>
<token t_id="85" sentence="3" number="15">1990</token>
<token t_id="86" sentence="3" number="16">,</token>
<token t_id="87" sentence="3" number="17">when</token>
<token t_id="88" sentence="3" number="18">each</token>
<token t_id="89" sentence="3" number="19">will</token>
<token t_id="90" sentence="3" number="20">adopt</token>
<token t_id="91" sentence="3" number="21">the</token>
<token t_id="92" sentence="3" number="22">First</token>
<token t_id="93" sentence="3" number="23">of</token>
<token t_id="94" sentence="3" number="24">America</token>
<token t_id="95" sentence="3" number="25">name</token>
<token t_id="96" sentence="3" number="26">.</token>
<token t_id="97" sentence="4" number="0">Kalamazoo</token>
<token t_id="98" sentence="4" number="1">,</token>
<token t_id="99" sentence="4" number="2">Mich</token>
<token t_id="100" sentence="4" number="3">.</token>
<token t_id="101" sentence="4" number="4">-</token>
<token t_id="102" sentence="4" number="5">based</token>
<token t_id="103" sentence="4" number="6">First</token>
<token t_id="104" sentence="4" number="7">of</token>
<token t_id="105" sentence="4" number="8">America</token>
<token t_id="106" sentence="4" number="9">said</token>
<token t_id="107" sentence="4" number="10">it</token>
<token t_id="108" sentence="4" number="11">will</token>
<token t_id="109" sentence="4" number="12">eliminate</token>
<token t_id="110" sentence="4" number="13">the</token>
<token t_id="111" sentence="4" number="14">13</token>
<token t_id="112" sentence="4" number="15">management</token>
<token t_id="113" sentence="4" number="16">positions</token>
<token t_id="114" sentence="4" number="17">of</token>
<token t_id="115" sentence="4" number="18">the</token>
<token t_id="116" sentence="4" number="19">former</token>
<token t_id="117" sentence="4" number="20">Midwest</token>
<token t_id="118" sentence="4" number="21">Financial</token>
<token t_id="119" sentence="4" number="22">parent</token>
<token t_id="120" sentence="4" number="23">company</token>
<token t_id="121" sentence="4" number="24">.</token>
<token t_id="122" sentence="5" number="0">First</token>
<token t_id="123" sentence="5" number="1">of</token>
<token t_id="124" sentence="5" number="2">America</token>
<token t_id="125" sentence="5" number="3">said</token>
<token t_id="126" sentence="5" number="4">some</token>
<token t_id="127" sentence="5" number="5">of</token>
<token t_id="128" sentence="5" number="6">the</token>
<token t_id="129" sentence="5" number="7">managers</token>
<token t_id="130" sentence="5" number="8">will</token>
<token t_id="131" sentence="5" number="9">take</token>
<token t_id="132" sentence="5" number="10">other</token>
<token t_id="133" sentence="5" number="11">jobs</token>
<token t_id="134" sentence="5" number="12">with</token>
<token t_id="135" sentence="5" number="13">First</token>
<token t_id="136" sentence="5" number="14">of</token>
<token t_id="137" sentence="5" number="15">America</token>
<token t_id="138" sentence="5" number="16">.</token>
<token t_id="139" sentence="6" number="0">But</token>
<token t_id="140" sentence="6" number="1">it</token>
<token t_id="141" sentence="6" number="2">said</token>
<token t_id="142" sentence="6" number="3">that</token>
<token t_id="143" sentence="6" number="4">severance</token>
<token t_id="144" sentence="6" number="5">payments</token>
<token t_id="145" sentence="6" number="6">to</token>
<token t_id="146" sentence="6" number="7">those</token>
<token t_id="147" sentence="6" number="8">executives</token>
<token t_id="148" sentence="6" number="9">not</token>
<token t_id="149" sentence="6" number="10">staying</token>
<token t_id="150" sentence="6" number="11">with</token>
<token t_id="151" sentence="6" number="12">the</token>
<token t_id="152" sentence="6" number="13">company</token>
<token t_id="153" sentence="6" number="14">will</token>
<token t_id="154" sentence="6" number="15">reduce</token>
<token t_id="155" sentence="6" number="16">First</token>
<token t_id="156" sentence="6" number="17">of</token>
<token t_id="157" sentence="6" number="18">America's</token>
<token t_id="158" sentence="6" number="19">operating</token>
<token t_id="159" sentence="6" number="20">results</token>
<token t_id="160" sentence="6" number="21">for</token>
<token t_id="161" sentence="6" number="22">1989</token>
<token t_id="162" sentence="6" number="23">by</token>
<token t_id="163" sentence="6" number="24">$3</token>
<token t_id="164" sentence="6" number="25">million</token>
<token t_id="165" sentence="6" number="26">to</token>
<token t_id="166" sentence="6" number="27">$4</token>
<token t_id="167" sentence="6" number="28">million</token>
<token t_id="168" sentence="6" number="29">,</token>
<token t_id="169" sentence="6" number="30">or</token>
<token t_id="170" sentence="6" number="31">15</token>
<token t_id="171" sentence="6" number="32">cents</token>
<token t_id="172" sentence="6" number="33">to</token>
<token t_id="173" sentence="6" number="34">20</token>
<token t_id="174" sentence="6" number="35">cents</token>
<token t_id="175" sentence="6" number="36">a</token>
<token t_id="176" sentence="6" number="37">share</token>
<token t_id="177" sentence="6" number="38">.</token>


<Markables>
<DESCRIPTIVE m_id="6" Type="Other" comment="" conversational-direct="FALSE" conversational-reported="FALSE"  >
<token_anchor t_id="57"/>
<token_anchor t_id="58"/>
<token_anchor t_id="59"/>
<token_anchor t_id="60"/>
<token_anchor t_id="61"/>
<token_anchor t_id="62"/>
<token_anchor t_id="63"/>
<token_anchor t_id="64"/>
<token_anchor t_id="65"/>
<token_anchor t_id="66"/>
<token_anchor t_id="67"/>
<token_anchor t_id="68"/>
<token_anchor t_id="69"/>
</DESCRIPTIVE>
<NARRATIVE m_id="7" Level="" comment="" conversational-direct="FALSE" conversational-reported="FALSE"  >
<token_anchor t_id="70"/>
<token_anchor t_id="71"/>
<token_anchor t_id="72"/>
<token_anchor t_id="73"/>
<token_anchor t_id="74"/>
<token_anchor t_id="75"/>
<token_anchor t_id="76"/>
</NARRATIVE>
<NARRATIVE m_id="8" Level="Primary" comment="" conversational-direct="FALSE" conversational-reported="FALSE"  >
<token_anchor t_id="77"/>
<token_anchor t_id="78"/>
<token_anchor t_id="79"/>
<token_anchor t_id="80"/>
<token_anchor t_id="81"/>
<token_anchor t_id="82"/>
<token_anchor t_id="83"/>
<token_anchor t_id="84"/>
<token_anchor t_id="85"/>
<token_anchor t_id="86"/>
</NARRATIVE>
<NARRATIVE m_id="9" Level="Primary" comment="" conversational-direct="FALSE" conversational-reported="FALSE"  >
<token_anchor t_id="87"/>
<token_anchor t_id="88"/>
<token_anchor t_id="89"/>
<token_anchor t_id="90"/>
<token_anchor t_id="91"/>
<token_anchor t_id="92"/>
<token_anchor t_id="93"/>
<token_anchor t_id="94"/>
<token_anchor t_id="95"/>
<token_anchor t_id="96"/>
</NARRATIVE>
<NARRATIVE m_id="10" Level="Primary" comment="" conversational-direct="FALSE" conversational-reported="FALSE"  >
<token_anchor t_id="97"/>
<token_anchor t_id="98"/>
<token_anchor t_id="99"/>
<token_anchor t_id="100"/>
<token_anchor t_id="101"/>
<token_anchor t_id="102"/>
<token_anchor t_id="103"/>
<token_anchor t_id="104"/>
<token_anchor t_id="105"/>
<token_anchor t_id="106"/>
</NARRATIVE>
<NARRATIVE m_id="11" Level="Primary" comment="" conversational-direct="FALSE" conversational-reported="TRUE"  >
<token_anchor t_id="107"/>
<token_anchor t_id="108"/>
<token_anchor t_id="109"/>
<token_anchor t_id="110"/>
<token_anchor t_id="111"/>
<token_anchor t_id="112"/>
<token_anchor t_id="113"/>
<token_anchor t_id="114"/>
<token_anchor t_id="115"/>
<token_anchor t_id="116"/>
<token_anchor t_id="117"/>
<token_anchor t_id="118"/>
<token_anchor t_id="119"/>
<token_anchor t_id="120"/>
<token_anchor t_id="121"/>
</NARRATIVE>
<NARRATIVE m_id="12" Level="Primary" comment="" conversational-direct="FALSE" conversational-reported="FALSE"  >
<token_anchor t_id="122"/>
<token_anchor t_id="123"/>
<token_anchor t_id="124"/>
<token_anchor t_id="125"/>
</NARRATIVE>
<NARRATIVE m_id="13" Level="Primary" comment="" conversational-direct="FALSE" conversational-reported="TRUE"  >
<token_anchor t_id="126"/>
<token_anchor t_id="127"/>
<token_anchor t_id="128"/>
<token_anchor t_id="129"/>
<token_anchor t_id="130"/>
<token_anchor t_id="131"/>
<token_anchor t_id="132"/>
<token_anchor t_id="133"/>
<token_anchor t_id="134"/>
<token_anchor t_id="135"/>
<token_anchor t_id="136"/>
<token_anchor t_id="137"/>
<token_anchor t_id="138"/>
</NARRATIVE>
<NARRATIVE m_id="14" Level="" comment="" conversational-direct="FALSE" conversational-reported="FALSE"  >
<token_anchor t_id="139"/>
<token_anchor t_id="140"/>
<token_anchor t_id="141"/>
</NARRATIVE>
<NARRATIVE m_id="15" Level="Primary" comment="" conversational-direct="FALSE" conversational-reported="TRUE"  >
<token_anchor t_id="142"/>
<token_anchor t_id="143"/>
<token_anchor t_id="144"/>
<token_anchor t_id="145"/>
<token_anchor t_id="146"/>
<token_anchor t_id="147"/>
<token_anchor t_id="148"/>
<token_anchor t_id="149"/>
<token_anchor t_id="150"/>
<token_anchor t_id="151"/>
<token_anchor t_id="152"/>
<token_anchor t_id="153"/>
<token_anchor t_id="154"/>
<token_anchor t_id="155"/>
<token_anchor t_id="156"/>
<token_anchor t_id="157"/>
<token_anchor t_id="158"/>
<token_anchor t_id="159"/>
<token_anchor t_id="160"/>
<token_anchor t_id="161"/>
<token_anchor t_id="162"/>
<token_anchor t_id="163"/>
<token_anchor t_id="164"/>
<token_anchor t_id="165"/>
<token_anchor t_id="166"/>
<token_anchor t_id="167"/>
<token_anchor t_id="168"/>
<token_anchor t_id="169"/>
<token_anchor t_id="170"/>
<token_anchor t_id="171"/>
<token_anchor t_id="172"/>
<token_anchor t_id="173"/>
<token_anchor t_id="174"/>
<token_anchor t_id="175"/>
<token_anchor t_id="176"/>
<token_anchor t_id="177"/>
</NARRATIVE>
<NARRATIVE m_id="1" Level="Primary" comment="" conversational-direct="FALSE" conversational-reported="FALSE"  >
<token_anchor t_id="1"/>
<token_anchor t_id="2"/>
<token_anchor t_id="3"/>
<token_anchor t_id="4"/>
<token_anchor t_id="5"/>
<token_anchor t_id="6"/>
<token_anchor t_id="7"/>
</NARRATIVE>
<NARRATIVE m_id="2" Level="Primary" comment="" conversational-direct="FALSE" conversational-reported="TRUE"  >
<token_anchor t_id="8"/>
<token_anchor t_id="9"/>
<token_anchor t_id="10"/>
<token_anchor t_id="11"/>
<token_anchor t_id="12"/>
<token_anchor t_id="13"/>
<token_anchor t_id="14"/>
<token_anchor t_id="15"/>
<token_anchor t_id="16"/>
<token_anchor t_id="17"/>
<token_anchor t_id="18"/>
<token_anchor t_id="19"/>
<token_anchor t_id="20"/>
<token_anchor t_id="21"/>
<token_anchor t_id="22"/>
</NARRATIVE>
<NARRATIVE m_id="3" Level="Primary" comment="" conversational-direct="FALSE" conversational-reported="FALSE"  >
<token_anchor t_id="23"/>
<token_anchor t_id="24"/>
<token_anchor t_id="25"/>
<token_anchor t_id="26"/>
<token_anchor t_id="40"/>
<token_anchor t_id="41"/>
<token_anchor t_id="42"/>
</NARRATIVE>
<NARRATIVE m_id="4" Level="Primary" comment="" conversational-direct="FALSE" conversational-reported="FALSE"  >
<token_anchor t_id="27"/>
<token_anchor t_id="28"/>
<token_anchor t_id="29"/>
<token_anchor t_id="30"/>
<token_anchor t_id="31"/>
<token_anchor t_id="32"/>
<token_anchor t_id="33"/>
<token_anchor t_id="34"/>
<token_anchor t_id="35"/>
<token_anchor t_id="36"/>
<token_anchor t_id="37"/>
<token_anchor t_id="38"/>
<token_anchor t_id="39"/>
</NARRATIVE>
<NARRATIVE m_id="5" Level="Primary" comment="" conversational-direct="FALSE" conversational-reported="TRUE"  >
<token_anchor t_id="43"/>
<token_anchor t_id="44"/>
<token_anchor t_id="45"/>
<token_anchor t_id="46"/>
<token_anchor t_id="47"/>
<token_anchor t_id="48"/>
<token_anchor t_id="49"/>
<token_anchor t_id="50"/>
<token_anchor t_id="51"/>
<token_anchor t_id="52"/>
<token_anchor t_id="53"/>
<token_anchor t_id="54"/>
<token_anchor t_id="55"/>
<token_anchor t_id="56"/>
</NARRATIVE>


</Markables>

<Relations>
</Relations>
</Document>
