<Document doc_name="news_wsj_0175.txt">
<token t_id="1" sentence="0" number="0">Sony</token>
<token t_id="2" sentence="0" number="1">Corp</token>
<token t_id="3" sentence="0" number="2">.</token>
<token t_id="4" sentence="0" number="3">completed</token>
<token t_id="5" sentence="0" number="4">its</token>
<token t_id="6" sentence="0" number="5">tender</token>
<token t_id="7" sentence="0" number="6">offer</token>
<token t_id="8" sentence="0" number="7">for</token>
<token t_id="9" sentence="0" number="8">Columbia</token>
<token t_id="10" sentence="0" number="9">Pictures</token>
<token t_id="11" sentence="0" number="10">Entertainment</token>
<token t_id="12" sentence="0" number="11">Inc</token>
<token t_id="13" sentence="0" number="12">.</token>
<token t_id="14" sentence="0" number="13">,</token>
<token t_id="15" sentence="0" number="14">with</token>
<token t_id="16" sentence="0" number="15">Columbia</token>
<token t_id="17" sentence="0" number="16">shareholders</token>
<token t_id="18" sentence="0" number="17">tendering</token>
<token t_id="19" sentence="0" number="18">99</token>
<token t_id="20" sentence="0" number="19">.</token>
<token t_id="21" sentence="0" number="20">3%</token>
<token t_id="22" sentence="0" number="21">of</token>
<token t_id="23" sentence="0" number="22">all</token>
<token t_id="24" sentence="0" number="23">common</token>
<token t_id="25" sentence="0" number="24">shares</token>
<token t_id="26" sentence="0" number="25">outstanding</token>
<token t_id="27" sentence="0" number="26">by</token>
<token t_id="28" sentence="0" number="27">the</token>
<token t_id="29" sentence="0" number="28">Tuesday</token>
<token t_id="30" sentence="0" number="29">deadline</token>
<token t_id="31" sentence="0" number="30">.</token>
<token t_id="32" sentence="1" number="0">Sony</token>
<token t_id="33" sentence="1" number="1">Columbia</token>
<token t_id="34" sentence="1" number="2">Acquisition</token>
<token t_id="35" sentence="1" number="3">Corp</token>
<token t_id="36" sentence="1" number="4">.</token>
<token t_id="37" sentence="1" number="5">,</token>
<token t_id="38" sentence="1" number="6">formed</token>
<token t_id="39" sentence="1" number="7">for</token>
<token t_id="40" sentence="1" number="8">the</token>
<token t_id="41" sentence="1" number="9">Columbia</token>
<token t_id="42" sentence="1" number="10">deal</token>
<token t_id="43" sentence="1" number="11">,</token>
<token t_id="44" sentence="1" number="12">will</token>
<token t_id="45" sentence="1" number="13">formally</token>
<token t_id="46" sentence="1" number="14">take</token>
<token t_id="47" sentence="1" number="15">ownership</token>
<token t_id="48" sentence="1" number="16">of</token>
<token t_id="49" sentence="1" number="17">the</token>
<token t_id="50" sentence="1" number="18">movie</token>
<token t_id="51" sentence="1" number="19">studio</token>
<token t_id="52" sentence="1" number="20">later</token>
<token t_id="53" sentence="1" number="21">this</token>
<token t_id="54" sentence="1" number="22">month</token>
<token t_id="55" sentence="1" number="23">,</token>
<token t_id="56" sentence="1" number="24">a</token>
<token t_id="57" sentence="1" number="25">spokesman</token>
<token t_id="58" sentence="1" number="26">said</token>
<token t_id="59" sentence="1" number="27">.</token>
<token t_id="60" sentence="2" number="0">Sony</token>
<token t_id="61" sentence="2" number="1">is</token>
<token t_id="62" sentence="2" number="2">paying</token>
<token t_id="63" sentence="2" number="3">$27</token>
<token t_id="64" sentence="2" number="4">a</token>
<token t_id="65" sentence="2" number="5">share</token>
<token t_id="66" sentence="2" number="6">,</token>
<token t_id="67" sentence="2" number="7">or</token>
<token t_id="68" sentence="2" number="8">$3</token>
<token t_id="69" sentence="2" number="9">.</token>
<token t_id="70" sentence="2" number="10">55</token>
<token t_id="71" sentence="2" number="11">billion</token>
<token t_id="72" sentence="2" number="12">,</token>
<token t_id="73" sentence="2" number="13">cash</token>
<token t_id="74" sentence="2" number="14">and</token>
<token t_id="75" sentence="2" number="15">is</token>
<token t_id="76" sentence="2" number="16">assuming</token>
<token t_id="77" sentence="2" number="17">$1</token>
<token t_id="78" sentence="2" number="18">.</token>
<token t_id="79" sentence="2" number="19">4</token>
<token t_id="80" sentence="2" number="20">billion</token>
<token t_id="81" sentence="2" number="21">of</token>
<token t_id="82" sentence="2" number="22">long</token>
<token t_id="83" sentence="2" number="23">-</token>
<token t_id="84" sentence="2" number="24">term</token>
<token t_id="85" sentence="2" number="25">debt</token>
<token t_id="86" sentence="2" number="26">.</token>
<token t_id="87" sentence="3" number="0">Still</token>
<token t_id="88" sentence="3" number="1">unresolved</token>
<token t_id="89" sentence="3" number="2">is</token>
<token t_id="90" sentence="3" number="3">Sony's</token>
<token t_id="91" sentence="3" number="4">effort</token>
<token t_id="92" sentence="3" number="5">to</token>
<token t_id="93" sentence="3" number="6">hire</token>
<token t_id="94" sentence="3" number="7">producers</token>
<token t_id="95" sentence="3" number="8">Jon</token>
<token t_id="96" sentence="3" number="9">Peters</token>
<token t_id="97" sentence="3" number="10">and</token>
<token t_id="98" sentence="3" number="11">Peter</token>
<token t_id="99" sentence="3" number="12">Guber</token>
<token t_id="100" sentence="3" number="13">to</token>
<token t_id="101" sentence="3" number="14">run</token>
<token t_id="102" sentence="3" number="15">the</token>
<token t_id="103" sentence="3" number="16">studio</token>
<token t_id="104" sentence="3" number="17">.</token>
<token t_id="105" sentence="4" number="0">Sony's</token>
<token t_id="106" sentence="4" number="1">planned</token>
<token t_id="107" sentence="4" number="2">acquisition</token>
<token t_id="108" sentence="4" number="3">of</token>
<token t_id="109" sentence="4" number="4">Guber</token>
<token t_id="110" sentence="4" number="5">/</token>
<token t_id="111" sentence="4" number="6">Peters</token>
<token t_id="112" sentence="4" number="7">Entertainment</token>
<token t_id="113" sentence="4" number="8">Co</token>
<token t_id="114" sentence="4" number="9">.</token>
<token t_id="115" sentence="4" number="10">for</token>
<token t_id="116" sentence="4" number="11">$200</token>
<token t_id="117" sentence="4" number="12">million</token>
<token t_id="118" sentence="4" number="13">is</token>
<token t_id="119" sentence="4" number="14">scheduled</token>
<token t_id="120" sentence="4" number="15">to</token>
<token t_id="121" sentence="4" number="16">close</token>
<token t_id="122" sentence="4" number="17">Monday</token>
<token t_id="123" sentence="4" number="18">.</token>
<token t_id="124" sentence="5" number="0">Guber</token>
<token t_id="125" sentence="5" number="1">/</token>
<token t_id="126" sentence="5" number="2">Peters</token>
<token t_id="127" sentence="5" number="3">has</token>
<token t_id="128" sentence="5" number="4">been</token>
<token t_id="129" sentence="5" number="5">locked</token>
<token t_id="130" sentence="5" number="6">in</token>
<token t_id="131" sentence="5" number="7">litigation</token>
<token t_id="132" sentence="5" number="8">with</token>
<token t_id="133" sentence="5" number="9">Warner</token>
<token t_id="134" sentence="5" number="10">Communications</token>
<token t_id="135" sentence="5" number="11">Inc</token>
<token t_id="136" sentence="5" number="12">.</token>
<token t_id="137" sentence="5" number="13">in</token>
<token t_id="138" sentence="5" number="14">an</token>
<token t_id="139" sentence="5" number="15">attempt</token>
<token t_id="140" sentence="5" number="16">to</token>
<token t_id="141" sentence="5" number="17">get</token>
<token t_id="142" sentence="5" number="18">out</token>
<token t_id="143" sentence="5" number="19">of</token>
<token t_id="144" sentence="5" number="20">an</token>
<token t_id="145" sentence="5" number="21">exclusive</token>
<token t_id="146" sentence="5" number="22">production</token>
<token t_id="147" sentence="5" number="23">contract</token>
<token t_id="148" sentence="5" number="24">with</token>
<token t_id="149" sentence="5" number="25">Warner</token>
<token t_id="150" sentence="5" number="26">.</token>
<token t_id="151" sentence="6" number="0">Both</token>
<token t_id="152" sentence="6" number="1">sides</token>
<token t_id="153" sentence="6" number="2">are</token>
<token t_id="154" sentence="6" number="3">in</token>
<token t_id="155" sentence="6" number="4">talks</token>
<token t_id="156" sentence="6" number="5">to</token>
<token t_id="157" sentence="6" number="6">settle</token>
<token t_id="158" sentence="6" number="7">the</token>
<token t_id="159" sentence="6" number="8">dispute</token>
<token t_id="160" sentence="6" number="9">.</token>


<Markables>
<NARRATIVE m_id="7" Level="Primary" comment="" conversational-direct="FALSE" conversational-reported="FALSE"  >
<token_anchor t_id="74"/>
<token_anchor t_id="75"/>
<token_anchor t_id="76"/>
<token_anchor t_id="77"/>
<token_anchor t_id="78"/>
<token_anchor t_id="79"/>
<token_anchor t_id="80"/>
<token_anchor t_id="81"/>
<token_anchor t_id="82"/>
<token_anchor t_id="83"/>
<token_anchor t_id="84"/>
<token_anchor t_id="85"/>
<token_anchor t_id="86"/>
</NARRATIVE>
<NARRATIVE m_id="8" Level="Primary" comment="" conversational-direct="FALSE" conversational-reported="FALSE"  >
<token_anchor t_id="87"/>
<token_anchor t_id="88"/>
<token_anchor t_id="89"/>
</NARRATIVE>
<NARRATIVE m_id="9" Level="Primary" comment="" conversational-direct="FALSE" conversational-reported="FALSE"  >
<token_anchor t_id="90"/>
<token_anchor t_id="91"/>
<token_anchor t_id="92"/>
<token_anchor t_id="93"/>
<token_anchor t_id="94"/>
<token_anchor t_id="95"/>
<token_anchor t_id="96"/>
<token_anchor t_id="97"/>
<token_anchor t_id="98"/>
<token_anchor t_id="99"/>
</NARRATIVE>
<NARRATIVE m_id="10" Level="Primary" comment="" conversational-direct="FALSE" conversational-reported="FALSE"  >
<token_anchor t_id="100"/>
<token_anchor t_id="101"/>
<token_anchor t_id="102"/>
<token_anchor t_id="103"/>
<token_anchor t_id="104"/>
</NARRATIVE>
<NARRATIVE m_id="11" Level="Primary" comment="" conversational-direct="FALSE" conversational-reported="FALSE"  >
<token_anchor t_id="105"/>
<token_anchor t_id="106"/>
<token_anchor t_id="107"/>
<token_anchor t_id="108"/>
<token_anchor t_id="109"/>
<token_anchor t_id="110"/>
<token_anchor t_id="111"/>
<token_anchor t_id="112"/>
<token_anchor t_id="113"/>
<token_anchor t_id="114"/>
<token_anchor t_id="115"/>
<token_anchor t_id="116"/>
<token_anchor t_id="117"/>
<token_anchor t_id="118"/>
<token_anchor t_id="119"/>
</NARRATIVE>
<NARRATIVE m_id="12" Level="Primary" comment="" conversational-direct="FALSE" conversational-reported="FALSE"  >
<token_anchor t_id="120"/>
<token_anchor t_id="121"/>
<token_anchor t_id="122"/>
<token_anchor t_id="123"/>
</NARRATIVE>
<NARRATIVE m_id="13" Level="Primary" comment="" conversational-direct="FALSE" conversational-reported="FALSE"  >
<token_anchor t_id="124"/>
<token_anchor t_id="125"/>
<token_anchor t_id="126"/>
<token_anchor t_id="127"/>
<token_anchor t_id="128"/>
<token_anchor t_id="129"/>
<token_anchor t_id="130"/>
<token_anchor t_id="131"/>
<token_anchor t_id="132"/>
<token_anchor t_id="133"/>
<token_anchor t_id="134"/>
<token_anchor t_id="135"/>
<token_anchor t_id="136"/>
</NARRATIVE>
<NARRATIVE m_id="14" Level="Primary" comment="" conversational-direct="FALSE" conversational-reported="FALSE"  >
<token_anchor t_id="137"/>
<token_anchor t_id="138"/>
<token_anchor t_id="139"/>
<token_anchor t_id="140"/>
<token_anchor t_id="141"/>
<token_anchor t_id="142"/>
<token_anchor t_id="143"/>
<token_anchor t_id="144"/>
<token_anchor t_id="145"/>
<token_anchor t_id="146"/>
<token_anchor t_id="147"/>
<token_anchor t_id="148"/>
<token_anchor t_id="149"/>
<token_anchor t_id="150"/>
</NARRATIVE>
<NARRATIVE m_id="15" Level="Primary" comment="" conversational-direct="FALSE" conversational-reported="FALSE"  >
<token_anchor t_id="151"/>
<token_anchor t_id="152"/>
<token_anchor t_id="153"/>
<token_anchor t_id="154"/>
<token_anchor t_id="155"/>
</NARRATIVE>
<NARRATIVE m_id="16" Level="Primary" comment="" conversational-direct="FALSE" conversational-reported="FALSE"  >
<token_anchor t_id="156"/>
<token_anchor t_id="157"/>
<token_anchor t_id="158"/>
<token_anchor t_id="159"/>
<token_anchor t_id="160"/>
</NARRATIVE>
<NARRATIVE m_id="1" Level="Primary" comment="" conversational-direct="FALSE" conversational-reported="FALSE"  >
<token_anchor t_id="1"/>
<token_anchor t_id="2"/>
<token_anchor t_id="3"/>
<token_anchor t_id="4"/>
<token_anchor t_id="5"/>
<token_anchor t_id="6"/>
<token_anchor t_id="7"/>
<token_anchor t_id="8"/>
<token_anchor t_id="9"/>
<token_anchor t_id="10"/>
<token_anchor t_id="11"/>
<token_anchor t_id="12"/>
<token_anchor t_id="13"/>
<token_anchor t_id="14"/>
</NARRATIVE>
<NARRATIVE m_id="2" Level="Primary" comment="" conversational-direct="FALSE" conversational-reported="FALSE"  >
<token_anchor t_id="15"/>
<token_anchor t_id="16"/>
<token_anchor t_id="17"/>
<token_anchor t_id="18"/>
<token_anchor t_id="19"/>
<token_anchor t_id="20"/>
<token_anchor t_id="21"/>
<token_anchor t_id="22"/>
<token_anchor t_id="23"/>
<token_anchor t_id="24"/>
<token_anchor t_id="25"/>
<token_anchor t_id="26"/>
<token_anchor t_id="27"/>
<token_anchor t_id="28"/>
<token_anchor t_id="29"/>
<token_anchor t_id="30"/>
<token_anchor t_id="31"/>
</NARRATIVE>
<NARRATIVE m_id="3" Level="Primary" comment="" conversational-direct="FALSE" conversational-reported="TRUE"  >
<token_anchor t_id="32"/>
<token_anchor t_id="33"/>
<token_anchor t_id="34"/>
<token_anchor t_id="35"/>
<token_anchor t_id="36"/>
<token_anchor t_id="37"/>
<token_anchor t_id="44"/>
<token_anchor t_id="45"/>
<token_anchor t_id="46"/>
<token_anchor t_id="47"/>
<token_anchor t_id="48"/>
<token_anchor t_id="49"/>
<token_anchor t_id="50"/>
<token_anchor t_id="51"/>
<token_anchor t_id="52"/>
<token_anchor t_id="53"/>
<token_anchor t_id="54"/>
<token_anchor t_id="55"/>
</NARRATIVE>
<NARRATIVE m_id="4" Level="Primary" comment="" conversational-direct="FALSE" conversational-reported="FALSE"  >
<token_anchor t_id="56"/>
<token_anchor t_id="57"/>
<token_anchor t_id="58"/>
<token_anchor t_id="59"/>
</NARRATIVE>
<NARRATIVE m_id="5" Level="Primary" comment="" conversational-direct="FALSE" conversational-reported="FALSE"  >
<token_anchor t_id="38"/>
<token_anchor t_id="39"/>
<token_anchor t_id="40"/>
<token_anchor t_id="41"/>
<token_anchor t_id="42"/>
<token_anchor t_id="43"/>
</NARRATIVE>
<NARRATIVE m_id="6" Level="Primary" comment="" conversational-direct="FALSE" conversational-reported="FALSE"  >
<token_anchor t_id="60"/>
<token_anchor t_id="61"/>
<token_anchor t_id="62"/>
<token_anchor t_id="63"/>
<token_anchor t_id="64"/>
<token_anchor t_id="65"/>
<token_anchor t_id="66"/>
<token_anchor t_id="67"/>
<token_anchor t_id="68"/>
<token_anchor t_id="69"/>
<token_anchor t_id="70"/>
<token_anchor t_id="71"/>
<token_anchor t_id="72"/>
<token_anchor t_id="73"/>
</NARRATIVE>


</Markables>

<Relations>
</Relations>
</Document>
