<Document doc_name="news_wsj_0189.txt">
<token t_id="1" sentence="0" number="0">Ralston</token>
<token t_id="2" sentence="0" number="1">Purina</token>
<token t_id="3" sentence="0" number="2">Co</token>
<token t_id="4" sentence="0" number="3">.</token>
<token t_id="5" sentence="0" number="4">reported</token>
<token t_id="6" sentence="0" number="5">a</token>
<token t_id="7" sentence="0" number="6">47%</token>
<token t_id="8" sentence="0" number="7">decline</token>
<token t_id="9" sentence="0" number="8">in</token>
<token t_id="10" sentence="0" number="9">fourth</token>
<token t_id="11" sentence="0" number="10">-</token>
<token t_id="12" sentence="0" number="11">quarter</token>
<token t_id="13" sentence="0" number="12">earnings</token>
<token t_id="14" sentence="0" number="13">,</token>
<token t_id="15" sentence="0" number="14">reflecting</token>
<token t_id="16" sentence="0" number="15">restructuring</token>
<token t_id="17" sentence="0" number="16">costs</token>
<token t_id="18" sentence="0" number="17">as</token>
<token t_id="19" sentence="0" number="18">well</token>
<token t_id="20" sentence="0" number="19">as</token>
<token t_id="21" sentence="0" number="20">a</token>
<token t_id="22" sentence="0" number="21">more</token>
<token t_id="23" sentence="0" number="22">difficult</token>
<token t_id="24" sentence="0" number="23">pet</token>
<token t_id="25" sentence="0" number="24">food</token>
<token t_id="26" sentence="0" number="25">market</token>
<token t_id="27" sentence="0" number="26">.</token>
<token t_id="28" sentence="1" number="0">The</token>
<token t_id="29" sentence="1" number="1">St</token>
<token t_id="30" sentence="1" number="2">.</token>
<token t_id="31" sentence="1" number="3">Louis</token>
<token t_id="32" sentence="1" number="4">company</token>
<token t_id="33" sentence="1" number="5">earned</token>
<token t_id="34" sentence="1" number="6">$45</token>
<token t_id="35" sentence="1" number="7">.</token>
<token t_id="36" sentence="1" number="8">2</token>
<token t_id="37" sentence="1" number="9">million</token>
<token t_id="38" sentence="1" number="10">,</token>
<token t_id="39" sentence="1" number="11">or</token>
<token t_id="40" sentence="1" number="12">65</token>
<token t_id="41" sentence="1" number="13">cents</token>
<token t_id="42" sentence="1" number="14">a</token>
<token t_id="43" sentence="1" number="15">share</token>
<token t_id="44" sentence="1" number="16">,</token>
<token t_id="45" sentence="1" number="17">compared</token>
<token t_id="46" sentence="1" number="18">with</token>
<token t_id="47" sentence="1" number="19">$84</token>
<token t_id="48" sentence="1" number="20">.</token>
<token t_id="49" sentence="1" number="21">9</token>
<token t_id="50" sentence="1" number="22">million</token>
<token t_id="51" sentence="1" number="23">,</token>
<token t_id="52" sentence="1" number="24">or</token>
<token t_id="53" sentence="1" number="25">$1</token>
<token t_id="54" sentence="1" number="26">.</token>
<token t_id="55" sentence="1" number="27">24</token>
<token t_id="56" sentence="1" number="28">a</token>
<token t_id="57" sentence="1" number="29">share</token>
<token t_id="58" sentence="1" number="30">,</token>
<token t_id="59" sentence="1" number="31">a</token>
<token t_id="60" sentence="1" number="32">year</token>
<token t_id="61" sentence="1" number="33">earlier</token>
<token t_id="62" sentence="1" number="34">.</token>
<token t_id="63" sentence="1" number="35">Sales</token>
<token t_id="64" sentence="1" number="36">in</token>
<token t_id="65" sentence="1" number="37">the</token>
<token t_id="66" sentence="1" number="38">latest</token>
<token t_id="67" sentence="1" number="39">period</token>
<token t_id="68" sentence="1" number="40">were</token>
<token t_id="69" sentence="1" number="41">$1</token>
<token t_id="70" sentence="1" number="42">.</token>
<token t_id="71" sentence="1" number="43">76</token>
<token t_id="72" sentence="1" number="44">billion</token>
<token t_id="73" sentence="1" number="45">,</token>
<token t_id="74" sentence="1" number="46">a</token>
<token t_id="75" sentence="1" number="47">13%</token>
<token t_id="76" sentence="1" number="48">increase</token>
<token t_id="77" sentence="1" number="49">from</token>
<token t_id="78" sentence="1" number="50">last</token>
<token t_id="79" sentence="1" number="51">year's</token>
<token t_id="80" sentence="1" number="52">$1</token>
<token t_id="81" sentence="1" number="53">.</token>
<token t_id="82" sentence="1" number="54">55</token>
<token t_id="83" sentence="1" number="55">billion</token>
<token t_id="84" sentence="1" number="56">.</token>
<token t_id="85" sentence="2" number="0">For</token>
<token t_id="86" sentence="2" number="1">the</token>
<token t_id="87" sentence="2" number="2">year</token>
<token t_id="88" sentence="2" number="3">ended</token>
<token t_id="89" sentence="2" number="4">Sept</token>
<token t_id="90" sentence="2" number="5">.</token>
<token t_id="91" sentence="2" number="6">30</token>
<token t_id="92" sentence="2" number="7">,</token>
<token t_id="93" sentence="2" number="8">Ralston</token>
<token t_id="94" sentence="2" number="9">earned</token>
<token t_id="95" sentence="2" number="10">$422</token>
<token t_id="96" sentence="2" number="11">.</token>
<token t_id="97" sentence="2" number="12">5</token>
<token t_id="98" sentence="2" number="13">million</token>
<token t_id="99" sentence="2" number="14">,</token>
<token t_id="100" sentence="2" number="15">or</token>
<token t_id="101" sentence="2" number="16">$6</token>
<token t_id="102" sentence="2" number="17">.</token>
<token t_id="103" sentence="2" number="18">44</token>
<token t_id="104" sentence="2" number="19">a</token>
<token t_id="105" sentence="2" number="20">share</token>
<token t_id="106" sentence="2" number="21">,</token>
<token t_id="107" sentence="2" number="22">up</token>
<token t_id="108" sentence="2" number="23">8</token>
<token t_id="109" sentence="2" number="24">.</token>
<token t_id="110" sentence="2" number="25">9%</token>
<token t_id="111" sentence="2" number="26">from</token>
<token t_id="112" sentence="2" number="27">$387</token>
<token t_id="113" sentence="2" number="28">.</token>
<token t_id="114" sentence="2" number="29">8</token>
<token t_id="115" sentence="2" number="30">million</token>
<token t_id="116" sentence="2" number="31">,</token>
<token t_id="117" sentence="2" number="32">or</token>
<token t_id="118" sentence="2" number="33">$5</token>
<token t_id="119" sentence="2" number="34">.</token>
<token t_id="120" sentence="2" number="35">63</token>
<token t_id="121" sentence="2" number="36">a</token>
<token t_id="122" sentence="2" number="37">share</token>
<token t_id="123" sentence="2" number="38">.</token>
<token t_id="124" sentence="3" number="0">This</token>
<token t_id="125" sentence="3" number="1">year's</token>
<token t_id="126" sentence="3" number="2">results</token>
<token t_id="127" sentence="3" number="3">included</token>
<token t_id="128" sentence="3" number="4">a</token>
<token t_id="129" sentence="3" number="5">gain</token>
<token t_id="130" sentence="3" number="6">of</token>
<token t_id="131" sentence="3" number="7">$70</token>
<token t_id="132" sentence="3" number="8">.</token>
<token t_id="133" sentence="3" number="9">2</token>
<token t_id="134" sentence="3" number="10">million</token>
<token t_id="135" sentence="3" number="11">on</token>
<token t_id="136" sentence="3" number="12">the</token>
<token t_id="137" sentence="3" number="13">disposal</token>
<token t_id="138" sentence="3" number="14">of</token>
<token t_id="139" sentence="3" number="15">seafood</token>
<token t_id="140" sentence="3" number="16">operations</token>
<token t_id="141" sentence="3" number="17">.</token>
<token t_id="142" sentence="4" number="0">Sales</token>
<token t_id="143" sentence="4" number="1">for</token>
<token t_id="144" sentence="4" number="2">the</token>
<token t_id="145" sentence="4" number="3">full</token>
<token t_id="146" sentence="4" number="4">year</token>
<token t_id="147" sentence="4" number="5">were</token>
<token t_id="148" sentence="4" number="6">$6</token>
<token t_id="149" sentence="4" number="7">.</token>
<token t_id="150" sentence="4" number="8">6</token>
<token t_id="151" sentence="4" number="9">billion</token>
<token t_id="152" sentence="4" number="10">,</token>
<token t_id="153" sentence="4" number="11">up</token>
<token t_id="154" sentence="4" number="12">13%</token>
<token t_id="155" sentence="4" number="13">from</token>
<token t_id="156" sentence="4" number="14">$5</token>
<token t_id="157" sentence="4" number="15">.</token>
<token t_id="158" sentence="4" number="16">8</token>
<token t_id="159" sentence="4" number="17">billion</token>
<token t_id="160" sentence="4" number="18">.</token>
<token t_id="161" sentence="5" number="0">Ralston</token>
<token t_id="162" sentence="5" number="1">said</token>
<token t_id="163" sentence="5" number="2">its</token>
<token t_id="164" sentence="5" number="3">restructuring</token>
<token t_id="165" sentence="5" number="4">costs</token>
<token t_id="166" sentence="5" number="5">include</token>
<token t_id="167" sentence="5" number="6">the</token>
<token t_id="168" sentence="5" number="7">phase</token>
<token t_id="169" sentence="5" number="8">-</token>
<token t_id="170" sentence="5" number="9">out</token>
<token t_id="171" sentence="5" number="10">of</token>
<token t_id="172" sentence="5" number="11">a</token>
<token t_id="173" sentence="5" number="12">battery</token>
<token t_id="174" sentence="5" number="13">facility</token>
<token t_id="175" sentence="5" number="14">in</token>
<token t_id="176" sentence="5" number="15">Greenville</token>
<token t_id="177" sentence="5" number="16">,</token>
<token t_id="178" sentence="5" number="17">N</token>
<token t_id="179" sentence="5" number="18">.</token>
<token t_id="180" sentence="5" number="19">C</token>
<token t_id="181" sentence="5" number="20">.</token>
<token t_id="182" sentence="5" number="21">,</token>
<token t_id="183" sentence="5" number="22">the</token>
<token t_id="184" sentence="5" number="23">recent</token>
<token t_id="185" sentence="5" number="24">closing</token>
<token t_id="186" sentence="5" number="25">of</token>
<token t_id="187" sentence="5" number="26">a</token>
<token t_id="188" sentence="5" number="27">Hostess</token>
<token t_id="189" sentence="5" number="28">cake</token>
<token t_id="190" sentence="5" number="29">bakery</token>
<token t_id="191" sentence="5" number="30">in</token>
<token t_id="192" sentence="5" number="31">Cincinnati</token>
<token t_id="193" sentence="5" number="32">and</token>
<token t_id="194" sentence="5" number="33">a</token>
<token t_id="195" sentence="5" number="34">reduction</token>
<token t_id="196" sentence="5" number="35">in</token>
<token t_id="197" sentence="5" number="36">staff</token>
<token t_id="198" sentence="5" number="37">throughout</token>
<token t_id="199" sentence="5" number="38">the</token>
<token t_id="200" sentence="5" number="39">company</token>
<token t_id="201" sentence="5" number="40">.</token>
<token t_id="202" sentence="6" number="0">The</token>
<token t_id="203" sentence="6" number="1">battery</token>
<token t_id="204" sentence="6" number="2">plant</token>
<token t_id="205" sentence="6" number="3">,</token>
<token t_id="206" sentence="6" number="4">which</token>
<token t_id="207" sentence="6" number="5">makes</token>
<token t_id="208" sentence="6" number="6">rechargeable</token>
<token t_id="209" sentence="6" number="7">nickel</token>
<token t_id="210" sentence="6" number="8">cadmium</token>
<token t_id="211" sentence="6" number="9">and</token>
<token t_id="212" sentence="6" number="10">carbon</token>
<token t_id="213" sentence="6" number="11">zinc</token>
<token t_id="214" sentence="6" number="12">products</token>
<token t_id="215" sentence="6" number="13">,</token>
<token t_id="216" sentence="6" number="14">will</token>
<token t_id="217" sentence="6" number="15">be</token>
<token t_id="218" sentence="6" number="16">closed</token>
<token t_id="219" sentence="6" number="17">over</token>
<token t_id="220" sentence="6" number="18">the</token>
<token t_id="221" sentence="6" number="19">next</token>
<token t_id="222" sentence="6" number="20">year</token>
<token t_id="223" sentence="6" number="21">or</token>
<token t_id="224" sentence="6" number="22">so</token>
<token t_id="225" sentence="6" number="23">,</token>
<token t_id="226" sentence="6" number="24">a</token>
<token t_id="227" sentence="6" number="25">spokesman</token>
<token t_id="228" sentence="6" number="26">said</token>
<token t_id="229" sentence="6" number="27">.</token>
<token t_id="230" sentence="7" number="0">Ralston</token>
<token t_id="231" sentence="7" number="1">attributed</token>
<token t_id="232" sentence="7" number="2">its</token>
<token t_id="233" sentence="7" number="3">fourth</token>
<token t_id="234" sentence="7" number="4">-</token>
<token t_id="235" sentence="7" number="5">quarter</token>
<token t_id="236" sentence="7" number="6">slump</token>
<token t_id="237" sentence="7" number="7">partly</token>
<token t_id="238" sentence="7" number="8">to</token>
<token t_id="239" sentence="7" number="9">higher</token>
<token t_id="240" sentence="7" number="10">costs</token>
<token t_id="241" sentence="7" number="11">of</token>
<token t_id="242" sentence="7" number="12">ingredients</token>
<token t_id="243" sentence="7" number="13">in</token>
<token t_id="244" sentence="7" number="14">the</token>
<token t_id="245" sentence="7" number="15">pet</token>
<token t_id="246" sentence="7" number="16">food</token>
<token t_id="247" sentence="7" number="17">business</token>
<token t_id="248" sentence="7" number="18">as</token>
<token t_id="249" sentence="7" number="19">well</token>
<token t_id="250" sentence="7" number="20">as</token>
<token t_id="251" sentence="7" number="21">competitive</token>
<token t_id="252" sentence="7" number="22">pressures</token>
<token t_id="253" sentence="7" number="23">,</token>
<token t_id="254" sentence="7" number="24">which</token>
<token t_id="255" sentence="7" number="25">required</token>
<token t_id="256" sentence="7" number="26">higher</token>
<token t_id="257" sentence="7" number="27">advertising</token>
<token t_id="258" sentence="7" number="28">spending</token>
<token t_id="259" sentence="7" number="29">.</token>
<token t_id="260" sentence="8" number="0">For</token>
<token t_id="261" sentence="8" number="1">the</token>
<token t_id="262" sentence="8" number="2">year</token>
<token t_id="263" sentence="8" number="3">,</token>
<token t_id="264" sentence="8" number="4">pet</token>
<token t_id="265" sentence="8" number="5">food</token>
<token t_id="266" sentence="8" number="6">volume</token>
<token t_id="267" sentence="8" number="7">was</token>
<token t_id="268" sentence="8" number="8">flat</token>
<token t_id="269" sentence="8" number="9">,</token>
<token t_id="270" sentence="8" number="10">the</token>
<token t_id="271" sentence="8" number="11">company</token>
<token t_id="272" sentence="8" number="12">said</token>
<token t_id="273" sentence="8" number="13">.</token>
<token t_id="274" sentence="9" number="0">Its</token>
<token t_id="275" sentence="9" number="1">cereal</token>
<token t_id="276" sentence="9" number="2">division</token>
<token t_id="277" sentence="9" number="3">realized</token>
<token t_id="278" sentence="9" number="4">higher</token>
<token t_id="279" sentence="9" number="5">operating</token>
<token t_id="280" sentence="9" number="6">profit</token>
<token t_id="281" sentence="9" number="7">on</token>
<token t_id="282" sentence="9" number="8">volume</token>
<token t_id="283" sentence="9" number="9">increases</token>
<token t_id="284" sentence="9" number="10">,</token>
<token t_id="285" sentence="9" number="11">but</token>
<token t_id="286" sentence="9" number="12">also</token>
<token t_id="287" sentence="9" number="13">spent</token>
<token t_id="288" sentence="9" number="14">more</token>
<token t_id="289" sentence="9" number="15">on</token>
<token t_id="290" sentence="9" number="16">promotion</token>
<token t_id="291" sentence="9" number="17">.</token>
<token t_id="292" sentence="10" number="0">The</token>
<token t_id="293" sentence="10" number="1">Continental</token>
<token t_id="294" sentence="10" number="2">Baking</token>
<token t_id="295" sentence="10" number="3">business</token>
<token t_id="296" sentence="10" number="4">benefited</token>
<token t_id="297" sentence="10" number="5">from</token>
<token t_id="298" sentence="10" number="6">higher</token>
<token t_id="299" sentence="10" number="7">margins</token>
<token t_id="300" sentence="10" number="8">on</token>
<token t_id="301" sentence="10" number="9">bread</token>
<token t_id="302" sentence="10" number="10">and</token>
<token t_id="303" sentence="10" number="11">on</token>
<token t_id="304" sentence="10" number="12">increased</token>
<token t_id="305" sentence="10" number="13">cake</token>
<token t_id="306" sentence="10" number="14">sales</token>
<token t_id="307" sentence="10" number="15">,</token>
<token t_id="308" sentence="10" number="16">it</token>
<token t_id="309" sentence="10" number="17">added</token>
<token t_id="310" sentence="10" number="18">.</token>
<token t_id="311" sentence="11" number="0">Ralston</token>
<token t_id="312" sentence="11" number="1">said</token>
<token t_id="313" sentence="11" number="2">its</token>
<token t_id="314" sentence="11" number="3">Eveready</token>
<token t_id="315" sentence="11" number="4">battery</token>
<token t_id="316" sentence="11" number="5">unit</token>
<token t_id="317" sentence="11" number="6">was</token>
<token t_id="318" sentence="11" number="7">hurt</token>
<token t_id="319" sentence="11" number="8">by</token>
<token t_id="320" sentence="11" number="9">continuing</token>
<token t_id="321" sentence="11" number="10">economic</token>
<token t_id="322" sentence="11" number="11">problems</token>
<token t_id="323" sentence="11" number="12">in</token>
<token t_id="324" sentence="11" number="13">South</token>
<token t_id="325" sentence="11" number="14">America</token>
<token t_id="326" sentence="11" number="15">.</token>
<token t_id="327" sentence="12" number="0">Ralston</token>
<token t_id="328" sentence="12" number="1">shares</token>
<token t_id="329" sentence="12" number="2">closed</token>
<token t_id="330" sentence="12" number="3">yesterday</token>
<token t_id="331" sentence="12" number="4">at</token>
<token t_id="332" sentence="12" number="5">$80</token>
<token t_id="333" sentence="12" number="6">.</token>
<token t_id="334" sentence="12" number="7">50</token>
<token t_id="335" sentence="12" number="8">,</token>
<token t_id="336" sentence="12" number="9">off</token>
<token t_id="337" sentence="12" number="10">$1</token>
<token t_id="338" sentence="12" number="11">,</token>
<token t_id="339" sentence="12" number="12">in</token>
<token t_id="340" sentence="12" number="13">New</token>
<token t_id="341" sentence="12" number="14">York</token>
<token t_id="342" sentence="12" number="15">Stock</token>
<token t_id="343" sentence="12" number="16">Exchange</token>
<token t_id="344" sentence="12" number="17">composite</token>
<token t_id="345" sentence="12" number="18">trading</token>
<token t_id="346" sentence="12" number="19">.</token>


<Markables>
<ARGUMENTATIVE m_id="17" comment="" conversational-direct="FALSE" conversational-reported="TRUE"  >
<token_anchor t_id="313"/>
<token_anchor t_id="314"/>
<token_anchor t_id="315"/>
<token_anchor t_id="316"/>
<token_anchor t_id="317"/>
<token_anchor t_id="318"/>
<token_anchor t_id="319"/>
<token_anchor t_id="320"/>
<token_anchor t_id="321"/>
<token_anchor t_id="322"/>
<token_anchor t_id="323"/>
<token_anchor t_id="324"/>
<token_anchor t_id="325"/>
<token_anchor t_id="326"/>
</ARGUMENTATIVE>
<DESCRIPTIVE m_id="13" Type="Other" comment="" conversational-direct="FALSE" conversational-reported="FALSE"  >
<token_anchor t_id="206"/>
<token_anchor t_id="207"/>
<token_anchor t_id="208"/>
<token_anchor t_id="209"/>
<token_anchor t_id="210"/>
<token_anchor t_id="211"/>
<token_anchor t_id="212"/>
<token_anchor t_id="213"/>
<token_anchor t_id="214"/>
<token_anchor t_id="215"/>
</DESCRIPTIVE>
<NARRATIVE m_id="7" Level="Primary" comment="" conversational-direct="FALSE" conversational-reported="FALSE"  >
<token_anchor t_id="93"/>
<token_anchor t_id="94"/>
<token_anchor t_id="95"/>
<token_anchor t_id="96"/>
<token_anchor t_id="97"/>
<token_anchor t_id="98"/>
<token_anchor t_id="99"/>
<token_anchor t_id="100"/>
<token_anchor t_id="101"/>
<token_anchor t_id="102"/>
<token_anchor t_id="103"/>
<token_anchor t_id="104"/>
<token_anchor t_id="105"/>
<token_anchor t_id="106"/>
<token_anchor t_id="107"/>
<token_anchor t_id="108"/>
<token_anchor t_id="109"/>
<token_anchor t_id="110"/>
<token_anchor t_id="111"/>
<token_anchor t_id="112"/>
<token_anchor t_id="113"/>
<token_anchor t_id="114"/>
<token_anchor t_id="115"/>
<token_anchor t_id="116"/>
<token_anchor t_id="117"/>
<token_anchor t_id="118"/>
<token_anchor t_id="119"/>
<token_anchor t_id="120"/>
<token_anchor t_id="121"/>
<token_anchor t_id="122"/>
<token_anchor t_id="123"/>
</NARRATIVE>
<NARRATIVE m_id="8" Level="Primary" comment="" conversational-direct="FALSE" conversational-reported="FALSE"  >
<token_anchor t_id="124"/>
<token_anchor t_id="125"/>
<token_anchor t_id="126"/>
<token_anchor t_id="127"/>
<token_anchor t_id="128"/>
<token_anchor t_id="129"/>
<token_anchor t_id="130"/>
<token_anchor t_id="131"/>
<token_anchor t_id="132"/>
<token_anchor t_id="133"/>
<token_anchor t_id="134"/>
<token_anchor t_id="135"/>
<token_anchor t_id="136"/>
<token_anchor t_id="137"/>
<token_anchor t_id="138"/>
<token_anchor t_id="139"/>
<token_anchor t_id="140"/>
<token_anchor t_id="141"/>
</NARRATIVE>
<NARRATIVE m_id="9" Level="Primary" comment="" conversational-direct="FALSE" conversational-reported="FALSE"  >
<token_anchor t_id="142"/>
<token_anchor t_id="143"/>
<token_anchor t_id="144"/>
<token_anchor t_id="145"/>
<token_anchor t_id="146"/>
<token_anchor t_id="147"/>
<token_anchor t_id="148"/>
<token_anchor t_id="149"/>
<token_anchor t_id="150"/>
<token_anchor t_id="151"/>
<token_anchor t_id="152"/>
<token_anchor t_id="153"/>
<token_anchor t_id="154"/>
<token_anchor t_id="155"/>
<token_anchor t_id="156"/>
<token_anchor t_id="157"/>
<token_anchor t_id="158"/>
<token_anchor t_id="159"/>
<token_anchor t_id="160"/>
</NARRATIVE>
<NARRATIVE m_id="10" Level="Primary" comment="" conversational-direct="FALSE" conversational-reported="FALSE"  >
<token_anchor t_id="161"/>
<token_anchor t_id="162"/>
</NARRATIVE>
<NARRATIVE m_id="11" Level="Primary" comment="" conversational-direct="FALSE" conversational-reported="TRUE"  >
<token_anchor t_id="163"/>
<token_anchor t_id="164"/>
<token_anchor t_id="165"/>
<token_anchor t_id="166"/>
<token_anchor t_id="167"/>
<token_anchor t_id="168"/>
<token_anchor t_id="169"/>
<token_anchor t_id="170"/>
<token_anchor t_id="171"/>
<token_anchor t_id="172"/>
<token_anchor t_id="173"/>
<token_anchor t_id="174"/>
<token_anchor t_id="175"/>
<token_anchor t_id="176"/>
<token_anchor t_id="177"/>
<token_anchor t_id="178"/>
<token_anchor t_id="179"/>
<token_anchor t_id="180"/>
<token_anchor t_id="181"/>
<token_anchor t_id="182"/>
<token_anchor t_id="183"/>
<token_anchor t_id="184"/>
<token_anchor t_id="185"/>
<token_anchor t_id="186"/>
<token_anchor t_id="187"/>
<token_anchor t_id="188"/>
<token_anchor t_id="189"/>
<token_anchor t_id="190"/>
<token_anchor t_id="191"/>
<token_anchor t_id="192"/>
<token_anchor t_id="193"/>
<token_anchor t_id="194"/>
<token_anchor t_id="195"/>
<token_anchor t_id="196"/>
<token_anchor t_id="197"/>
<token_anchor t_id="198"/>
<token_anchor t_id="199"/>
<token_anchor t_id="200"/>
<token_anchor t_id="201"/>
</NARRATIVE>
<NARRATIVE m_id="12" Level="Primary" comment="" conversational-direct="FALSE" conversational-reported="TRUE"  >
<token_anchor t_id="202"/>
<token_anchor t_id="203"/>
<token_anchor t_id="204"/>
<token_anchor t_id="205"/>
<token_anchor t_id="216"/>
<token_anchor t_id="217"/>
<token_anchor t_id="218"/>
<token_anchor t_id="219"/>
<token_anchor t_id="220"/>
<token_anchor t_id="221"/>
<token_anchor t_id="222"/>
<token_anchor t_id="223"/>
<token_anchor t_id="224"/>
<token_anchor t_id="225"/>
</NARRATIVE>
<NARRATIVE m_id="14" Level="Primary" comment="" conversational-direct="FALSE" conversational-reported="FALSE"  >
<token_anchor t_id="226"/>
<token_anchor t_id="227"/>
<token_anchor t_id="228"/>
<token_anchor t_id="229"/>
</NARRATIVE>
<NARRATIVE m_id="15" Level="Primary" comment="" conversational-direct="FALSE" conversational-reported="FALSE"  >
<token_anchor t_id="230"/>
<token_anchor t_id="231"/>
<token_anchor t_id="232"/>
<token_anchor t_id="233"/>
<token_anchor t_id="234"/>
<token_anchor t_id="235"/>
<token_anchor t_id="236"/>
<token_anchor t_id="237"/>
<token_anchor t_id="238"/>
<token_anchor t_id="239"/>
<token_anchor t_id="240"/>
<token_anchor t_id="241"/>
<token_anchor t_id="242"/>
<token_anchor t_id="243"/>
<token_anchor t_id="244"/>
<token_anchor t_id="245"/>
<token_anchor t_id="246"/>
<token_anchor t_id="247"/>
<token_anchor t_id="248"/>
<token_anchor t_id="249"/>
<token_anchor t_id="250"/>
<token_anchor t_id="251"/>
<token_anchor t_id="252"/>
<token_anchor t_id="253"/>
</NARRATIVE>
<NARRATIVE m_id="16" Level="Primary" comment="" conversational-direct="FALSE" conversational-reported="FALSE"  >
<token_anchor t_id="254"/>
<token_anchor t_id="255"/>
<token_anchor t_id="256"/>
<token_anchor t_id="257"/>
<token_anchor t_id="258"/>
<token_anchor t_id="259"/>
</NARRATIVE>
<NARRATIVE m_id="18" Level="Primary" comment="" conversational-direct="FALSE" conversational-reported="FALSE"  >
<token_anchor t_id="327"/>
<token_anchor t_id="328"/>
<token_anchor t_id="329"/>
<token_anchor t_id="330"/>
<token_anchor t_id="331"/>
<token_anchor t_id="332"/>
<token_anchor t_id="333"/>
<token_anchor t_id="334"/>
<token_anchor t_id="335"/>
<token_anchor t_id="336"/>
<token_anchor t_id="337"/>
<token_anchor t_id="338"/>
<token_anchor t_id="339"/>
<token_anchor t_id="340"/>
<token_anchor t_id="341"/>
<token_anchor t_id="342"/>
<token_anchor t_id="343"/>
<token_anchor t_id="344"/>
<token_anchor t_id="345"/>
<token_anchor t_id="346"/>
</NARRATIVE>
<NARRATIVE m_id="19" Level="Primary" comment="" conversational-direct="FALSE" conversational-reported="FALSE"  >
<token_anchor t_id="311"/>
<token_anchor t_id="312"/>
</NARRATIVE>
<NARRATIVE m_id="20" Level="Primary" comment="" conversational-direct="FALSE" conversational-reported="TRUE"  >
<token_anchor t_id="292"/>
<token_anchor t_id="293"/>
<token_anchor t_id="294"/>
<token_anchor t_id="295"/>
<token_anchor t_id="296"/>
<token_anchor t_id="297"/>
<token_anchor t_id="298"/>
<token_anchor t_id="299"/>
<token_anchor t_id="300"/>
<token_anchor t_id="301"/>
<token_anchor t_id="302"/>
<token_anchor t_id="303"/>
<token_anchor t_id="304"/>
<token_anchor t_id="305"/>
<token_anchor t_id="306"/>
<token_anchor t_id="307"/>
</NARRATIVE>
<NARRATIVE m_id="21" Level="Primary" comment="" conversational-direct="FALSE" conversational-reported="FALSE"  >
<token_anchor t_id="308"/>
<token_anchor t_id="309"/>
<token_anchor t_id="310"/>
</NARRATIVE>
<NARRATIVE m_id="22" Level="Primary" comment="" conversational-direct="FALSE" conversational-reported="FALSE"  >
<token_anchor t_id="274"/>
<token_anchor t_id="275"/>
<token_anchor t_id="276"/>
<token_anchor t_id="277"/>
<token_anchor t_id="278"/>
<token_anchor t_id="279"/>
<token_anchor t_id="280"/>
<token_anchor t_id="281"/>
<token_anchor t_id="282"/>
<token_anchor t_id="283"/>
<token_anchor t_id="284"/>
</NARRATIVE>
<NARRATIVE m_id="23" Level="Primary" comment="" conversational-direct="FALSE" conversational-reported="FALSE"  >
<token_anchor t_id="285"/>
<token_anchor t_id="286"/>
<token_anchor t_id="287"/>
<token_anchor t_id="288"/>
<token_anchor t_id="289"/>
<token_anchor t_id="290"/>
<token_anchor t_id="291"/>
</NARRATIVE>
<NARRATIVE m_id="24" Level="Primary" comment="" conversational-direct="FALSE" conversational-reported="TRUE"  >
<token_anchor t_id="260"/>
<token_anchor t_id="261"/>
<token_anchor t_id="262"/>
<token_anchor t_id="263"/>
<token_anchor t_id="264"/>
<token_anchor t_id="265"/>
<token_anchor t_id="266"/>
<token_anchor t_id="267"/>
<token_anchor t_id="268"/>
<token_anchor t_id="269"/>
</NARRATIVE>
<NARRATIVE m_id="25" Level="Primary" comment="" conversational-direct="FALSE" conversational-reported="FALSE"  >
<token_anchor t_id="270"/>
<token_anchor t_id="271"/>
<token_anchor t_id="272"/>
<token_anchor t_id="273"/>
</NARRATIVE>
<NARRATIVE m_id="1" Level="Primary" comment="" conversational-direct="FALSE" conversational-reported="FALSE"  >
<token_anchor t_id="1"/>
<token_anchor t_id="2"/>
<token_anchor t_id="3"/>
<token_anchor t_id="4"/>
<token_anchor t_id="5"/>
<token_anchor t_id="6"/>
<token_anchor t_id="7"/>
<token_anchor t_id="8"/>
<token_anchor t_id="9"/>
<token_anchor t_id="10"/>
<token_anchor t_id="11"/>
<token_anchor t_id="12"/>
<token_anchor t_id="13"/>
<token_anchor t_id="14"/>
</NARRATIVE>
<NARRATIVE m_id="2" Level="Primary" comment="" conversational-direct="FALSE" conversational-reported="FALSE"  >
<token_anchor t_id="15"/>
<token_anchor t_id="16"/>
<token_anchor t_id="17"/>
<token_anchor t_id="18"/>
<token_anchor t_id="19"/>
<token_anchor t_id="20"/>
<token_anchor t_id="21"/>
<token_anchor t_id="22"/>
<token_anchor t_id="23"/>
<token_anchor t_id="24"/>
<token_anchor t_id="25"/>
<token_anchor t_id="26"/>
<token_anchor t_id="27"/>
</NARRATIVE>
<NARRATIVE m_id="3" Level="Primary" comment="" conversational-direct="FALSE" conversational-reported="FALSE"  >
<token_anchor t_id="28"/>
<token_anchor t_id="29"/>
<token_anchor t_id="30"/>
<token_anchor t_id="31"/>
<token_anchor t_id="32"/>
<token_anchor t_id="33"/>
<token_anchor t_id="34"/>
<token_anchor t_id="35"/>
<token_anchor t_id="36"/>
<token_anchor t_id="37"/>
<token_anchor t_id="38"/>
<token_anchor t_id="39"/>
<token_anchor t_id="40"/>
<token_anchor t_id="41"/>
<token_anchor t_id="42"/>
<token_anchor t_id="43"/>
<token_anchor t_id="44"/>
</NARRATIVE>
<NARRATIVE m_id="4" Level="Primary" comment="" conversational-direct="FALSE" conversational-reported="FALSE"  >
<token_anchor t_id="45"/>
<token_anchor t_id="46"/>
<token_anchor t_id="47"/>
<token_anchor t_id="48"/>
<token_anchor t_id="49"/>
<token_anchor t_id="50"/>
<token_anchor t_id="51"/>
<token_anchor t_id="52"/>
<token_anchor t_id="53"/>
<token_anchor t_id="54"/>
<token_anchor t_id="55"/>
<token_anchor t_id="56"/>
<token_anchor t_id="57"/>
<token_anchor t_id="58"/>
<token_anchor t_id="59"/>
<token_anchor t_id="60"/>
<token_anchor t_id="61"/>
<token_anchor t_id="62"/>
</NARRATIVE>
<NARRATIVE m_id="5" Level="Primary" comment="" conversational-direct="FALSE" conversational-reported="FALSE"  >
<token_anchor t_id="63"/>
<token_anchor t_id="64"/>
<token_anchor t_id="65"/>
<token_anchor t_id="66"/>
<token_anchor t_id="67"/>
<token_anchor t_id="68"/>
<token_anchor t_id="69"/>
<token_anchor t_id="70"/>
<token_anchor t_id="71"/>
<token_anchor t_id="72"/>
<token_anchor t_id="73"/>
<token_anchor t_id="74"/>
<token_anchor t_id="75"/>
<token_anchor t_id="76"/>
<token_anchor t_id="77"/>
<token_anchor t_id="78"/>
<token_anchor t_id="79"/>
<token_anchor t_id="80"/>
<token_anchor t_id="81"/>
<token_anchor t_id="82"/>
<token_anchor t_id="83"/>
<token_anchor t_id="84"/>
</NARRATIVE>
<NARRATIVE m_id="6" Level="Primary" comment="" conversational-direct="FALSE" conversational-reported="FALSE"  >
<token_anchor t_id="85"/>
<token_anchor t_id="86"/>
<token_anchor t_id="87"/>
<token_anchor t_id="88"/>
<token_anchor t_id="89"/>
<token_anchor t_id="90"/>
<token_anchor t_id="91"/>
<token_anchor t_id="92"/>
</NARRATIVE>


</Markables>

<Relations>
</Relations>
</Document>
