<Document doc_name="news_A1.E1-NEW.txt">
<token t_id="1" sentence="0" number="0">Inauguration</token>
<token t_id="2" sentence="0" number="1">of</token>
<token t_id="3" sentence="0" number="2">free</token>
<token t_id="4" sentence="0" number="3">zone</token>
<token t_id="5" sentence="0" number="4">in</token>
<token t_id="6" sentence="0" number="5">Dubai</token>
<token t_id="7" sentence="0" number="6">for</token>
<token t_id="8" sentence="0" number="7">e</token>
<token t_id="9" sentence="0" number="8">-</token>
<token t_id="10" sentence="0" number="9">commerce</token>
<token t_id="11" sentence="1" number="0">Dubai</token>
<token t_id="12" sentence="1" number="1">10</token>
<token t_id="13" sentence="1" number="2">-</token>
<token t_id="14" sentence="1" number="3">28</token>
<token t_id="15" sentence="1" number="4">(</token>
<token t_id="16" sentence="1" number="5">FP</token>
<token t_id="17" sentence="1" number="6">)</token>
<token t_id="18" sentence="1" number="7">-</token>
<token t_id="19" sentence="1" number="8">Dubai's</token>
<token t_id="20" sentence="1" number="9">Crown</token>
<token t_id="21" sentence="1" number="10">Prince</token>
<token t_id="22" sentence="1" number="11">Sheikh</token>
<token t_id="23" sentence="1" number="12">Mohamed</token>
<token t_id="24" sentence="1" number="13">Bin</token>
<token t_id="25" sentence="1" number="14">Rashid</token>
<token t_id="26" sentence="1" number="15">Al</token>
<token t_id="27" sentence="1" number="16">Maktoum</token>
<token t_id="28" sentence="1" number="17">inaugurated</token>
<token t_id="29" sentence="1" number="18">a</token>
<token t_id="30" sentence="1" number="19">free</token>
<token t_id="31" sentence="1" number="20">zone</token>
<token t_id="32" sentence="1" number="21">for</token>
<token t_id="33" sentence="1" number="22">e</token>
<token t_id="34" sentence="1" number="23">-</token>
<token t_id="35" sentence="1" number="24">commerce</token>
<token t_id="36" sentence="1" number="25">today</token>
<token t_id="37" sentence="1" number="26">,</token>
<token t_id="38" sentence="1" number="27">called</token>
<token t_id="39" sentence="1" number="28">Dubai</token>
<token t_id="40" sentence="1" number="29">Internet</token>
<token t_id="41" sentence="1" number="30">City</token>
<token t_id="42" sentence="1" number="31">.</token>
<token t_id="43" sentence="2" number="0">The</token>
<token t_id="44" sentence="2" number="1">preliminary</token>
<token t_id="45" sentence="2" number="2">stages</token>
<token t_id="46" sentence="2" number="3">of</token>
<token t_id="47" sentence="2" number="4">the</token>
<token t_id="48" sentence="2" number="5">project</token>
<token t_id="49" sentence="2" number="6">,</token>
<token t_id="50" sentence="2" number="7">the</token>
<token t_id="51" sentence="2" number="8">only</token>
<token t_id="52" sentence="2" number="9">one</token>
<token t_id="53" sentence="2" number="10">of</token>
<token t_id="54" sentence="2" number="11">its</token>
<token t_id="55" sentence="2" number="12">kind</token>
<token t_id="56" sentence="2" number="13">according</token>
<token t_id="57" sentence="2" number="14">to</token>
<token t_id="58" sentence="2" number="15">its</token>
<token t_id="59" sentence="2" number="16">designers</token>
<token t_id="60" sentence="2" number="17">,</token>
<token t_id="61" sentence="2" number="18">are</token>
<token t_id="62" sentence="2" number="19">estimated</token>
<token t_id="63" sentence="2" number="20">at</token>
<token t_id="64" sentence="2" number="21">$200</token>
<token t_id="65" sentence="2" number="22">million</token>
<token t_id="66" sentence="2" number="23">.</token>
<token t_id="67" sentence="3" number="0">Sheikh</token>
<token t_id="68" sentence="3" number="1">Mohamed</token>
<token t_id="69" sentence="3" number="2">,</token>
<token t_id="70" sentence="3" number="3">who</token>
<token t_id="71" sentence="3" number="4">is</token>
<token t_id="72" sentence="3" number="5">also</token>
<token t_id="73" sentence="3" number="6">the</token>
<token t_id="74" sentence="3" number="7">Defense</token>
<token t_id="75" sentence="3" number="8">Minister</token>
<token t_id="76" sentence="3" number="9">of</token>
<token t_id="77" sentence="3" number="10">the</token>
<token t_id="78" sentence="3" number="11">United</token>
<token t_id="79" sentence="3" number="12">Arab</token>
<token t_id="80" sentence="3" number="13">Emirates</token>
<token t_id="81" sentence="3" number="14">,</token>
<token t_id="82" sentence="3" number="15">announced</token>
<token t_id="83" sentence="3" number="16">at</token>
<token t_id="84" sentence="3" number="17">the</token>
<token t_id="85" sentence="3" number="18">inauguration</token>
<token t_id="86" sentence="3" number="19">ceremony</token>
<token t_id="87" sentence="3" number="20">that</token>
<token t_id="88" sentence="3" number="21">"we</token>
<token t_id="89" sentence="3" number="22">want</token>
<token t_id="90" sentence="3" number="23">to</token>
<token t_id="91" sentence="3" number="24">make</token>
<token t_id="92" sentence="3" number="25">Dubai</token>
<token t_id="93" sentence="3" number="26">a</token>
<token t_id="94" sentence="3" number="27">new</token>
<token t_id="95" sentence="3" number="28">trading</token>
<token t_id="96" sentence="3" number="29">center</token>
<token t_id="97" sentence="3" number="30">.</token>
<token t_id="98" sentence="3" number="31">"</token>
<token t_id="99" sentence="4" number="0">The</token>
<token t_id="100" sentence="4" number="1">minister</token>
<token t_id="101" sentence="4" number="2">,</token>
<token t_id="102" sentence="4" number="3">who</token>
<token t_id="103" sentence="4" number="4">has</token>
<token t_id="104" sentence="4" number="5">his</token>
<token t_id="105" sentence="4" number="6">own</token>
<token t_id="106" sentence="4" number="7">website</token>
<token t_id="107" sentence="4" number="8">,</token>
<token t_id="108" sentence="4" number="9">also</token>
<token t_id="109" sentence="4" number="10">said</token>
<token t_id="110" sentence="4" number="11">:</token>
<token t_id="111" sentence="4" number="12">"I</token>
<token t_id="112" sentence="4" number="13">want</token>
<token t_id="113" sentence="4" number="14">Dubai</token>
<token t_id="114" sentence="4" number="15">to</token>
<token t_id="115" sentence="4" number="16">be</token>
<token t_id="116" sentence="4" number="17">the</token>
<token t_id="117" sentence="4" number="18">best</token>
<token t_id="118" sentence="4" number="19">place</token>
<token t_id="119" sentence="4" number="20">in</token>
<token t_id="120" sentence="4" number="21">the</token>
<token t_id="121" sentence="4" number="22">world</token>
<token t_id="122" sentence="4" number="23">for</token>
<token t_id="123" sentence="4" number="24">state</token>
<token t_id="124" sentence="4" number="25">-</token>
<token t_id="125" sentence="4" number="26">of</token>
<token t_id="126" sentence="4" number="27">-</token>
<token t_id="127" sentence="4" number="28">the</token>
<token t_id="128" sentence="4" number="29">-</token>
<token t_id="129" sentence="4" number="30">art</token>
<token t_id="130" sentence="4" number="31">technology</token>
<token t_id="131" sentence="4" number="32">companies</token>
<token t_id="132" sentence="4" number="33">.</token>
<token t_id="133" sentence="4" number="34">"</token>
<token t_id="134" sentence="5" number="0">He</token>
<token t_id="135" sentence="5" number="1">said</token>
<token t_id="136" sentence="5" number="2">companies</token>
<token t_id="137" sentence="5" number="3">engaged</token>
<token t_id="138" sentence="5" number="4">in</token>
<token t_id="139" sentence="5" number="5">e</token>
<token t_id="140" sentence="5" number="6">-</token>
<token t_id="141" sentence="5" number="7">commerce</token>
<token t_id="142" sentence="5" number="8">would</token>
<token t_id="143" sentence="5" number="9">be</token>
<token t_id="144" sentence="5" number="10">able</token>
<token t_id="145" sentence="5" number="11">to</token>
<token t_id="146" sentence="5" number="12">set</token>
<token t_id="147" sentence="5" number="13">up</token>
<token t_id="148" sentence="5" number="14">offices</token>
<token t_id="149" sentence="5" number="15">,</token>
<token t_id="150" sentence="5" number="16">employ</token>
<token t_id="151" sentence="5" number="17">staff</token>
<token t_id="152" sentence="5" number="18">and</token>
<token t_id="153" sentence="5" number="19">own</token>
<token t_id="154" sentence="5" number="20">equipment</token>
<token t_id="155" sentence="5" number="21">in</token>
<token t_id="156" sentence="5" number="22">the</token>
<token t_id="157" sentence="5" number="23">open</token>
<token t_id="158" sentence="5" number="24">zone</token>
<token t_id="159" sentence="5" number="25">,</token>
<token t_id="160" sentence="5" number="26">including</token>
<token t_id="161" sentence="5" number="27">fully</token>
<token t_id="162" sentence="5" number="28">-</token>
<token t_id="163" sentence="5" number="29">owned</token>
<token t_id="164" sentence="5" number="30">foreign</token>
<token t_id="165" sentence="5" number="31">companies</token>
<token t_id="166" sentence="5" number="32">.</token>
<token t_id="167" sentence="6" number="0">The</token>
<token t_id="168" sentence="6" number="1">e</token>
<token t_id="169" sentence="6" number="2">-</token>
<token t_id="170" sentence="6" number="3">commerce</token>
<token t_id="171" sentence="6" number="4">free</token>
<token t_id="172" sentence="6" number="5">zone</token>
<token t_id="173" sentence="6" number="6">is</token>
<token t_id="174" sentence="6" number="7">situated</token>
<token t_id="175" sentence="6" number="8">in</token>
<token t_id="176" sentence="6" number="9">north</token>
<token t_id="177" sentence="6" number="10">Dubai</token>
<token t_id="178" sentence="6" number="11">,</token>
<token t_id="179" sentence="6" number="12">near</token>
<token t_id="180" sentence="6" number="13">the</token>
<token t_id="181" sentence="6" number="14">industrial</token>
<token t_id="182" sentence="6" number="15">free</token>
<token t_id="183" sentence="6" number="16">zone</token>
<token t_id="184" sentence="6" number="17">in</token>
<token t_id="185" sentence="6" number="18">Jebel</token>
<token t_id="186" sentence="6" number="19">Ali</token>
<token t_id="187" sentence="6" number="20">,</token>
<token t_id="188" sentence="6" number="21">the</token>
<token t_id="189" sentence="6" number="22">top</token>
<token t_id="190" sentence="6" number="23">regional</token>
<token t_id="191" sentence="6" number="24">and</token>
<token t_id="192" sentence="6" number="25">tenth</token>
<token t_id="193" sentence="6" number="26">international</token>
<token t_id="194" sentence="6" number="27">leading</token>
<token t_id="195" sentence="6" number="28">area</token>
<token t_id="196" sentence="6" number="29">in</token>
<token t_id="197" sentence="6" number="30">container</token>
<token t_id="198" sentence="6" number="31">transit</token>
<token t_id="199" sentence="6" number="32">.</token>
<token t_id="200" sentence="7" number="0">The</token>
<token t_id="201" sentence="7" number="1">inauguration</token>
<token t_id="202" sentence="7" number="2">of</token>
<token t_id="203" sentence="7" number="3">Dubai</token>
<token t_id="204" sentence="7" number="4">Internet</token>
<token t_id="205" sentence="7" number="5">City</token>
<token t_id="206" sentence="7" number="6">coincides</token>
<token t_id="207" sentence="7" number="7">with</token>
<token t_id="208" sentence="7" number="8">the</token>
<token t_id="209" sentence="7" number="9">opening</token>
<token t_id="210" sentence="7" number="10">of</token>
<token t_id="211" sentence="7" number="11">an</token>
<token t_id="212" sentence="7" number="12">annual</token>
<token t_id="213" sentence="7" number="13">IT</token>
<token t_id="214" sentence="7" number="14">show</token>
<token t_id="215" sentence="7" number="15">in</token>
<token t_id="216" sentence="7" number="16">Dubai</token>
<token t_id="217" sentence="7" number="17">,</token>
<token t_id="218" sentence="7" number="18">the</token>
<token t_id="219" sentence="7" number="19">Gulf</token>
<token t_id="220" sentence="7" number="20">Information</token>
<token t_id="221" sentence="7" number="21">Technology</token>
<token t_id="222" sentence="7" number="22">Exhibition</token>
<token t_id="223" sentence="7" number="23">(</token>
<token t_id="224" sentence="7" number="24">Gitex</token>
<token t_id="225" sentence="7" number="25">)</token>
<token t_id="226" sentence="7" number="26">,</token>
<token t_id="227" sentence="7" number="27">the</token>
<token t_id="228" sentence="7" number="28">biggest</token>
<token t_id="229" sentence="7" number="29">in</token>
<token t_id="230" sentence="7" number="30">the</token>
<token t_id="231" sentence="7" number="31">Middle</token>
<token t_id="232" sentence="7" number="32">East</token>
<token t_id="233" sentence="7" number="33">.</token>


<Markables>
<ARGUMENTATIVE m_id="15" comment="" conversational-direct="TRUE" conversational-reported="FALSE"  >
<token_anchor t_id="114"/>
<token_anchor t_id="115"/>
<token_anchor t_id="116"/>
<token_anchor t_id="117"/>
<token_anchor t_id="118"/>
<token_anchor t_id="119"/>
<token_anchor t_id="120"/>
<token_anchor t_id="121"/>
<token_anchor t_id="122"/>
<token_anchor t_id="123"/>
<token_anchor t_id="124"/>
<token_anchor t_id="125"/>
<token_anchor t_id="126"/>
<token_anchor t_id="127"/>
<token_anchor t_id="128"/>
<token_anchor t_id="129"/>
<token_anchor t_id="130"/>
<token_anchor t_id="131"/>
<token_anchor t_id="132"/>
<token_anchor t_id="133"/>
</ARGUMENTATIVE>
<DESCRIPTIVE m_id="9" Type="Person" comment="" conversational-direct="FALSE" conversational-reported="FALSE"  >
<token_anchor t_id="70"/>
<token_anchor t_id="71"/>
<token_anchor t_id="72"/>
<token_anchor t_id="73"/>
<token_anchor t_id="74"/>
<token_anchor t_id="75"/>
<token_anchor t_id="76"/>
<token_anchor t_id="77"/>
<token_anchor t_id="78"/>
<token_anchor t_id="79"/>
<token_anchor t_id="80"/>
<token_anchor t_id="81"/>
</DESCRIPTIVE>
<DESCRIPTIVE m_id="13" Type="Person" comment="" conversational-direct="FALSE" conversational-reported="FALSE"  >
<token_anchor t_id="102"/>
<token_anchor t_id="103"/>
<token_anchor t_id="104"/>
<token_anchor t_id="105"/>
<token_anchor t_id="106"/>
<token_anchor t_id="107"/>
</DESCRIPTIVE>
<DESCRIPTIVE m_id="21" Type="Location" comment="" conversational-direct="FALSE" conversational-reported="FALSE"  >
<token_anchor t_id="167"/>
<token_anchor t_id="168"/>
<token_anchor t_id="169"/>
<token_anchor t_id="170"/>
<token_anchor t_id="171"/>
<token_anchor t_id="172"/>
<token_anchor t_id="173"/>
<token_anchor t_id="174"/>
<token_anchor t_id="175"/>
<token_anchor t_id="176"/>
<token_anchor t_id="177"/>
<token_anchor t_id="178"/>
<token_anchor t_id="179"/>
<token_anchor t_id="180"/>
<token_anchor t_id="181"/>
<token_anchor t_id="182"/>
<token_anchor t_id="183"/>
<token_anchor t_id="184"/>
<token_anchor t_id="185"/>
<token_anchor t_id="186"/>
<token_anchor t_id="187"/>
<token_anchor t_id="188"/>
<token_anchor t_id="189"/>
<token_anchor t_id="190"/>
<token_anchor t_id="191"/>
<token_anchor t_id="192"/>
<token_anchor t_id="193"/>
<token_anchor t_id="194"/>
<token_anchor t_id="195"/>
<token_anchor t_id="196"/>
<token_anchor t_id="197"/>
<token_anchor t_id="198"/>
<token_anchor t_id="199"/>
</DESCRIPTIVE>
<DESCRIPTIVE m_id="5" Type="Other" comment="" conversational-direct="FALSE" conversational-reported="FALSE"  >
<token_anchor t_id="38"/>
<token_anchor t_id="39"/>
<token_anchor t_id="40"/>
<token_anchor t_id="41"/>
<token_anchor t_id="42"/>
</DESCRIPTIVE>
<DESCRIPTIVE m_id="6" Type="Other" comment="" conversational-direct="FALSE" conversational-reported="FALSE"  >
<token_anchor t_id="43"/>
<token_anchor t_id="44"/>
<token_anchor t_id="45"/>
<token_anchor t_id="46"/>
<token_anchor t_id="47"/>
<token_anchor t_id="48"/>
<token_anchor t_id="49"/>
<token_anchor t_id="61"/>
<token_anchor t_id="62"/>
<token_anchor t_id="63"/>
<token_anchor t_id="64"/>
<token_anchor t_id="65"/>
<token_anchor t_id="66"/>
</DESCRIPTIVE>
<LOCATION m_id="3" comment=""  >
<token_anchor t_id="11"/>
</LOCATION>
<NARRATIVE m_id="7" Level="" comment="" conversational-direct="FALSE" conversational-reported="FALSE"  >
<token_anchor t_id="50"/>
<token_anchor t_id="51"/>
<token_anchor t_id="52"/>
<token_anchor t_id="53"/>
<token_anchor t_id="54"/>
<token_anchor t_id="55"/>
<token_anchor t_id="56"/>
<token_anchor t_id="57"/>
<token_anchor t_id="58"/>
<token_anchor t_id="59"/>
<token_anchor t_id="60"/>
</NARRATIVE>
<NARRATIVE m_id="8" Level="Primary" comment="" conversational-direct="FALSE" conversational-reported="FALSE"  >
<token_anchor t_id="67"/>
<token_anchor t_id="68"/>
<token_anchor t_id="69"/>
<token_anchor t_id="82"/>
<token_anchor t_id="83"/>
<token_anchor t_id="84"/>
<token_anchor t_id="85"/>
<token_anchor t_id="86"/>
</NARRATIVE>
<NARRATIVE m_id="10" Level="Primary" comment="" conversational-direct="TRUE" conversational-reported="FALSE"  >
<token_anchor t_id="87"/>
<token_anchor t_id="88"/>
<token_anchor t_id="89"/>
</NARRATIVE>
<NARRATIVE m_id="11" Level="" comment="" conversational-direct="TRUE" conversational-reported="FALSE"  >
<token_anchor t_id="90"/>
<token_anchor t_id="91"/>
<token_anchor t_id="92"/>
<token_anchor t_id="93"/>
<token_anchor t_id="94"/>
<token_anchor t_id="95"/>
<token_anchor t_id="96"/>
<token_anchor t_id="97"/>
<token_anchor t_id="98"/>
</NARRATIVE>
<NARRATIVE m_id="12" Level="Primary" comment="" conversational-direct="FALSE" conversational-reported="FALSE"  >
<token_anchor t_id="99"/>
<token_anchor t_id="100"/>
<token_anchor t_id="101"/>
<token_anchor t_id="108"/>
<token_anchor t_id="109"/>
<token_anchor t_id="110"/>
</NARRATIVE>
<NARRATIVE m_id="14" Level="Primary" comment="" conversational-direct="TRUE" conversational-reported="FALSE"  >
<token_anchor t_id="111"/>
<token_anchor t_id="112"/>
<token_anchor t_id="113"/>
</NARRATIVE>
<NARRATIVE m_id="16" Level="" comment="" conversational-direct="FALSE" conversational-reported="FALSE"  >
<token_anchor t_id="134"/>
<token_anchor t_id="135"/>
</NARRATIVE>
<NARRATIVE m_id="17" Level="Primary" comment="" conversational-direct="FALSE" conversational-reported="FALSE"  >
<token_anchor t_id="136"/>
<token_anchor t_id="137"/>
<token_anchor t_id="138"/>
<token_anchor t_id="139"/>
<token_anchor t_id="140"/>
<token_anchor t_id="141"/>
<token_anchor t_id="142"/>
<token_anchor t_id="143"/>
<token_anchor t_id="144"/>
<token_anchor t_id="145"/>
<token_anchor t_id="146"/>
<token_anchor t_id="147"/>
<token_anchor t_id="148"/>
<token_anchor t_id="149"/>
</NARRATIVE>
<NARRATIVE m_id="18" Level="Primary" comment="" conversational-direct="FALSE" conversational-reported="FALSE"  >
<token_anchor t_id="150"/>
<token_anchor t_id="151"/>
</NARRATIVE>
<NARRATIVE m_id="19" Level="Primary" comment="" conversational-direct="FALSE" conversational-reported="FALSE"  >
<token_anchor t_id="152"/>
<token_anchor t_id="153"/>
<token_anchor t_id="154"/>
<token_anchor t_id="155"/>
<token_anchor t_id="156"/>
<token_anchor t_id="157"/>
<token_anchor t_id="158"/>
<token_anchor t_id="159"/>
</NARRATIVE>
<NARRATIVE m_id="20" Level="Primary" comment="" conversational-direct="FALSE" conversational-reported="FALSE"  >
<token_anchor t_id="160"/>
<token_anchor t_id="161"/>
<token_anchor t_id="162"/>
<token_anchor t_id="163"/>
<token_anchor t_id="164"/>
<token_anchor t_id="165"/>
<token_anchor t_id="166"/>
</NARRATIVE>
<NARRATIVE m_id="22" Level="Primary" comment="" conversational-direct="FALSE" conversational-reported="FALSE"  >
<token_anchor t_id="200"/>
<token_anchor t_id="201"/>
<token_anchor t_id="202"/>
<token_anchor t_id="203"/>
<token_anchor t_id="204"/>
<token_anchor t_id="205"/>
<token_anchor t_id="206"/>
<token_anchor t_id="207"/>
<token_anchor t_id="208"/>
<token_anchor t_id="209"/>
<token_anchor t_id="210"/>
<token_anchor t_id="211"/>
<token_anchor t_id="212"/>
<token_anchor t_id="213"/>
<token_anchor t_id="214"/>
<token_anchor t_id="215"/>
<token_anchor t_id="216"/>
<token_anchor t_id="217"/>
<token_anchor t_id="218"/>
<token_anchor t_id="219"/>
<token_anchor t_id="220"/>
<token_anchor t_id="221"/>
<token_anchor t_id="222"/>
<token_anchor t_id="223"/>
<token_anchor t_id="224"/>
<token_anchor t_id="225"/>
<token_anchor t_id="226"/>
<token_anchor t_id="227"/>
<token_anchor t_id="228"/>
<token_anchor t_id="229"/>
<token_anchor t_id="230"/>
<token_anchor t_id="231"/>
<token_anchor t_id="232"/>
<token_anchor t_id="233"/>
</NARRATIVE>
<NARRATIVE m_id="1" Level="Primary" comment="" conversational-direct="FALSE" conversational-reported="FALSE"  >
<token_anchor t_id="1"/>
<token_anchor t_id="2"/>
<token_anchor t_id="3"/>
<token_anchor t_id="4"/>
<token_anchor t_id="5"/>
<token_anchor t_id="6"/>
<token_anchor t_id="7"/>
<token_anchor t_id="8"/>
<token_anchor t_id="9"/>
<token_anchor t_id="10"/>
</NARRATIVE>
<NARRATIVE m_id="4" Level="Primary" comment="" conversational-direct="FALSE" conversational-reported="FALSE"  >
<token_anchor t_id="19"/>
<token_anchor t_id="20"/>
<token_anchor t_id="21"/>
<token_anchor t_id="22"/>
<token_anchor t_id="23"/>
<token_anchor t_id="24"/>
<token_anchor t_id="25"/>
<token_anchor t_id="26"/>
<token_anchor t_id="27"/>
<token_anchor t_id="28"/>
<token_anchor t_id="29"/>
<token_anchor t_id="30"/>
<token_anchor t_id="31"/>
<token_anchor t_id="32"/>
<token_anchor t_id="33"/>
<token_anchor t_id="34"/>
<token_anchor t_id="35"/>
<token_anchor t_id="36"/>
<token_anchor t_id="37"/>
</NARRATIVE>
<NONE m_id="2" comment=""  >
<token_anchor t_id="11"/>
<token_anchor t_id="12"/>
<token_anchor t_id="13"/>
<token_anchor t_id="14"/>
<token_anchor t_id="15"/>
<token_anchor t_id="16"/>
<token_anchor t_id="17"/>
<token_anchor t_id="18"/>
</NONE>


</Markables>

<Relations>
</Relations>
</Document>
