<Document doc_name="news_20000424_nyt-NEW.txt">
<token t_id="1" sentence="0" number="0">IRAQ</token>
<token t_id="2" sentence="0" number="1">-</token>
<token t_id="3" sentence="0" number="2">POVERTY</token>
<token t_id="4" sentence="0" number="3">(</token>
<token t_id="5" sentence="0" number="4">Washington</token>
<token t_id="6" sentence="0" number="5">)</token>
<token t_id="7" sentence="1" number="0">Rep</token>
<token t_id="8" sentence="1" number="1">.</token>
<token t_id="9" sentence="1" number="2">Tony</token>
<token t_id="10" sentence="1" number="3">Hall</token>
<token t_id="11" sentence="1" number="4">,</token>
<token t_id="12" sentence="1" number="5">D</token>
<token t_id="13" sentence="1" number="6">-</token>
<token t_id="14" sentence="1" number="7">Ohio</token>
<token t_id="15" sentence="1" number="8">,</token>
<token t_id="16" sentence="1" number="9">urges</token>
<token t_id="17" sentence="1" number="10">the</token>
<token t_id="18" sentence="1" number="11">United</token>
<token t_id="19" sentence="1" number="12">Nations</token>
<token t_id="20" sentence="1" number="13">to</token>
<token t_id="21" sentence="1" number="14">allow</token>
<token t_id="22" sentence="1" number="15">a</token>
<token t_id="23" sentence="1" number="16">freer</token>
<token t_id="24" sentence="1" number="17">flow</token>
<token t_id="25" sentence="1" number="18">of</token>
<token t_id="26" sentence="1" number="19">food</token>
<token t_id="27" sentence="1" number="20">and</token>
<token t_id="28" sentence="1" number="21">medicine</token>
<token t_id="29" sentence="1" number="22">into</token>
<token t_id="30" sentence="1" number="23">Iraq</token>
<token t_id="31" sentence="1" number="24">.</token>
<token t_id="32" sentence="2" number="0">Hall</token>
<token t_id="33" sentence="2" number="1">,</token>
<token t_id="34" sentence="2" number="2">who</token>
<token t_id="35" sentence="2" number="3">recently</token>
<token t_id="36" sentence="2" number="4">returned</token>
<token t_id="37" sentence="2" number="5">from</token>
<token t_id="38" sentence="2" number="6">a</token>
<token t_id="39" sentence="2" number="7">trip</token>
<token t_id="40" sentence="2" number="8">to</token>
<token t_id="41" sentence="2" number="9">Iraq</token>
<token t_id="42" sentence="2" number="10">,</token>
<token t_id="43" sentence="2" number="11">said</token>
<token t_id="44" sentence="2" number="12">U</token>
<token t_id="45" sentence="2" number="13">.</token>
<token t_id="46" sentence="2" number="14">N</token>
<token t_id="47" sentence="2" number="15">.</token>
<token t_id="48" sentence="2" number="16">economic</token>
<token t_id="49" sentence="2" number="17">sanctions</token>
<token t_id="50" sentence="2" number="18">have</token>
<token t_id="51" sentence="2" number="19">hurt</token>
<token t_id="52" sentence="2" number="20">millions</token>
<token t_id="53" sentence="2" number="21">of</token>
<token t_id="54" sentence="2" number="22">civilians</token>
<token t_id="55" sentence="2" number="23">there</token>
<token t_id="56" sentence="2" number="24">.</token>
<token t_id="57" sentence="3" number="0">By</token>
<token t_id="58" sentence="3" number="1">AUSTIN</token>
<token t_id="59" sentence="3" number="2">ZALKIN</token>
<token t_id="60" sentence="3" number="3">.</token>


<Markables>
<LOCATION m_id="2" comment=""  >
<token_anchor t_id="5"/>
</LOCATION>
<NARRATIVE m_id="7" Level="Primary" comment="" conversational-direct="FALSE" conversational-reported="FALSE"  >
<token_anchor t_id="34"/>
<token_anchor t_id="35"/>
<token_anchor t_id="36"/>
<token_anchor t_id="37"/>
<token_anchor t_id="38"/>
<token_anchor t_id="39"/>
<token_anchor t_id="40"/>
<token_anchor t_id="41"/>
<token_anchor t_id="42"/>
</NARRATIVE>
<NARRATIVE m_id="3" Level="Primary" comment="" conversational-direct="FALSE" conversational-reported="FALSE"  >
<token_anchor t_id="7"/>
<token_anchor t_id="8"/>
<token_anchor t_id="9"/>
<token_anchor t_id="10"/>
<token_anchor t_id="11"/>
<token_anchor t_id="12"/>
<token_anchor t_id="13"/>
<token_anchor t_id="14"/>
<token_anchor t_id="15"/>
<token_anchor t_id="16"/>
<token_anchor t_id="17"/>
<token_anchor t_id="18"/>
<token_anchor t_id="19"/>
</NARRATIVE>
<NARRATIVE m_id="4" Level="Primary" comment="" conversational-direct="FALSE" conversational-reported="FALSE"  >
<token_anchor t_id="20"/>
<token_anchor t_id="21"/>
<token_anchor t_id="22"/>
<token_anchor t_id="23"/>
<token_anchor t_id="24"/>
<token_anchor t_id="25"/>
<token_anchor t_id="26"/>
<token_anchor t_id="27"/>
<token_anchor t_id="28"/>
<token_anchor t_id="29"/>
<token_anchor t_id="30"/>
<token_anchor t_id="31"/>
</NARRATIVE>
<NARRATIVE m_id="5" Level="Primary" comment="" conversational-direct="FALSE" conversational-reported="FALSE"  >
<token_anchor t_id="32"/>
<token_anchor t_id="33"/>
<token_anchor t_id="43"/>
</NARRATIVE>
<NARRATIVE m_id="6" Level="Primary" comment="" conversational-direct="FALSE" conversational-reported="TRUE"  >
<token_anchor t_id="44"/>
<token_anchor t_id="45"/>
<token_anchor t_id="46"/>
<token_anchor t_id="47"/>
<token_anchor t_id="48"/>
<token_anchor t_id="49"/>
<token_anchor t_id="50"/>
<token_anchor t_id="51"/>
<token_anchor t_id="52"/>
<token_anchor t_id="53"/>
<token_anchor t_id="54"/>
<token_anchor t_id="55"/>
<token_anchor t_id="56"/>
</NARRATIVE>
<NONE m_id="8" comment=""  >
<token_anchor t_id="57"/>
<token_anchor t_id="58"/>
<token_anchor t_id="59"/>
<token_anchor t_id="60"/>
</NONE>
<NONE m_id="1" comment=""  >
<token_anchor t_id="1"/>
<token_anchor t_id="2"/>
<token_anchor t_id="3"/>
<token_anchor t_id="4"/>
<token_anchor t_id="5"/>
<token_anchor t_id="6"/>
</NONE>


</Markables>

<Relations>
</Relations>
</Document>
