<Document doc_name="news_20000410_nyt-NEW.txt">
<token t_id="1" sentence="0" number="0">Iraq</token>
<token t_id="2" sentence="0" number="1">clears</token>
<token t_id="3" sentence="0" number="2">visit</token>
<token t_id="4" sentence="0" number="3">by</token>
<token t_id="5" sentence="0" number="4">Ohio</token>
<token t_id="6" sentence="0" number="5">official</token>
<token t_id="7" sentence="1" number="0">By</token>
<token t_id="8" sentence="1" number="1">Scott</token>
<token t_id="9" sentence="1" number="2">Montgomery</token>
<token t_id="10" sentence="1" number="3">Washington</token>
<token t_id="11" sentence="2" number="0">The</token>
<token t_id="12" sentence="2" number="1">Iraqi</token>
<token t_id="13" sentence="2" number="2">government</token>
<token t_id="14" sentence="2" number="3">has</token>
<token t_id="15" sentence="2" number="4">agreed</token>
<token t_id="16" sentence="2" number="5">to</token>
<token t_id="17" sentence="2" number="6">let</token>
<token t_id="18" sentence="2" number="7">U</token>
<token t_id="19" sentence="2" number="8">.</token>
<token t_id="20" sentence="2" number="9">S</token>
<token t_id="21" sentence="2" number="10">.</token>
<token t_id="22" sentence="2" number="11">Rep</token>
<token t_id="23" sentence="2" number="12">.</token>
<token t_id="24" sentence="2" number="13">Tony</token>
<token t_id="25" sentence="2" number="14">Hall</token>
<token t_id="26" sentence="2" number="15">visit</token>
<token t_id="27" sentence="2" number="16">the</token>
<token t_id="28" sentence="2" number="17">country</token>
<token t_id="29" sentence="2" number="18">next</token>
<token t_id="30" sentence="2" number="19">week</token>
<token t_id="31" sentence="2" number="20">to</token>
<token t_id="32" sentence="2" number="21">assess</token>
<token t_id="33" sentence="2" number="22">a</token>
<token t_id="34" sentence="2" number="23">humanitarian</token>
<token t_id="35" sentence="2" number="24">crisis</token>
<token t_id="36" sentence="2" number="25">that</token>
<token t_id="37" sentence="2" number="26">has</token>
<token t_id="38" sentence="2" number="27">festered</token>
<token t_id="39" sentence="2" number="28">since</token>
<token t_id="40" sentence="2" number="29">the</token>
<token t_id="41" sentence="2" number="30">Gulf</token>
<token t_id="42" sentence="2" number="31">War</token>
<token t_id="43" sentence="2" number="32">of</token>
<token t_id="44" sentence="2" number="33">1990</token>
<token t_id="45" sentence="2" number="34">,</token>
<token t_id="46" sentence="2" number="35">Hall's</token>
<token t_id="47" sentence="2" number="36">office</token>
<token t_id="48" sentence="2" number="37">said</token>
<token t_id="49" sentence="2" number="38">Monday</token>
<token t_id="50" sentence="2" number="39">.</token>
<token t_id="51" sentence="3" number="0">The</token>
<token t_id="52" sentence="3" number="1">Dayton</token>
<token t_id="53" sentence="3" number="2">Democrat</token>
<token t_id="54" sentence="3" number="3">,</token>
<token t_id="55" sentence="3" number="4">who</token>
<token t_id="56" sentence="3" number="5">has</token>
<token t_id="57" sentence="3" number="6">traveled</token>
<token t_id="58" sentence="3" number="7">to</token>
<token t_id="59" sentence="3" number="8">other</token>
<token t_id="60" sentence="3" number="9">crisis</token>
<token t_id="61" sentence="3" number="10">points</token>
<token t_id="62" sentence="3" number="11">including</token>
<token t_id="63" sentence="3" number="12">Sierra</token>
<token t_id="64" sentence="3" number="13">Leone</token>
<token t_id="65" sentence="3" number="14">and</token>
<token t_id="66" sentence="3" number="15">North</token>
<token t_id="67" sentence="3" number="16">Korea</token>
<token t_id="68" sentence="3" number="17">,</token>
<token t_id="69" sentence="3" number="18">will</token>
<token t_id="70" sentence="3" number="19">spend</token>
<token t_id="71" sentence="3" number="20">three</token>
<token t_id="72" sentence="3" number="21">days</token>
<token t_id="73" sentence="3" number="22">visiting</token>
<token t_id="74" sentence="3" number="23">hospitals</token>
<token t_id="75" sentence="3" number="24">and</token>
<token t_id="76" sentence="3" number="25">other</token>
<token t_id="77" sentence="3" number="26">facilities</token>
<token t_id="78" sentence="3" number="27">to</token>
<token t_id="79" sentence="3" number="28">seek</token>
<token t_id="80" sentence="3" number="29">understanding</token>
<token t_id="81" sentence="3" number="30">why</token>
<token t_id="82" sentence="3" number="31">aid</token>
<token t_id="83" sentence="3" number="32">has</token>
<token t_id="84" sentence="3" number="33">been</token>
<token t_id="85" sentence="3" number="34">ineffective</token>
<token t_id="86" sentence="3" number="35">in</token>
<token t_id="87" sentence="3" number="36">stemming</token>
<token t_id="88" sentence="3" number="37">malnourishment</token>
<token t_id="89" sentence="3" number="38">and</token>
<token t_id="90" sentence="3" number="39">other</token>
<token t_id="91" sentence="3" number="40">medical</token>
<token t_id="92" sentence="3" number="41">problems</token>
<token t_id="93" sentence="3" number="42">.</token>
<token t_id="94" sentence="4" number="0">Iraq</token>
<token t_id="95" sentence="4" number="1">has</token>
<token t_id="96" sentence="4" number="2">been</token>
<token t_id="97" sentence="4" number="3">under</token>
<token t_id="98" sentence="4" number="4">economic</token>
<token t_id="99" sentence="4" number="5">sanctions</token>
<token t_id="100" sentence="4" number="6">since</token>
<token t_id="101" sentence="4" number="7">the</token>
<token t_id="102" sentence="4" number="8">war</token>
<token t_id="103" sentence="4" number="9">ended</token>
<token t_id="104" sentence="4" number="10">,</token>
<token t_id="105" sentence="4" number="11">which</token>
<token t_id="106" sentence="4" number="12">some</token>
<token t_id="107" sentence="4" number="13">say</token>
<token t_id="108" sentence="4" number="14">have</token>
<token t_id="109" sentence="4" number="15">thwarted</token>
<token t_id="110" sentence="4" number="16">the</token>
<token t_id="111" sentence="4" number="17">country's</token>
<token t_id="112" sentence="4" number="18">ability</token>
<token t_id="113" sentence="4" number="19">to</token>
<token t_id="114" sentence="4" number="20">recover</token>
<token t_id="115" sentence="4" number="21">from</token>
<token t_id="116" sentence="4" number="22">the</token>
<token t_id="117" sentence="4" number="23">devastation</token>
<token t_id="118" sentence="4" number="24">of</token>
<token t_id="119" sentence="4" number="25">the</token>
<token t_id="120" sentence="4" number="26">bombing</token>
<token t_id="121" sentence="4" number="27">campaign</token>
<token t_id="122" sentence="4" number="28">.</token>
<token t_id="123" sentence="5" number="0">The</token>
<token t_id="124" sentence="5" number="1">Persian</token>
<token t_id="125" sentence="5" number="2">Gulf</token>
<token t_id="126" sentence="5" number="3">War</token>
<token t_id="127" sentence="5" number="4">destroyed</token>
<token t_id="128" sentence="5" number="5">much</token>
<token t_id="129" sentence="5" number="6">of</token>
<token t_id="130" sentence="5" number="7">the</token>
<token t_id="131" sentence="5" number="8">country's</token>
<token t_id="132" sentence="5" number="9">medical</token>
<token t_id="133" sentence="5" number="10">infrastructure</token>
<token t_id="134" sentence="5" number="11">,</token>
<token t_id="135" sentence="5" number="12">according</token>
<token t_id="136" sentence="5" number="13">to</token>
<token t_id="137" sentence="5" number="14">a</token>
<token t_id="138" sentence="5" number="15">report</token>
<token t_id="139" sentence="5" number="16">by</token>
<token t_id="140" sentence="5" number="17">the</token>
<token t_id="141" sentence="5" number="18">World</token>
<token t_id="142" sentence="5" number="19">Health</token>
<token t_id="143" sentence="5" number="20">Organization</token>
<token t_id="144" sentence="5" number="21">.</token>
<token t_id="145" sentence="6" number="0">In</token>
<token t_id="146" sentence="6" number="1">1996</token>
<token t_id="147" sentence="6" number="2">the</token>
<token t_id="148" sentence="6" number="3">WHO</token>
<token t_id="149" sentence="6" number="4">found</token>
<token t_id="150" sentence="6" number="5">that</token>
<token t_id="151" sentence="6" number="6">much</token>
<token t_id="152" sentence="6" number="7">of</token>
<token t_id="153" sentence="6" number="8">the</token>
<token t_id="154" sentence="6" number="9">population</token>
<token t_id="155" sentence="6" number="10">existed</token>
<token t_id="156" sentence="6" number="11">in</token>
<token t_id="157" sentence="6" number="12">a</token>
<token t_id="158" sentence="6" number="13">state</token>
<token t_id="159" sentence="6" number="14">of</token>
<token t_id="160" sentence="6" number="15">``semi</token>
<token t_id="161" sentence="6" number="16">starvation</token>
<token t_id="162" sentence="6" number="17">.</token>
<token t_id="163" sentence="6" number="18">''</token>
<token t_id="164" sentence="7" number="0">Hall</token>
<token t_id="165" sentence="7" number="1">will</token>
<token t_id="166" sentence="7" number="2">be</token>
<token t_id="167" sentence="7" number="3">only</token>
<token t_id="168" sentence="7" number="4">the</token>
<token t_id="169" sentence="7" number="5">second</token>
<token t_id="170" sentence="7" number="6">member</token>
<token t_id="171" sentence="7" number="7">of</token>
<token t_id="172" sentence="7" number="8">Congress</token>
<token t_id="173" sentence="7" number="9">to</token>
<token t_id="174" sentence="7" number="10">travel</token>
<token t_id="175" sentence="7" number="11">in</token>
<token t_id="176" sentence="7" number="12">Iraq</token>
<token t_id="177" sentence="7" number="13">since</token>
<token t_id="178" sentence="7" number="14">the</token>
<token t_id="179" sentence="7" number="15">war</token>
<token t_id="180" sentence="7" number="16">,</token>
<token t_id="181" sentence="7" number="17">according</token>
<token t_id="182" sentence="7" number="18">to</token>
<token t_id="183" sentence="7" number="19">Hall's</token>
<token t_id="184" sentence="7" number="20">office</token>
<token t_id="185" sentence="7" number="21">.</token>
<token t_id="186" sentence="8" number="0">The</token>
<token t_id="187" sentence="8" number="1">last</token>
<token t_id="188" sentence="8" number="2">visitor</token>
<token t_id="189" sentence="8" number="3">was</token>
<token t_id="190" sentence="8" number="4">then</token>
<token t_id="191" sentence="8" number="5">-</token>
<token t_id="192" sentence="8" number="6">U</token>
<token t_id="193" sentence="8" number="7">.</token>
<token t_id="194" sentence="8" number="8">S</token>
<token t_id="195" sentence="8" number="9">.</token>
<token t_id="196" sentence="8" number="10">Rep</token>
<token t_id="197" sentence="8" number="11">.</token>
<token t_id="198" sentence="8" number="12">Bill</token>
<token t_id="199" sentence="8" number="13">Richardson</token>
<token t_id="200" sentence="8" number="14">of</token>
<token t_id="201" sentence="8" number="15">New</token>
<token t_id="202" sentence="8" number="16">Mexico</token>
<token t_id="203" sentence="8" number="17">,</token>
<token t_id="204" sentence="8" number="18">who</token>
<token t_id="205" sentence="8" number="19">went</token>
<token t_id="206" sentence="8" number="20">to</token>
<token t_id="207" sentence="8" number="21">help</token>
<token t_id="208" sentence="8" number="22">a</token>
<token t_id="209" sentence="8" number="23">pair</token>
<token t_id="210" sentence="8" number="24">of</token>
<token t_id="211" sentence="8" number="25">U</token>
<token t_id="212" sentence="8" number="26">.</token>
<token t_id="213" sentence="8" number="27">S</token>
<token t_id="214" sentence="8" number="28">.</token>
<token t_id="215" sentence="8" number="29">oilmen</token>
<token t_id="216" sentence="8" number="30">in</token>
<token t_id="217" sentence="8" number="31">diplomatic</token>
<token t_id="218" sentence="8" number="32">trouble</token>
<token t_id="219" sentence="8" number="33">.</token>
<token t_id="220" sentence="9" number="0">Hall</token>
<token t_id="221" sentence="9" number="1">flies</token>
<token t_id="222" sentence="9" number="2">to</token>
<token t_id="223" sentence="9" number="3">Amman</token>
<token t_id="224" sentence="9" number="4">,</token>
<token t_id="225" sentence="9" number="5">Jordan</token>
<token t_id="226" sentence="9" number="6">,</token>
<token t_id="227" sentence="9" number="7">on</token>
<token t_id="228" sentence="9" number="8">Friday</token>
<token t_id="229" sentence="9" number="9">,</token>
<token t_id="230" sentence="9" number="10">where</token>
<token t_id="231" sentence="9" number="11">he'll</token>
<token t_id="232" sentence="9" number="12">spend</token>
<token t_id="233" sentence="9" number="13">the</token>
<token t_id="234" sentence="9" number="14">night</token>
<token t_id="235" sentence="9" number="15">before</token>
<token t_id="236" sentence="9" number="16">driving</token>
<token t_id="237" sentence="9" number="17">to</token>
<token t_id="238" sentence="9" number="18">Iraq</token>
<token t_id="239" sentence="9" number="19">.</token>
<token t_id="240" sentence="10" number="0">Flights</token>
<token t_id="241" sentence="10" number="1">are</token>
<token t_id="242" sentence="10" number="2">not</token>
<token t_id="243" sentence="10" number="3">permitted</token>
<token t_id="244" sentence="10" number="4">into</token>
<token t_id="245" sentence="10" number="5">Iraq</token>
<token t_id="246" sentence="10" number="6">.</token>
<token t_id="247" sentence="11" number="0">Hall</token>
<token t_id="248" sentence="11" number="1">is</token>
<token t_id="249" sentence="11" number="2">to</token>
<token t_id="250" sentence="11" number="3">return</token>
<token t_id="251" sentence="11" number="4">to</token>
<token t_id="252" sentence="11" number="5">Washington</token>
<token t_id="253" sentence="11" number="6">on</token>
<token t_id="254" sentence="11" number="7">April</token>
<token t_id="255" sentence="11" number="8">22</token>
<token t_id="256" sentence="11" number="9">.</token>
<token t_id="257" sentence="12" number="0">Story</token>
<token t_id="258" sentence="12" number="1">Filed</token>
<token t_id="259" sentence="12" number="2">By</token>
<token t_id="260" sentence="12" number="3">Cox</token>
<token t_id="261" sentence="12" number="4">Newspapers</token>


<Markables>
<ARGUMENTATIVE m_id="18" comment="" conversational-direct="FALSE" conversational-reported="TRUE"  >
<token_anchor t_id="108"/>
<token_anchor t_id="109"/>
<token_anchor t_id="110"/>
<token_anchor t_id="111"/>
<token_anchor t_id="112"/>
<token_anchor t_id="113"/>
<token_anchor t_id="114"/>
<token_anchor t_id="115"/>
<token_anchor t_id="116"/>
<token_anchor t_id="117"/>
<token_anchor t_id="118"/>
<token_anchor t_id="119"/>
<token_anchor t_id="120"/>
<token_anchor t_id="121"/>
<token_anchor t_id="122"/>
</ARGUMENTATIVE>
<DESCRIPTIVE m_id="22" Type="Other" comment="" conversational-direct="FALSE" conversational-reported="FALSE"  >
<token_anchor t_id="150"/>
<token_anchor t_id="151"/>
<token_anchor t_id="152"/>
<token_anchor t_id="153"/>
<token_anchor t_id="154"/>
<token_anchor t_id="155"/>
<token_anchor t_id="156"/>
<token_anchor t_id="157"/>
<token_anchor t_id="158"/>
<token_anchor t_id="159"/>
<token_anchor t_id="160"/>
<token_anchor t_id="161"/>
<token_anchor t_id="162"/>
<token_anchor t_id="163"/>
</DESCRIPTIVE>
<DESCRIPTIVE m_id="23" Type="Person" comment="" conversational-direct="FALSE" conversational-reported="FALSE"  >
<token_anchor t_id="164"/>
<token_anchor t_id="165"/>
<token_anchor t_id="166"/>
<token_anchor t_id="167"/>
<token_anchor t_id="168"/>
<token_anchor t_id="169"/>
<token_anchor t_id="170"/>
<token_anchor t_id="171"/>
<token_anchor t_id="172"/>
</DESCRIPTIVE>
<EXPOSITORY m_id="32" comment="" conversational-direct="FALSE" conversational-reported="FALSE"  >
<token_anchor t_id="240"/>
<token_anchor t_id="241"/>
<token_anchor t_id="242"/>
<token_anchor t_id="243"/>
<token_anchor t_id="244"/>
<token_anchor t_id="245"/>
<token_anchor t_id="246"/>
</EXPOSITORY>
<LOCATION m_id="3" comment=""  >
<token_anchor t_id="10"/>
</LOCATION>
<NARRATIVE m_id="7" Level="Primary" comment="" conversational-direct="FALSE" conversational-reported="TRUE"  >
<token_anchor t_id="26"/>
<token_anchor t_id="27"/>
<token_anchor t_id="28"/>
<token_anchor t_id="29"/>
<token_anchor t_id="30"/>
</NARRATIVE>
<NARRATIVE m_id="8" Level="Primary" comment="" conversational-direct="FALSE" conversational-reported="TRUE"  >
<token_anchor t_id="31"/>
<token_anchor t_id="32"/>
<token_anchor t_id="33"/>
<token_anchor t_id="34"/>
<token_anchor t_id="35"/>
<token_anchor t_id="36"/>
<token_anchor t_id="37"/>
<token_anchor t_id="38"/>
<token_anchor t_id="39"/>
<token_anchor t_id="40"/>
<token_anchor t_id="41"/>
<token_anchor t_id="42"/>
<token_anchor t_id="43"/>
<token_anchor t_id="44"/>
<token_anchor t_id="45"/>
</NARRATIVE>
<NARRATIVE m_id="9" Level="Primary" comment="" conversational-direct="FALSE" conversational-reported="FALSE"  >
<token_anchor t_id="46"/>
<token_anchor t_id="47"/>
<token_anchor t_id="48"/>
<token_anchor t_id="49"/>
<token_anchor t_id="50"/>
</NARRATIVE>
<NARRATIVE m_id="10" Level="Secondary" comment="" conversational-direct="FALSE" conversational-reported="FALSE"  >
<token_anchor t_id="55"/>
<token_anchor t_id="56"/>
<token_anchor t_id="57"/>
<token_anchor t_id="58"/>
<token_anchor t_id="59"/>
<token_anchor t_id="60"/>
<token_anchor t_id="61"/>
<token_anchor t_id="62"/>
<token_anchor t_id="63"/>
<token_anchor t_id="64"/>
<token_anchor t_id="65"/>
<token_anchor t_id="66"/>
<token_anchor t_id="67"/>
<token_anchor t_id="68"/>
</NARRATIVE>
<NARRATIVE m_id="11" Level="Primary" comment="" conversational-direct="FALSE" conversational-reported="FALSE"  >
<token_anchor t_id="51"/>
<token_anchor t_id="52"/>
<token_anchor t_id="53"/>
<token_anchor t_id="54"/>
<token_anchor t_id="69"/>
<token_anchor t_id="70"/>
<token_anchor t_id="71"/>
<token_anchor t_id="72"/>
</NARRATIVE>
<NARRATIVE m_id="12" Level="Primary" comment="" conversational-direct="FALSE" conversational-reported="FALSE"  >
<token_anchor t_id="73"/>
<token_anchor t_id="74"/>
<token_anchor t_id="75"/>
<token_anchor t_id="76"/>
<token_anchor t_id="77"/>
</NARRATIVE>
<NARRATIVE m_id="13" Level="Primary" comment="" conversational-direct="FALSE" conversational-reported="FALSE"  >
<token_anchor t_id="78"/>
<token_anchor t_id="79"/>
<token_anchor t_id="80"/>
</NARRATIVE>
<NARRATIVE m_id="14" Level="Primary" comment="" conversational-direct="FALSE" conversational-reported="FALSE"  >
<token_anchor t_id="81"/>
<token_anchor t_id="82"/>
<token_anchor t_id="83"/>
<token_anchor t_id="84"/>
<token_anchor t_id="85"/>
</NARRATIVE>
<NARRATIVE m_id="15" Level="Primary" comment="" conversational-direct="FALSE" conversational-reported="FALSE"  >
<token_anchor t_id="86"/>
<token_anchor t_id="87"/>
<token_anchor t_id="88"/>
<token_anchor t_id="89"/>
<token_anchor t_id="90"/>
<token_anchor t_id="91"/>
<token_anchor t_id="92"/>
<token_anchor t_id="93"/>
</NARRATIVE>
<NARRATIVE m_id="16" Level="Primary" comment="" conversational-direct="FALSE" conversational-reported="FALSE"  >
<token_anchor t_id="94"/>
<token_anchor t_id="95"/>
<token_anchor t_id="96"/>
<token_anchor t_id="97"/>
<token_anchor t_id="98"/>
<token_anchor t_id="99"/>
<token_anchor t_id="100"/>
<token_anchor t_id="101"/>
<token_anchor t_id="102"/>
<token_anchor t_id="103"/>
<token_anchor t_id="104"/>
</NARRATIVE>
<NARRATIVE m_id="17" Level="Primary" comment="" conversational-direct="FALSE" conversational-reported="FALSE"  >
<token_anchor t_id="105"/>
<token_anchor t_id="106"/>
<token_anchor t_id="107"/>
</NARRATIVE>
<NARRATIVE m_id="19" Level="Primary" comment="" conversational-direct="FALSE" conversational-reported="TRUE"  >
<token_anchor t_id="123"/>
<token_anchor t_id="124"/>
<token_anchor t_id="125"/>
<token_anchor t_id="126"/>
<token_anchor t_id="127"/>
<token_anchor t_id="128"/>
<token_anchor t_id="129"/>
<token_anchor t_id="130"/>
<token_anchor t_id="131"/>
<token_anchor t_id="132"/>
<token_anchor t_id="133"/>
<token_anchor t_id="134"/>
</NARRATIVE>
<NARRATIVE m_id="20" Level="Primary" comment="" conversational-direct="FALSE" conversational-reported="FALSE"  >
<token_anchor t_id="135"/>
<token_anchor t_id="136"/>
<token_anchor t_id="137"/>
<token_anchor t_id="138"/>
<token_anchor t_id="139"/>
<token_anchor t_id="140"/>
<token_anchor t_id="141"/>
<token_anchor t_id="142"/>
<token_anchor t_id="143"/>
<token_anchor t_id="144"/>
</NARRATIVE>
<NARRATIVE m_id="21" Level="" comment="" conversational-direct="FALSE" conversational-reported="FALSE"  >
<token_anchor t_id="145"/>
<token_anchor t_id="146"/>
<token_anchor t_id="147"/>
<token_anchor t_id="148"/>
<token_anchor t_id="149"/>
</NARRATIVE>
<NARRATIVE m_id="24" Level="Primary" comment="" conversational-direct="FALSE" conversational-reported="FALSE"  >
<token_anchor t_id="173"/>
<token_anchor t_id="174"/>
<token_anchor t_id="175"/>
<token_anchor t_id="176"/>
<token_anchor t_id="177"/>
<token_anchor t_id="178"/>
<token_anchor t_id="179"/>
<token_anchor t_id="180"/>
</NARRATIVE>
<NARRATIVE m_id="25" Level="Primary" comment="" conversational-direct="FALSE" conversational-reported="FALSE"  >
<token_anchor t_id="181"/>
<token_anchor t_id="182"/>
<token_anchor t_id="183"/>
<token_anchor t_id="184"/>
<token_anchor t_id="185"/>
</NARRATIVE>
<NARRATIVE m_id="26" Level="Primary" comment="" conversational-direct="FALSE" conversational-reported="FALSE"  >
<token_anchor t_id="204"/>
<token_anchor t_id="205"/>
</NARRATIVE>
<NARRATIVE m_id="27" Level="Primary" comment="" conversational-direct="FALSE" conversational-reported="FALSE"  >
<token_anchor t_id="206"/>
<token_anchor t_id="207"/>
<token_anchor t_id="208"/>
<token_anchor t_id="209"/>
<token_anchor t_id="210"/>
<token_anchor t_id="211"/>
<token_anchor t_id="212"/>
<token_anchor t_id="213"/>
<token_anchor t_id="214"/>
<token_anchor t_id="215"/>
<token_anchor t_id="216"/>
<token_anchor t_id="217"/>
<token_anchor t_id="218"/>
<token_anchor t_id="219"/>
</NARRATIVE>
<NARRATIVE m_id="28" Level="Primary" comment="" conversational-direct="FALSE" conversational-reported="FALSE"  >
<token_anchor t_id="186"/>
<token_anchor t_id="187"/>
<token_anchor t_id="188"/>
<token_anchor t_id="189"/>
<token_anchor t_id="190"/>
<token_anchor t_id="191"/>
<token_anchor t_id="192"/>
<token_anchor t_id="193"/>
<token_anchor t_id="194"/>
<token_anchor t_id="195"/>
<token_anchor t_id="196"/>
<token_anchor t_id="197"/>
<token_anchor t_id="198"/>
<token_anchor t_id="199"/>
<token_anchor t_id="200"/>
<token_anchor t_id="201"/>
<token_anchor t_id="202"/>
<token_anchor t_id="203"/>
</NARRATIVE>
<NARRATIVE m_id="29" Level="Primary" comment="" conversational-direct="FALSE" conversational-reported="FALSE"  >
<token_anchor t_id="220"/>
<token_anchor t_id="221"/>
<token_anchor t_id="222"/>
<token_anchor t_id="223"/>
<token_anchor t_id="224"/>
<token_anchor t_id="225"/>
<token_anchor t_id="226"/>
<token_anchor t_id="227"/>
<token_anchor t_id="228"/>
<token_anchor t_id="229"/>
</NARRATIVE>
<NARRATIVE m_id="30" Level="Primary" comment="" conversational-direct="FALSE" conversational-reported="FALSE"  >
<token_anchor t_id="230"/>
<token_anchor t_id="231"/>
<token_anchor t_id="232"/>
<token_anchor t_id="233"/>
<token_anchor t_id="234"/>
</NARRATIVE>
<NARRATIVE m_id="31" Level="Primary" comment="" conversational-direct="FALSE" conversational-reported="FALSE"  >
<token_anchor t_id="235"/>
<token_anchor t_id="236"/>
<token_anchor t_id="237"/>
<token_anchor t_id="238"/>
<token_anchor t_id="239"/>
</NARRATIVE>
<NARRATIVE m_id="33" Level="" comment="" conversational-direct="FALSE" conversational-reported="FALSE"  >
<token_anchor t_id="247"/>
<token_anchor t_id="248"/>
</NARRATIVE>
<NARRATIVE m_id="1" Level="" comment="" conversational-direct="FALSE" conversational-reported="FALSE"  >
<token_anchor t_id="1"/>
<token_anchor t_id="2"/>
<token_anchor t_id="3"/>
<token_anchor t_id="4"/>
<token_anchor t_id="5"/>
<token_anchor t_id="6"/>
</NARRATIVE>
<NARRATIVE m_id="34" Level="Primary" comment="" conversational-direct="FALSE" conversational-reported="FALSE"  >
<token_anchor t_id="249"/>
<token_anchor t_id="250"/>
<token_anchor t_id="251"/>
<token_anchor t_id="252"/>
<token_anchor t_id="253"/>
<token_anchor t_id="254"/>
<token_anchor t_id="255"/>
<token_anchor t_id="256"/>
</NARRATIVE>
<NARRATIVE m_id="5" Level="Primary" comment="" conversational-direct="FALSE" conversational-reported="TRUE"  >
<token_anchor t_id="11"/>
<token_anchor t_id="12"/>
<token_anchor t_id="13"/>
<token_anchor t_id="14"/>
<token_anchor t_id="15"/>
</NARRATIVE>
<NARRATIVE m_id="6" Level="Primary" comment="" conversational-direct="FALSE" conversational-reported="TRUE"  >
<token_anchor t_id="16"/>
<token_anchor t_id="17"/>
<token_anchor t_id="18"/>
<token_anchor t_id="19"/>
<token_anchor t_id="20"/>
<token_anchor t_id="21"/>
<token_anchor t_id="22"/>
<token_anchor t_id="23"/>
<token_anchor t_id="24"/>
<token_anchor t_id="25"/>
</NARRATIVE>
<NONE m_id="2" comment=""  >
<token_anchor t_id="7"/>
<token_anchor t_id="8"/>
<token_anchor t_id="9"/>
<token_anchor t_id="10"/>
</NONE>
<NONE m_id="4" comment=""  >
<token_anchor t_id="257"/>
<token_anchor t_id="258"/>
<token_anchor t_id="259"/>
<token_anchor t_id="260"/>
<token_anchor t_id="261"/>
</NONE>


</Markables>

<Relations>
</Relations>
</Document>
