<Document doc_name="news_wsj_2465.txt">
<token t_id="1" sentence="0" number="0">We</token>
<token t_id="2" sentence="0" number="1">don't</token>
<token t_id="3" sentence="0" number="2">know</token>
<token t_id="4" sentence="0" number="3">who</token>
<token t_id="5" sentence="0" number="4">is</token>
<token t_id="6" sentence="0" number="5">winning</token>
<token t_id="7" sentence="0" number="6">the</token>
<token t_id="8" sentence="0" number="7">drug</token>
<token t_id="9" sentence="0" number="8">war</token>
<token t_id="10" sentence="0" number="9">in</token>
<token t_id="11" sentence="0" number="10">Latin</token>
<token t_id="12" sentence="0" number="11">America</token>
<token t_id="13" sentence="0" number="12">,</token>
<token t_id="14" sentence="0" number="13">but</token>
<token t_id="15" sentence="0" number="14">we</token>
<token t_id="16" sentence="0" number="15">know</token>
<token t_id="17" sentence="0" number="16">who's</token>
<token t_id="18" sentence="0" number="17">losing</token>
<token t_id="19" sentence="0" number="18">it</token>
<token t_id="20" sentence="0" number="19">-</token>
<token t_id="21" sentence="0" number="20">-</token>
<token t_id="22" sentence="0" number="21">the</token>
<token t_id="23" sentence="0" number="22">press</token>
<token t_id="24" sentence="0" number="23">.</token>
<token t_id="25" sentence="1" number="0">Over</token>
<token t_id="26" sentence="1" number="1">the</token>
<token t_id="27" sentence="1" number="2">past</token>
<token t_id="28" sentence="1" number="3">six</token>
<token t_id="29" sentence="1" number="4">months</token>
<token t_id="30" sentence="1" number="5">,</token>
<token t_id="31" sentence="1" number="6">six</token>
<token t_id="32" sentence="1" number="7">journalists</token>
<token t_id="33" sentence="1" number="8">have</token>
<token t_id="34" sentence="1" number="9">been</token>
<token t_id="35" sentence="1" number="10">killed</token>
<token t_id="36" sentence="1" number="11">and</token>
<token t_id="37" sentence="1" number="12">10</token>
<token t_id="38" sentence="1" number="13">kidnapped</token>
<token t_id="39" sentence="1" number="14">by</token>
<token t_id="40" sentence="1" number="15">drug</token>
<token t_id="41" sentence="1" number="16">traffickers</token>
<token t_id="42" sentence="1" number="17">or</token>
<token t_id="43" sentence="1" number="18">leftist</token>
<token t_id="44" sentence="1" number="19">guerrillas</token>
<token t_id="45" sentence="1" number="20">-</token>
<token t_id="46" sentence="1" number="21">-</token>
<token t_id="47" sentence="1" number="22">who</token>
<token t_id="48" sentence="1" number="23">often</token>
<token t_id="49" sentence="1" number="24">are</token>
<token t_id="50" sentence="1" number="25">one</token>
<token t_id="51" sentence="1" number="26">and</token>
<token t_id="52" sentence="1" number="27">the</token>
<token t_id="53" sentence="1" number="28">same</token>
<token t_id="54" sentence="1" number="29">-</token>
<token t_id="55" sentence="1" number="30">-</token>
<token t_id="56" sentence="1" number="31">in</token>
<token t_id="57" sentence="1" number="32">Colombia</token>
<token t_id="58" sentence="1" number="33">.</token>
<token t_id="59" sentence="2" number="0">Over</token>
<token t_id="60" sentence="2" number="1">the</token>
<token t_id="61" sentence="2" number="2">past</token>
<token t_id="62" sentence="2" number="3">12</token>
<token t_id="63" sentence="2" number="4">years</token>
<token t_id="64" sentence="2" number="5">,</token>
<token t_id="65" sentence="2" number="6">at</token>
<token t_id="66" sentence="2" number="7">least</token>
<token t_id="67" sentence="2" number="8">40</token>
<token t_id="68" sentence="2" number="9">journalists</token>
<token t_id="69" sentence="2" number="10">have</token>
<token t_id="70" sentence="2" number="11">died</token>
<token t_id="71" sentence="2" number="12">there</token>
<token t_id="72" sentence="2" number="13">.</token>
<token t_id="73" sentence="3" number="0">The</token>
<token t_id="74" sentence="3" number="1">attacks</token>
<token t_id="75" sentence="3" number="2">have</token>
<token t_id="76" sentence="3" number="3">intensified</token>
<token t_id="77" sentence="3" number="4">since</token>
<token t_id="78" sentence="3" number="5">the</token>
<token t_id="79" sentence="3" number="6">Colombian</token>
<token t_id="80" sentence="3" number="7">government</token>
<token t_id="81" sentence="3" number="8">began</token>
<token t_id="82" sentence="3" number="9">cracking</token>
<token t_id="83" sentence="3" number="10">down</token>
<token t_id="84" sentence="3" number="11">on</token>
<token t_id="85" sentence="3" number="12">the</token>
<token t_id="86" sentence="3" number="13">traffickers</token>
<token t_id="87" sentence="3" number="14">in</token>
<token t_id="88" sentence="3" number="15">August</token>
<token t_id="89" sentence="3" number="16">,</token>
<token t_id="90" sentence="3" number="17">trying</token>
<token t_id="91" sentence="3" number="18">to</token>
<token t_id="92" sentence="3" number="19">prevent</token>
<token t_id="93" sentence="3" number="20">their</token>
<token t_id="94" sentence="3" number="21">takeover</token>
<token t_id="95" sentence="3" number="22">of</token>
<token t_id="96" sentence="3" number="23">the</token>
<token t_id="97" sentence="3" number="24">country</token>
<token t_id="98" sentence="3" number="25">.</token>
<token t_id="99" sentence="4" number="0">The</token>
<token t_id="100" sentence="4" number="1">slaughter</token>
<token t_id="101" sentence="4" number="2">in</token>
<token t_id="102" sentence="4" number="3">Colombia</token>
<token t_id="103" sentence="4" number="4">was</token>
<token t_id="104" sentence="4" number="5">very</token>
<token t_id="105" sentence="4" number="6">much</token>
<token t_id="106" sentence="4" number="7">on</token>
<token t_id="107" sentence="4" number="8">the</token>
<token t_id="108" sentence="4" number="9">minds</token>
<token t_id="109" sentence="4" number="10">of</token>
<token t_id="110" sentence="4" number="11">450</token>
<token t_id="111" sentence="4" number="12">editors</token>
<token t_id="112" sentence="4" number="13">and</token>
<token t_id="113" sentence="4" number="14">publishers</token>
<token t_id="114" sentence="4" number="15">from</token>
<token t_id="115" sentence="4" number="16">Latin</token>
<token t_id="116" sentence="4" number="17">America</token>
<token t_id="117" sentence="4" number="18">,</token>
<token t_id="118" sentence="4" number="19">the</token>
<token t_id="119" sentence="4" number="20">United</token>
<token t_id="120" sentence="4" number="21">States</token>
<token t_id="121" sentence="4" number="22">,</token>
<token t_id="122" sentence="4" number="23">the</token>
<token t_id="123" sentence="4" number="24">Caribbean</token>
<token t_id="124" sentence="4" number="25">and</token>
<token t_id="125" sentence="4" number="26">Canada</token>
<token t_id="126" sentence="4" number="27">attending</token>
<token t_id="127" sentence="4" number="28">the</token>
<token t_id="128" sentence="4" number="29">45th</token>
<token t_id="129" sentence="4" number="30">general</token>
<token t_id="130" sentence="4" number="31">assembly</token>
<token t_id="131" sentence="4" number="32">of</token>
<token t_id="132" sentence="4" number="33">the</token>
<token t_id="133" sentence="4" number="34">Inter</token>
<token t_id="134" sentence="4" number="35">-</token>
<token t_id="135" sentence="4" number="36">American</token>
<token t_id="136" sentence="4" number="37">Press</token>
<token t_id="137" sentence="4" number="38">Association</token>
<token t_id="138" sentence="4" number="39">in</token>
<token t_id="139" sentence="4" number="40">Monterrey</token>
<token t_id="140" sentence="4" number="41">,</token>
<token t_id="141" sentence="4" number="42">Mexico</token>
<token t_id="142" sentence="4" number="43">,</token>
<token t_id="143" sentence="4" number="44">this</token>
<token t_id="144" sentence="4" number="45">week</token>
<token t_id="145" sentence="4" number="46">.</token>
<token t_id="146" sentence="5" number="0">On</token>
<token t_id="147" sentence="5" number="1">Tuesday</token>
<token t_id="148" sentence="5" number="2">the</token>
<token t_id="149" sentence="5" number="3">conference</token>
<token t_id="150" sentence="5" number="4">got</token>
<token t_id="151" sentence="5" number="5">word</token>
<token t_id="152" sentence="5" number="6">of</token>
<token t_id="153" sentence="5" number="7">another</token>
<token t_id="154" sentence="5" number="8">atrocity</token>
<token t_id="155" sentence="5" number="9">,</token>
<token t_id="156" sentence="5" number="10">the</token>
<token t_id="157" sentence="5" number="11">assassination</token>
<token t_id="158" sentence="5" number="12">in</token>
<token t_id="159" sentence="5" number="13">Medellin</token>
<token t_id="160" sentence="5" number="14">of</token>
<token t_id="161" sentence="5" number="15">two</token>
<token t_id="162" sentence="5" number="16">employees</token>
<token t_id="163" sentence="5" number="17">of</token>
<token t_id="164" sentence="5" number="18">El</token>
<token t_id="165" sentence="5" number="19">Espectador</token>
<token t_id="166" sentence="5" number="20">,</token>
<token t_id="167" sentence="5" number="21">Colombia's</token>
<token t_id="168" sentence="5" number="22">second</token>
<token t_id="169" sentence="5" number="23">-</token>
<token t_id="170" sentence="5" number="24">largest</token>
<token t_id="171" sentence="5" number="25">newspaper</token>
<token t_id="172" sentence="5" number="26">.</token>
<token t_id="173" sentence="6" number="0">The</token>
<token t_id="174" sentence="6" number="1">paper's</token>
<token t_id="175" sentence="6" number="2">local</token>
<token t_id="176" sentence="6" number="3">administrator</token>
<token t_id="177" sentence="6" number="4">,</token>
<token t_id="178" sentence="6" number="5">Maria</token>
<token t_id="179" sentence="6" number="6">Luz</token>
<token t_id="180" sentence="6" number="7">Lopez</token>
<token t_id="181" sentence="6" number="8">,</token>
<token t_id="182" sentence="6" number="9">was</token>
<token t_id="183" sentence="6" number="10">shot</token>
<token t_id="184" sentence="6" number="11">dead</token>
<token t_id="185" sentence="6" number="12">,</token>
<token t_id="186" sentence="6" number="13">and</token>
<token t_id="187" sentence="6" number="14">her</token>
<token t_id="188" sentence="6" number="15">mother</token>
<token t_id="189" sentence="6" number="16">wounded</token>
<token t_id="190" sentence="6" number="17">,</token>
<token t_id="191" sentence="6" number="18">while</token>
<token t_id="192" sentence="6" number="19">her</token>
<token t_id="193" sentence="6" number="20">car</token>
<token t_id="194" sentence="6" number="21">was</token>
<token t_id="195" sentence="6" number="22">stopped</token>
<token t_id="196" sentence="6" number="23">for</token>
<token t_id="197" sentence="6" number="24">a</token>
<token t_id="198" sentence="6" number="25">red</token>
<token t_id="199" sentence="6" number="26">light</token>
<token t_id="200" sentence="6" number="27">.</token>
<token t_id="201" sentence="7" number="0">An</token>
<token t_id="202" sentence="7" number="1">hour</token>
<token t_id="203" sentence="7" number="2">later</token>
<token t_id="204" sentence="7" number="3">,</token>
<token t_id="205" sentence="7" number="4">the</token>
<token t_id="206" sentence="7" number="5">paper's</token>
<token t_id="207" sentence="7" number="6">circulation</token>
<token t_id="208" sentence="7" number="7">manager</token>
<token t_id="209" sentence="7" number="8">,</token>
<token t_id="210" sentence="7" number="9">Miguel</token>
<token t_id="211" sentence="7" number="10">Soler</token>
<token t_id="212" sentence="7" number="11">,</token>
<token t_id="213" sentence="7" number="12">was</token>
<token t_id="214" sentence="7" number="13">shot</token>
<token t_id="215" sentence="7" number="14">and</token>
<token t_id="216" sentence="7" number="15">killed</token>
<token t_id="217" sentence="7" number="16">near</token>
<token t_id="218" sentence="7" number="17">his</token>
<token t_id="219" sentence="7" number="18">home</token>
<token t_id="220" sentence="7" number="19">.</token>
<token t_id="221" sentence="8" number="0">The</token>
<token t_id="222" sentence="8" number="1">drug</token>
<token t_id="223" sentence="8" number="2">lords</token>
<token t_id="224" sentence="8" number="3">who</token>
<token t_id="225" sentence="8" number="4">claimed</token>
<token t_id="226" sentence="8" number="5">responsibility</token>
<token t_id="227" sentence="8" number="6">said</token>
<token t_id="228" sentence="8" number="7">they</token>
<token t_id="229" sentence="8" number="8">would</token>
<token t_id="230" sentence="8" number="9">blow</token>
<token t_id="231" sentence="8" number="10">up</token>
<token t_id="232" sentence="8" number="11">the</token>
<token t_id="233" sentence="8" number="12">Bogota</token>
<token t_id="234" sentence="8" number="13">newspaper's</token>
<token t_id="235" sentence="8" number="14">offices</token>
<token t_id="236" sentence="8" number="15">if</token>
<token t_id="237" sentence="8" number="16">it</token>
<token t_id="238" sentence="8" number="17">continued</token>
<token t_id="239" sentence="8" number="18">to</token>
<token t_id="240" sentence="8" number="19">distribute</token>
<token t_id="241" sentence="8" number="20">in</token>
<token t_id="242" sentence="8" number="21">Medellin</token>
<token t_id="243" sentence="8" number="22">.</token>
<token t_id="244" sentence="9" number="0">They</token>
<token t_id="245" sentence="9" number="1">bombed</token>
<token t_id="246" sentence="9" number="2">the</token>
<token t_id="247" sentence="9" number="3">Bogota</token>
<token t_id="248" sentence="9" number="4">offices</token>
<token t_id="249" sentence="9" number="5">last</token>
<token t_id="250" sentence="9" number="6">month</token>
<token t_id="251" sentence="9" number="7">,</token>
<token t_id="252" sentence="9" number="8">destroying</token>
<token t_id="253" sentence="9" number="9">its</token>
<token t_id="254" sentence="9" number="10">computer</token>
<token t_id="255" sentence="9" number="11">and</token>
<token t_id="256" sentence="9" number="12">causing</token>
<token t_id="257" sentence="9" number="13">$2</token>
<token t_id="258" sentence="9" number="14">.</token>
<token t_id="259" sentence="9" number="15">5</token>
<token t_id="260" sentence="9" number="16">million</token>
<token t_id="261" sentence="9" number="17">in</token>
<token t_id="262" sentence="9" number="18">damage</token>
<token t_id="263" sentence="9" number="19">.</token>
<token t_id="264" sentence="10" number="0">El</token>
<token t_id="265" sentence="10" number="1">Espectador</token>
<token t_id="266" sentence="10" number="2">has</token>
<token t_id="267" sentence="10" number="3">been</token>
<token t_id="268" sentence="10" number="4">a</token>
<token t_id="269" sentence="10" number="5">special</token>
<token t_id="270" sentence="10" number="6">target</token>
<token t_id="271" sentence="10" number="7">because</token>
<token t_id="272" sentence="10" number="8">of</token>
<token t_id="273" sentence="10" number="9">the</token>
<token t_id="274" sentence="10" number="10">extraordinary</token>
<token t_id="275" sentence="10" number="11">courage</token>
<token t_id="276" sentence="10" number="12">of</token>
<token t_id="277" sentence="10" number="13">its</token>
<token t_id="278" sentence="10" number="14">publisher</token>
<token t_id="279" sentence="10" number="15">and</token>
<token t_id="280" sentence="10" number="16">his</token>
<token t_id="281" sentence="10" number="17">staff</token>
<token t_id="282" sentence="10" number="18">.</token>
<token t_id="283" sentence="11" number="0">At</token>
<token t_id="284" sentence="11" number="1">Monterrey</token>
<token t_id="285" sentence="11" number="2">,</token>
<token t_id="286" sentence="11" number="3">publisher</token>
<token t_id="287" sentence="11" number="4">Luis</token>
<token t_id="288" sentence="11" number="5">Gabriel</token>
<token t_id="289" sentence="11" number="6">Cano</token>
<token t_id="290" sentence="11" number="7">,</token>
<token t_id="291" sentence="11" number="8">although</token>
<token t_id="292" sentence="11" number="9">shaken</token>
<token t_id="293" sentence="11" number="10">by</token>
<token t_id="294" sentence="11" number="11">the</token>
<token t_id="295" sentence="11" number="12">murders</token>
<token t_id="296" sentence="11" number="13">,</token>
<token t_id="297" sentence="11" number="14">issued</token>
<token t_id="298" sentence="11" number="15">a</token>
<token t_id="299" sentence="11" number="16">statement</token>
<token t_id="300" sentence="11" number="17">saying</token>
<token t_id="301" sentence="11" number="18">:</token>
<token t_id="302" sentence="11" number="19">"We</token>
<token t_id="303" sentence="11" number="20">will</token>
<token t_id="304" sentence="11" number="21">not</token>
<token t_id="305" sentence="11" number="22">cease</token>
<token t_id="306" sentence="11" number="23">our</token>
<token t_id="307" sentence="11" number="24">fight</token>
<token t_id="308" sentence="11" number="25">against</token>
<token t_id="309" sentence="11" number="26">drug</token>
<token t_id="310" sentence="11" number="27">trafficking</token>
<token t_id="311" sentence="11" number="28">.</token>
<token t_id="312" sentence="12" number="0">They</token>
<token t_id="313" sentence="12" number="1">want</token>
<token t_id="314" sentence="12" number="2">to</token>
<token t_id="315" sentence="12" number="3">terrify</token>
<token t_id="316" sentence="12" number="4">the</token>
<token t_id="317" sentence="12" number="5">press</token>
<token t_id="318" sentence="12" number="6">and</token>
<token t_id="319" sentence="12" number="7">in</token>
<token t_id="320" sentence="12" number="8">particular</token>
<token t_id="321" sentence="12" number="9">El</token>
<token t_id="322" sentence="12" number="10">Espectador</token>
<token t_id="323" sentence="12" number="11">because</token>
<token t_id="324" sentence="12" number="12">it</token>
<token t_id="325" sentence="12" number="13">has</token>
<token t_id="326" sentence="12" number="14">always</token>
<token t_id="327" sentence="12" number="15">been</token>
<token t_id="328" sentence="12" number="16">a</token>
<token t_id="329" sentence="12" number="17">torchbearer</token>
<token t_id="330" sentence="12" number="18">in</token>
<token t_id="331" sentence="12" number="19">this</token>
<token t_id="332" sentence="12" number="20">war</token>
<token t_id="333" sentence="12" number="21">.</token>
<token t_id="334" sentence="12" number="22">"</token>
<token t_id="335" sentence="13" number="0">This</token>
<token t_id="336" sentence="13" number="1">comes</token>
<token t_id="337" sentence="13" number="2">from</token>
<token t_id="338" sentence="13" number="3">a</token>
<token t_id="339" sentence="13" number="4">man</token>
<token t_id="340" sentence="13" number="5">whose</token>
<token t_id="341" sentence="13" number="6">brother</token>
<token t_id="342" sentence="13" number="7">,</token>
<token t_id="343" sentence="13" number="8">Guillermo</token>
<token t_id="344" sentence="13" number="9">,</token>
<token t_id="345" sentence="13" number="10">was</token>
<token t_id="346" sentence="13" number="11">murdered</token>
<token t_id="347" sentence="13" number="12">in</token>
<token t_id="348" sentence="13" number="13">1986</token>
<token t_id="349" sentence="13" number="14">.</token>
<token t_id="350" sentence="14" number="0">The</token>
<token t_id="351" sentence="14" number="1">publishers</token>
<token t_id="352" sentence="14" number="2">in</token>
<token t_id="353" sentence="14" number="3">Monterrey</token>
<token t_id="354" sentence="14" number="4">command</token>
<token t_id="355" sentence="14" number="5">no</token>
<token t_id="356" sentence="14" number="6">battalions</token>
<token t_id="357" sentence="14" number="7">,</token>
<token t_id="358" sentence="14" number="8">but</token>
<token t_id="359" sentence="14" number="9">they</token>
<token t_id="360" sentence="14" number="10">agreed</token>
<token t_id="361" sentence="14" number="11">to</token>
<token t_id="362" sentence="14" number="12">express</token>
<token t_id="363" sentence="14" number="13">their</token>
<token t_id="364" sentence="14" number="14">outrage</token>
<token t_id="365" sentence="14" number="15">with</token>
<token t_id="366" sentence="14" number="16">editorials</token>
<token t_id="367" sentence="14" number="17">in</token>
<token t_id="368" sentence="14" number="18">today's</token>
<token t_id="369" sentence="14" number="19">editions</token>
<token t_id="370" sentence="14" number="20">.</token>
<token t_id="371" sentence="15" number="0">Many</token>
<token t_id="372" sentence="15" number="1">will</token>
<token t_id="373" sentence="15" number="2">use</token>
<token t_id="374" sentence="15" number="3">a</token>
<token t_id="375" sentence="15" number="4">common</token>
<token t_id="376" sentence="15" number="5">editorial</token>
<token t_id="377" sentence="15" number="6">.</token>
<token t_id="378" sentence="16" number="0">A</token>
<token t_id="379" sentence="16" number="1">final</token>
<token t_id="380" sentence="16" number="2">statement</token>
<token t_id="381" sentence="16" number="3">yesterday</token>
<token t_id="382" sentence="16" number="4">said</token>
<token t_id="383" sentence="16" number="5">:</token>
<token t_id="384" sentence="16" number="6">"While</token>
<token t_id="385" sentence="16" number="7">some</token>
<token t_id="386" sentence="16" number="8">advances</token>
<token t_id="387" sentence="16" number="9">are</token>
<token t_id="388" sentence="16" number="10">being</token>
<token t_id="389" sentence="16" number="11">made</token>
<token t_id="390" sentence="16" number="12">in</token>
<token t_id="391" sentence="16" number="13">nations</token>
<token t_id="392" sentence="16" number="14">throughout</token>
<token t_id="393" sentence="16" number="15">the</token>
<token t_id="394" sentence="16" number="16">hemisphere</token>
<token t_id="395" sentence="16" number="17">,</token>
<token t_id="396" sentence="16" number="18">the</token>
<token t_id="397" sentence="16" number="19">state</token>
<token t_id="398" sentence="16" number="20">of</token>
<token t_id="399" sentence="16" number="21">press</token>
<token t_id="400" sentence="16" number="22">freedom</token>
<token t_id="401" sentence="16" number="23">in</token>
<token t_id="402" sentence="16" number="24">the</token>
<token t_id="403" sentence="16" number="25">Americas</token>
<token t_id="404" sentence="16" number="26">still</token>
<token t_id="405" sentence="16" number="27">must</token>
<token t_id="406" sentence="16" number="28">be</token>
<token t_id="407" sentence="16" number="29">regarded</token>
<token t_id="408" sentence="16" number="30">as</token>
<token t_id="409" sentence="16" number="31">grim</token>
<token t_id="410" sentence="16" number="32">as</token>
<token t_id="411" sentence="16" number="33">long</token>
<token t_id="412" sentence="16" number="34">as</token>
<token t_id="413" sentence="16" number="35">journalists</token>
<token t_id="414" sentence="16" number="36">and</token>
<token t_id="415" sentence="16" number="37">their</token>
<token t_id="416" sentence="16" number="38">families</token>
<token t_id="417" sentence="16" number="39">are</token>
<token t_id="418" sentence="16" number="40">subject</token>
<token t_id="419" sentence="16" number="41">to</token>
<token t_id="420" sentence="16" number="42">the</token>
<token t_id="421" sentence="16" number="43">crudest</token>
<token t_id="422" sentence="16" number="44">form</token>
<token t_id="423" sentence="16" number="45">of</token>
<token t_id="424" sentence="16" number="46">censorship</token>
<token t_id="425" sentence="16" number="47">:</token>
<token t_id="426" sentence="16" number="48">death</token>
<token t_id="427" sentence="16" number="49">by</token>
<token t_id="428" sentence="16" number="50">assassination</token>
<token t_id="429" sentence="16" number="51">.</token>
<token t_id="430" sentence="16" number="52">"</token>
<token t_id="431" sentence="17" number="0">The</token>
<token t_id="432" sentence="17" number="1">report</token>
<token t_id="433" sentence="17" number="2">charged</token>
<token t_id="434" sentence="17" number="3">that</token>
<token t_id="435" sentence="17" number="4">Panama's</token>
<token t_id="436" sentence="17" number="5">Manuel</token>
<token t_id="437" sentence="17" number="6">Noriega</token>
<token t_id="438" sentence="17" number="7">is</token>
<token t_id="439" sentence="17" number="8">not</token>
<token t_id="440" sentence="17" number="9">only</token>
<token t_id="441" sentence="17" number="10">in</token>
<token t_id="442" sentence="17" number="11">league</token>
<token t_id="443" sentence="17" number="12">with</token>
<token t_id="444" sentence="17" number="13">the</token>
<token t_id="445" sentence="17" number="14">drug</token>
<token t_id="446" sentence="17" number="15">traffickers</token>
<token t_id="447" sentence="17" number="16">but</token>
<token t_id="448" sentence="17" number="17">also</token>
<token t_id="449" sentence="17" number="18">is</token>
<token t_id="450" sentence="17" number="19">bullying</token>
<token t_id="451" sentence="17" number="20">the</token>
<token t_id="452" sentence="17" number="21">press</token>
<token t_id="453" sentence="17" number="22">as</token>
<token t_id="454" sentence="17" number="23">never</token>
<token t_id="455" sentence="17" number="24">before</token>
<token t_id="456" sentence="17" number="25">.</token>
<token t_id="457" sentence="18" number="0">"Noriega</token>
<token t_id="458" sentence="18" number="1">has</token>
<token t_id="459" sentence="18" number="2">closed</token>
<token t_id="460" sentence="18" number="3">every</token>
<token t_id="461" sentence="18" number="4">independent</token>
<token t_id="462" sentence="18" number="5">newspaper</token>
<token t_id="463" sentence="18" number="6">,</token>
<token t_id="464" sentence="18" number="7">radio</token>
<token t_id="465" sentence="18" number="8">and</token>
<token t_id="466" sentence="18" number="9">television</token>
<token t_id="467" sentence="18" number="10">station</token>
<token t_id="468" sentence="18" number="11">and</token>
<token t_id="469" sentence="18" number="12">arrested</token>
<token t_id="470" sentence="18" number="13">,</token>
<token t_id="471" sentence="18" number="14">tortured</token>
<token t_id="472" sentence="18" number="15">or</token>
<token t_id="473" sentence="18" number="16">forced</token>
<token t_id="474" sentence="18" number="17">into</token>
<token t_id="475" sentence="18" number="18">exile</token>
<token t_id="476" sentence="18" number="19">a</token>
<token t_id="477" sentence="18" number="20">long</token>
<token t_id="478" sentence="18" number="21">list</token>
<token t_id="479" sentence="18" number="22">of</token>
<token t_id="480" sentence="18" number="23">reporters</token>
<token t_id="481" sentence="18" number="24">,</token>
<token t_id="482" sentence="18" number="25">"</token>
<token t_id="483" sentence="18" number="26">the</token>
<token t_id="484" sentence="18" number="27">statement</token>
<token t_id="485" sentence="18" number="28">declared</token>
<token t_id="486" sentence="18" number="29">.</token>
<token t_id="487" sentence="19" number="0">It</token>
<token t_id="488" sentence="19" number="1">added</token>
<token t_id="489" sentence="19" number="2">:</token>
<token t_id="490" sentence="19" number="3">"In</token>
<token t_id="491" sentence="19" number="4">Cuba</token>
<token t_id="492" sentence="19" number="5">,</token>
<token t_id="493" sentence="19" number="6">public</token>
<token t_id="494" sentence="19" number="7">enemy</token>
<token t_id="495" sentence="19" number="8">No</token>
<token t_id="496" sentence="19" number="9">.</token>
<token t_id="497" sentence="19" number="10">1</token>
<token t_id="498" sentence="19" number="11">of</token>
<token t_id="499" sentence="19" number="12">press</token>
<token t_id="500" sentence="19" number="13">freedoms</token>
<token t_id="501" sentence="19" number="14">in</token>
<token t_id="502" sentence="19" number="15">the</token>
<token t_id="503" sentence="19" number="16">hemisphere</token>
<token t_id="504" sentence="19" number="17">,</token>
<token t_id="505" sentence="19" number="18">repression</token>
<token t_id="506" sentence="19" number="19">of</token>
<token t_id="507" sentence="19" number="20">journalists</token>
<token t_id="508" sentence="19" number="21">both</token>
<token t_id="509" sentence="19" number="22">Cuban</token>
<token t_id="510" sentence="19" number="23">and</token>
<token t_id="511" sentence="19" number="24">foreign</token>
<token t_id="512" sentence="19" number="25">is</token>
<token t_id="513" sentence="19" number="26">worse</token>
<token t_id="514" sentence="19" number="27">than</token>
<token t_id="515" sentence="19" number="28">ever</token>
<token t_id="516" sentence="19" number="29">.</token>
<token t_id="517" sentence="19" number="30">"</token>
<token t_id="518" sentence="20" number="0">And</token>
<token t_id="519" sentence="20" number="1">in</token>
<token t_id="520" sentence="20" number="2">Nicaragua</token>
<token t_id="521" sentence="20" number="3">,</token>
<token t_id="522" sentence="20" number="4">promises</token>
<token t_id="523" sentence="20" number="5">of</token>
<token t_id="524" sentence="20" number="6">press</token>
<token t_id="525" sentence="20" number="7">freedom</token>
<token t_id="526" sentence="20" number="8">by</token>
<token t_id="527" sentence="20" number="9">the</token>
<token t_id="528" sentence="20" number="10">Sandinistas</token>
<token t_id="529" sentence="20" number="11">"have</token>
<token t_id="530" sentence="20" number="12">not</token>
<token t_id="531" sentence="20" number="13">materialized</token>
<token t_id="532" sentence="20" number="14">.</token>
<token t_id="533" sentence="20" number="15">"</token>
<token t_id="534" sentence="21" number="0">As</token>
<token t_id="535" sentence="21" number="1">it</token>
<token t_id="536" sentence="21" number="2">happens</token>
<token t_id="537" sentence="21" number="3">,</token>
<token t_id="538" sentence="21" number="4">the</token>
<token t_id="539" sentence="21" number="5">four</token>
<token t_id="540" sentence="21" number="6">countries</token>
<token t_id="541" sentence="21" number="7">cited</token>
<token t_id="542" sentence="21" number="8">,</token>
<token t_id="543" sentence="21" number="9">Colombia</token>
<token t_id="544" sentence="21" number="10">,</token>
<token t_id="545" sentence="21" number="11">Cuba</token>
<token t_id="546" sentence="21" number="12">,</token>
<token t_id="547" sentence="21" number="13">Panama</token>
<token t_id="548" sentence="21" number="14">and</token>
<token t_id="549" sentence="21" number="15">Nicaragua</token>
<token t_id="550" sentence="21" number="16">,</token>
<token t_id="551" sentence="21" number="17">are</token>
<token t_id="552" sentence="21" number="18">not</token>
<token t_id="553" sentence="21" number="19">only</token>
<token t_id="554" sentence="21" number="20">where</token>
<token t_id="555" sentence="21" number="21">the</token>
<token t_id="556" sentence="21" number="22">press</token>
<token t_id="557" sentence="21" number="23">is</token>
<token t_id="558" sentence="21" number="24">under</token>
<token t_id="559" sentence="21" number="25">greatest</token>
<token t_id="560" sentence="21" number="26">attack</token>
<token t_id="561" sentence="21" number="27">but</token>
<token t_id="562" sentence="21" number="28">also</token>
<token t_id="563" sentence="21" number="29">are</token>
<token t_id="564" sentence="21" number="30">linked</token>
<token t_id="565" sentence="21" number="31">by</token>
<token t_id="566" sentence="21" number="32">the</token>
<token t_id="567" sentence="21" number="33">drug</token>
<token t_id="568" sentence="21" number="34">trade</token>
<token t_id="569" sentence="21" number="35">and</token>
<token t_id="570" sentence="21" number="36">left</token>
<token t_id="571" sentence="21" number="37">-</token>
<token t_id="572" sentence="21" number="38">wing</token>
<token t_id="573" sentence="21" number="39">politics</token>
<token t_id="574" sentence="21" number="40">.</token>
<token t_id="575" sentence="22" number="0">Noriega</token>
<token t_id="576" sentence="22" number="1">is</token>
<token t_id="577" sentence="22" number="2">close</token>
<token t_id="578" sentence="22" number="3">to</token>
<token t_id="579" sentence="22" number="4">Castro</token>
<token t_id="580" sentence="22" number="5">and</token>
<token t_id="581" sentence="22" number="6">may</token>
<token t_id="582" sentence="22" number="7">once</token>
<token t_id="583" sentence="22" number="8">have</token>
<token t_id="584" sentence="22" number="9">been</token>
<token t_id="585" sentence="22" number="10">his</token>
<token t_id="586" sentence="22" number="11">agent</token>
<token t_id="587" sentence="22" number="12">.</token>
<token t_id="588" sentence="23" number="0">Sandinistas</token>
<token t_id="589" sentence="23" number="1">Thomas</token>
<token t_id="590" sentence="23" number="2">Borge</token>
<token t_id="591" sentence="23" number="3">and</token>
<token t_id="592" sentence="23" number="4">the</token>
<token t_id="593" sentence="23" number="5">Ortega</token>
<token t_id="594" sentence="23" number="6">brothers</token>
<token t_id="595" sentence="23" number="7">are</token>
<token t_id="596" sentence="23" number="8">Castro</token>
<token t_id="597" sentence="23" number="9">proteges</token>
<token t_id="598" sentence="23" number="10">;</token>
<token t_id="599" sentence="23" number="11">he</token>
<token t_id="600" sentence="23" number="12">backed</token>
<token t_id="601" sentence="23" number="13">their</token>
<token t_id="602" sentence="23" number="14">takeover</token>
<token t_id="603" sentence="23" number="15">of</token>
<token t_id="604" sentence="23" number="16">Nicaragua</token>
<token t_id="605" sentence="23" number="17">.</token>
<token t_id="606" sentence="24" number="0">In</token>
<token t_id="607" sentence="24" number="1">Colombia</token>
<token t_id="608" sentence="24" number="2">,</token>
<token t_id="609" sentence="24" number="3">the</token>
<token t_id="610" sentence="24" number="4">drug</token>
<token t_id="611" sentence="24" number="5">-</token>
<token t_id="612" sentence="24" number="6">financed</token>
<token t_id="613" sentence="24" number="7">guerrillas</token>
<token t_id="614" sentence="24" number="8">trying</token>
<token t_id="615" sentence="24" number="9">to</token>
<token t_id="616" sentence="24" number="10">seize</token>
<token t_id="617" sentence="24" number="11">the</token>
<token t_id="618" sentence="24" number="12">country</token>
<token t_id="619" sentence="24" number="13">and</token>
<token t_id="620" sentence="24" number="14">destroy</token>
<token t_id="621" sentence="24" number="15">democracy</token>
<token t_id="622" sentence="24" number="16">include</token>
<token t_id="623" sentence="24" number="17">M</token>
<token t_id="624" sentence="24" number="18">-</token>
<token t_id="625" sentence="24" number="19">19</token>
<token t_id="626" sentence="24" number="20">,</token>
<token t_id="627" sentence="24" number="21">which</token>
<token t_id="628" sentence="24" number="22">Castro</token>
<token t_id="629" sentence="24" number="23">has</token>
<token t_id="630" sentence="24" number="24">clearly</token>
<token t_id="631" sentence="24" number="25">backed</token>
<token t_id="632" sentence="24" number="26">.</token>
<token t_id="633" sentence="25" number="0">Robert</token>
<token t_id="634" sentence="25" number="1">Merkel</token>
<token t_id="635" sentence="25" number="2">,</token>
<token t_id="636" sentence="25" number="3">a</token>
<token t_id="637" sentence="25" number="4">former</token>
<token t_id="638" sentence="25" number="5">U</token>
<token t_id="639" sentence="25" number="6">.</token>
<token t_id="640" sentence="25" number="7">S</token>
<token t_id="641" sentence="25" number="8">.</token>
<token t_id="642" sentence="25" number="9">attorney</token>
<token t_id="643" sentence="25" number="10">handling</token>
<token t_id="644" sentence="25" number="11">drug</token>
<token t_id="645" sentence="25" number="12">indictments</token>
<token t_id="646" sentence="25" number="13">in</token>
<token t_id="647" sentence="25" number="14">Florida</token>
<token t_id="648" sentence="25" number="15">,</token>
<token t_id="649" sentence="25" number="16">doesn't</token>
<token t_id="650" sentence="25" number="17">think</token>
<token t_id="651" sentence="25" number="18">for</token>
<token t_id="652" sentence="25" number="19">a</token>
<token t_id="653" sentence="25" number="20">minute</token>
<token t_id="654" sentence="25" number="21">that</token>
<token t_id="655" sentence="25" number="22">Castro's</token>
<token t_id="656" sentence="25" number="23">much</token>
<token t_id="657" sentence="25" number="24">publicized</token>
<token t_id="658" sentence="25" number="25">trials</token>
<token t_id="659" sentence="25" number="26">of</token>
<token t_id="660" sentence="25" number="27">high</token>
<token t_id="661" sentence="25" number="28">officials</token>
<token t_id="662" sentence="25" number="29">engaged</token>
<token t_id="663" sentence="25" number="30">in</token>
<token t_id="664" sentence="25" number="31">the</token>
<token t_id="665" sentence="25" number="32">drug</token>
<token t_id="666" sentence="25" number="33">trade</token>
<token t_id="667" sentence="25" number="34">mean</token>
<token t_id="668" sentence="25" number="35">he</token>
<token t_id="669" sentence="25" number="36">has</token>
<token t_id="670" sentence="25" number="37">broken</token>
<token t_id="671" sentence="25" number="38">off</token>
<token t_id="672" sentence="25" number="39">with</token>
<token t_id="673" sentence="25" number="40">the</token>
<token t_id="674" sentence="25" number="41">Medellin</token>
<token t_id="675" sentence="25" number="42">drug</token>
<token t_id="676" sentence="25" number="43">cartel</token>
<token t_id="677" sentence="25" number="44">.</token>
<token t_id="678" sentence="26" number="0">"If</token>
<token t_id="679" sentence="26" number="1">the</token>
<token t_id="680" sentence="26" number="2">cartel</token>
<token t_id="681" sentence="26" number="3">succeeds</token>
<token t_id="682" sentence="26" number="4">in</token>
<token t_id="683" sentence="26" number="5">blackmailing</token>
<token t_id="684" sentence="26" number="6">the</token>
<token t_id="685" sentence="26" number="7">Colombian</token>
<token t_id="686" sentence="26" number="8">authorities</token>
<token t_id="687" sentence="26" number="9">into</token>
<token t_id="688" sentence="26" number="10">negotiations</token>
<token t_id="689" sentence="26" number="11">,</token>
<token t_id="690" sentence="26" number="12">the</token>
<token t_id="691" sentence="26" number="13">cartel</token>
<token t_id="692" sentence="26" number="14">will</token>
<token t_id="693" sentence="26" number="15">be</token>
<token t_id="694" sentence="26" number="16">in</token>
<token t_id="695" sentence="26" number="17">control</token>
<token t_id="696" sentence="26" number="18">and</token>
<token t_id="697" sentence="26" number="19">Fidel</token>
<token t_id="698" sentence="26" number="20">can</token>
<token t_id="699" sentence="26" number="21">exploit</token>
<token t_id="700" sentence="26" number="22">his</token>
<token t_id="701" sentence="26" number="23">past</token>
<token t_id="702" sentence="26" number="24">relationships</token>
<token t_id="703" sentence="26" number="25">with</token>
<token t_id="704" sentence="26" number="26">them</token>
<token t_id="705" sentence="26" number="27">,</token>
<token t_id="706" sentence="26" number="28">"</token>
<token t_id="707" sentence="26" number="29">he</token>
<token t_id="708" sentence="26" number="30">told</token>
<token t_id="709" sentence="26" number="31">the</token>
<token t_id="710" sentence="26" number="32">Journal's</token>
<token t_id="711" sentence="26" number="33">David</token>
<token t_id="712" sentence="26" number="34">Asman</token>
<token t_id="713" sentence="26" number="35">recently</token>
<token t_id="714" sentence="26" number="36">.</token>
<token t_id="715" sentence="27" number="0">The</token>
<token t_id="716" sentence="27" number="1">struggle</token>
<token t_id="717" sentence="27" number="2">against</token>
<token t_id="718" sentence="27" number="3">the</token>
<token t_id="719" sentence="27" number="4">drug</token>
<token t_id="720" sentence="27" number="5">lords</token>
<token t_id="721" sentence="27" number="6">in</token>
<token t_id="722" sentence="27" number="7">Colombia</token>
<token t_id="723" sentence="27" number="8">will</token>
<token t_id="724" sentence="27" number="9">be</token>
<token t_id="725" sentence="27" number="10">a</token>
<token t_id="726" sentence="27" number="11">near</token>
<token t_id="727" sentence="27" number="12">thing</token>
<token t_id="728" sentence="27" number="13">.</token>
<token t_id="729" sentence="28" number="0">This</token>
<token t_id="730" sentence="28" number="1">week</token>
<token t_id="731" sentence="28" number="2">,</token>
<token t_id="732" sentence="28" number="3">the</token>
<token t_id="733" sentence="28" number="4">government</token>
<token t_id="734" sentence="28" number="5">arrested</token>
<token t_id="735" sentence="28" number="6">Jose</token>
<token t_id="736" sentence="28" number="7">Abello</token>
<token t_id="737" sentence="28" number="8">Silva</token>
<token t_id="738" sentence="28" number="9">,</token>
<token t_id="739" sentence="28" number="10">said</token>
<token t_id="740" sentence="28" number="11">to</token>
<token t_id="741" sentence="28" number="12">be</token>
<token t_id="742" sentence="28" number="13">the</token>
<token t_id="743" sentence="28" number="14">fourth</token>
<token t_id="744" sentence="28" number="15">-</token>
<token t_id="745" sentence="28" number="16">ranking</token>
<token t_id="746" sentence="28" number="17">cartel</token>
<token t_id="747" sentence="28" number="18">leader</token>
<token t_id="748" sentence="28" number="19">.</token>
<token t_id="749" sentence="29" number="0">He</token>
<token t_id="750" sentence="29" number="1">will</token>
<token t_id="751" sentence="29" number="2">probably</token>
<token t_id="752" sentence="29" number="3">be</token>
<token t_id="753" sentence="29" number="4">extradited</token>
<token t_id="754" sentence="29" number="5">to</token>
<token t_id="755" sentence="29" number="6">the</token>
<token t_id="756" sentence="29" number="7">U</token>
<token t_id="757" sentence="29" number="8">.</token>
<token t_id="758" sentence="29" number="9">S</token>
<token t_id="759" sentence="29" number="10">.</token>
<token t_id="760" sentence="29" number="11">for</token>
<token t_id="761" sentence="29" number="12">trial</token>
<token t_id="762" sentence="29" number="13">under</token>
<token t_id="763" sentence="29" number="14">an</token>
<token t_id="764" sentence="29" number="15">extradition</token>
<token t_id="765" sentence="29" number="16">treaty</token>
<token t_id="766" sentence="29" number="17">President</token>
<token t_id="767" sentence="29" number="18">Virgilia</token>
<token t_id="768" sentence="29" number="19">Barco</token>
<token t_id="769" sentence="29" number="20">has</token>
<token t_id="770" sentence="29" number="21">revived</token>
<token t_id="771" sentence="29" number="22">.</token>
<token t_id="772" sentence="30" number="0">Later</token>
<token t_id="773" sentence="30" number="1">,</token>
<token t_id="774" sentence="30" number="2">another</token>
<token t_id="775" sentence="30" number="3">high</token>
<token t_id="776" sentence="30" number="4">-</token>
<token t_id="777" sentence="30" number="5">ranking</token>
<token t_id="778" sentence="30" number="6">trafficker</token>
<token t_id="779" sentence="30" number="7">,</token>
<token t_id="780" sentence="30" number="8">Leonidas</token>
<token t_id="781" sentence="30" number="9">Vargas</token>
<token t_id="782" sentence="30" number="10">,</token>
<token t_id="783" sentence="30" number="11">was</token>
<token t_id="784" sentence="30" number="12">arrested</token>
<token t_id="785" sentence="30" number="13">and</token>
<token t_id="786" sentence="30" number="14">1</token>
<token t_id="787" sentence="30" number="15">,</token>
<token t_id="788" sentence="30" number="16">000</token>
<token t_id="789" sentence="30" number="17">pounds</token>
<token t_id="790" sentence="30" number="18">of</token>
<token t_id="791" sentence="30" number="19">dynamite</token>
<token t_id="792" sentence="30" number="20">seized</token>
<token t_id="793" sentence="30" number="21">.</token>
<token t_id="794" sentence="31" number="0">Mr</token>
<token t_id="795" sentence="31" number="1">.</token>
<token t_id="796" sentence="31" number="2">Barco</token>
<token t_id="797" sentence="31" number="3">has</token>
<token t_id="798" sentence="31" number="4">refused</token>
<token t_id="799" sentence="31" number="5">U</token>
<token t_id="800" sentence="31" number="6">.</token>
<token t_id="801" sentence="31" number="7">S</token>
<token t_id="802" sentence="31" number="8">.</token>
<token t_id="803" sentence="31" number="9">troops</token>
<token t_id="804" sentence="31" number="10">or</token>
<token t_id="805" sentence="31" number="11">advisers</token>
<token t_id="806" sentence="31" number="12">but</token>
<token t_id="807" sentence="31" number="13">has</token>
<token t_id="808" sentence="31" number="14">accepted</token>
<token t_id="809" sentence="31" number="15">U</token>
<token t_id="810" sentence="31" number="16">.</token>
<token t_id="811" sentence="31" number="17">S</token>
<token t_id="812" sentence="31" number="18">.</token>
<token t_id="813" sentence="31" number="19">military</token>
<token t_id="814" sentence="31" number="20">aid</token>
<token t_id="815" sentence="31" number="21">.</token>
<token t_id="816" sentence="32" number="0">President</token>
<token t_id="817" sentence="32" number="1">Bush</token>
<token t_id="818" sentence="32" number="2">has</token>
<token t_id="819" sentence="32" number="3">agreed</token>
<token t_id="820" sentence="32" number="4">to</token>
<token t_id="821" sentence="32" number="5">meet</token>
<token t_id="822" sentence="32" number="6">within</token>
<token t_id="823" sentence="32" number="7">90</token>
<token t_id="824" sentence="32" number="8">days</token>
<token t_id="825" sentence="32" number="9">with</token>
<token t_id="826" sentence="32" number="10">Mr</token>
<token t_id="827" sentence="32" number="11">.</token>
<token t_id="828" sentence="32" number="12">Barco</token>
<token t_id="829" sentence="32" number="13">,</token>
<token t_id="830" sentence="32" number="14">President</token>
<token t_id="831" sentence="32" number="15">Alan</token>
<token t_id="832" sentence="32" number="16">Garcia</token>
<token t_id="833" sentence="32" number="17">of</token>
<token t_id="834" sentence="32" number="18">Peru</token>
<token t_id="835" sentence="32" number="19">and</token>
<token t_id="836" sentence="32" number="20">President</token>
<token t_id="837" sentence="32" number="21">Jaime</token>
<token t_id="838" sentence="32" number="22">Paz</token>
<token t_id="839" sentence="32" number="23">Zamora</token>
<token t_id="840" sentence="32" number="24">of</token>
<token t_id="841" sentence="32" number="25">Bolivia</token>
<token t_id="842" sentence="32" number="26">to</token>
<token t_id="843" sentence="32" number="27">discuss</token>
<token t_id="844" sentence="32" number="28">the</token>
<token t_id="845" sentence="32" number="29">drug</token>
<token t_id="846" sentence="32" number="30">problem</token>
<token t_id="847" sentence="32" number="31">.</token>
<token t_id="848" sentence="33" number="0">It</token>
<token t_id="849" sentence="33" number="1">might</token>
<token t_id="850" sentence="33" number="2">not</token>
<token t_id="851" sentence="33" number="3">be</token>
<token t_id="852" sentence="33" number="4">a</token>
<token t_id="853" sentence="33" number="5">bad</token>
<token t_id="854" sentence="33" number="6">idea</token>
<token t_id="855" sentence="33" number="7">to</token>
<token t_id="856" sentence="33" number="8">do</token>
<token t_id="857" sentence="33" number="9">that</token>
<token t_id="858" sentence="33" number="10">sooner</token>
<token t_id="859" sentence="33" number="11">,</token>
<token t_id="860" sentence="33" number="12">rather</token>
<token t_id="861" sentence="33" number="13">than</token>
<token t_id="862" sentence="33" number="14">later</token>
<token t_id="863" sentence="33" number="15">.</token>
<token t_id="864" sentence="34" number="0">After</token>
<token t_id="865" sentence="34" number="1">the</token>
<token t_id="866" sentence="34" number="2">Panama</token>
<token t_id="867" sentence="34" number="3">fiasco</token>
<token t_id="868" sentence="34" number="4">,</token>
<token t_id="869" sentence="34" number="5">they</token>
<token t_id="870" sentence="34" number="6">will</token>
<token t_id="871" sentence="34" number="7">need</token>
<token t_id="872" sentence="34" number="8">some</token>
<token t_id="873" sentence="34" number="9">reassurance</token>
<token t_id="874" sentence="34" number="10">.</token>
<token t_id="875" sentence="35" number="0">Certainly</token>
<token t_id="876" sentence="35" number="1">,</token>
<token t_id="877" sentence="35" number="2">the</token>
<token t_id="878" sentence="35" number="3">Colombian</token>
<token t_id="879" sentence="35" number="4">press</token>
<token t_id="880" sentence="35" number="5">is</token>
<token t_id="881" sentence="35" number="6">much</token>
<token t_id="882" sentence="35" number="7">in</token>
<token t_id="883" sentence="35" number="8">need</token>
<token t_id="884" sentence="35" number="9">of</token>
<token t_id="885" sentence="35" number="10">that</token>
<token t_id="886" sentence="35" number="11">.</token>


<Markables>
<ARGUMENTATIVE m_id="72" comment="" conversational-direct="FALSE" conversational-reported="FALSE"  >
<token_anchor t_id="633"/>
<token_anchor t_id="634"/>
<token_anchor t_id="635"/>
<token_anchor t_id="649"/>
<token_anchor t_id="650"/>
<token_anchor t_id="651"/>
<token_anchor t_id="652"/>
<token_anchor t_id="653"/>
</ARGUMENTATIVE>
<ARGUMENTATIVE m_id="8" comment="" conversational-direct="TRUE" conversational-reported="FALSE"  >
<token_anchor t_id="396"/>
<token_anchor t_id="397"/>
<token_anchor t_id="398"/>
<token_anchor t_id="399"/>
<token_anchor t_id="400"/>
<token_anchor t_id="401"/>
<token_anchor t_id="402"/>
<token_anchor t_id="403"/>
<token_anchor t_id="404"/>
<token_anchor t_id="405"/>
<token_anchor t_id="406"/>
<token_anchor t_id="407"/>
<token_anchor t_id="408"/>
<token_anchor t_id="409"/>
</ARGUMENTATIVE>
<ARGUMENTATIVE m_id="9" comment="" conversational-direct="TRUE" conversational-reported="FALSE"  >
<token_anchor t_id="410"/>
<token_anchor t_id="411"/>
<token_anchor t_id="412"/>
<token_anchor t_id="413"/>
<token_anchor t_id="414"/>
<token_anchor t_id="415"/>
<token_anchor t_id="416"/>
<token_anchor t_id="417"/>
<token_anchor t_id="418"/>
</ARGUMENTATIVE>
<ARGUMENTATIVE m_id="10" comment="" conversational-direct="TRUE" conversational-reported="FALSE"  >
<token_anchor t_id="419"/>
<token_anchor t_id="420"/>
<token_anchor t_id="421"/>
<token_anchor t_id="422"/>
<token_anchor t_id="423"/>
<token_anchor t_id="424"/>
<token_anchor t_id="425"/>
<token_anchor t_id="426"/>
<token_anchor t_id="427"/>
<token_anchor t_id="428"/>
<token_anchor t_id="429"/>
<token_anchor t_id="430"/>
</ARGUMENTATIVE>
<ARGUMENTATIVE m_id="11" comment="" conversational-direct="TRUE" conversational-reported="FALSE"  >
<token_anchor t_id="490"/>
<token_anchor t_id="491"/>
<token_anchor t_id="492"/>
<token_anchor t_id="493"/>
<token_anchor t_id="494"/>
<token_anchor t_id="495"/>
<token_anchor t_id="496"/>
<token_anchor t_id="497"/>
<token_anchor t_id="498"/>
<token_anchor t_id="499"/>
<token_anchor t_id="500"/>
<token_anchor t_id="501"/>
<token_anchor t_id="502"/>
<token_anchor t_id="503"/>
<token_anchor t_id="504"/>
<token_anchor t_id="505"/>
<token_anchor t_id="506"/>
<token_anchor t_id="507"/>
<token_anchor t_id="508"/>
<token_anchor t_id="509"/>
<token_anchor t_id="510"/>
<token_anchor t_id="511"/>
<token_anchor t_id="512"/>
<token_anchor t_id="513"/>
<token_anchor t_id="514"/>
<token_anchor t_id="515"/>
<token_anchor t_id="516"/>
<token_anchor t_id="517"/>
</ARGUMENTATIVE>
<ARGUMENTATIVE m_id="12" comment="" conversational-direct="FALSE" conversational-reported="FALSE"  >
<token_anchor t_id="518"/>
<token_anchor t_id="519"/>
<token_anchor t_id="520"/>
<token_anchor t_id="521"/>
<token_anchor t_id="522"/>
<token_anchor t_id="523"/>
<token_anchor t_id="524"/>
<token_anchor t_id="525"/>
<token_anchor t_id="526"/>
<token_anchor t_id="527"/>
<token_anchor t_id="528"/>
<token_anchor t_id="529"/>
<token_anchor t_id="530"/>
<token_anchor t_id="531"/>
<token_anchor t_id="532"/>
<token_anchor t_id="533"/>
</ARGUMENTATIVE>
<ARGUMENTATIVE m_id="14" comment="" conversational-direct="FALSE" conversational-reported="FALSE"  >
<token_anchor t_id="554"/>
<token_anchor t_id="555"/>
<token_anchor t_id="556"/>
<token_anchor t_id="557"/>
<token_anchor t_id="558"/>
<token_anchor t_id="559"/>
<token_anchor t_id="560"/>
</ARGUMENTATIVE>
<ARGUMENTATIVE m_id="50" comment="" conversational-direct="FALSE" conversational-reported="FALSE"  >
<token_anchor t_id="314"/>
<token_anchor t_id="315"/>
<token_anchor t_id="316"/>
<token_anchor t_id="317"/>
<token_anchor t_id="318"/>
<token_anchor t_id="319"/>
<token_anchor t_id="320"/>
<token_anchor t_id="321"/>
<token_anchor t_id="322"/>
</ARGUMENTATIVE>
<ARGUMENTATIVE m_id="51" comment="" conversational-direct="FALSE" conversational-reported="FALSE"  >
<token_anchor t_id="323"/>
<token_anchor t_id="324"/>
<token_anchor t_id="325"/>
<token_anchor t_id="326"/>
<token_anchor t_id="327"/>
<token_anchor t_id="328"/>
<token_anchor t_id="329"/>
<token_anchor t_id="330"/>
<token_anchor t_id="331"/>
<token_anchor t_id="332"/>
<token_anchor t_id="333"/>
<token_anchor t_id="334"/>
</ARGUMENTATIVE>
<ARGUMENTATIVE m_id="19" comment="" conversational-direct="FALSE" conversational-reported="FALSE"  >
<token_anchor t_id="848"/>
<token_anchor t_id="849"/>
<token_anchor t_id="850"/>
<token_anchor t_id="851"/>
<token_anchor t_id="852"/>
<token_anchor t_id="853"/>
<token_anchor t_id="854"/>
</ARGUMENTATIVE>
<ARGUMENTATIVE m_id="20" comment="" conversational-direct="FALSE" conversational-reported="FALSE"  >
<token_anchor t_id="855"/>
<token_anchor t_id="856"/>
<token_anchor t_id="857"/>
<token_anchor t_id="858"/>
<token_anchor t_id="859"/>
<token_anchor t_id="860"/>
<token_anchor t_id="861"/>
<token_anchor t_id="862"/>
<token_anchor t_id="863"/>
</ARGUMENTATIVE>
<ARGUMENTATIVE m_id="21" comment="" conversational-direct="FALSE" conversational-reported="FALSE"  >
<token_anchor t_id="875"/>
<token_anchor t_id="876"/>
<token_anchor t_id="877"/>
<token_anchor t_id="878"/>
<token_anchor t_id="879"/>
<token_anchor t_id="880"/>
<token_anchor t_id="881"/>
<token_anchor t_id="882"/>
<token_anchor t_id="883"/>
<token_anchor t_id="884"/>
<token_anchor t_id="885"/>
<token_anchor t_id="886"/>
</ARGUMENTATIVE>
<ARGUMENTATIVE m_id="6" comment="" conversational-direct="FALSE" conversational-reported="FALSE"  >
<token_anchor t_id="264"/>
<token_anchor t_id="265"/>
<token_anchor t_id="266"/>
<token_anchor t_id="267"/>
<token_anchor t_id="268"/>
<token_anchor t_id="269"/>
<token_anchor t_id="270"/>
<token_anchor t_id="271"/>
<token_anchor t_id="272"/>
<token_anchor t_id="273"/>
<token_anchor t_id="274"/>
<token_anchor t_id="275"/>
<token_anchor t_id="276"/>
<token_anchor t_id="277"/>
<token_anchor t_id="278"/>
<token_anchor t_id="279"/>
<token_anchor t_id="280"/>
<token_anchor t_id="281"/>
<token_anchor t_id="282"/>
</ARGUMENTATIVE>
<DESCRIPTIVE m_id="7" Type="Other" comment="" conversational-direct="FALSE" conversational-reported="FALSE"  >
<token_anchor t_id="350"/>
<token_anchor t_id="351"/>
<token_anchor t_id="352"/>
<token_anchor t_id="353"/>
<token_anchor t_id="354"/>
<token_anchor t_id="355"/>
<token_anchor t_id="356"/>
<token_anchor t_id="357"/>
</DESCRIPTIVE>
<DESCRIPTIVE m_id="13" Type="Other" comment="" conversational-direct="FALSE" conversational-reported="FALSE"  >
<token_anchor t_id="538"/>
<token_anchor t_id="539"/>
<token_anchor t_id="540"/>
<token_anchor t_id="541"/>
<token_anchor t_id="542"/>
<token_anchor t_id="543"/>
<token_anchor t_id="544"/>
<token_anchor t_id="545"/>
<token_anchor t_id="546"/>
<token_anchor t_id="547"/>
<token_anchor t_id="548"/>
<token_anchor t_id="549"/>
<token_anchor t_id="550"/>
<token_anchor t_id="551"/>
<token_anchor t_id="552"/>
<token_anchor t_id="553"/>
</DESCRIPTIVE>
<DESCRIPTIVE m_id="46" comment="" Type="" conversational-direct="FALSE" conversational-reported="FALSE"  >
<token_anchor t_id="291"/>
<token_anchor t_id="292"/>
<token_anchor t_id="293"/>
<token_anchor t_id="294"/>
<token_anchor t_id="295"/>
<token_anchor t_id="296"/>
</DESCRIPTIVE>
<DESCRIPTIVE m_id="15" Type="Other" comment="" conversational-direct="FALSE" conversational-reported="FALSE"  >
<token_anchor t_id="561"/>
<token_anchor t_id="562"/>
<token_anchor t_id="563"/>
<token_anchor t_id="564"/>
<token_anchor t_id="565"/>
<token_anchor t_id="566"/>
<token_anchor t_id="567"/>
<token_anchor t_id="568"/>
<token_anchor t_id="569"/>
<token_anchor t_id="570"/>
<token_anchor t_id="571"/>
<token_anchor t_id="572"/>
<token_anchor t_id="573"/>
<token_anchor t_id="574"/>
</DESCRIPTIVE>
<DESCRIPTIVE m_id="16" Type="Person" comment="" conversational-direct="FALSE" conversational-reported="FALSE"  >
<token_anchor t_id="575"/>
<token_anchor t_id="576"/>
<token_anchor t_id="577"/>
<token_anchor t_id="578"/>
<token_anchor t_id="579"/>
</DESCRIPTIVE>
<DESCRIPTIVE m_id="17" Type="Person" comment="" conversational-direct="FALSE" conversational-reported="FALSE"  >
<token_anchor t_id="588"/>
<token_anchor t_id="589"/>
<token_anchor t_id="590"/>
<token_anchor t_id="591"/>
<token_anchor t_id="592"/>
<token_anchor t_id="593"/>
<token_anchor t_id="594"/>
<token_anchor t_id="595"/>
<token_anchor t_id="596"/>
<token_anchor t_id="597"/>
<token_anchor t_id="598"/>
</DESCRIPTIVE>
<DESCRIPTIVE m_id="18" Type="Person" comment="" conversational-direct="FALSE" conversational-reported="FALSE"  >
<token_anchor t_id="636"/>
<token_anchor t_id="637"/>
<token_anchor t_id="638"/>
<token_anchor t_id="639"/>
<token_anchor t_id="640"/>
<token_anchor t_id="641"/>
<token_anchor t_id="642"/>
<token_anchor t_id="643"/>
<token_anchor t_id="644"/>
<token_anchor t_id="645"/>
<token_anchor t_id="646"/>
<token_anchor t_id="647"/>
<token_anchor t_id="648"/>
</DESCRIPTIVE>
<DESCRIPTIVE m_id="84" comment="" Type="" conversational-direct="FALSE" conversational-reported="FALSE"  >
<token_anchor t_id="740"/>
<token_anchor t_id="741"/>
<token_anchor t_id="742"/>
<token_anchor t_id="743"/>
<token_anchor t_id="744"/>
<token_anchor t_id="745"/>
<token_anchor t_id="746"/>
<token_anchor t_id="747"/>
<token_anchor t_id="748"/>
</DESCRIPTIVE>
<DESCRIPTIVE m_id="59" comment="" Type="" conversational-direct="FALSE" conversational-reported="FALSE"  >
<token_anchor t_id="434"/>
<token_anchor t_id="435"/>
<token_anchor t_id="436"/>
<token_anchor t_id="437"/>
<token_anchor t_id="438"/>
<token_anchor t_id="439"/>
<token_anchor t_id="440"/>
<token_anchor t_id="441"/>
<token_anchor t_id="442"/>
<token_anchor t_id="443"/>
<token_anchor t_id="444"/>
<token_anchor t_id="445"/>
<token_anchor t_id="446"/>
</DESCRIPTIVE>
<DESCRIPTIVE m_id="5" Type="Person" comment="" conversational-direct="FALSE" conversational-reported="FALSE"  >
<token_anchor t_id="45"/>
<token_anchor t_id="46"/>
<token_anchor t_id="47"/>
<token_anchor t_id="48"/>
<token_anchor t_id="49"/>
<token_anchor t_id="50"/>
<token_anchor t_id="51"/>
<token_anchor t_id="52"/>
<token_anchor t_id="53"/>
<token_anchor t_id="54"/>
<token_anchor t_id="55"/>
</DESCRIPTIVE>
<NARRATIVE m_id="39" Level="Primary" comment="" conversational-direct="FALSE" conversational-reported="TRUE"  >
<token_anchor t_id="228"/>
<token_anchor t_id="229"/>
<token_anchor t_id="230"/>
<token_anchor t_id="231"/>
<token_anchor t_id="232"/>
<token_anchor t_id="233"/>
<token_anchor t_id="234"/>
<token_anchor t_id="235"/>
</NARRATIVE>
<NARRATIVE m_id="71" Level="Primary" comment="" conversational-direct="FALSE" conversational-reported="FALSE"  >
<token_anchor t_id="627"/>
<token_anchor t_id="628"/>
<token_anchor t_id="629"/>
<token_anchor t_id="630"/>
<token_anchor t_id="631"/>
<token_anchor t_id="632"/>
</NARRATIVE>
<NARRATIVE m_id="40" Level="Primary" comment="" conversational-direct="FALSE" conversational-reported="TRUE"  >
<token_anchor t_id="236"/>
<token_anchor t_id="237"/>
<token_anchor t_id="238"/>
</NARRATIVE>
<NARRATIVE m_id="41" Level="Primary" comment="" conversational-direct="FALSE" conversational-reported="TRUE"  >
<token_anchor t_id="239"/>
<token_anchor t_id="240"/>
<token_anchor t_id="241"/>
<token_anchor t_id="242"/>
<token_anchor t_id="243"/>
</NARRATIVE>
<NARRATIVE m_id="73" Level="Primary" comment="" conversational-direct="FALSE" conversational-reported="FALSE"  >
<token_anchor t_id="654"/>
<token_anchor t_id="655"/>
<token_anchor t_id="656"/>
<token_anchor t_id="657"/>
<token_anchor t_id="658"/>
<token_anchor t_id="659"/>
<token_anchor t_id="660"/>
<token_anchor t_id="661"/>
<token_anchor t_id="662"/>
<token_anchor t_id="663"/>
<token_anchor t_id="664"/>
<token_anchor t_id="665"/>
<token_anchor t_id="666"/>
</NARRATIVE>
<NARRATIVE m_id="42" Level="Primary" comment="" conversational-direct="FALSE" conversational-reported="FALSE"  >
<token_anchor t_id="244"/>
<token_anchor t_id="245"/>
<token_anchor t_id="246"/>
<token_anchor t_id="247"/>
<token_anchor t_id="248"/>
<token_anchor t_id="249"/>
<token_anchor t_id="250"/>
<token_anchor t_id="251"/>
</NARRATIVE>
<NARRATIVE m_id="74" Level="Primary" comment="" conversational-direct="FALSE" conversational-reported="FALSE"  >
<token_anchor t_id="667"/>
</NARRATIVE>
<NARRATIVE m_id="43" Level="Primary" comment="" conversational-direct="FALSE" conversational-reported="FALSE"  >
<token_anchor t_id="252"/>
<token_anchor t_id="253"/>
<token_anchor t_id="254"/>
</NARRATIVE>
<NARRATIVE m_id="75" Level="Primary" comment="" conversational-direct="FALSE" conversational-reported="FALSE"  >
<token_anchor t_id="668"/>
<token_anchor t_id="669"/>
<token_anchor t_id="670"/>
<token_anchor t_id="671"/>
<token_anchor t_id="672"/>
<token_anchor t_id="673"/>
<token_anchor t_id="674"/>
<token_anchor t_id="675"/>
<token_anchor t_id="676"/>
<token_anchor t_id="677"/>
</NARRATIVE>
<NARRATIVE m_id="44" Level="Primary" comment="" conversational-direct="FALSE" conversational-reported="FALSE"  >
<token_anchor t_id="255"/>
<token_anchor t_id="256"/>
<token_anchor t_id="257"/>
<token_anchor t_id="258"/>
<token_anchor t_id="259"/>
<token_anchor t_id="260"/>
<token_anchor t_id="261"/>
<token_anchor t_id="262"/>
<token_anchor t_id="263"/>
</NARRATIVE>
<NARRATIVE m_id="76" Level="Primary" comment="" conversational-direct="TRUE" conversational-reported="FALSE"  >
<token_anchor t_id="678"/>
<token_anchor t_id="679"/>
<token_anchor t_id="680"/>
<token_anchor t_id="681"/>
</NARRATIVE>
<NARRATIVE m_id="45" Level="Primary" comment="" conversational-direct="FALSE" conversational-reported="FALSE"  >
<token_anchor t_id="283"/>
<token_anchor t_id="284"/>
<token_anchor t_id="285"/>
<token_anchor t_id="286"/>
<token_anchor t_id="287"/>
<token_anchor t_id="288"/>
<token_anchor t_id="289"/>
<token_anchor t_id="290"/>
<token_anchor t_id="297"/>
<token_anchor t_id="298"/>
<token_anchor t_id="299"/>
</NARRATIVE>
<NARRATIVE m_id="77" Level="Primary" comment="" conversational-direct="TRUE" conversational-reported="FALSE"  >
<token_anchor t_id="682"/>
<token_anchor t_id="683"/>
<token_anchor t_id="684"/>
<token_anchor t_id="685"/>
<token_anchor t_id="686"/>
<token_anchor t_id="687"/>
<token_anchor t_id="688"/>
<token_anchor t_id="689"/>
</NARRATIVE>
<NARRATIVE m_id="78" Level="Primary" comment="" conversational-direct="TRUE" conversational-reported="FALSE"  >
<token_anchor t_id="690"/>
<token_anchor t_id="691"/>
<token_anchor t_id="692"/>
<token_anchor t_id="693"/>
<token_anchor t_id="694"/>
<token_anchor t_id="695"/>
</NARRATIVE>
<NARRATIVE m_id="47" Level="Primary" comment="" conversational-direct="FALSE" conversational-reported="FALSE"  >
<token_anchor t_id="300"/>
<token_anchor t_id="301"/>
</NARRATIVE>
<NARRATIVE m_id="79" Level="Primary" comment="" conversational-direct="TRUE" conversational-reported="FALSE"  >
<token_anchor t_id="696"/>
<token_anchor t_id="697"/>
<token_anchor t_id="698"/>
<token_anchor t_id="699"/>
<token_anchor t_id="700"/>
<token_anchor t_id="701"/>
<token_anchor t_id="702"/>
<token_anchor t_id="703"/>
<token_anchor t_id="704"/>
<token_anchor t_id="705"/>
<token_anchor t_id="706"/>
</NARRATIVE>
<NARRATIVE m_id="48" Level="Primary" comment="" conversational-direct="TRUE" conversational-reported="FALSE"  >
<token_anchor t_id="302"/>
<token_anchor t_id="303"/>
<token_anchor t_id="304"/>
<token_anchor t_id="305"/>
<token_anchor t_id="306"/>
<token_anchor t_id="307"/>
<token_anchor t_id="308"/>
<token_anchor t_id="309"/>
<token_anchor t_id="310"/>
<token_anchor t_id="311"/>
</NARRATIVE>
<NARRATIVE m_id="80" Level="Primary" comment="" conversational-direct="FALSE" conversational-reported="FALSE"  >
<token_anchor t_id="707"/>
<token_anchor t_id="708"/>
<token_anchor t_id="709"/>
<token_anchor t_id="710"/>
<token_anchor t_id="711"/>
<token_anchor t_id="712"/>
<token_anchor t_id="713"/>
<token_anchor t_id="714"/>
</NARRATIVE>
<NARRATIVE m_id="49" Level="Primary" comment="" conversational-direct="TRUE" conversational-reported="FALSE"  >
<token_anchor t_id="312"/>
<token_anchor t_id="313"/>
</NARRATIVE>
<NARRATIVE m_id="81" Level="Primary" comment="" conversational-direct="FALSE" conversational-reported="FALSE"  >
<token_anchor t_id="715"/>
<token_anchor t_id="716"/>
<token_anchor t_id="717"/>
<token_anchor t_id="718"/>
<token_anchor t_id="719"/>
<token_anchor t_id="720"/>
<token_anchor t_id="721"/>
<token_anchor t_id="722"/>
<token_anchor t_id="723"/>
<token_anchor t_id="724"/>
<token_anchor t_id="725"/>
<token_anchor t_id="726"/>
<token_anchor t_id="727"/>
<token_anchor t_id="728"/>
</NARRATIVE>
<NARRATIVE m_id="82" Level="Primary" comment="" conversational-direct="FALSE" conversational-reported="FALSE"  >
<token_anchor t_id="729"/>
<token_anchor t_id="730"/>
<token_anchor t_id="731"/>
<token_anchor t_id="732"/>
<token_anchor t_id="733"/>
<token_anchor t_id="734"/>
<token_anchor t_id="735"/>
<token_anchor t_id="736"/>
<token_anchor t_id="737"/>
<token_anchor t_id="738"/>
</NARRATIVE>
<NARRATIVE m_id="83" Level="Primary" comment="" conversational-direct="FALSE" conversational-reported="FALSE"  >
<token_anchor t_id="739"/>
</NARRATIVE>
<NARRATIVE m_id="52" Level="Primary" comment="" conversational-direct="FALSE" conversational-reported="FALSE"  >
<token_anchor t_id="335"/>
<token_anchor t_id="336"/>
<token_anchor t_id="337"/>
<token_anchor t_id="338"/>
<token_anchor t_id="339"/>
<token_anchor t_id="340"/>
<token_anchor t_id="341"/>
<token_anchor t_id="342"/>
<token_anchor t_id="343"/>
<token_anchor t_id="344"/>
<token_anchor t_id="345"/>
<token_anchor t_id="346"/>
<token_anchor t_id="347"/>
<token_anchor t_id="348"/>
<token_anchor t_id="349"/>
</NARRATIVE>
<NARRATIVE m_id="53" Level="Primary" comment="" conversational-direct="FALSE" conversational-reported="FALSE"  >
<token_anchor t_id="358"/>
<token_anchor t_id="359"/>
<token_anchor t_id="360"/>
</NARRATIVE>
<NARRATIVE m_id="85" Level="Primary" comment="" conversational-direct="FALSE" conversational-reported="FALSE"  >
<token_anchor t_id="749"/>
<token_anchor t_id="750"/>
<token_anchor t_id="751"/>
<token_anchor t_id="752"/>
<token_anchor t_id="753"/>
<token_anchor t_id="754"/>
<token_anchor t_id="755"/>
<token_anchor t_id="756"/>
<token_anchor t_id="757"/>
<token_anchor t_id="758"/>
<token_anchor t_id="759"/>
<token_anchor t_id="760"/>
<token_anchor t_id="761"/>
</NARRATIVE>
<NARRATIVE m_id="54" Level="Primary" comment="" conversational-direct="FALSE" conversational-reported="TRUE"  >
<token_anchor t_id="361"/>
<token_anchor t_id="362"/>
<token_anchor t_id="363"/>
<token_anchor t_id="364"/>
<token_anchor t_id="365"/>
<token_anchor t_id="366"/>
<token_anchor t_id="367"/>
<token_anchor t_id="368"/>
<token_anchor t_id="369"/>
<token_anchor t_id="370"/>
</NARRATIVE>
<NARRATIVE m_id="86" Level="Primary" comment="" conversational-direct="FALSE" conversational-reported="FALSE"  >
<token_anchor t_id="762"/>
<token_anchor t_id="763"/>
<token_anchor t_id="764"/>
<token_anchor t_id="765"/>
<token_anchor t_id="766"/>
<token_anchor t_id="767"/>
<token_anchor t_id="768"/>
<token_anchor t_id="769"/>
<token_anchor t_id="770"/>
<token_anchor t_id="771"/>
</NARRATIVE>
<NARRATIVE m_id="22" Level="Primary" comment="" conversational-direct="FALSE" conversational-reported="FALSE"  >
<token_anchor t_id="25"/>
<token_anchor t_id="26"/>
<token_anchor t_id="27"/>
<token_anchor t_id="28"/>
<token_anchor t_id="29"/>
<token_anchor t_id="30"/>
<token_anchor t_id="31"/>
<token_anchor t_id="32"/>
<token_anchor t_id="33"/>
<token_anchor t_id="34"/>
<token_anchor t_id="35"/>
</NARRATIVE>
<NARRATIVE m_id="55" Level="Primary" comment="" conversational-direct="FALSE" conversational-reported="FALSE"  >
<token_anchor t_id="371"/>
<token_anchor t_id="372"/>
<token_anchor t_id="373"/>
<token_anchor t_id="374"/>
<token_anchor t_id="375"/>
<token_anchor t_id="376"/>
<token_anchor t_id="377"/>
</NARRATIVE>
<NARRATIVE m_id="87" Level="Primary" comment="" conversational-direct="FALSE" conversational-reported="FALSE"  >
<token_anchor t_id="772"/>
<token_anchor t_id="773"/>
<token_anchor t_id="774"/>
<token_anchor t_id="775"/>
<token_anchor t_id="776"/>
<token_anchor t_id="777"/>
<token_anchor t_id="778"/>
<token_anchor t_id="779"/>
<token_anchor t_id="780"/>
<token_anchor t_id="781"/>
<token_anchor t_id="782"/>
<token_anchor t_id="783"/>
<token_anchor t_id="784"/>
</NARRATIVE>
<NARRATIVE m_id="23" Level="Primary" comment="" conversational-direct="FALSE" conversational-reported="FALSE"  >
<token_anchor t_id="36"/>
<token_anchor t_id="37"/>
<token_anchor t_id="38"/>
<token_anchor t_id="39"/>
<token_anchor t_id="40"/>
<token_anchor t_id="41"/>
<token_anchor t_id="42"/>
<token_anchor t_id="43"/>
<token_anchor t_id="44"/>
<token_anchor t_id="56"/>
<token_anchor t_id="57"/>
<token_anchor t_id="58"/>
</NARRATIVE>
<NARRATIVE m_id="56" Level="Primary" comment="" conversational-direct="FALSE" conversational-reported="FALSE"  >
<token_anchor t_id="378"/>
<token_anchor t_id="379"/>
<token_anchor t_id="380"/>
<token_anchor t_id="381"/>
<token_anchor t_id="382"/>
<token_anchor t_id="383"/>
</NARRATIVE>
<NARRATIVE m_id="88" Level="Primary" comment="" conversational-direct="FALSE" conversational-reported="FALSE"  >
<token_anchor t_id="785"/>
<token_anchor t_id="786"/>
<token_anchor t_id="787"/>
<token_anchor t_id="788"/>
<token_anchor t_id="789"/>
<token_anchor t_id="790"/>
<token_anchor t_id="791"/>
<token_anchor t_id="792"/>
<token_anchor t_id="793"/>
</NARRATIVE>
<NARRATIVE m_id="24" Level="Primary" comment="" conversational-direct="FALSE" conversational-reported="FALSE"  >
<token_anchor t_id="59"/>
<token_anchor t_id="60"/>
<token_anchor t_id="61"/>
<token_anchor t_id="62"/>
<token_anchor t_id="63"/>
<token_anchor t_id="64"/>
<token_anchor t_id="65"/>
<token_anchor t_id="66"/>
<token_anchor t_id="67"/>
<token_anchor t_id="68"/>
<token_anchor t_id="69"/>
<token_anchor t_id="70"/>
<token_anchor t_id="71"/>
<token_anchor t_id="72"/>
</NARRATIVE>
<NARRATIVE m_id="57" Level="Primary" comment="" conversational-direct="TRUE" conversational-reported="FALSE"  >
<token_anchor t_id="384"/>
<token_anchor t_id="385"/>
<token_anchor t_id="386"/>
<token_anchor t_id="387"/>
<token_anchor t_id="388"/>
<token_anchor t_id="389"/>
<token_anchor t_id="390"/>
<token_anchor t_id="391"/>
<token_anchor t_id="392"/>
<token_anchor t_id="393"/>
<token_anchor t_id="394"/>
<token_anchor t_id="395"/>
</NARRATIVE>
<NARRATIVE m_id="89" Level="Primary" comment="" conversational-direct="FALSE" conversational-reported="FALSE"  >
<token_anchor t_id="794"/>
<token_anchor t_id="795"/>
<token_anchor t_id="796"/>
<token_anchor t_id="797"/>
<token_anchor t_id="798"/>
<token_anchor t_id="799"/>
<token_anchor t_id="800"/>
<token_anchor t_id="801"/>
<token_anchor t_id="802"/>
<token_anchor t_id="803"/>
<token_anchor t_id="804"/>
<token_anchor t_id="805"/>
</NARRATIVE>
<NARRATIVE m_id="25" Level="Primary" comment="" conversational-direct="FALSE" conversational-reported="FALSE"  >
<token_anchor t_id="73"/>
<token_anchor t_id="74"/>
<token_anchor t_id="75"/>
<token_anchor t_id="76"/>
</NARRATIVE>
<NARRATIVE m_id="58" Level="Primary" comment="" conversational-direct="FALSE" conversational-reported="FALSE"  >
<token_anchor t_id="431"/>
<token_anchor t_id="432"/>
<token_anchor t_id="433"/>
</NARRATIVE>
<NARRATIVE m_id="90" Level="Primary" comment="" conversational-direct="FALSE" conversational-reported="FALSE"  >
<token_anchor t_id="806"/>
<token_anchor t_id="807"/>
<token_anchor t_id="808"/>
<token_anchor t_id="809"/>
<token_anchor t_id="810"/>
<token_anchor t_id="811"/>
<token_anchor t_id="812"/>
<token_anchor t_id="813"/>
<token_anchor t_id="814"/>
<token_anchor t_id="815"/>
</NARRATIVE>
<NARRATIVE m_id="26" Level="Primary" comment="" conversational-direct="FALSE" conversational-reported="FALSE"  >
<token_anchor t_id="77"/>
<token_anchor t_id="78"/>
<token_anchor t_id="79"/>
<token_anchor t_id="80"/>
<token_anchor t_id="81"/>
</NARRATIVE>
<NARRATIVE m_id="91" Level="Primary" comment="" conversational-direct="FALSE" conversational-reported="FALSE"  >
<token_anchor t_id="816"/>
<token_anchor t_id="817"/>
<token_anchor t_id="818"/>
<token_anchor t_id="819"/>
</NARRATIVE>
<NARRATIVE m_id="27" Level="Primary" comment="" conversational-direct="FALSE" conversational-reported="FALSE"  >
<token_anchor t_id="82"/>
<token_anchor t_id="83"/>
<token_anchor t_id="84"/>
<token_anchor t_id="85"/>
<token_anchor t_id="86"/>
<token_anchor t_id="87"/>
<token_anchor t_id="88"/>
<token_anchor t_id="89"/>
</NARRATIVE>
<NARRATIVE m_id="60" Level="Primary" comment="" conversational-direct="FALSE" conversational-reported="FALSE"  >
<token_anchor t_id="447"/>
<token_anchor t_id="448"/>
<token_anchor t_id="449"/>
<token_anchor t_id="450"/>
<token_anchor t_id="451"/>
<token_anchor t_id="452"/>
<token_anchor t_id="453"/>
<token_anchor t_id="454"/>
<token_anchor t_id="455"/>
<token_anchor t_id="456"/>
</NARRATIVE>
<NARRATIVE m_id="92" Level="Primary" comment="" conversational-direct="FALSE" conversational-reported="FALSE"  >
<token_anchor t_id="820"/>
<token_anchor t_id="821"/>
<token_anchor t_id="822"/>
<token_anchor t_id="823"/>
<token_anchor t_id="824"/>
<token_anchor t_id="825"/>
<token_anchor t_id="826"/>
<token_anchor t_id="827"/>
<token_anchor t_id="828"/>
<token_anchor t_id="829"/>
<token_anchor t_id="830"/>
<token_anchor t_id="831"/>
<token_anchor t_id="832"/>
<token_anchor t_id="833"/>
<token_anchor t_id="834"/>
<token_anchor t_id="835"/>
<token_anchor t_id="836"/>
<token_anchor t_id="837"/>
<token_anchor t_id="838"/>
<token_anchor t_id="839"/>
<token_anchor t_id="840"/>
<token_anchor t_id="841"/>
</NARRATIVE>
<NARRATIVE m_id="28" Level="Primary" comment="" conversational-direct="FALSE" conversational-reported="FALSE"  >
<token_anchor t_id="90"/>
</NARRATIVE>
<NARRATIVE m_id="29" Level="Primary" comment="" conversational-direct="FALSE" conversational-reported="FALSE"  >
<token_anchor t_id="91"/>
<token_anchor t_id="92"/>
<token_anchor t_id="93"/>
<token_anchor t_id="94"/>
<token_anchor t_id="95"/>
<token_anchor t_id="96"/>
<token_anchor t_id="97"/>
<token_anchor t_id="98"/>
</NARRATIVE>
<NARRATIVE m_id="61" Level="Primary" comment="" conversational-direct="TRUE" conversational-reported="FALSE"  >
<token_anchor t_id="457"/>
<token_anchor t_id="458"/>
<token_anchor t_id="459"/>
<token_anchor t_id="460"/>
<token_anchor t_id="461"/>
<token_anchor t_id="462"/>
<token_anchor t_id="463"/>
<token_anchor t_id="464"/>
<token_anchor t_id="465"/>
<token_anchor t_id="466"/>
<token_anchor t_id="467"/>
</NARRATIVE>
<NARRATIVE m_id="93" Level="Primary" comment="" conversational-direct="FALSE" conversational-reported="FALSE"  >
<token_anchor t_id="842"/>
<token_anchor t_id="843"/>
<token_anchor t_id="844"/>
<token_anchor t_id="845"/>
<token_anchor t_id="846"/>
<token_anchor t_id="847"/>
</NARRATIVE>
<NARRATIVE m_id="30" Level="Primary" comment="" conversational-direct="FALSE" conversational-reported="FALSE"  >
<token_anchor t_id="99"/>
<token_anchor t_id="100"/>
<token_anchor t_id="101"/>
<token_anchor t_id="102"/>
<token_anchor t_id="103"/>
<token_anchor t_id="104"/>
<token_anchor t_id="105"/>
<token_anchor t_id="106"/>
<token_anchor t_id="107"/>
<token_anchor t_id="108"/>
<token_anchor t_id="109"/>
<token_anchor t_id="110"/>
<token_anchor t_id="111"/>
<token_anchor t_id="112"/>
<token_anchor t_id="113"/>
<token_anchor t_id="114"/>
<token_anchor t_id="115"/>
<token_anchor t_id="116"/>
<token_anchor t_id="117"/>
<token_anchor t_id="118"/>
<token_anchor t_id="119"/>
<token_anchor t_id="120"/>
<token_anchor t_id="121"/>
<token_anchor t_id="122"/>
<token_anchor t_id="123"/>
<token_anchor t_id="124"/>
<token_anchor t_id="125"/>
<token_anchor t_id="126"/>
<token_anchor t_id="127"/>
<token_anchor t_id="128"/>
<token_anchor t_id="129"/>
<token_anchor t_id="130"/>
<token_anchor t_id="131"/>
<token_anchor t_id="132"/>
<token_anchor t_id="133"/>
<token_anchor t_id="134"/>
<token_anchor t_id="135"/>
<token_anchor t_id="136"/>
<token_anchor t_id="137"/>
<token_anchor t_id="138"/>
<token_anchor t_id="139"/>
<token_anchor t_id="140"/>
<token_anchor t_id="141"/>
<token_anchor t_id="142"/>
<token_anchor t_id="143"/>
<token_anchor t_id="144"/>
<token_anchor t_id="145"/>
</NARRATIVE>
<NARRATIVE m_id="62" Level="Primary" comment="" conversational-direct="TRUE" conversational-reported="FALSE"  >
<token_anchor t_id="468"/>
<token_anchor t_id="469"/>
<token_anchor t_id="470"/>
</NARRATIVE>
<NARRATIVE m_id="94" Level="Primary" comment="" conversational-direct="FALSE" conversational-reported="FALSE"  >
<token_anchor t_id="864"/>
<token_anchor t_id="865"/>
<token_anchor t_id="866"/>
<token_anchor t_id="867"/>
<token_anchor t_id="868"/>
</NARRATIVE>
<NARRATIVE m_id="31" Level="Primary" comment="" conversational-direct="FALSE" conversational-reported="FALSE"  >
<token_anchor t_id="146"/>
<token_anchor t_id="147"/>
<token_anchor t_id="148"/>
<token_anchor t_id="149"/>
<token_anchor t_id="150"/>
<token_anchor t_id="151"/>
<token_anchor t_id="152"/>
<token_anchor t_id="153"/>
<token_anchor t_id="154"/>
<token_anchor t_id="155"/>
</NARRATIVE>
<NARRATIVE m_id="63" Level="Primary" comment="" conversational-direct="TRUE" conversational-reported="FALSE"  >
<token_anchor t_id="471"/>
</NARRATIVE>
<NARRATIVE m_id="95" Level="Primary" comment="" conversational-direct="FALSE" conversational-reported="FALSE"  >
<token_anchor t_id="869"/>
<token_anchor t_id="870"/>
<token_anchor t_id="871"/>
<token_anchor t_id="872"/>
<token_anchor t_id="873"/>
<token_anchor t_id="874"/>
</NARRATIVE>
<NARRATIVE m_id="32" Level="Primary" comment="" conversational-direct="FALSE" conversational-reported="FALSE"  >
<token_anchor t_id="156"/>
<token_anchor t_id="157"/>
<token_anchor t_id="158"/>
<token_anchor t_id="159"/>
<token_anchor t_id="160"/>
<token_anchor t_id="161"/>
<token_anchor t_id="162"/>
<token_anchor t_id="163"/>
<token_anchor t_id="164"/>
<token_anchor t_id="165"/>
<token_anchor t_id="166"/>
<token_anchor t_id="167"/>
<token_anchor t_id="168"/>
<token_anchor t_id="169"/>
<token_anchor t_id="170"/>
<token_anchor t_id="171"/>
<token_anchor t_id="172"/>
</NARRATIVE>
<NARRATIVE m_id="64" Level="Primary" comment="" conversational-direct="TRUE" conversational-reported="FALSE"  >
<token_anchor t_id="472"/>
<token_anchor t_id="473"/>
<token_anchor t_id="474"/>
<token_anchor t_id="475"/>
<token_anchor t_id="476"/>
<token_anchor t_id="477"/>
<token_anchor t_id="478"/>
<token_anchor t_id="479"/>
<token_anchor t_id="480"/>
<token_anchor t_id="481"/>
<token_anchor t_id="482"/>
</NARRATIVE>
<NARRATIVE m_id="33" Level="Primary" comment="" conversational-direct="FALSE" conversational-reported="FALSE"  >
<token_anchor t_id="173"/>
<token_anchor t_id="174"/>
<token_anchor t_id="175"/>
<token_anchor t_id="176"/>
<token_anchor t_id="177"/>
<token_anchor t_id="178"/>
<token_anchor t_id="179"/>
<token_anchor t_id="180"/>
<token_anchor t_id="181"/>
<token_anchor t_id="182"/>
<token_anchor t_id="183"/>
<token_anchor t_id="184"/>
<token_anchor t_id="185"/>
</NARRATIVE>
<NARRATIVE m_id="65" Level="Primary" comment="" conversational-direct="FALSE" conversational-reported="FALSE"  >
<token_anchor t_id="483"/>
<token_anchor t_id="484"/>
<token_anchor t_id="485"/>
<token_anchor t_id="486"/>
</NARRATIVE>
<NARRATIVE m_id="1" Level="Primary" comment="" conversational-direct="FALSE" conversational-reported="FALSE"  >
<token_anchor t_id="1"/>
<token_anchor t_id="2"/>
<token_anchor t_id="3"/>
</NARRATIVE>
<NARRATIVE m_id="34" Level="Primary" comment="" conversational-direct="FALSE" conversational-reported="FALSE"  >
<token_anchor t_id="186"/>
<token_anchor t_id="187"/>
<token_anchor t_id="188"/>
<token_anchor t_id="189"/>
<token_anchor t_id="190"/>
</NARRATIVE>
<NARRATIVE m_id="66" Level="Primary" comment="" conversational-direct="FALSE" conversational-reported="FALSE"  >
<token_anchor t_id="487"/>
<token_anchor t_id="488"/>
<token_anchor t_id="489"/>
</NARRATIVE>
<NARRATIVE m_id="2" Level="Primary" comment="" conversational-direct="FALSE" conversational-reported="FALSE"  >
<token_anchor t_id="4"/>
<token_anchor t_id="5"/>
<token_anchor t_id="6"/>
<token_anchor t_id="7"/>
<token_anchor t_id="8"/>
<token_anchor t_id="9"/>
<token_anchor t_id="10"/>
<token_anchor t_id="11"/>
<token_anchor t_id="12"/>
<token_anchor t_id="13"/>
</NARRATIVE>
<NARRATIVE m_id="35" Level="Primary" comment="" conversational-direct="FALSE" conversational-reported="FALSE"  >
<token_anchor t_id="191"/>
<token_anchor t_id="192"/>
<token_anchor t_id="193"/>
<token_anchor t_id="194"/>
<token_anchor t_id="195"/>
<token_anchor t_id="196"/>
<token_anchor t_id="197"/>
<token_anchor t_id="198"/>
<token_anchor t_id="199"/>
<token_anchor t_id="200"/>
</NARRATIVE>
<NARRATIVE m_id="67" Level="Primary" comment="" conversational-direct="FALSE" conversational-reported="FALSE"  >
<token_anchor t_id="534"/>
<token_anchor t_id="535"/>
<token_anchor t_id="536"/>
<token_anchor t_id="537"/>
</NARRATIVE>
<NARRATIVE m_id="3" Level="Primary" comment="" conversational-direct="FALSE" conversational-reported="FALSE"  >
<token_anchor t_id="14"/>
<token_anchor t_id="15"/>
<token_anchor t_id="16"/>
</NARRATIVE>
<NARRATIVE m_id="36" Level="Primary" comment="" conversational-direct="FALSE" conversational-reported="FALSE"  >
<token_anchor t_id="201"/>
<token_anchor t_id="202"/>
<token_anchor t_id="203"/>
<token_anchor t_id="204"/>
<token_anchor t_id="205"/>
<token_anchor t_id="206"/>
<token_anchor t_id="207"/>
<token_anchor t_id="208"/>
<token_anchor t_id="209"/>
<token_anchor t_id="210"/>
<token_anchor t_id="211"/>
<token_anchor t_id="212"/>
<token_anchor t_id="213"/>
<token_anchor t_id="214"/>
</NARRATIVE>
<NARRATIVE m_id="68" Level="Primary" comment="" conversational-direct="FALSE" conversational-reported="FALSE"  >
<token_anchor t_id="580"/>
<token_anchor t_id="581"/>
<token_anchor t_id="582"/>
<token_anchor t_id="583"/>
<token_anchor t_id="584"/>
<token_anchor t_id="585"/>
<token_anchor t_id="586"/>
<token_anchor t_id="587"/>
</NARRATIVE>
<NARRATIVE m_id="4" Level="Primary" comment="" conversational-direct="FALSE" conversational-reported="FALSE"  >
<token_anchor t_id="17"/>
<token_anchor t_id="18"/>
<token_anchor t_id="19"/>
<token_anchor t_id="20"/>
<token_anchor t_id="21"/>
<token_anchor t_id="22"/>
<token_anchor t_id="23"/>
<token_anchor t_id="24"/>
</NARRATIVE>
<NARRATIVE m_id="37" Level="Primary" comment="" conversational-direct="FALSE" conversational-reported="FALSE"  >
<token_anchor t_id="215"/>
<token_anchor t_id="216"/>
<token_anchor t_id="217"/>
<token_anchor t_id="218"/>
<token_anchor t_id="219"/>
<token_anchor t_id="220"/>
</NARRATIVE>
<NARRATIVE m_id="69" Level="Primary" comment="" conversational-direct="FALSE" conversational-reported="FALSE"  >
<token_anchor t_id="599"/>
<token_anchor t_id="600"/>
<token_anchor t_id="601"/>
<token_anchor t_id="602"/>
<token_anchor t_id="603"/>
<token_anchor t_id="604"/>
<token_anchor t_id="605"/>
</NARRATIVE>
<NARRATIVE m_id="38" Level="Primary" comment="" conversational-direct="FALSE" conversational-reported="FALSE"  >
<token_anchor t_id="221"/>
<token_anchor t_id="222"/>
<token_anchor t_id="223"/>
<token_anchor t_id="224"/>
<token_anchor t_id="225"/>
<token_anchor t_id="226"/>
<token_anchor t_id="227"/>
</NARRATIVE>
<NARRATIVE m_id="70" Level="Primary" comment="" conversational-direct="FALSE" conversational-reported="FALSE"  >
<token_anchor t_id="606"/>
<token_anchor t_id="607"/>
<token_anchor t_id="608"/>
<token_anchor t_id="609"/>
<token_anchor t_id="610"/>
<token_anchor t_id="611"/>
<token_anchor t_id="612"/>
<token_anchor t_id="613"/>
<token_anchor t_id="614"/>
<token_anchor t_id="615"/>
<token_anchor t_id="616"/>
<token_anchor t_id="617"/>
<token_anchor t_id="618"/>
<token_anchor t_id="619"/>
<token_anchor t_id="620"/>
<token_anchor t_id="621"/>
<token_anchor t_id="622"/>
<token_anchor t_id="623"/>
<token_anchor t_id="624"/>
<token_anchor t_id="625"/>
<token_anchor t_id="626"/>
</NARRATIVE>


</Markables>

<Relations>
</Relations>
</Document>
