<Document doc_name="news_wsj_0187.txt">
<token t_id="1" sentence="0" number="0">The</token>
<token t_id="2" sentence="0" number="1">Finnish</token>
<token t_id="3" sentence="0" number="2">government</token>
<token t_id="4" sentence="0" number="3">and</token>
<token t_id="5" sentence="0" number="4">major</token>
<token t_id="6" sentence="0" number="5">creditors</token>
<token t_id="7" sentence="0" number="6">of</token>
<token t_id="8" sentence="0" number="7">bankrupt</token>
<token t_id="9" sentence="0" number="8">shipyard</token>
<token t_id="10" sentence="0" number="9">Waertsilae</token>
<token t_id="11" sentence="0" number="10">Marine</token>
<token t_id="12" sentence="0" number="11">Industries</token>
<token t_id="13" sentence="0" number="12">Oy</token>
<token t_id="14" sentence="0" number="13">agreed</token>
<token t_id="15" sentence="0" number="14">in</token>
<token t_id="16" sentence="0" number="15">principle</token>
<token t_id="17" sentence="0" number="16">to</token>
<token t_id="18" sentence="0" number="17">form</token>
<token t_id="19" sentence="0" number="18">a</token>
<token t_id="20" sentence="0" number="19">new</token>
<token t_id="21" sentence="0" number="20">company</token>
<token t_id="22" sentence="0" number="21">to</token>
<token t_id="23" sentence="0" number="22">complete</token>
<token t_id="24" sentence="0" number="23">most</token>
<token t_id="25" sentence="0" number="24">of</token>
<token t_id="26" sentence="0" number="25">the</token>
<token t_id="27" sentence="0" number="26">troubled</token>
<token t_id="28" sentence="0" number="27">shipyard's</token>
<token t_id="29" sentence="0" number="28">backlog</token>
<token t_id="30" sentence="0" number="29">of</token>
<token t_id="31" sentence="0" number="30">15</token>
<token t_id="32" sentence="0" number="31">ships</token>
<token t_id="33" sentence="0" number="32">.</token>
<token t_id="34" sentence="1" number="0">The</token>
<token t_id="35" sentence="1" number="1">new</token>
<token t_id="36" sentence="1" number="2">company</token>
<token t_id="37" sentence="1" number="3">will</token>
<token t_id="38" sentence="1" number="4">attempt</token>
<token t_id="39" sentence="1" number="5">to</token>
<token t_id="40" sentence="1" number="6">limit</token>
<token t_id="41" sentence="1" number="7">the</token>
<token t_id="42" sentence="1" number="8">shipyard's</token>
<token t_id="43" sentence="1" number="9">losses</token>
<token t_id="44" sentence="1" number="10">,</token>
<token t_id="45" sentence="1" number="11">participants</token>
<token t_id="46" sentence="1" number="12">said</token>
<token t_id="47" sentence="1" number="13">.</token>
<token t_id="48" sentence="2" number="0">"The</token>
<token t_id="49" sentence="2" number="1">situation</token>
<token t_id="50" sentence="2" number="2">is</token>
<token t_id="51" sentence="2" number="3">that</token>
<token t_id="52" sentence="2" number="4">the</token>
<token t_id="53" sentence="2" number="5">bankruptcy</token>
<token t_id="54" sentence="2" number="6">court</token>
<token t_id="55" sentence="2" number="7">will</token>
<token t_id="56" sentence="2" number="8">get</token>
<token t_id="57" sentence="2" number="9">out</token>
<token t_id="58" sentence="2" number="10">of</token>
<token t_id="59" sentence="2" number="11">the</token>
<token t_id="60" sentence="2" number="12">shipbuilding</token>
<token t_id="61" sentence="2" number="13">business</token>
<token t_id="62" sentence="2" number="14">.</token>
<token t_id="63" sentence="3" number="0">Everything</token>
<token t_id="64" sentence="3" number="1">will</token>
<token t_id="65" sentence="3" number="2">be</token>
<token t_id="66" sentence="3" number="3">taken</token>
<token t_id="67" sentence="3" number="4">over</token>
<token t_id="68" sentence="3" number="5">by</token>
<token t_id="69" sentence="3" number="6">the</token>
<token t_id="70" sentence="3" number="7">new</token>
<token t_id="71" sentence="3" number="8">company</token>
<token t_id="72" sentence="3" number="9">,</token>
<token t_id="73" sentence="3" number="10">"</token>
<token t_id="74" sentence="3" number="11">said</token>
<token t_id="75" sentence="3" number="12">Christian</token>
<token t_id="76" sentence="3" number="13">Andersson</token>
<token t_id="77" sentence="3" number="14">,</token>
<token t_id="78" sentence="3" number="15">executive</token>
<token t_id="79" sentence="3" number="16">vice</token>
<token t_id="80" sentence="3" number="17">president</token>
<token t_id="81" sentence="3" number="18">of</token>
<token t_id="82" sentence="3" number="19">Oy</token>
<token t_id="83" sentence="3" number="20">Waertsilae</token>
<token t_id="84" sentence="3" number="21">,</token>
<token t_id="85" sentence="3" number="22">former</token>
<token t_id="86" sentence="3" number="23">parent</token>
<token t_id="87" sentence="3" number="24">of</token>
<token t_id="88" sentence="3" number="25">Waertsilae</token>
<token t_id="89" sentence="3" number="26">Marine</token>
<token t_id="90" sentence="3" number="27">.</token>
<token t_id="91" sentence="4" number="0">Once</token>
<token t_id="92" sentence="4" number="1">its</token>
<token t_id="93" sentence="4" number="2">ownership</token>
<token t_id="94" sentence="4" number="3">is</token>
<token t_id="95" sentence="4" number="4">finalized</token>
<token t_id="96" sentence="4" number="5">,</token>
<token t_id="97" sentence="4" number="6">the</token>
<token t_id="98" sentence="4" number="7">new</token>
<token t_id="99" sentence="4" number="8">company</token>
<token t_id="100" sentence="4" number="9">will</token>
<token t_id="101" sentence="4" number="10">open</token>
<token t_id="102" sentence="4" number="11">talks</token>
<token t_id="103" sentence="4" number="12">with</token>
<token t_id="104" sentence="4" number="13">state</token>
<token t_id="105" sentence="4" number="14">-</token>
<token t_id="106" sentence="4" number="15">appointed</token>
<token t_id="107" sentence="4" number="16">receivers</token>
<token t_id="108" sentence="4" number="17">to</token>
<token t_id="109" sentence="4" number="18">buy</token>
<token t_id="110" sentence="4" number="19">or</token>
<token t_id="111" sentence="4" number="20">lease</token>
<token t_id="112" sentence="4" number="21">Waertsilae</token>
<token t_id="113" sentence="4" number="22">Marine's</token>
<token t_id="114" sentence="4" number="23">shipyard</token>
<token t_id="115" sentence="4" number="24">facilities</token>
<token t_id="116" sentence="4" number="25">.</token>
<token t_id="117" sentence="5" number="0">Subcontractors</token>
<token t_id="118" sentence="5" number="1">will</token>
<token t_id="119" sentence="5" number="2">be</token>
<token t_id="120" sentence="5" number="3">offered</token>
<token t_id="121" sentence="5" number="4">a</token>
<token t_id="122" sentence="5" number="5">settlement</token>
<token t_id="123" sentence="5" number="6">and</token>
<token t_id="124" sentence="5" number="7">a</token>
<token t_id="125" sentence="5" number="8">swift</token>
<token t_id="126" sentence="5" number="9">transition</token>
<token t_id="127" sentence="5" number="10">to</token>
<token t_id="128" sentence="5" number="11">new</token>
<token t_id="129" sentence="5" number="12">management</token>
<token t_id="130" sentence="5" number="13">is</token>
<token t_id="131" sentence="5" number="14">expected</token>
<token t_id="132" sentence="5" number="15">to</token>
<token t_id="133" sentence="5" number="16">avert</token>
<token t_id="134" sentence="5" number="17">an</token>
<token t_id="135" sentence="5" number="18">exodus</token>
<token t_id="136" sentence="5" number="19">of</token>
<token t_id="137" sentence="5" number="20">skilled</token>
<token t_id="138" sentence="5" number="21">workers</token>
<token t_id="139" sentence="5" number="22">from</token>
<token t_id="140" sentence="5" number="23">Waertsilae</token>
<token t_id="141" sentence="5" number="24">Marine's</token>
<token t_id="142" sentence="5" number="25">two</token>
<token t_id="143" sentence="5" number="26">big</token>
<token t_id="144" sentence="5" number="27">shipyards</token>
<token t_id="145" sentence="5" number="28">,</token>
<token t_id="146" sentence="5" number="29">government</token>
<token t_id="147" sentence="5" number="30">officials</token>
<token t_id="148" sentence="5" number="31">said</token>
<token t_id="149" sentence="5" number="32">.</token>
<token t_id="150" sentence="6" number="0">Under</token>
<token t_id="151" sentence="6" number="1">an</token>
<token t_id="152" sentence="6" number="2">accord</token>
<token t_id="153" sentence="6" number="3">signed</token>
<token t_id="154" sentence="6" number="4">yesterday</token>
<token t_id="155" sentence="6" number="5">,</token>
<token t_id="156" sentence="6" number="6">the</token>
<token t_id="157" sentence="6" number="7">government</token>
<token t_id="158" sentence="6" number="8">and</token>
<token t_id="159" sentence="6" number="9">Union</token>
<token t_id="160" sentence="6" number="10">Bank</token>
<token t_id="161" sentence="6" number="11">of</token>
<token t_id="162" sentence="6" number="12">Finland</token>
<token t_id="163" sentence="6" number="13">would</token>
<token t_id="164" sentence="6" number="14">become</token>
<token t_id="165" sentence="6" number="15">major</token>
<token t_id="166" sentence="6" number="16">shareholders</token>
<token t_id="167" sentence="6" number="17">in</token>
<token t_id="168" sentence="6" number="18">the</token>
<token t_id="169" sentence="6" number="19">new</token>
<token t_id="170" sentence="6" number="20">company</token>
<token t_id="171" sentence="6" number="21">,</token>
<token t_id="172" sentence="6" number="22">each</token>
<token t_id="173" sentence="6" number="23">injecting</token>
<token t_id="174" sentence="6" number="24">100</token>
<token t_id="175" sentence="6" number="25">million</token>
<token t_id="176" sentence="6" number="26">Finnish</token>
<token t_id="177" sentence="6" number="27">markkaa</token>
<token t_id="178" sentence="6" number="28">(</token>
<token t_id="179" sentence="6" number="29">$23</token>
<token t_id="180" sentence="6" number="30">.</token>
<token t_id="181" sentence="6" number="31">5</token>
<token t_id="182" sentence="6" number="32">million</token>
<token t_id="183" sentence="6" number="33">)</token>
<token t_id="184" sentence="6" number="34">.</token>
<token t_id="185" sentence="7" number="0">Oy</token>
<token t_id="186" sentence="7" number="1">Waertsilae</token>
<token t_id="187" sentence="7" number="2">is</token>
<token t_id="188" sentence="7" number="3">to</token>
<token t_id="189" sentence="7" number="4">contribute</token>
<token t_id="190" sentence="7" number="5">200</token>
<token t_id="191" sentence="7" number="6">million</token>
<token t_id="192" sentence="7" number="7">markkaa</token>
<token t_id="193" sentence="7" number="8">,</token>
<token t_id="194" sentence="7" number="9">most</token>
<token t_id="195" sentence="7" number="10">of</token>
<token t_id="196" sentence="7" number="11">it</token>
<token t_id="197" sentence="7" number="12">as</token>
<token t_id="198" sentence="7" number="13">subordinated</token>
<token t_id="199" sentence="7" number="14">debt</token>
<token t_id="200" sentence="7" number="15">,</token>
<token t_id="201" sentence="7" number="16">and</token>
<token t_id="202" sentence="7" number="17">take</token>
<token t_id="203" sentence="7" number="18">a</token>
<token t_id="204" sentence="7" number="19">minority</token>
<token t_id="205" sentence="7" number="20">stake</token>
<token t_id="206" sentence="7" number="21">in</token>
<token t_id="207" sentence="7" number="22">the</token>
<token t_id="208" sentence="7" number="23">new</token>
<token t_id="209" sentence="7" number="24">company</token>
<token t_id="210" sentence="7" number="25">.</token>
<token t_id="211" sentence="8" number="0">Customers</token>
<token t_id="212" sentence="8" number="1">holding</token>
<token t_id="213" sentence="8" number="2">contracts</token>
<token t_id="214" sentence="8" number="3">for</token>
<token t_id="215" sentence="8" number="4">Waertsilae</token>
<token t_id="216" sentence="8" number="5">Marine's</token>
<token t_id="217" sentence="8" number="6">undelivered</token>
<token t_id="218" sentence="8" number="7">ships</token>
<token t_id="219" sentence="8" number="8">are</token>
<token t_id="220" sentence="8" number="9">expected</token>
<token t_id="221" sentence="8" number="10">to</token>
<token t_id="222" sentence="8" number="11">subscribe</token>
<token t_id="223" sentence="8" number="12">most</token>
<token t_id="224" sentence="8" number="13">of</token>
<token t_id="225" sentence="8" number="14">the</token>
<token t_id="226" sentence="8" number="15">remaining</token>
<token t_id="227" sentence="8" number="16">170</token>
<token t_id="228" sentence="8" number="17">million</token>
<token t_id="229" sentence="8" number="18">markkaa</token>
<token t_id="230" sentence="8" number="19">in</token>
<token t_id="231" sentence="8" number="20">share</token>
<token t_id="232" sentence="8" number="21">capital</token>
<token t_id="233" sentence="8" number="22">,</token>
<token t_id="234" sentence="8" number="23">government</token>
<token t_id="235" sentence="8" number="24">officials</token>
<token t_id="236" sentence="8" number="25">said</token>
<token t_id="237" sentence="8" number="26">.</token>
<token t_id="238" sentence="9" number="0">Waertsilae</token>
<token t_id="239" sentence="9" number="1">Marine's</token>
<token t_id="240" sentence="9" number="2">biggest</token>
<token t_id="241" sentence="9" number="3">creditor</token>
<token t_id="242" sentence="9" number="4">is</token>
<token t_id="243" sentence="9" number="5">Miami</token>
<token t_id="244" sentence="9" number="6">-</token>
<token t_id="245" sentence="9" number="7">based</token>
<token t_id="246" sentence="9" number="8">Carnival</token>
<token t_id="247" sentence="9" number="9">Cruise</token>
<token t_id="248" sentence="9" number="10">Lines</token>
<token t_id="249" sentence="9" number="11">Inc</token>
<token t_id="250" sentence="9" number="12">.</token>
<token t_id="251" sentence="9" number="13">Carnival</token>
<token t_id="252" sentence="9" number="14">,</token>
<token t_id="253" sentence="9" number="15">which</token>
<token t_id="254" sentence="9" number="16">has</token>
<token t_id="255" sentence="9" number="17">three</token>
<token t_id="256" sentence="9" number="18">ships</token>
<token t_id="257" sentence="9" number="19">on</token>
<token t_id="258" sentence="9" number="20">order</token>
<token t_id="259" sentence="9" number="21">from</token>
<token t_id="260" sentence="9" number="22">Waertsilae</token>
<token t_id="261" sentence="9" number="23">Marine</token>
<token t_id="262" sentence="9" number="24">,</token>
<token t_id="263" sentence="9" number="25">presented</token>
<token t_id="264" sentence="9" number="26">claims</token>
<token t_id="265" sentence="9" number="27">for</token>
<token t_id="266" sentence="9" number="28">$1</token>
<token t_id="267" sentence="9" number="29">.</token>
<token t_id="268" sentence="9" number="30">5</token>
<token t_id="269" sentence="9" number="31">billion</token>
<token t_id="270" sentence="9" number="32">damages</token>
<token t_id="271" sentence="9" number="33">in</token>
<token t_id="272" sentence="9" number="34">the</token>
<token t_id="273" sentence="9" number="35">bankruptcy</token>
<token t_id="274" sentence="9" number="36">court</token>
<token t_id="275" sentence="9" number="37">this</token>
<token t_id="276" sentence="9" number="38">week</token>
<token t_id="277" sentence="9" number="39">.</token>
<token t_id="278" sentence="10" number="0">Waertsilae</token>
<token t_id="279" sentence="10" number="1">Marine's</token>
<token t_id="280" sentence="10" number="2">bankruptcy</token>
<token t_id="281" sentence="10" number="3">proceedings</token>
<token t_id="282" sentence="10" number="4">began</token>
<token t_id="283" sentence="10" number="5">Tuesday</token>
<token t_id="284" sentence="10" number="6">in</token>
<token t_id="285" sentence="10" number="7">a</token>
<token t_id="286" sentence="10" number="8">Helsinki</token>
<token t_id="287" sentence="10" number="9">court</token>
<token t_id="288" sentence="10" number="10">.</token>


<Markables>
<DESCRIPTIVE m_id="7" Type="Other" comment="" conversational-direct="TRUE" conversational-reported="FALSE"  >
<token_anchor t_id="48"/>
<token_anchor t_id="49"/>
<token_anchor t_id="50"/>
</DESCRIPTIVE>
<DESCRIPTIVE m_id="8" Type="Other" comment="" conversational-direct="TRUE" conversational-reported="FALSE"  >
<token_anchor t_id="51"/>
<token_anchor t_id="52"/>
<token_anchor t_id="53"/>
<token_anchor t_id="54"/>
<token_anchor t_id="55"/>
<token_anchor t_id="56"/>
<token_anchor t_id="57"/>
<token_anchor t_id="58"/>
<token_anchor t_id="59"/>
<token_anchor t_id="60"/>
<token_anchor t_id="61"/>
<token_anchor t_id="62"/>
</DESCRIPTIVE>
<DESCRIPTIVE m_id="22" comment="" Type="" conversational-direct="FALSE" conversational-reported="FALSE"  >
<token_anchor t_id="185"/>
<token_anchor t_id="186"/>
<token_anchor t_id="187"/>
</DESCRIPTIVE>
<DESCRIPTIVE m_id="28" Type="Other" comment="" conversational-direct="FALSE" conversational-reported="FALSE"  >
<token_anchor t_id="238"/>
<token_anchor t_id="239"/>
<token_anchor t_id="240"/>
<token_anchor t_id="241"/>
<token_anchor t_id="242"/>
<token_anchor t_id="243"/>
<token_anchor t_id="244"/>
<token_anchor t_id="245"/>
<token_anchor t_id="246"/>
<token_anchor t_id="247"/>
<token_anchor t_id="248"/>
<token_anchor t_id="249"/>
<token_anchor t_id="250"/>
<token_anchor t_id="251"/>
<token_anchor t_id="252"/>
</DESCRIPTIVE>
<NARRATIVE m_id="9" Level="Primary" comment="" conversational-direct="TRUE" conversational-reported="FALSE"  >
<token_anchor t_id="63"/>
<token_anchor t_id="64"/>
<token_anchor t_id="65"/>
<token_anchor t_id="66"/>
<token_anchor t_id="67"/>
<token_anchor t_id="68"/>
<token_anchor t_id="69"/>
<token_anchor t_id="70"/>
<token_anchor t_id="71"/>
<token_anchor t_id="72"/>
<token_anchor t_id="73"/>
</NARRATIVE>
<NARRATIVE m_id="10" Level="Primary" comment="" conversational-direct="FALSE" conversational-reported="FALSE"  >
<token_anchor t_id="74"/>
<token_anchor t_id="75"/>
<token_anchor t_id="76"/>
<token_anchor t_id="77"/>
<token_anchor t_id="78"/>
<token_anchor t_id="79"/>
<token_anchor t_id="80"/>
<token_anchor t_id="81"/>
<token_anchor t_id="82"/>
<token_anchor t_id="83"/>
<token_anchor t_id="84"/>
<token_anchor t_id="85"/>
<token_anchor t_id="86"/>
<token_anchor t_id="87"/>
<token_anchor t_id="88"/>
<token_anchor t_id="89"/>
<token_anchor t_id="90"/>
</NARRATIVE>
<NARRATIVE m_id="11" Level="Primary" comment="" conversational-direct="FALSE" conversational-reported="FALSE"  >
<token_anchor t_id="91"/>
<token_anchor t_id="92"/>
<token_anchor t_id="93"/>
<token_anchor t_id="94"/>
<token_anchor t_id="95"/>
<token_anchor t_id="96"/>
</NARRATIVE>
<NARRATIVE m_id="12" Level="Primary" comment="" conversational-direct="FALSE" conversational-reported="FALSE"  >
<token_anchor t_id="97"/>
<token_anchor t_id="98"/>
<token_anchor t_id="99"/>
<token_anchor t_id="100"/>
<token_anchor t_id="101"/>
<token_anchor t_id="102"/>
<token_anchor t_id="103"/>
<token_anchor t_id="104"/>
<token_anchor t_id="105"/>
<token_anchor t_id="106"/>
<token_anchor t_id="107"/>
</NARRATIVE>
<NARRATIVE m_id="13" Level="Primary" comment="" conversational-direct="FALSE" conversational-reported="FALSE"  >
<token_anchor t_id="108"/>
<token_anchor t_id="109"/>
</NARRATIVE>
<NARRATIVE m_id="14" Level="Primary" comment="" conversational-direct="FALSE" conversational-reported="FALSE"  >
<token_anchor t_id="110"/>
<token_anchor t_id="111"/>
<token_anchor t_id="112"/>
<token_anchor t_id="113"/>
<token_anchor t_id="114"/>
<token_anchor t_id="115"/>
<token_anchor t_id="116"/>
</NARRATIVE>
<NARRATIVE m_id="15" Level="Primary" comment="" conversational-direct="FALSE" conversational-reported="TRUE"  >
<token_anchor t_id="117"/>
<token_anchor t_id="118"/>
<token_anchor t_id="119"/>
<token_anchor t_id="120"/>
<token_anchor t_id="121"/>
<token_anchor t_id="122"/>
</NARRATIVE>
<NARRATIVE m_id="16" Level="Primary" comment="" conversational-direct="FALSE" conversational-reported="TRUE"  >
<token_anchor t_id="123"/>
<token_anchor t_id="124"/>
<token_anchor t_id="125"/>
<token_anchor t_id="126"/>
<token_anchor t_id="127"/>
<token_anchor t_id="128"/>
<token_anchor t_id="129"/>
<token_anchor t_id="130"/>
<token_anchor t_id="131"/>
</NARRATIVE>
<NARRATIVE m_id="17" Level="Primary" comment="" conversational-direct="FALSE" conversational-reported="TRUE"  >
<token_anchor t_id="132"/>
<token_anchor t_id="133"/>
<token_anchor t_id="134"/>
<token_anchor t_id="135"/>
<token_anchor t_id="136"/>
<token_anchor t_id="137"/>
<token_anchor t_id="138"/>
<token_anchor t_id="139"/>
<token_anchor t_id="140"/>
<token_anchor t_id="141"/>
<token_anchor t_id="142"/>
<token_anchor t_id="143"/>
<token_anchor t_id="144"/>
<token_anchor t_id="145"/>
</NARRATIVE>
<NARRATIVE m_id="18" Level="Primary" comment="" conversational-direct="FALSE" conversational-reported="FALSE"  >
<token_anchor t_id="146"/>
<token_anchor t_id="147"/>
<token_anchor t_id="148"/>
<token_anchor t_id="149"/>
</NARRATIVE>
<NARRATIVE m_id="19" Level="Primary" comment="" conversational-direct="FALSE" conversational-reported="FALSE"  >
<token_anchor t_id="150"/>
<token_anchor t_id="151"/>
<token_anchor t_id="152"/>
<token_anchor t_id="153"/>
<token_anchor t_id="154"/>
<token_anchor t_id="155"/>
</NARRATIVE>
<NARRATIVE m_id="20" Level="Primary" comment="" conversational-direct="FALSE" conversational-reported="FALSE"  >
<token_anchor t_id="156"/>
<token_anchor t_id="157"/>
<token_anchor t_id="158"/>
<token_anchor t_id="159"/>
<token_anchor t_id="160"/>
<token_anchor t_id="161"/>
<token_anchor t_id="162"/>
<token_anchor t_id="163"/>
<token_anchor t_id="164"/>
<token_anchor t_id="165"/>
<token_anchor t_id="166"/>
<token_anchor t_id="167"/>
<token_anchor t_id="168"/>
<token_anchor t_id="169"/>
<token_anchor t_id="170"/>
<token_anchor t_id="171"/>
</NARRATIVE>
<NARRATIVE m_id="21" Level="Primary" comment="" conversational-direct="FALSE" conversational-reported="FALSE"  >
<token_anchor t_id="172"/>
<token_anchor t_id="173"/>
<token_anchor t_id="174"/>
<token_anchor t_id="175"/>
<token_anchor t_id="176"/>
<token_anchor t_id="177"/>
<token_anchor t_id="178"/>
<token_anchor t_id="179"/>
<token_anchor t_id="180"/>
<token_anchor t_id="181"/>
<token_anchor t_id="182"/>
<token_anchor t_id="183"/>
<token_anchor t_id="184"/>
</NARRATIVE>
<NARRATIVE m_id="23" Level="Primary" comment="" conversational-direct="FALSE" conversational-reported="FALSE"  >
<token_anchor t_id="188"/>
<token_anchor t_id="189"/>
<token_anchor t_id="190"/>
<token_anchor t_id="191"/>
<token_anchor t_id="192"/>
<token_anchor t_id="193"/>
<token_anchor t_id="194"/>
<token_anchor t_id="195"/>
<token_anchor t_id="196"/>
<token_anchor t_id="197"/>
<token_anchor t_id="198"/>
<token_anchor t_id="199"/>
<token_anchor t_id="200"/>
</NARRATIVE>
<NARRATIVE m_id="24" Level="Primary" comment="" conversational-direct="FALSE" conversational-reported="FALSE"  >
<token_anchor t_id="201"/>
<token_anchor t_id="202"/>
<token_anchor t_id="203"/>
<token_anchor t_id="204"/>
<token_anchor t_id="205"/>
<token_anchor t_id="206"/>
<token_anchor t_id="207"/>
<token_anchor t_id="208"/>
<token_anchor t_id="209"/>
<token_anchor t_id="210"/>
</NARRATIVE>
<NARRATIVE m_id="25" Level="Primary" comment="" conversational-direct="FALSE" conversational-reported="TRUE"  >
<token_anchor t_id="211"/>
<token_anchor t_id="212"/>
<token_anchor t_id="213"/>
<token_anchor t_id="214"/>
<token_anchor t_id="215"/>
<token_anchor t_id="216"/>
<token_anchor t_id="217"/>
<token_anchor t_id="218"/>
<token_anchor t_id="219"/>
<token_anchor t_id="220"/>
</NARRATIVE>
<NARRATIVE m_id="26" Level="Primary" comment="" conversational-direct="FALSE" conversational-reported="FALSE"  >
<token_anchor t_id="221"/>
<token_anchor t_id="222"/>
<token_anchor t_id="223"/>
<token_anchor t_id="224"/>
<token_anchor t_id="225"/>
<token_anchor t_id="226"/>
<token_anchor t_id="227"/>
<token_anchor t_id="228"/>
<token_anchor t_id="229"/>
<token_anchor t_id="230"/>
<token_anchor t_id="231"/>
<token_anchor t_id="232"/>
<token_anchor t_id="233"/>
</NARRATIVE>
<NARRATIVE m_id="27" Level="Primary" comment="" conversational-direct="FALSE" conversational-reported="FALSE"  >
<token_anchor t_id="234"/>
<token_anchor t_id="235"/>
<token_anchor t_id="236"/>
<token_anchor t_id="237"/>
</NARRATIVE>
<NARRATIVE m_id="29" Level="Primary" comment="" conversational-direct="FALSE" conversational-reported="FALSE"  >
<token_anchor t_id="253"/>
<token_anchor t_id="254"/>
<token_anchor t_id="255"/>
<token_anchor t_id="256"/>
<token_anchor t_id="257"/>
<token_anchor t_id="258"/>
<token_anchor t_id="259"/>
<token_anchor t_id="260"/>
<token_anchor t_id="261"/>
<token_anchor t_id="262"/>
</NARRATIVE>
<NARRATIVE m_id="30" Level="Primary" comment="" conversational-direct="FALSE" conversational-reported="FALSE"  >
<token_anchor t_id="263"/>
<token_anchor t_id="264"/>
<token_anchor t_id="265"/>
<token_anchor t_id="266"/>
<token_anchor t_id="267"/>
<token_anchor t_id="268"/>
<token_anchor t_id="269"/>
<token_anchor t_id="270"/>
<token_anchor t_id="271"/>
<token_anchor t_id="272"/>
<token_anchor t_id="273"/>
<token_anchor t_id="274"/>
<token_anchor t_id="275"/>
<token_anchor t_id="276"/>
<token_anchor t_id="277"/>
</NARRATIVE>
<NARRATIVE m_id="31" Level="Primary" comment="" conversational-direct="FALSE" conversational-reported="FALSE"  >
<token_anchor t_id="278"/>
<token_anchor t_id="279"/>
<token_anchor t_id="280"/>
<token_anchor t_id="281"/>
<token_anchor t_id="282"/>
<token_anchor t_id="283"/>
<token_anchor t_id="284"/>
<token_anchor t_id="285"/>
<token_anchor t_id="286"/>
<token_anchor t_id="287"/>
<token_anchor t_id="288"/>
</NARRATIVE>
<NARRATIVE m_id="1" Level="Primary" comment="" conversational-direct="FALSE" conversational-reported="FALSE"  >
<token_anchor t_id="1"/>
<token_anchor t_id="2"/>
<token_anchor t_id="3"/>
<token_anchor t_id="4"/>
<token_anchor t_id="5"/>
<token_anchor t_id="6"/>
<token_anchor t_id="7"/>
<token_anchor t_id="8"/>
<token_anchor t_id="9"/>
<token_anchor t_id="10"/>
<token_anchor t_id="11"/>
<token_anchor t_id="12"/>
<token_anchor t_id="13"/>
<token_anchor t_id="14"/>
<token_anchor t_id="15"/>
<token_anchor t_id="16"/>
</NARRATIVE>
<NARRATIVE m_id="2" Level="Primary" comment="" conversational-direct="FALSE" conversational-reported="FALSE"  >
<token_anchor t_id="17"/>
<token_anchor t_id="18"/>
<token_anchor t_id="19"/>
<token_anchor t_id="20"/>
<token_anchor t_id="21"/>
</NARRATIVE>
<NARRATIVE m_id="3" Level="Primary" comment="" conversational-direct="FALSE" conversational-reported="FALSE"  >
<token_anchor t_id="22"/>
<token_anchor t_id="23"/>
<token_anchor t_id="24"/>
<token_anchor t_id="25"/>
<token_anchor t_id="26"/>
<token_anchor t_id="27"/>
<token_anchor t_id="28"/>
<token_anchor t_id="29"/>
<token_anchor t_id="30"/>
<token_anchor t_id="31"/>
<token_anchor t_id="32"/>
<token_anchor t_id="33"/>
</NARRATIVE>
<NARRATIVE m_id="4" Level="Primary" comment="" conversational-direct="FALSE" conversational-reported="TRUE"  >
<token_anchor t_id="34"/>
<token_anchor t_id="35"/>
<token_anchor t_id="36"/>
<token_anchor t_id="37"/>
<token_anchor t_id="38"/>
</NARRATIVE>
<NARRATIVE m_id="5" Level="Primary" comment="" conversational-direct="FALSE" conversational-reported="TRUE"  >
<token_anchor t_id="39"/>
<token_anchor t_id="40"/>
<token_anchor t_id="41"/>
<token_anchor t_id="42"/>
<token_anchor t_id="43"/>
<token_anchor t_id="44"/>
</NARRATIVE>
<NARRATIVE m_id="6" Level="Primary" comment="" conversational-direct="FALSE" conversational-reported="FALSE"  >
<token_anchor t_id="45"/>
<token_anchor t_id="46"/>
<token_anchor t_id="47"/>
</NARRATIVE>


</Markables>

<Relations>
</Relations>
</Document>
