<Document doc_name="nyt_20130321_cyprus">
<token t_id="1" sentence="0" number="0">A</token>
<token t_id="2" sentence="0" number="1">Cyprus</token>
<token t_id="3" sentence="0" number="2">exit</token>
<token t_id="4" sentence="0" number="3">from</token>
<token t_id="5" sentence="0" number="4">the</token>
<token t_id="6" sentence="0" number="5">euro</token>
<token t_id="7" sentence="0" number="6">union</token>
<token t_id="8" sentence="0" number="7">,</token>
<token t_id="9" sentence="0" number="8">if</token>
<token t_id="10" sentence="0" number="9">it</token>
<token t_id="11" sentence="0" number="10">comes</token>
<token t_id="12" sentence="0" number="11">to</token>
<token t_id="13" sentence="0" number="12">that</token>
<token t_id="14" sentence="0" number="13">,</token>
<token t_id="15" sentence="0" number="14">would</token>
<token t_id="16" sentence="0" number="15">have</token>
<token t_id="17" sentence="0" number="16">a</token>
<token t_id="18" sentence="0" number="17">devastating</token>
<token t_id="19" sentence="0" number="18">effect</token>
<token t_id="20" sentence="0" number="19">on</token>
<token t_id="21" sentence="0" number="20">the</token>
<token t_id="22" sentence="0" number="21">country</token>
<token t_id="23" sentence="0" number="22">'s</token>
<token t_id="24" sentence="0" number="23">citizens</token>
<token t_id="25" sentence="0" number="24">,</token>
<token t_id="26" sentence="0" number="25">who</token>
<token t_id="27" sentence="0" number="26">are</token>
<token t_id="28" sentence="0" number="27">among</token>
<token t_id="29" sentence="0" number="28">the</token>
<token t_id="30" sentence="0" number="29">most</token>
<token t_id="31" sentence="0" number="30">indebted</token>
<token t_id="32" sentence="0" number="31">in</token>
<token t_id="33" sentence="0" number="32">the</token>
<token t_id="34" sentence="0" number="33">euro</token>
<token t_id="35" sentence="0" number="34">zone</token>
<token t_id="36" sentence="0" number="35">.</token>
<token t_id="37" sentence="1" number="36">And</token>
<token t_id="38" sentence="1" number="37">for</token>
<token t_id="39" sentence="1" number="38">European</token>
<token t_id="40" sentence="1" number="39">unity</token>
<token t_id="41" sentence="1" number="40">and</token>
<token t_id="42" sentence="1" number="41">diplomacy</token>
<token t_id="43" sentence="1" number="42">,</token>
<token t_id="44" sentence="1" number="43">the</token>
<token t_id="45" sentence="1" number="44">Cyprus</token>
<token t_id="46" sentence="1" number="45">debacle</token>
<token t_id="47" sentence="1" number="46">has</token>
<token t_id="48" sentence="1" number="47">already</token>
<token t_id="49" sentence="1" number="48">been</token>
<token t_id="50" sentence="1" number="49">at</token>
<token t_id="51" sentence="1" number="50">least</token>
<token t_id="52" sentence="1" number="51">a</token>
<token t_id="53" sentence="1" number="52">short-term</token>
<token t_id="54" sentence="1" number="53">disaster</token>
<token t_id="55" sentence="1" number="54">.</token>
<token t_id="56" sentence="2" number="55">ut</token>
<token t_id="57" sentence="2" number="56">for</token>
<token t_id="58" sentence="2" number="57">the</token>
<token t_id="59" sentence="2" number="58">broader</token>
<token t_id="60" sentence="2" number="59">financial</token>
<token t_id="61" sentence="2" number="60">system</token>
<token t_id="62" sentence="2" number="61">in</token>
<token t_id="63" sentence="2" number="62">Europe</token>
<token t_id="64" sentence="2" number="63">,</token>
<token t_id="65" sentence="2" number="64">the</token>
<token t_id="66" sentence="2" number="65">losses</token>
<token t_id="67" sentence="2" number="66">resulting</token>
<token t_id="68" sentence="2" number="67">from</token>
<token t_id="69" sentence="2" number="68">a</token>
<token t_id="70" sentence="2" number="69">Cypriot</token>
<token t_id="71" sentence="2" number="70">banking</token>
<token t_id="72" sentence="2" number="71">collapse</token>
<token t_id="73" sentence="2" number="72">and</token>
<token t_id="74" sentence="2" number="73">the</token>
<token t_id="75" sentence="2" number="74">country</token>
<token t_id="76" sentence="2" number="75">'s</token>
<token t_id="77" sentence="2" number="76">return</token>
<token t_id="78" sentence="2" number="77">to</token>
<token t_id="79" sentence="2" number="78">its</token>
<token t_id="80" sentence="2" number="79">former</token>
<token t_id="81" sentence="2" number="80">currency</token>
<token t_id="82" sentence="2" number="81">would</token>
<token t_id="83" sentence="2" number="82">be</token>
<token t_id="84" sentence="2" number="83">minimal</token>
<token t_id="85" sentence="2" number="84">compared</token>
<token t_id="86" sentence="2" number="85">with</token>
<token t_id="87" sentence="2" number="86">the</token>
<token t_id="88" sentence="2" number="87">havoc</token>
<token t_id="89" sentence="2" number="88">that</token>
<token t_id="90" sentence="2" number="89">Greece</token>
<token t_id="91" sentence="2" number="90">would</token>
<token t_id="92" sentence="2" number="91">have</token>
<token t_id="93" sentence="2" number="92">created</token>
<token t_id="94" sentence="2" number="93">had</token>
<token t_id="95" sentence="2" number="94">it</token>
<token t_id="96" sentence="2" number="95">not</token>
<token t_id="97" sentence="2" number="96">been</token>
<token t_id="98" sentence="2" number="97">bailed</token>
<token t_id="99" sentence="2" number="98">out</token>
<token t_id="100" sentence="2" number="99">.</token>
<token t_id="101" sentence="3" number="100">And</token>
<token t_id="102" sentence="3" number="101">that</token>
<token t_id="103" sentence="3" number="102">,</token>
<token t_id="104" sentence="3" number="103">economists</token>
<token t_id="105" sentence="3" number="104">and</token>
<token t_id="106" sentence="3" number="105">investors</token>
<token t_id="107" sentence="3" number="106">contend</token>
<token t_id="108" sentence="3" number="107">,</token>
<token t_id="109" sentence="3" number="108">is</token>
<token t_id="110" sentence="3" number="109">why</token>
<token t_id="111" sentence="3" number="110">Germany</token>
<token t_id="112" sentence="3" number="111">and</token>
<token t_id="113" sentence="3" number="112">its</token>
<token t_id="114" sentence="3" number="113">Dutch</token>
<token t_id="115" sentence="3" number="114">stalking</token>
<token t_id="116" sentence="3" number="115">horse</token>
<token t_id="117" sentence="3" number="116">,</token>
<token t_id="118" sentence="3" number="117">Jeroen</token>
<token t_id="119" sentence="3" number="118">Dijsselbloem</token>
<token t_id="120" sentence="3" number="119">,</token>
<token t_id="121" sentence="3" number="120">the</token>
<token t_id="122" sentence="3" number="121">president</token>
<token t_id="123" sentence="3" number="122">of</token>
<token t_id="124" sentence="3" number="123">the</token>
<token t_id="125" sentence="3" number="124">Eurogroup</token>
<token t_id="126" sentence="3" number="125">of</token>
<token t_id="127" sentence="3" number="126">finance</token>
<token t_id="128" sentence="3" number="127">ministers</token>
<token t_id="129" sentence="3" number="128">,</token>
<token t_id="130" sentence="3" number="129">were</token>
<token t_id="131" sentence="3" number="130">so</token>
<token t_id="132" sentence="3" number="131">adamant</token>
<token t_id="133" sentence="3" number="132">that</token>
<token t_id="134" sentence="3" number="133">depositors</token>
<token t_id="135" sentence="3" number="134">-</token>
<token t_id="136" sentence="3" number="135">large</token>
<token t_id="137" sentence="3" number="136">and</token>
<token t_id="138" sentence="3" number="137">small</token>
<token t_id="139" sentence="3" number="138">,</token>
<token t_id="140" sentence="3" number="139">Cypriot</token>
<token t_id="141" sentence="3" number="140">and</token>
<token t_id="142" sentence="3" number="141">Russian</token>
<token t_id="143" sentence="3" number="142">-</token>
<token t_id="144" sentence="3" number="143">contribute</token>
<token t_id="145" sentence="3" number="144">5.8</token>
<token t_id="146" sentence="3" number="145">billion</token>
<token t_id="147" sentence="3" number="146">euros</token>
<token t_id="148" sentence="3" number="147">-LRB-</token>
<token t_id="149" sentence="3" number="148">$</token>
<token t_id="150" sentence="3" number="149">7.5</token>
<token t_id="151" sentence="3" number="150">billion</token>
<token t_id="152" sentence="3" number="151">-RRB-</token>
<token t_id="153" sentence="3" number="152">toward</token>
<token t_id="154" sentence="3" number="153">the</token>
<token t_id="155" sentence="3" number="154">10</token>
<token t_id="156" sentence="3" number="155">billion</token>
<token t_id="157" sentence="3" number="156">euro</token>
<token t_id="158" sentence="3" number="157">bailout</token>
<token t_id="159" sentence="3" number="158">of</token>
<token t_id="160" sentence="3" number="159">Cyprus</token>
<token t_id="161" sentence="3" number="160">'s</token>
<token t_id="162" sentence="3" number="161">largest</token>
<token t_id="163" sentence="3" number="162">banks</token>
<token t_id="164" sentence="3" number="163">.</token>
<token t_id="165" sentence="4" number="164">Greece</token>
<token t_id="166" sentence="4" number="165">may</token>
<token t_id="167" sentence="4" number="166">well</token>
<token t_id="168" sentence="4" number="167">have</token>
<token t_id="169" sentence="4" number="168">been</token>
<token t_id="170" sentence="4" number="169">too</token>
<token t_id="171" sentence="4" number="170">big</token>
<token t_id="172" sentence="4" number="171">to</token>
<token t_id="173" sentence="4" number="172">fail</token>
<token t_id="174" sentence="4" number="173">last</token>
<token t_id="175" sentence="4" number="174">year</token>
<token t_id="176" sentence="4" number="175">,</token>
<token t_id="177" sentence="4" number="176">but</token>
<token t_id="178" sentence="4" number="177">Cyprus</token>
<token t_id="179" sentence="4" number="178">,</token>
<token t_id="180" sentence="4" number="179">which</token>
<token t_id="181" sentence="4" number="180">creates</token>
<token t_id="182" sentence="4" number="181">less</token>
<token t_id="183" sentence="4" number="182">than</token>
<token t_id="184" sentence="4" number="183">one-half</token>
<token t_id="185" sentence="4" number="184">percent</token>
<token t_id="186" sentence="4" number="185">of</token>
<token t_id="187" sentence="4" number="186">the</token>
<token t_id="188" sentence="4" number="187">euro</token>
<token t_id="189" sentence="4" number="188">zone</token>
<token t_id="190" sentence="4" number="189">'s</token>
<token t_id="191" sentence="4" number="190">gross</token>
<token t_id="192" sentence="4" number="191">domestic</token>
<token t_id="193" sentence="4" number="192">product</token>
<token t_id="194" sentence="4" number="193">,</token>
<token t_id="195" sentence="4" number="194">is</token>
<token t_id="196" sentence="4" number="195">certainly</token>
<token t_id="197" sentence="4" number="196">not</token>
<token t_id="198" sentence="4" number="197">.</token>
<token t_id="199" sentence="5" number="198">From</token>
<token t_id="200" sentence="5" number="199">a</token>
<token t_id="201" sentence="5" number="200">financial</token>
<token t_id="202" sentence="5" number="201">standpoint</token>
<token t_id="203" sentence="5" number="202">,</token>
<token t_id="204" sentence="5" number="203">what</token>
<token t_id="205" sentence="5" number="204">is</token>
<token t_id="206" sentence="5" number="205">most</token>
<token t_id="207" sentence="5" number="206">noteworthy</token>
<token t_id="208" sentence="5" number="207">is</token>
<token t_id="209" sentence="5" number="208">that</token>
<token t_id="210" sentence="5" number="209">the</token>
<token t_id="211" sentence="5" number="210">combined</token>
<token t_id="212" sentence="5" number="211">debt</token>
<token t_id="213" sentence="5" number="212">of</token>
<token t_id="214" sentence="5" number="213">the</token>
<token t_id="215" sentence="5" number="214">Cypriot</token>
<token t_id="216" sentence="5" number="215">people</token>
<token t_id="217" sentence="5" number="216">,</token>
<token t_id="218" sentence="5" number="217">companies</token>
<token t_id="219" sentence="5" number="218">and</token>
<token t_id="220" sentence="5" number="219">government</token>
<token t_id="221" sentence="5" number="220">is</token>
<token t_id="222" sentence="5" number="221">2.6</token>
<token t_id="223" sentence="5" number="222">times</token>
<token t_id="224" sentence="5" number="223">the</token>
<token t_id="225" sentence="5" number="224">size</token>
<token t_id="226" sentence="5" number="225">of</token>
<token t_id="227" sentence="5" number="226">the</token>
<token t_id="228" sentence="5" number="227">country</token>
<token t_id="229" sentence="5" number="228">'s</token>
<token t_id="230" sentence="5" number="229">gross</token>
<token t_id="231" sentence="5" number="230">domestic</token>
<token t_id="232" sentence="5" number="231">product</token>
<token t_id="233" sentence="5" number="232">.</token>
<token t_id="234" sentence="6" number="233">Only</token>
<token t_id="235" sentence="6" number="234">Ireland</token>
<token t_id="236" sentence="6" number="235">,</token>
<token t_id="237" sentence="6" number="236">still</token>
<token t_id="238" sentence="6" number="237">struggling</token>
<token t_id="239" sentence="6" number="238">to</token>
<token t_id="240" sentence="6" number="239">recover</token>
<token t_id="241" sentence="6" number="240">from</token>
<token t_id="242" sentence="6" number="241">the</token>
<token t_id="243" sentence="6" number="242">banking</token>
<token t_id="244" sentence="6" number="243">collapse</token>
<token t_id="245" sentence="6" number="244">that</token>
<token t_id="246" sentence="6" number="245">required</token>
<token t_id="247" sentence="6" number="246">an</token>
<token t_id="248" sentence="6" number="247">international</token>
<token t_id="249" sentence="6" number="248">bailout</token>
<token t_id="250" sentence="6" number="249">in</token>
<token t_id="251" sentence="6" number="250">2010</token>
<token t_id="252" sentence="6" number="251">,</token>
<token t_id="253" sentence="6" number="252">has</token>
<token t_id="254" sentence="6" number="253">a</token>
<token t_id="255" sentence="6" number="254">higher</token>
<token t_id="256" sentence="6" number="255">debt-to-G.D.P.</token>
<token t_id="257" sentence="6" number="256">ratio</token>
<token t_id="258" sentence="6" number="257">among</token>
<token t_id="259" sentence="6" number="258">euro</token>
<token t_id="260" sentence="6" number="259">zone</token>
<token t_id="261" sentence="6" number="260">countries</token>
<token t_id="262" sentence="6" number="261">.</token>
<token t_id="263" sentence="7" number="262">As</token>
<token t_id="264" sentence="7" number="263">debts</token>
<token t_id="265" sentence="7" number="264">in</token>
<token t_id="266" sentence="7" number="265">Europe</token>
<token t_id="267" sentence="7" number="266">mount</token>
<token t_id="268" sentence="7" number="267">in</token>
<token t_id="269" sentence="7" number="268">inverse</token>
<token t_id="270" sentence="7" number="269">proportion</token>
<token t_id="271" sentence="7" number="270">to</token>
<token t_id="272" sentence="7" number="271">the</token>
<token t_id="273" sentence="7" number="272">ability</token>
<token t_id="274" sentence="7" number="273">of</token>
<token t_id="275" sentence="7" number="274">its</token>
<token t_id="276" sentence="7" number="275">citizens</token>
<token t_id="277" sentence="7" number="276">,</token>
<token t_id="278" sentence="7" number="277">companies</token>
<token t_id="279" sentence="7" number="278">and</token>
<token t_id="280" sentence="7" number="279">governments</token>
<token t_id="281" sentence="7" number="280">to</token>
<token t_id="282" sentence="7" number="281">make</token>
<token t_id="283" sentence="7" number="282">good</token>
<token t_id="284" sentence="7" number="283">on</token>
<token t_id="285" sentence="7" number="284">them</token>
<token t_id="286" sentence="7" number="285">,</token>
<token t_id="287" sentence="7" number="286">the</token>
<token t_id="288" sentence="7" number="287">view</token>
<token t_id="289" sentence="7" number="288">is</token>
<token t_id="290" sentence="7" number="289">forming</token>
<token t_id="291" sentence="7" number="290">in</token>
<token t_id="292" sentence="7" number="291">Berlin</token>
<token t_id="293" sentence="7" number="292">and</token>
<token t_id="294" sentence="7" number="293">Brussels</token>
<token t_id="295" sentence="7" number="294">that</token>
<token t_id="296" sentence="7" number="295">a</token>
<token t_id="297" sentence="7" number="296">signal</token>
<token t_id="298" sentence="7" number="297">must</token>
<token t_id="299" sentence="7" number="298">be</token>
<token t_id="300" sentence="7" number="299">sent</token>
<token t_id="301" sentence="7" number="300">that</token>
<token t_id="302" sentence="7" number="301">citizens</token>
<token t_id="303" sentence="7" number="302">and</token>
<token t_id="304" sentence="7" number="303">investors</token>
<token t_id="305" sentence="7" number="304">must</token>
<token t_id="306" sentence="7" number="305">start</token>
<token t_id="307" sentence="7" number="306">accepting</token>
<token t_id="308" sentence="7" number="307">losses</token>
<token t_id="309" sentence="7" number="308">for</token>
<token t_id="310" sentence="7" number="309">the</token>
<token t_id="311" sentence="7" number="310">euro</token>
<token t_id="312" sentence="7" number="311">zone</token>
<token t_id="313" sentence="7" number="312">to</token>
<token t_id="314" sentence="7" number="313">survive</token>
<token t_id="315" sentence="7" number="314">in</token>
<token t_id="316" sentence="7" number="315">the</token>
<token t_id="317" sentence="7" number="316">long</token>
<token t_id="318" sentence="7" number="317">run</token>
<token t_id="319" sentence="7" number="318">.</token>
<token t_id="320" sentence="8" number="319">``</token>
<token t_id="321" sentence="8" number="320">There</token>
<token t_id="322" sentence="8" number="321">have</token>
<token t_id="323" sentence="8" number="322">been</token>
<token t_id="324" sentence="8" number="323">too</token>
<token t_id="325" sentence="8" number="324">many</token>
<token t_id="326" sentence="8" number="325">bailouts</token>
<token t_id="327" sentence="8" number="326">in</token>
<token t_id="328" sentence="8" number="327">Europe</token>
<token t_id="329" sentence="8" number="328">;</token>
<token t_id="330" sentence="8" number="329">it</token>
<token t_id="331" sentence="8" number="330">'s</token>
<token t_id="332" sentence="8" number="331">time</token>
<token t_id="333" sentence="8" number="332">to</token>
<token t_id="334" sentence="8" number="333">remove</token>
<token t_id="335" sentence="8" number="334">the</token>
<token t_id="336" sentence="8" number="335">air</token>
<token t_id="337" sentence="8" number="336">bags</token>
<token t_id="338" sentence="8" number="337">,</token>
<token t_id="339" sentence="8" number="338">''</token>
<token t_id="340" sentence="8" number="339">said</token>
<token t_id="341" sentence="8" number="340">Stephen</token>
<token t_id="342" sentence="8" number="341">Jen</token>
<token t_id="343" sentence="8" number="342">,</token>
<token t_id="344" sentence="8" number="343">a</token>
<token t_id="345" sentence="8" number="344">former</token>
<token t_id="346" sentence="8" number="345">economist</token>
<token t_id="347" sentence="8" number="346">at</token>
<token t_id="348" sentence="8" number="347">the</token>
<token t_id="349" sentence="8" number="348">International</token>
<token t_id="350" sentence="8" number="349">Monetary</token>
<token t_id="351" sentence="8" number="350">Fund</token>
<token t_id="352" sentence="8" number="351">who</token>
<token t_id="353" sentence="8" number="352">runs</token>
<token t_id="354" sentence="8" number="353">a</token>
<token t_id="355" sentence="8" number="354">hedge</token>
<token t_id="356" sentence="8" number="355">fund</token>
<token t_id="357" sentence="8" number="356">in</token>
<token t_id="358" sentence="8" number="357">London</token>
<token t_id="359" sentence="8" number="358">.</token>
<token t_id="360" sentence="9" number="359">``</token>
<token t_id="361" sentence="9" number="360">This</token>
<token t_id="362" sentence="9" number="361">is</token>
<token t_id="363" sentence="9" number="362">not</token>
<token t_id="364" sentence="9" number="363">a</token>
<token t_id="365" sentence="9" number="364">Lehman</token>
<token t_id="366" sentence="9" number="365">,</token>
<token t_id="367" sentence="9" number="366">''</token>
<token t_id="368" sentence="9" number="367">he</token>
<token t_id="369" sentence="9" number="368">said</token>
<token t_id="370" sentence="9" number="369">,</token>
<token t_id="371" sentence="9" number="370">referring</token>
<token t_id="372" sentence="9" number="371">to</token>
<token t_id="373" sentence="9" number="372">the</token>
<token t_id="374" sentence="9" number="373">disastrous</token>
<token t_id="375" sentence="9" number="374">chain</token>
<token t_id="376" sentence="9" number="375">reaction</token>
<token t_id="377" sentence="9" number="376">touched</token>
<token t_id="378" sentence="9" number="377">off</token>
<token t_id="379" sentence="9" number="378">by</token>
<token t_id="380" sentence="9" number="379">the</token>
<token t_id="381" sentence="9" number="380">collapse</token>
<token t_id="382" sentence="9" number="381">of</token>
<token t_id="383" sentence="9" number="382">Lehman</token>
<token t_id="384" sentence="9" number="383">Brothers</token>
<token t_id="385" sentence="9" number="384">in</token>
<token t_id="386" sentence="9" number="385">2008</token>
<token t_id="387" sentence="9" number="386">.</token>
<token t_id="388" sentence="10" number="387">Eric</token>
<token t_id="389" sentence="10" number="388">Dor</token>
<token t_id="390" sentence="10" number="389">is</token>
<token t_id="391" sentence="10" number="390">a</token>
<token t_id="392" sentence="10" number="391">French</token>
<token t_id="393" sentence="10" number="392">economist</token>
<token t_id="394" sentence="10" number="393">who</token>
<token t_id="395" sentence="10" number="394">has</token>
<token t_id="396" sentence="10" number="395">studied</token>
<token t_id="397" sentence="10" number="396">the</token>
<token t_id="398" sentence="10" number="397">mechanics</token>
<token t_id="399" sentence="10" number="398">of</token>
<token t_id="400" sentence="10" number="399">how</token>
<token t_id="401" sentence="10" number="400">a</token>
<token t_id="402" sentence="10" number="401">country</token>
<token t_id="403" sentence="10" number="402">might</token>
<token t_id="404" sentence="10" number="403">remove</token>
<token t_id="405" sentence="10" number="404">itself</token>
<token t_id="406" sentence="10" number="405">from</token>
<token t_id="407" sentence="10" number="406">the</token>
<token t_id="408" sentence="10" number="407">monetary</token>
<token t_id="409" sentence="10" number="408">union</token>
<token t_id="410" sentence="10" number="409">.</token>
<token t_id="411" sentence="11" number="410">By</token>
<token t_id="412" sentence="11" number="411">his</token>
<token t_id="413" sentence="11" number="412">calculations</token>
<token t_id="414" sentence="11" number="413">,</token>
<token t_id="415" sentence="11" number="414">the</token>
<token t_id="416" sentence="11" number="415">euro</token>
<token t_id="417" sentence="11" number="416">zone</token>
<token t_id="418" sentence="11" number="417">-</token>
<token t_id="419" sentence="11" number="418">through</token>
<token t_id="420" sentence="11" number="419">its</token>
<token t_id="421" sentence="11" number="420">central</token>
<token t_id="422" sentence="11" number="421">banking</token>
<token t_id="423" sentence="11" number="422">system</token>
<token t_id="424" sentence="11" number="423">and</token>
<token t_id="425" sentence="11" number="424">its</token>
<token t_id="426" sentence="11" number="425">national</token>
<token t_id="427" sentence="11" number="426">banks</token>
<token t_id="428" sentence="11" number="427">-</token>
<token t_id="429" sentence="11" number="428">has</token>
<token t_id="430" sentence="11" number="429">just</token>
<token t_id="431" sentence="11" number="430">27</token>
<token t_id="432" sentence="11" number="431">billion</token>
<token t_id="433" sentence="11" number="432">euros</token>
<token t_id="434" sentence="11" number="433">in</token>
<token t_id="435" sentence="11" number="434">outstanding</token>
<token t_id="436" sentence="11" number="435">credit</token>
<token t_id="437" sentence="11" number="436">exposure</token>
<token t_id="438" sentence="11" number="437">to</token>
<token t_id="439" sentence="11" number="438">Cyprus</token>
<token t_id="440" sentence="11" number="439">.</token>
<token t_id="441" sentence="12" number="440">That</token>
<token t_id="442" sentence="12" number="441">is</token>
<token t_id="443" sentence="12" number="442">a</token>
<token t_id="444" sentence="12" number="443">mere</token>
<token t_id="445" sentence="12" number="444">rounding</token>
<token t_id="446" sentence="12" number="445">error</token>
<token t_id="447" sentence="12" number="446">compared</token>
<token t_id="448" sentence="12" number="447">with</token>
<token t_id="449" sentence="12" number="448">the</token>
<token t_id="450" sentence="12" number="449">euro</token>
<token t_id="451" sentence="12" number="450">zone</token>
<token t_id="452" sentence="12" number="451">G.D.P.</token>
<token t_id="453" sentence="12" number="452">of</token>
<token t_id="454" sentence="12" number="453">9.4</token>
<token t_id="455" sentence="12" number="454">trillion</token>
<token t_id="456" sentence="12" number="455">euros</token>
<token t_id="457" sentence="12" number="456">.</token>
<token t_id="458" sentence="13" number="457">Estimates</token>
<token t_id="459" sentence="13" number="458">of</token>
<token t_id="460" sentence="13" number="459">the</token>
<token t_id="461" sentence="13" number="460">potential</token>
<token t_id="462" sentence="13" number="461">cost</token>
<token t_id="463" sentence="13" number="462">if</token>
<token t_id="464" sentence="13" number="463">Greece</token>
<token t_id="465" sentence="13" number="464">had</token>
<token t_id="466" sentence="13" number="465">been</token>
<token t_id="467" sentence="13" number="466">forced</token>
<token t_id="468" sentence="13" number="467">into</token>
<token t_id="469" sentence="13" number="468">a</token>
<token t_id="470" sentence="13" number="469">disorderly</token>
<token t_id="471" sentence="13" number="470">euro</token>
<token t_id="472" sentence="13" number="471">exit</token>
<token t_id="473" sentence="13" number="472">have</token>
<token t_id="474" sentence="13" number="473">ranged</token>
<token t_id="475" sentence="13" number="474">from</token>
<token t_id="476" sentence="13" number="475">200</token>
<token t_id="477" sentence="13" number="476">billion</token>
<token t_id="478" sentence="13" number="477">euros</token>
<token t_id="479" sentence="13" number="478">to</token>
<token t_id="480" sentence="13" number="479">800</token>
<token t_id="481" sentence="13" number="480">billion</token>
<token t_id="482" sentence="13" number="481">euros</token>
<token t_id="483" sentence="13" number="482">,</token>
<token t_id="484" sentence="13" number="483">given</token>
<token t_id="485" sentence="13" number="484">the</token>
<token t_id="486" sentence="13" number="485">larger</token>
<token t_id="487" sentence="13" number="486">exposure</token>
<token t_id="488" sentence="13" number="487">that</token>
<token t_id="489" sentence="13" number="488">the</token>
<token t_id="490" sentence="13" number="489">European</token>
<token t_id="491" sentence="13" number="490">Central</token>
<token t_id="492" sentence="13" number="491">Bank</token>
<token t_id="493" sentence="13" number="492">and</token>
<token t_id="494" sentence="13" number="493">European</token>
<token t_id="495" sentence="13" number="494">banks</token>
<token t_id="496" sentence="13" number="495">had</token>
<token t_id="497" sentence="13" number="496">to</token>
<token t_id="498" sentence="13" number="497">the</token>
<token t_id="499" sentence="13" number="498">country</token>
<token t_id="500" sentence="13" number="499">.</token>
<token t_id="501" sentence="14" number="500">``</token>
<token t_id="502" sentence="14" number="501">This</token>
<token t_id="503" sentence="14" number="502">explains</token>
<token t_id="504" sentence="14" number="503">why</token>
<token t_id="505" sentence="14" number="504">Germany</token>
<token t_id="506" sentence="14" number="505">and</token>
<token t_id="507" sentence="14" number="506">others</token>
<token t_id="508" sentence="14" number="507">are</token>
<token t_id="509" sentence="14" number="508">putting</token>
<token t_id="510" sentence="14" number="509">so</token>
<token t_id="511" sentence="14" number="510">much</token>
<token t_id="512" sentence="14" number="511">pressure</token>
<token t_id="513" sentence="14" number="512">on</token>
<token t_id="514" sentence="14" number="513">Cyprus</token>
<token t_id="515" sentence="14" number="514">,</token>
<token t_id="516" sentence="14" number="515">''</token>
<token t_id="517" sentence="14" number="516">said</token>
<token t_id="518" sentence="14" number="517">Mr.</token>
<token t_id="519" sentence="14" number="518">Dor</token>
<token t_id="520" sentence="14" number="519">,</token>
<token t_id="521" sentence="14" number="520">head</token>
<token t_id="522" sentence="14" number="521">of</token>
<token t_id="523" sentence="14" number="522">research</token>
<token t_id="524" sentence="14" number="523">at</token>
<token t_id="525" sentence="14" number="524">the</token>
<token t_id="526" sentence="14" number="525">Ieseg</token>
<token t_id="527" sentence="14" number="526">School</token>
<token t_id="528" sentence="14" number="527">of</token>
<token t_id="529" sentence="14" number="528">Management</token>
<token t_id="530" sentence="14" number="529">in</token>
<token t_id="531" sentence="14" number="530">Lille</token>
<token t_id="532" sentence="14" number="531">,</token>
<token t_id="533" sentence="14" number="532">France</token>
<token t_id="534" sentence="14" number="533">.</token>
<token t_id="535" sentence="15" number="534">``</token>
<token t_id="536" sentence="15" number="535">They</token>
<token t_id="537" sentence="15" number="536">are</token>
<token t_id="538" sentence="15" number="537">saying</token>
<token t_id="539" sentence="15" number="538">we</token>
<token t_id="540" sentence="15" number="539">can</token>
<token t_id="541" sentence="15" number="540">take</token>
<token t_id="542" sentence="15" number="541">the</token>
<token t_id="543" sentence="15" number="542">risk</token>
<token t_id="544" sentence="15" number="543">of</token>
<token t_id="545" sentence="15" number="544">pushing</token>
<token t_id="546" sentence="15" number="545">Cyprus</token>
<token t_id="547" sentence="15" number="546">out</token>
<token t_id="548" sentence="15" number="547">of</token>
<token t_id="549" sentence="15" number="548">the</token>
<token t_id="550" sentence="15" number="549">euro</token>
<token t_id="551" sentence="15" number="550">zone</token>
<token t_id="552" sentence="15" number="551">,</token>
<token t_id="553" sentence="15" number="552">and</token>
<token t_id="554" sentence="15" number="553">that</token>
<token t_id="555" sentence="15" number="554">Europe</token>
<token t_id="556" sentence="15" number="555">can</token>
<token t_id="557" sentence="15" number="556">take</token>
<token t_id="558" sentence="15" number="557">the</token>
<token t_id="559" sentence="15" number="558">losses</token>
<token t_id="560" sentence="15" number="559">without</token>
<token t_id="561" sentence="15" number="560">going</token>
<token t_id="562" sentence="15" number="561">broke</token>
<token t_id="563" sentence="15" number="562">.</token>
<token t_id="564" sentence="15" number="563">''</token>
<token t_id="565" sentence="16" number="564">Mr.</token>
<token t_id="566" sentence="16" number="565">Dor</token>
<token t_id="567" sentence="16" number="566">notes</token>
<token t_id="568" sentence="16" number="567">that</token>
<token t_id="569" sentence="16" number="568">the</token>
<token t_id="570" sentence="16" number="569">current</token>
<token t_id="571" sentence="16" number="570">euro</token>
<token t_id="572" sentence="16" number="571">zonewide</token>
<token t_id="573" sentence="16" number="572">system</token>
<token t_id="574" sentence="16" number="573">of</token>
<token t_id="575" sentence="16" number="574">insuring</token>
<token t_id="576" sentence="16" number="575">bank</token>
<token t_id="577" sentence="16" number="576">deposits</token>
<token t_id="578" sentence="16" number="577">up</token>
<token t_id="579" sentence="16" number="578">to</token>
<token t_id="580" sentence="16" number="579">100,000</token>
<token t_id="581" sentence="16" number="580">euros</token>
<token t_id="582" sentence="16" number="581">was</token>
<token t_id="583" sentence="16" number="582">put</token>
<token t_id="584" sentence="16" number="583">in</token>
<token t_id="585" sentence="16" number="584">place</token>
<token t_id="586" sentence="16" number="585">after</token>
<token t_id="587" sentence="16" number="586">the</token>
<token t_id="588" sentence="16" number="587">financial</token>
<token t_id="589" sentence="16" number="588">panic</token>
<token t_id="590" sentence="16" number="589">that</token>
<token t_id="591" sentence="16" number="590">followed</token>
<token t_id="592" sentence="16" number="591">the</token>
<token t_id="593" sentence="16" number="592">Lehman</token>
<token t_id="594" sentence="16" number="593">collapse</token>
<token t_id="595" sentence="16" number="594">.</token>
<token t_id="596" sentence="17" number="595">Those</token>
<token t_id="597" sentence="17" number="596">deposits</token>
<token t_id="598" sentence="17" number="597">are</token>
<token t_id="599" sentence="17" number="598">supposed</token>
<token t_id="600" sentence="17" number="599">to</token>
<token t_id="601" sentence="17" number="600">be</token>
<token t_id="602" sentence="17" number="601">insured</token>
<token t_id="603" sentence="17" number="602">by</token>
<token t_id="604" sentence="17" number="603">national</token>
<token t_id="605" sentence="17" number="604">governments</token>
<token t_id="606" sentence="17" number="605">.</token>
<token t_id="607" sentence="18" number="606">So</token>
<token t_id="608" sentence="18" number="607">when</token>
<token t_id="609" sentence="18" number="608">the</token>
<token t_id="610" sentence="18" number="609">president</token>
<token t_id="611" sentence="18" number="610">of</token>
<token t_id="612" sentence="18" number="611">Cyprus</token>
<token t_id="613" sentence="18" number="612">admitted</token>
<token t_id="614" sentence="18" number="613">this</token>
<token t_id="615" sentence="18" number="614">week</token>
<token t_id="616" sentence="18" number="615">that</token>
<token t_id="617" sentence="18" number="616">his</token>
<token t_id="618" sentence="18" number="617">country</token>
<token t_id="619" sentence="18" number="618">did</token>
<token t_id="620" sentence="18" number="619">not</token>
<token t_id="621" sentence="18" number="620">have</token>
<token t_id="622" sentence="18" number="621">the</token>
<token t_id="623" sentence="18" number="622">money</token>
<token t_id="624" sentence="18" number="623">to</token>
<token t_id="625" sentence="18" number="624">backstop</token>
<token t_id="626" sentence="18" number="625">the</token>
<token t_id="627" sentence="18" number="626">30</token>
<token t_id="628" sentence="18" number="627">billion</token>
<token t_id="629" sentence="18" number="628">euros</token>
<token t_id="630" sentence="18" number="629">of</token>
<token t_id="631" sentence="18" number="630">guaranteed</token>
<token t_id="632" sentence="18" number="631">bank</token>
<token t_id="633" sentence="18" number="632">deposits</token>
<token t_id="634" sentence="18" number="633">-</token>
<token t_id="635" sentence="18" number="634">a</token>
<token t_id="636" sentence="18" number="635">figure</token>
<token t_id="637" sentence="18" number="636">greater</token>
<token t_id="638" sentence="18" number="637">than</token>
<token t_id="639" sentence="18" number="638">the</token>
<token t_id="640" sentence="18" number="639">Cypriot</token>
<token t_id="641" sentence="18" number="640">economy</token>
<token t_id="642" sentence="18" number="641">itself</token>
<token t_id="643" sentence="18" number="642">-</token>
<token t_id="644" sentence="18" number="643">a</token>
<token t_id="645" sentence="18" number="644">crucial</token>
<token t_id="646" sentence="18" number="645">bond</token>
<token t_id="647" sentence="18" number="646">of</token>
<token t_id="648" sentence="18" number="647">trust</token>
<token t_id="649" sentence="18" number="648">between</token>
<token t_id="650" sentence="18" number="649">a</token>
<token t_id="651" sentence="18" number="650">government</token>
<token t_id="652" sentence="18" number="651">and</token>
<token t_id="653" sentence="18" number="652">its</token>
<token t_id="654" sentence="18" number="653">citizens</token>
<token t_id="655" sentence="18" number="654">was</token>
<token t_id="656" sentence="18" number="655">snapped</token>
<token t_id="657" sentence="18" number="656">.</token>
<token t_id="658" sentence="19" number="657">``</token>
<token t_id="659" sentence="19" number="658">It</token>
<token t_id="660" sentence="19" number="659">is</token>
<token t_id="661" sentence="19" number="660">the</token>
<token t_id="662" sentence="19" number="661">first</token>
<token t_id="663" sentence="19" number="662">time</token>
<token t_id="664" sentence="19" number="663">ever</token>
<token t_id="665" sentence="19" number="664">that</token>
<token t_id="666" sentence="19" number="665">the</token>
<token t_id="667" sentence="19" number="666">leader</token>
<token t_id="668" sentence="19" number="667">of</token>
<token t_id="669" sentence="19" number="668">a</token>
<token t_id="670" sentence="19" number="669">euro</token>
<token t_id="671" sentence="19" number="670">zone</token>
<token t_id="672" sentence="19" number="671">country</token>
<token t_id="673" sentence="19" number="672">has</token>
<token t_id="674" sentence="19" number="673">admitted</token>
<token t_id="675" sentence="19" number="674">that</token>
<token t_id="676" sentence="19" number="675">he</token>
<token t_id="677" sentence="19" number="676">could</token>
<token t_id="678" sentence="19" number="677">not</token>
<token t_id="679" sentence="19" number="678">afford</token>
<token t_id="680" sentence="19" number="679">to</token>
<token t_id="681" sentence="19" number="680">pay</token>
<token t_id="682" sentence="19" number="681">the</token>
<token t_id="683" sentence="19" number="682">guarantee</token>
<token t_id="684" sentence="19" number="683">,</token>
<token t_id="685" sentence="19" number="684">''</token>
<token t_id="686" sentence="19" number="685">Mr.</token>
<token t_id="687" sentence="19" number="686">Dor</token>
<token t_id="688" sentence="19" number="687">said</token>
<token t_id="689" sentence="19" number="688">.</token>
<token t_id="690" sentence="20" number="689">A</token>
<token t_id="691" sentence="20" number="690">hasty</token>
<token t_id="692" sentence="20" number="691">expulsion</token>
<token t_id="693" sentence="20" number="692">from</token>
<token t_id="694" sentence="20" number="693">the</token>
<token t_id="695" sentence="20" number="694">euro</token>
<token t_id="696" sentence="20" number="695">zone</token>
<token t_id="697" sentence="20" number="696">would</token>
<token t_id="698" sentence="20" number="697">make</token>
<token t_id="699" sentence="20" number="698">the</token>
<token t_id="700" sentence="20" number="699">savings</token>
<token t_id="701" sentence="20" number="700">of</token>
<token t_id="702" sentence="20" number="701">the</token>
<token t_id="703" sentence="20" number="702">Cypriot</token>
<token t_id="704" sentence="20" number="703">people</token>
<token t_id="705" sentence="20" number="704">all</token>
<token t_id="706" sentence="20" number="705">the</token>
<token t_id="707" sentence="20" number="706">more</token>
<token t_id="708" sentence="20" number="707">evanescent</token>
<token t_id="709" sentence="20" number="708">,</token>
<token t_id="710" sentence="20" number="709">once</token>
<token t_id="711" sentence="20" number="710">they</token>
<token t_id="712" sentence="20" number="711">are</token>
<token t_id="713" sentence="20" number="712">converted</token>
<token t_id="714" sentence="20" number="713">back</token>
<token t_id="715" sentence="20" number="714">into</token>
<token t_id="716" sentence="20" number="715">Cypriot</token>
<token t_id="717" sentence="20" number="716">pounds</token>
<token t_id="718" sentence="20" number="717">,</token>
<token t_id="719" sentence="20" number="718">the</token>
<token t_id="720" sentence="20" number="719">currency</token>
<token t_id="721" sentence="20" number="720">Cyprus</token>
<token t_id="722" sentence="20" number="721">used</token>
<token t_id="723" sentence="20" number="722">before</token>
<token t_id="724" sentence="20" number="723">adopting</token>
<token t_id="725" sentence="20" number="724">the</token>
<token t_id="726" sentence="20" number="725">euro</token>
<token t_id="727" sentence="20" number="726">in</token>
<token t_id="728" sentence="20" number="727">2007</token>
<token t_id="729" sentence="20" number="728">.</token>


<Markables>
<ARGUMENTATIVE m_id="43" comment="" conversational-direct="FALSE" conversational-reported="FALSE"  >
<token_anchor t_id="271"/>
<token_anchor t_id="272"/>
<token_anchor t_id="273"/>
<token_anchor t_id="274"/>
<token_anchor t_id="275"/>
<token_anchor t_id="276"/>
<token_anchor t_id="277"/>
<token_anchor t_id="278"/>
<token_anchor t_id="279"/>
<token_anchor t_id="280"/>
<token_anchor t_id="281"/>
<token_anchor t_id="282"/>
<token_anchor t_id="283"/>
<token_anchor t_id="284"/>
<token_anchor t_id="285"/>
<token_anchor t_id="286"/>
</ARGUMENTATIVE>
<ARGUMENTATIVE m_id="19" comment="" conversational-direct="TRUE" conversational-reported="FALSE"  >
<token_anchor t_id="333"/>
<token_anchor t_id="334"/>
<token_anchor t_id="335"/>
<token_anchor t_id="336"/>
<token_anchor t_id="337"/>
<token_anchor t_id="338"/>
<token_anchor t_id="339"/>
</ARGUMENTATIVE>
<ARGUMENTATIVE m_id="52" comment="" conversational-direct="FALSE" conversational-reported="FALSE"  >
<token_anchor t_id="463"/>
<token_anchor t_id="464"/>
<token_anchor t_id="465"/>
<token_anchor t_id="466"/>
<token_anchor t_id="467"/>
<token_anchor t_id="468"/>
<token_anchor t_id="469"/>
<token_anchor t_id="470"/>
<token_anchor t_id="471"/>
<token_anchor t_id="472"/>
</ARGUMENTATIVE>
<ARGUMENTATIVE m_id="20" comment="" conversational-direct="FALSE" conversational-reported="FALSE"  >
<token_anchor t_id="371"/>
<token_anchor t_id="372"/>
<token_anchor t_id="373"/>
<token_anchor t_id="374"/>
<token_anchor t_id="375"/>
<token_anchor t_id="376"/>
<token_anchor t_id="377"/>
<token_anchor t_id="378"/>
<token_anchor t_id="379"/>
<token_anchor t_id="380"/>
<token_anchor t_id="381"/>
<token_anchor t_id="382"/>
<token_anchor t_id="383"/>
<token_anchor t_id="384"/>
<token_anchor t_id="385"/>
<token_anchor t_id="386"/>
<token_anchor t_id="387"/>
</ARGUMENTATIVE>
<ARGUMENTATIVE m_id="21" comment="" conversational-direct="FALSE" conversational-reported="FALSE"  >
<token_anchor t_id="441"/>
<token_anchor t_id="442"/>
<token_anchor t_id="443"/>
<token_anchor t_id="444"/>
<token_anchor t_id="445"/>
<token_anchor t_id="446"/>
<token_anchor t_id="447"/>
<token_anchor t_id="448"/>
<token_anchor t_id="449"/>
<token_anchor t_id="450"/>
<token_anchor t_id="451"/>
<token_anchor t_id="452"/>
<token_anchor t_id="453"/>
<token_anchor t_id="454"/>
<token_anchor t_id="455"/>
<token_anchor t_id="456"/>
<token_anchor t_id="457"/>
</ARGUMENTATIVE>
<ARGUMENTATIVE m_id="22" comment="" conversational-direct="FALSE" conversational-reported="FALSE"  >
<token_anchor t_id="177"/>
<token_anchor t_id="178"/>
<token_anchor t_id="195"/>
<token_anchor t_id="196"/>
<token_anchor t_id="197"/>
</ARGUMENTATIVE>
<ARGUMENTATIVE m_id="23" comment="" conversational-direct="FALSE" conversational-reported="FALSE"  >
<token_anchor t_id="199"/>
<token_anchor t_id="200"/>
<token_anchor t_id="201"/>
<token_anchor t_id="202"/>
<token_anchor t_id="203"/>
<token_anchor t_id="204"/>
<token_anchor t_id="205"/>
<token_anchor t_id="206"/>
<token_anchor t_id="207"/>
</ARGUMENTATIVE>
<ARGUMENTATIVE m_id="56" comment="" conversational-direct="TRUE" conversational-reported="FALSE"  >
<token_anchor t_id="539"/>
<token_anchor t_id="540"/>
<token_anchor t_id="541"/>
<token_anchor t_id="542"/>
<token_anchor t_id="543"/>
<token_anchor t_id="544"/>
<token_anchor t_id="545"/>
<token_anchor t_id="546"/>
<token_anchor t_id="547"/>
<token_anchor t_id="548"/>
<token_anchor t_id="549"/>
<token_anchor t_id="550"/>
<token_anchor t_id="551"/>
<token_anchor t_id="552"/>
</ARGUMENTATIVE>
<ARGUMENTATIVE m_id="57" comment="" conversational-direct="TRUE" conversational-reported="FALSE"  >
<token_anchor t_id="553"/>
<token_anchor t_id="554"/>
<token_anchor t_id="555"/>
<token_anchor t_id="556"/>
<token_anchor t_id="557"/>
<token_anchor t_id="558"/>
<token_anchor t_id="559"/>
<token_anchor t_id="560"/>
<token_anchor t_id="561"/>
<token_anchor t_id="562"/>
<token_anchor t_id="563"/>
<token_anchor t_id="564"/>
</ARGUMENTATIVE>
<ARGUMENTATIVE m_id="25" comment="" conversational-direct="FALSE" conversational-reported="FALSE"  >
<token_anchor t_id="37"/>
<token_anchor t_id="38"/>
<token_anchor t_id="39"/>
<token_anchor t_id="40"/>
<token_anchor t_id="41"/>
<token_anchor t_id="42"/>
<token_anchor t_id="43"/>
<token_anchor t_id="44"/>
<token_anchor t_id="45"/>
<token_anchor t_id="46"/>
<token_anchor t_id="47"/>
<token_anchor t_id="48"/>
<token_anchor t_id="49"/>
<token_anchor t_id="50"/>
<token_anchor t_id="51"/>
<token_anchor t_id="52"/>
<token_anchor t_id="53"/>
<token_anchor t_id="54"/>
<token_anchor t_id="55"/>
</ARGUMENTATIVE>
<ARGUMENTATIVE m_id="58" comment="" conversational-direct="FALSE" conversational-reported="FALSE"  >
<token_anchor t_id="643"/>
<token_anchor t_id="644"/>
<token_anchor t_id="645"/>
<token_anchor t_id="646"/>
<token_anchor t_id="647"/>
<token_anchor t_id="648"/>
<token_anchor t_id="649"/>
<token_anchor t_id="650"/>
<token_anchor t_id="651"/>
<token_anchor t_id="652"/>
<token_anchor t_id="653"/>
<token_anchor t_id="654"/>
<token_anchor t_id="655"/>
<token_anchor t_id="656"/>
<token_anchor t_id="657"/>
</ARGUMENTATIVE>
<ARGUMENTATIVE m_id="27" comment="" conversational-direct="FALSE" conversational-reported="FALSE"  >
<token_anchor t_id="56"/>
<token_anchor t_id="57"/>
<token_anchor t_id="58"/>
<token_anchor t_id="59"/>
<token_anchor t_id="60"/>
<token_anchor t_id="61"/>
<token_anchor t_id="62"/>
<token_anchor t_id="63"/>
<token_anchor t_id="64"/>
<token_anchor t_id="65"/>
<token_anchor t_id="66"/>
<token_anchor t_id="67"/>
<token_anchor t_id="68"/>
<token_anchor t_id="69"/>
<token_anchor t_id="70"/>
<token_anchor t_id="71"/>
<token_anchor t_id="72"/>
<token_anchor t_id="73"/>
<token_anchor t_id="74"/>
<token_anchor t_id="75"/>
<token_anchor t_id="76"/>
<token_anchor t_id="77"/>
<token_anchor t_id="78"/>
<token_anchor t_id="79"/>
<token_anchor t_id="80"/>
<token_anchor t_id="81"/>
<token_anchor t_id="82"/>
<token_anchor t_id="83"/>
<token_anchor t_id="84"/>
<token_anchor t_id="85"/>
<token_anchor t_id="86"/>
<token_anchor t_id="87"/>
<token_anchor t_id="88"/>
</ARGUMENTATIVE>
<ARGUMENTATIVE m_id="28" comment="" conversational-direct="FALSE" conversational-reported="FALSE"  >
<token_anchor t_id="89"/>
<token_anchor t_id="90"/>
<token_anchor t_id="91"/>
<token_anchor t_id="92"/>
<token_anchor t_id="93"/>
<token_anchor t_id="94"/>
<token_anchor t_id="95"/>
<token_anchor t_id="96"/>
<token_anchor t_id="97"/>
<token_anchor t_id="98"/>
<token_anchor t_id="99"/>
<token_anchor t_id="100"/>
</ARGUMENTATIVE>
<ARGUMENTATIVE m_id="61" comment="" conversational-direct="FALSE" conversational-reported="FALSE"  >
<token_anchor t_id="690"/>
<token_anchor t_id="691"/>
<token_anchor t_id="692"/>
<token_anchor t_id="693"/>
<token_anchor t_id="694"/>
<token_anchor t_id="695"/>
<token_anchor t_id="696"/>
<token_anchor t_id="697"/>
<token_anchor t_id="698"/>
<token_anchor t_id="699"/>
<token_anchor t_id="700"/>
<token_anchor t_id="701"/>
<token_anchor t_id="702"/>
<token_anchor t_id="703"/>
<token_anchor t_id="704"/>
<token_anchor t_id="705"/>
<token_anchor t_id="706"/>
<token_anchor t_id="707"/>
<token_anchor t_id="708"/>
<token_anchor t_id="709"/>
</ARGUMENTATIVE>
<ARGUMENTATIVE m_id="29" comment="" conversational-direct="FALSE" conversational-reported="FALSE"  >
<token_anchor t_id="1"/>
<token_anchor t_id="2"/>
<token_anchor t_id="3"/>
<token_anchor t_id="4"/>
<token_anchor t_id="5"/>
<token_anchor t_id="6"/>
<token_anchor t_id="7"/>
<token_anchor t_id="8"/>
<token_anchor t_id="15"/>
<token_anchor t_id="16"/>
<token_anchor t_id="17"/>
<token_anchor t_id="18"/>
<token_anchor t_id="19"/>
<token_anchor t_id="20"/>
<token_anchor t_id="21"/>
<token_anchor t_id="22"/>
<token_anchor t_id="23"/>
<token_anchor t_id="24"/>
<token_anchor t_id="25"/>
</ARGUMENTATIVE>
<ARGUMENTATIVE m_id="31" comment="" conversational-direct="FALSE" conversational-reported="FALSE"  >
<token_anchor t_id="110"/>
<token_anchor t_id="111"/>
<token_anchor t_id="112"/>
<token_anchor t_id="113"/>
<token_anchor t_id="114"/>
<token_anchor t_id="115"/>
<token_anchor t_id="116"/>
<token_anchor t_id="117"/>
<token_anchor t_id="118"/>
<token_anchor t_id="119"/>
<token_anchor t_id="120"/>
<token_anchor t_id="121"/>
<token_anchor t_id="122"/>
<token_anchor t_id="123"/>
<token_anchor t_id="124"/>
<token_anchor t_id="125"/>
<token_anchor t_id="126"/>
<token_anchor t_id="127"/>
<token_anchor t_id="128"/>
<token_anchor t_id="129"/>
<token_anchor t_id="130"/>
<token_anchor t_id="131"/>
<token_anchor t_id="132"/>
</ARGUMENTATIVE>
<DESCRIPTIVE m_id="50" Type="Person" comment="" conversational-direct="FALSE" conversational-reported="FALSE"  >
<token_anchor t_id="388"/>
<token_anchor t_id="389"/>
<token_anchor t_id="390"/>
<token_anchor t_id="391"/>
<token_anchor t_id="392"/>
<token_anchor t_id="393"/>
<token_anchor t_id="394"/>
<token_anchor t_id="395"/>
<token_anchor t_id="396"/>
<token_anchor t_id="397"/>
<token_anchor t_id="398"/>
<token_anchor t_id="399"/>
<token_anchor t_id="400"/>
<token_anchor t_id="401"/>
<token_anchor t_id="402"/>
<token_anchor t_id="403"/>
<token_anchor t_id="404"/>
<token_anchor t_id="405"/>
<token_anchor t_id="406"/>
<token_anchor t_id="407"/>
<token_anchor t_id="408"/>
<token_anchor t_id="409"/>
<token_anchor t_id="410"/>
</DESCRIPTIVE>
<DESCRIPTIVE m_id="51" Type="Other" comment="" conversational-direct="FALSE" conversational-reported="FALSE"  >
<token_anchor t_id="411"/>
<token_anchor t_id="412"/>
<token_anchor t_id="413"/>
<token_anchor t_id="414"/>
<token_anchor t_id="415"/>
<token_anchor t_id="416"/>
<token_anchor t_id="417"/>
<token_anchor t_id="418"/>
<token_anchor t_id="419"/>
<token_anchor t_id="420"/>
<token_anchor t_id="421"/>
<token_anchor t_id="422"/>
<token_anchor t_id="423"/>
<token_anchor t_id="424"/>
<token_anchor t_id="425"/>
<token_anchor t_id="426"/>
<token_anchor t_id="427"/>
<token_anchor t_id="428"/>
<token_anchor t_id="429"/>
<token_anchor t_id="430"/>
<token_anchor t_id="431"/>
<token_anchor t_id="432"/>
<token_anchor t_id="433"/>
<token_anchor t_id="434"/>
<token_anchor t_id="435"/>
<token_anchor t_id="436"/>
<token_anchor t_id="437"/>
<token_anchor t_id="438"/>
<token_anchor t_id="439"/>
<token_anchor t_id="440"/>
</DESCRIPTIVE>
<DESCRIPTIVE m_id="26" Type="Person" comment="" conversational-direct="FALSE" conversational-reported="FALSE"  >
<token_anchor t_id="26"/>
<token_anchor t_id="27"/>
<token_anchor t_id="28"/>
<token_anchor t_id="29"/>
<token_anchor t_id="30"/>
<token_anchor t_id="31"/>
<token_anchor t_id="32"/>
<token_anchor t_id="33"/>
<token_anchor t_id="34"/>
<token_anchor t_id="35"/>
<token_anchor t_id="36"/>
</DESCRIPTIVE>
<DESCRIPTIVE m_id="35" comment="" Type="" conversational-direct="FALSE" conversational-reported="FALSE"  >
<token_anchor t_id="179"/>
<token_anchor t_id="180"/>
<token_anchor t_id="181"/>
<token_anchor t_id="182"/>
<token_anchor t_id="183"/>
<token_anchor t_id="184"/>
<token_anchor t_id="185"/>
<token_anchor t_id="186"/>
<token_anchor t_id="187"/>
<token_anchor t_id="188"/>
<token_anchor t_id="189"/>
<token_anchor t_id="190"/>
<token_anchor t_id="191"/>
<token_anchor t_id="192"/>
<token_anchor t_id="193"/>
<token_anchor t_id="194"/>
</DESCRIPTIVE>
<DESCRIPTIVE m_id="37" Type="Other" comment="" conversational-direct="FALSE" conversational-reported="FALSE"  >
<token_anchor t_id="208"/>
</DESCRIPTIVE>
<DESCRIPTIVE m_id="38" Type="Other" comment="" conversational-direct="FALSE" conversational-reported="FALSE"  >
<token_anchor t_id="209"/>
<token_anchor t_id="210"/>
<token_anchor t_id="211"/>
<token_anchor t_id="212"/>
<token_anchor t_id="213"/>
<token_anchor t_id="214"/>
<token_anchor t_id="215"/>
<token_anchor t_id="216"/>
<token_anchor t_id="217"/>
<token_anchor t_id="218"/>
<token_anchor t_id="219"/>
<token_anchor t_id="220"/>
<token_anchor t_id="221"/>
<token_anchor t_id="222"/>
<token_anchor t_id="223"/>
<token_anchor t_id="224"/>
<token_anchor t_id="225"/>
<token_anchor t_id="226"/>
<token_anchor t_id="227"/>
<token_anchor t_id="228"/>
<token_anchor t_id="229"/>
<token_anchor t_id="230"/>
<token_anchor t_id="231"/>
<token_anchor t_id="232"/>
<token_anchor t_id="233"/>
</DESCRIPTIVE>
<DESCRIPTIVE m_id="39" Type="Other" comment="" conversational-direct="FALSE" conversational-reported="FALSE"  >
<token_anchor t_id="234"/>
<token_anchor t_id="235"/>
<token_anchor t_id="236"/>
<token_anchor t_id="253"/>
<token_anchor t_id="254"/>
<token_anchor t_id="255"/>
<token_anchor t_id="256"/>
<token_anchor t_id="257"/>
<token_anchor t_id="258"/>
<token_anchor t_id="259"/>
<token_anchor t_id="260"/>
<token_anchor t_id="261"/>
<token_anchor t_id="262"/>
</DESCRIPTIVE>
<NARRATIVE m_id="41" Level="Secondary" comment="" conversational-direct="FALSE" conversational-reported="FALSE"  >
<token_anchor t_id="239"/>
<token_anchor t_id="240"/>
<token_anchor t_id="241"/>
<token_anchor t_id="242"/>
<token_anchor t_id="243"/>
<token_anchor t_id="244"/>
<token_anchor t_id="245"/>
<token_anchor t_id="246"/>
<token_anchor t_id="247"/>
<token_anchor t_id="248"/>
<token_anchor t_id="249"/>
<token_anchor t_id="250"/>
<token_anchor t_id="251"/>
<token_anchor t_id="252"/>
</NARRATIVE>
<NARRATIVE m_id="9" Level="Primary" comment="" conversational-direct="FALSE" conversational-reported="TRUE"  >
<token_anchor t_id="624"/>
<token_anchor t_id="625"/>
<token_anchor t_id="626"/>
<token_anchor t_id="627"/>
<token_anchor t_id="628"/>
<token_anchor t_id="629"/>
<token_anchor t_id="630"/>
<token_anchor t_id="631"/>
<token_anchor t_id="632"/>
<token_anchor t_id="633"/>
<token_anchor t_id="634"/>
<token_anchor t_id="635"/>
<token_anchor t_id="636"/>
<token_anchor t_id="637"/>
<token_anchor t_id="638"/>
<token_anchor t_id="639"/>
<token_anchor t_id="640"/>
<token_anchor t_id="641"/>
<token_anchor t_id="642"/>
</NARRATIVE>
<NARRATIVE m_id="42" Level="Primary" comment="" conversational-direct="FALSE" conversational-reported="FALSE"  >
<token_anchor t_id="263"/>
<token_anchor t_id="264"/>
<token_anchor t_id="265"/>
<token_anchor t_id="266"/>
<token_anchor t_id="267"/>
<token_anchor t_id="268"/>
<token_anchor t_id="269"/>
<token_anchor t_id="270"/>
</NARRATIVE>
<NARRATIVE m_id="10" Level="Primary" comment="" conversational-direct="TRUE" conversational-reported="FALSE"  >
<token_anchor t_id="658"/>
<token_anchor t_id="659"/>
<token_anchor t_id="660"/>
<token_anchor t_id="661"/>
<token_anchor t_id="662"/>
<token_anchor t_id="663"/>
<token_anchor t_id="664"/>
</NARRATIVE>
<NARRATIVE m_id="11" Level="Primary" comment="" conversational-direct="TRUE" conversational-reported="FALSE"  >
<token_anchor t_id="665"/>
<token_anchor t_id="666"/>
<token_anchor t_id="667"/>
<token_anchor t_id="668"/>
<token_anchor t_id="669"/>
<token_anchor t_id="670"/>
<token_anchor t_id="671"/>
<token_anchor t_id="672"/>
<token_anchor t_id="673"/>
<token_anchor t_id="674"/>
</NARRATIVE>
<NARRATIVE m_id="44" Level="Primary" comment="" conversational-direct="FALSE" conversational-reported="FALSE"  >
<token_anchor t_id="287"/>
<token_anchor t_id="288"/>
<token_anchor t_id="289"/>
<token_anchor t_id="290"/>
<token_anchor t_id="291"/>
<token_anchor t_id="292"/>
<token_anchor t_id="293"/>
<token_anchor t_id="294"/>
</NARRATIVE>
<NARRATIVE m_id="12" Level="Primary" comment="" conversational-direct="TRUE" conversational-reported="FALSE"  >
<token_anchor t_id="675"/>
<token_anchor t_id="676"/>
<token_anchor t_id="677"/>
<token_anchor t_id="678"/>
<token_anchor t_id="679"/>
</NARRATIVE>
<NARRATIVE m_id="45" Level="Primary" comment="" conversational-direct="FALSE" conversational-reported="FALSE"  >
<token_anchor t_id="295"/>
<token_anchor t_id="296"/>
<token_anchor t_id="297"/>
<token_anchor t_id="298"/>
<token_anchor t_id="299"/>
<token_anchor t_id="300"/>
</NARRATIVE>
<NARRATIVE m_id="13" Level="Primary" comment="" conversational-direct="TRUE" conversational-reported="FALSE"  >
<token_anchor t_id="680"/>
<token_anchor t_id="681"/>
<token_anchor t_id="682"/>
<token_anchor t_id="683"/>
<token_anchor t_id="684"/>
<token_anchor t_id="685"/>
</NARRATIVE>
<NARRATIVE m_id="46" Level="Primary" comment="" conversational-direct="FALSE" conversational-reported="FALSE"  >
<token_anchor t_id="301"/>
<token_anchor t_id="302"/>
<token_anchor t_id="303"/>
<token_anchor t_id="304"/>
<token_anchor t_id="305"/>
<token_anchor t_id="306"/>
</NARRATIVE>
<NARRATIVE m_id="14" Level="Primary" comment="" conversational-direct="TRUE" conversational-reported="FALSE"  >
<token_anchor t_id="320"/>
<token_anchor t_id="321"/>
<token_anchor t_id="322"/>
<token_anchor t_id="323"/>
<token_anchor t_id="324"/>
<token_anchor t_id="325"/>
<token_anchor t_id="326"/>
<token_anchor t_id="327"/>
<token_anchor t_id="328"/>
<token_anchor t_id="329"/>
</NARRATIVE>
<NARRATIVE m_id="47" Level="Primary" comment="" conversational-direct="FALSE" conversational-reported="FALSE"  >
<token_anchor t_id="307"/>
<token_anchor t_id="308"/>
<token_anchor t_id="309"/>
<token_anchor t_id="310"/>
<token_anchor t_id="311"/>
<token_anchor t_id="312"/>
<token_anchor t_id="313"/>
<token_anchor t_id="314"/>
<token_anchor t_id="315"/>
<token_anchor t_id="316"/>
<token_anchor t_id="317"/>
<token_anchor t_id="318"/>
<token_anchor t_id="319"/>
</NARRATIVE>
<NARRATIVE m_id="15" Level="Primary" comment="" conversational-direct="FALSE" conversational-reported="FALSE"  >
<token_anchor t_id="719"/>
<token_anchor t_id="720"/>
<token_anchor t_id="721"/>
<token_anchor t_id="722"/>
</NARRATIVE>
<NARRATIVE m_id="48" Level="Primary" comment="" conversational-direct="TRUE" conversational-reported="FALSE"  >
<token_anchor t_id="330"/>
<token_anchor t_id="331"/>
<token_anchor t_id="332"/>
</NARRATIVE>
<NARRATIVE m_id="16" Level="Primary" comment="" conversational-direct="FALSE" conversational-reported="FALSE"  >
<token_anchor t_id="723"/>
<token_anchor t_id="724"/>
<token_anchor t_id="725"/>
<token_anchor t_id="726"/>
<token_anchor t_id="727"/>
<token_anchor t_id="728"/>
</NARRATIVE>
<NARRATIVE m_id="49" Level="Primary" comment="" conversational-direct="FALSE" conversational-reported="TRUE"  >
<token_anchor t_id="360"/>
<token_anchor t_id="361"/>
<token_anchor t_id="362"/>
<token_anchor t_id="363"/>
<token_anchor t_id="364"/>
<token_anchor t_id="365"/>
<token_anchor t_id="366"/>
<token_anchor t_id="367"/>
</NARRATIVE>
<NARRATIVE m_id="17" Level="Primary" comment="" conversational-direct="FALSE" conversational-reported="FALSE"  >
<token_anchor t_id="458"/>
<token_anchor t_id="459"/>
<token_anchor t_id="460"/>
<token_anchor t_id="461"/>
<token_anchor t_id="462"/>
<token_anchor t_id="473"/>
<token_anchor t_id="474"/>
<token_anchor t_id="475"/>
<token_anchor t_id="476"/>
<token_anchor t_id="477"/>
<token_anchor t_id="478"/>
<token_anchor t_id="479"/>
<token_anchor t_id="480"/>
<token_anchor t_id="481"/>
<token_anchor t_id="482"/>
<token_anchor t_id="483"/>
</NARRATIVE>
<NARRATIVE m_id="18" Level="" comment="" conversational-direct="FALSE" conversational-reported="FALSE"  >
<token_anchor t_id="484"/>
<token_anchor t_id="485"/>
<token_anchor t_id="486"/>
<token_anchor t_id="487"/>
<token_anchor t_id="488"/>
<token_anchor t_id="489"/>
<token_anchor t_id="490"/>
<token_anchor t_id="491"/>
<token_anchor t_id="492"/>
<token_anchor t_id="493"/>
<token_anchor t_id="494"/>
<token_anchor t_id="495"/>
<token_anchor t_id="496"/>
<token_anchor t_id="497"/>
<token_anchor t_id="498"/>
<token_anchor t_id="499"/>
<token_anchor t_id="500"/>
</NARRATIVE>
<NARRATIVE m_id="53" Level="Primary" comment="" conversational-direct="TRUE" conversational-reported="FALSE"  >
<token_anchor t_id="501"/>
<token_anchor t_id="502"/>
<token_anchor t_id="503"/>
</NARRATIVE>
<NARRATIVE m_id="54" Level="Primary" comment="" conversational-direct="TRUE" conversational-reported="FALSE"  >
<token_anchor t_id="504"/>
<token_anchor t_id="505"/>
<token_anchor t_id="506"/>
<token_anchor t_id="507"/>
<token_anchor t_id="508"/>
<token_anchor t_id="509"/>
<token_anchor t_id="510"/>
<token_anchor t_id="511"/>
<token_anchor t_id="512"/>
<token_anchor t_id="513"/>
<token_anchor t_id="514"/>
<token_anchor t_id="515"/>
<token_anchor t_id="516"/>
</NARRATIVE>
<NARRATIVE m_id="55" Level="" comment="" conversational-direct="FALSE" conversational-reported="FALSE"  >
<token_anchor t_id="535"/>
<token_anchor t_id="536"/>
<token_anchor t_id="537"/>
<token_anchor t_id="538"/>
</NARRATIVE>
<NARRATIVE m_id="24" Level="" comment="" conversational-direct="FALSE" conversational-reported="FALSE"  >
<token_anchor t_id="9"/>
<token_anchor t_id="10"/>
<token_anchor t_id="11"/>
<token_anchor t_id="12"/>
<token_anchor t_id="13"/>
<token_anchor t_id="14"/>
</NARRATIVE>
<NARRATIVE m_id="59" Level="Primary" comment="" conversational-direct="FALSE" conversational-reported="FALSE"  >
<token_anchor t_id="596"/>
<token_anchor t_id="597"/>
<token_anchor t_id="598"/>
<token_anchor t_id="599"/>
</NARRATIVE>
<NARRATIVE m_id="60" Level="Primary" comment="" conversational-direct="FALSE" conversational-reported="FALSE"  >
<token_anchor t_id="600"/>
<token_anchor t_id="601"/>
<token_anchor t_id="602"/>
<token_anchor t_id="603"/>
<token_anchor t_id="604"/>
<token_anchor t_id="605"/>
<token_anchor t_id="606"/>
</NARRATIVE>
<NARRATIVE m_id="62" Level="Primary" comment="" conversational-direct="FALSE" conversational-reported="FALSE"  >
<token_anchor t_id="710"/>
<token_anchor t_id="711"/>
<token_anchor t_id="712"/>
<token_anchor t_id="713"/>
<token_anchor t_id="714"/>
<token_anchor t_id="715"/>
<token_anchor t_id="716"/>
<token_anchor t_id="717"/>
<token_anchor t_id="718"/>
</NARRATIVE>
<NARRATIVE m_id="30" Level="Primary" comment="" conversational-direct="FALSE" conversational-reported="FALSE"  >
<token_anchor t_id="101"/>
<token_anchor t_id="102"/>
<token_anchor t_id="103"/>
<token_anchor t_id="109"/>
</NARRATIVE>
<NARRATIVE m_id="32" Level="Primary" comment="" conversational-direct="FALSE" conversational-reported="FALSE"  >
<token_anchor t_id="133"/>
<token_anchor t_id="134"/>
<token_anchor t_id="135"/>
<token_anchor t_id="136"/>
<token_anchor t_id="137"/>
<token_anchor t_id="138"/>
<token_anchor t_id="139"/>
<token_anchor t_id="140"/>
<token_anchor t_id="141"/>
<token_anchor t_id="142"/>
<token_anchor t_id="143"/>
<token_anchor t_id="144"/>
<token_anchor t_id="145"/>
<token_anchor t_id="146"/>
<token_anchor t_id="147"/>
<token_anchor t_id="148"/>
<token_anchor t_id="149"/>
<token_anchor t_id="150"/>
<token_anchor t_id="151"/>
<token_anchor t_id="152"/>
<token_anchor t_id="153"/>
<token_anchor t_id="154"/>
<token_anchor t_id="155"/>
<token_anchor t_id="156"/>
<token_anchor t_id="157"/>
<token_anchor t_id="158"/>
<token_anchor t_id="159"/>
<token_anchor t_id="160"/>
<token_anchor t_id="161"/>
<token_anchor t_id="162"/>
<token_anchor t_id="163"/>
<token_anchor t_id="164"/>
</NARRATIVE>
<NARRATIVE m_id="1" Level="Primary" comment="" conversational-direct="FALSE" conversational-reported="FALSE"  >
<token_anchor t_id="607"/>
<token_anchor t_id="608"/>
<token_anchor t_id="609"/>
<token_anchor t_id="610"/>
<token_anchor t_id="611"/>
<token_anchor t_id="612"/>
<token_anchor t_id="613"/>
<token_anchor t_id="614"/>
<token_anchor t_id="615"/>
</NARRATIVE>
<NARRATIVE m_id="33" Level="Primary" comment="" conversational-direct="FALSE" conversational-reported="FALSE"  >
<token_anchor t_id="104"/>
<token_anchor t_id="105"/>
<token_anchor t_id="106"/>
<token_anchor t_id="107"/>
<token_anchor t_id="108"/>
</NARRATIVE>
<NARRATIVE m_id="2" Level="Primary" comment="" conversational-direct="TRUE" conversational-reported="FALSE"  >
<token_anchor t_id="686"/>
<token_anchor t_id="687"/>
<token_anchor t_id="688"/>
</NARRATIVE>
<NARRATIVE m_id="34" Level="Secondary" comment="" conversational-direct="FALSE" conversational-reported="FALSE"  >
<token_anchor t_id="172"/>
<token_anchor t_id="173"/>
<token_anchor t_id="174"/>
<token_anchor t_id="175"/>
<token_anchor t_id="176"/>
</NARRATIVE>
<NARRATIVE m_id="3" Level="" comment="" conversational-direct="FALSE" conversational-reported="FALSE"  >
<token_anchor t_id="340"/>
<token_anchor t_id="341"/>
<token_anchor t_id="342"/>
<token_anchor t_id="343"/>
<token_anchor t_id="344"/>
<token_anchor t_id="345"/>
<token_anchor t_id="346"/>
<token_anchor t_id="347"/>
<token_anchor t_id="348"/>
<token_anchor t_id="349"/>
<token_anchor t_id="350"/>
<token_anchor t_id="351"/>
<token_anchor t_id="352"/>
<token_anchor t_id="353"/>
<token_anchor t_id="354"/>
<token_anchor t_id="355"/>
<token_anchor t_id="356"/>
<token_anchor t_id="357"/>
<token_anchor t_id="358"/>
<token_anchor t_id="359"/>
</NARRATIVE>
<NARRATIVE m_id="4" Level="Primary" comment="" conversational-direct="FALSE" conversational-reported="FALSE"  >
<token_anchor t_id="368"/>
<token_anchor t_id="369"/>
<token_anchor t_id="370"/>
</NARRATIVE>
<NARRATIVE m_id="36" Level="" comment="" conversational-direct="FALSE" conversational-reported="FALSE"  >
<token_anchor t_id="165"/>
<token_anchor t_id="166"/>
<token_anchor t_id="167"/>
<token_anchor t_id="168"/>
<token_anchor t_id="169"/>
<token_anchor t_id="170"/>
<token_anchor t_id="171"/>
</NARRATIVE>
<NARRATIVE m_id="5" Level="" comment="" conversational-direct="FALSE" conversational-reported="FALSE"  >
<token_anchor t_id="517"/>
<token_anchor t_id="518"/>
<token_anchor t_id="519"/>
<token_anchor t_id="520"/>
<token_anchor t_id="521"/>
<token_anchor t_id="522"/>
<token_anchor t_id="523"/>
<token_anchor t_id="524"/>
<token_anchor t_id="525"/>
<token_anchor t_id="526"/>
<token_anchor t_id="527"/>
<token_anchor t_id="528"/>
<token_anchor t_id="529"/>
<token_anchor t_id="530"/>
<token_anchor t_id="531"/>
<token_anchor t_id="532"/>
<token_anchor t_id="533"/>
<token_anchor t_id="534"/>
</NARRATIVE>
<NARRATIVE m_id="6" Level="Primary" comment="" conversational-direct="FALSE" conversational-reported="FALSE"  >
<token_anchor t_id="565"/>
<token_anchor t_id="566"/>
<token_anchor t_id="567"/>
</NARRATIVE>
<NARRATIVE m_id="7" Level="Primary" comment="" conversational-direct="FALSE" conversational-reported="TRUE"  >
<token_anchor t_id="568"/>
<token_anchor t_id="569"/>
<token_anchor t_id="570"/>
<token_anchor t_id="571"/>
<token_anchor t_id="572"/>
<token_anchor t_id="573"/>
<token_anchor t_id="574"/>
<token_anchor t_id="575"/>
<token_anchor t_id="576"/>
<token_anchor t_id="577"/>
<token_anchor t_id="578"/>
<token_anchor t_id="579"/>
<token_anchor t_id="580"/>
<token_anchor t_id="581"/>
<token_anchor t_id="582"/>
<token_anchor t_id="583"/>
<token_anchor t_id="584"/>
<token_anchor t_id="585"/>
<token_anchor t_id="586"/>
<token_anchor t_id="587"/>
<token_anchor t_id="588"/>
<token_anchor t_id="589"/>
<token_anchor t_id="590"/>
<token_anchor t_id="591"/>
<token_anchor t_id="592"/>
<token_anchor t_id="593"/>
<token_anchor t_id="594"/>
<token_anchor t_id="595"/>
</NARRATIVE>
<NARRATIVE m_id="40" Level="Secondary" comment="" conversational-direct="FALSE" conversational-reported="FALSE"  >
<token_anchor t_id="237"/>
<token_anchor t_id="238"/>
</NARRATIVE>
<NARRATIVE m_id="8" Level="Primary" comment="" conversational-direct="FALSE" conversational-reported="TRUE"  >
<token_anchor t_id="616"/>
<token_anchor t_id="617"/>
<token_anchor t_id="618"/>
<token_anchor t_id="619"/>
<token_anchor t_id="620"/>
<token_anchor t_id="621"/>
<token_anchor t_id="622"/>
<token_anchor t_id="623"/>
</NARRATIVE>


</Markables>

<Relations>
</Relations>
</Document>
