<Document doc_name="nyt_20130321_sarkozy">
<token t_id="1" sentence="0" number="0">Former</token>
<token t_id="2" sentence="0" number="1">President</token>
<token t_id="3" sentence="0" number="2">Nicolas</token>
<token t_id="4" sentence="0" number="3">Sarkozy</token>
<token t_id="5" sentence="0" number="4">was</token>
<token t_id="6" sentence="0" number="5">informed</token>
<token t_id="7" sentence="0" number="6">Thursday</token>
<token t_id="8" sentence="0" number="7">that</token>
<token t_id="9" sentence="0" number="8">he</token>
<token t_id="10" sentence="0" number="9">would</token>
<token t_id="11" sentence="0" number="10">face</token>
<token t_id="12" sentence="0" number="11">a</token>
<token t_id="13" sentence="0" number="12">formal</token>
<token t_id="14" sentence="0" number="13">investigation</token>
<token t_id="15" sentence="0" number="14">into</token>
<token t_id="16" sentence="0" number="15">whether</token>
<token t_id="17" sentence="0" number="16">he</token>
<token t_id="18" sentence="0" number="17">abused</token>
<token t_id="19" sentence="0" number="18">the</token>
<token t_id="20" sentence="0" number="19">frailty</token>
<token t_id="21" sentence="0" number="20">of</token>
<token t_id="22" sentence="0" number="21">Liliane</token>
<token t_id="23" sentence="0" number="22">Bettencourt</token>
<token t_id="24" sentence="0" number="23">,</token>
<token t_id="25" sentence="0" number="24">90</token>
<token t_id="26" sentence="0" number="25">,</token>
<token t_id="27" sentence="0" number="26">the</token>
<token t_id="28" sentence="0" number="27">heiress</token>
<token t_id="29" sentence="0" number="28">to</token>
<token t_id="30" sentence="0" number="29">the</token>
<token t_id="31" sentence="0" number="30">L'Oreal</token>
<token t_id="32" sentence="0" number="31">fortune</token>
<token t_id="33" sentence="0" number="32">and</token>
<token t_id="34" sentence="0" number="33">France</token>
<token t_id="35" sentence="0" number="34">'s</token>
<token t_id="36" sentence="0" number="35">richest</token>
<token t_id="37" sentence="0" number="36">woman</token>
<token t_id="38" sentence="0" number="37">,</token>
<token t_id="39" sentence="0" number="38">to</token>
<token t_id="40" sentence="0" number="39">get</token>
<token t_id="41" sentence="0" number="40">funds</token>
<token t_id="42" sentence="0" number="41">for</token>
<token t_id="43" sentence="0" number="42">his</token>
<token t_id="44" sentence="0" number="43">2007</token>
<token t_id="45" sentence="0" number="44">presidential</token>
<token t_id="46" sentence="0" number="45">campaign</token>
<token t_id="47" sentence="0" number="46">.</token>
<token t_id="48" sentence="1" number="47">Mr.</token>
<token t_id="49" sentence="1" number="48">Sarkozy</token>
<token t_id="50" sentence="1" number="49">has</token>
<token t_id="51" sentence="1" number="50">denied</token>
<token t_id="52" sentence="1" number="51">accepting</token>
<token t_id="53" sentence="1" number="52">illegal</token>
<token t_id="54" sentence="1" number="53">campaign</token>
<token t_id="55" sentence="1" number="54">funds</token>
<token t_id="56" sentence="1" number="55">from</token>
<token t_id="57" sentence="1" number="56">Ms.</token>
<token t_id="58" sentence="1" number="57">Bettencourt</token>
<token t_id="59" sentence="1" number="58">,</token>
<token t_id="60" sentence="1" number="59">either</token>
<token t_id="61" sentence="1" number="60">personally</token>
<token t_id="62" sentence="1" number="61">or</token>
<token t_id="63" sentence="1" number="62">through</token>
<token t_id="64" sentence="1" number="63">his</token>
<token t_id="65" sentence="1" number="64">party</token>
<token t_id="66" sentence="1" number="65">treasurer</token>
<token t_id="67" sentence="1" number="66">at</token>
<token t_id="68" sentence="1" number="67">the</token>
<token t_id="69" sentence="1" number="68">time</token>
<token t_id="70" sentence="1" number="69">,</token>
<token t_id="71" sentence="1" number="70">Eric</token>
<token t_id="72" sentence="1" number="71">Woerth</token>
<token t_id="73" sentence="1" number="72">,</token>
<token t_id="74" sentence="1" number="73">as</token>
<token t_id="75" sentence="1" number="74">alleged</token>
<token t_id="76" sentence="1" number="75">by</token>
<token t_id="77" sentence="1" number="76">her</token>
<token t_id="78" sentence="1" number="77">former</token>
<token t_id="79" sentence="1" number="78">butler</token>
<token t_id="80" sentence="1" number="79">.</token>
<token t_id="81" sentence="2" number="80">Mr.</token>
<token t_id="82" sentence="2" number="81">Sarkozy</token>
<token t_id="83" sentence="2" number="82">'s</token>
<token t_id="84" sentence="2" number="83">lawyer</token>
<token t_id="85" sentence="2" number="84">,</token>
<token t_id="86" sentence="2" number="85">Thierry</token>
<token t_id="87" sentence="2" number="86">Herzog</token>
<token t_id="88" sentence="2" number="87">,</token>
<token t_id="89" sentence="2" number="88">called</token>
<token t_id="90" sentence="2" number="89">the</token>
<token t_id="91" sentence="2" number="90">judge</token>
<token t_id="92" sentence="2" number="91">'s</token>
<token t_id="93" sentence="2" number="92">decision</token>
<token t_id="94" sentence="2" number="93">,</token>
<token t_id="95" sentence="2" number="94">which</token>
<token t_id="96" sentence="2" number="95">indicates</token>
<token t_id="97" sentence="2" number="96">that</token>
<token t_id="98" sentence="2" number="97">the</token>
<token t_id="99" sentence="2" number="98">judge</token>
<token t_id="100" sentence="2" number="99">believes</token>
<token t_id="101" sentence="2" number="100">that</token>
<token t_id="102" sentence="2" number="101">Mr.</token>
<token t_id="103" sentence="2" number="102">Sarkozy</token>
<token t_id="104" sentence="2" number="103">probably</token>
<token t_id="105" sentence="2" number="104">committed</token>
<token t_id="106" sentence="2" number="105">a</token>
<token t_id="107" sentence="2" number="106">crime</token>
<token t_id="108" sentence="2" number="107">,</token>
<token t_id="109" sentence="2" number="108">``</token>
<token t_id="110" sentence="2" number="109">incoherent</token>
<token t_id="111" sentence="2" number="110">''</token>
<token t_id="112" sentence="2" number="111">and</token>
<token t_id="113" sentence="2" number="112">``</token>
<token t_id="114" sentence="2" number="113">unjust</token>
<token t_id="115" sentence="2" number="114">.</token>
<token t_id="116" sentence="2" number="115">''</token>
<token t_id="117" sentence="3" number="116">The</token>
<token t_id="118" sentence="3" number="117">lawyer</token>
<token t_id="119" sentence="3" number="118">said</token>
<token t_id="120" sentence="3" number="119">he</token>
<token t_id="121" sentence="3" number="120">would</token>
<token t_id="122" sentence="3" number="121">appeal</token>
<token t_id="123" sentence="3" number="122">.</token>
<token t_id="124" sentence="4" number="123">The</token>
<token t_id="125" sentence="4" number="124">ruling</token>
<token t_id="126" sentence="4" number="125">does</token>
<token t_id="127" sentence="4" number="126">not</token>
<token t_id="128" sentence="4" number="127">necessarily</token>
<token t_id="129" sentence="4" number="128">mean</token>
<token t_id="130" sentence="4" number="129">that</token>
<token t_id="131" sentence="4" number="130">Mr.</token>
<token t_id="132" sentence="4" number="131">Sarkozy</token>
<token t_id="133" sentence="4" number="132">,</token>
<token t_id="134" sentence="4" number="133">who</token>
<token t_id="135" sentence="4" number="134">lost</token>
<token t_id="136" sentence="4" number="135">his</token>
<token t_id="137" sentence="4" number="136">re-election</token>
<token t_id="138" sentence="4" number="137">bid</token>
<token t_id="139" sentence="4" number="138">last</token>
<token t_id="140" sentence="4" number="139">May</token>
<token t_id="141" sentence="4" number="140">and</token>
<token t_id="142" sentence="4" number="141">with</token>
<token t_id="143" sentence="4" number="142">it</token>
<token t_id="144" sentence="4" number="143">his</token>
<token t_id="145" sentence="4" number="144">presidential</token>
<token t_id="146" sentence="4" number="145">immunity</token>
<token t_id="147" sentence="4" number="146">from</token>
<token t_id="148" sentence="4" number="147">prosecution</token>
<token t_id="149" sentence="4" number="148">,</token>
<token t_id="150" sentence="4" number="149">will</token>
<token t_id="151" sentence="4" number="150">stand</token>
<token t_id="152" sentence="4" number="151">trial</token>
<token t_id="153" sentence="4" number="152">.</token>


<Markables>
<ARGUMENTATIVE m_id="13" comment="" conversational-direct="FALSE" conversational-reported="FALSE"  >
<token_anchor t_id="81"/>
<token_anchor t_id="82"/>
<token_anchor t_id="83"/>
<token_anchor t_id="84"/>
<token_anchor t_id="85"/>
<token_anchor t_id="86"/>
<token_anchor t_id="87"/>
<token_anchor t_id="88"/>
<token_anchor t_id="89"/>
<token_anchor t_id="90"/>
<token_anchor t_id="91"/>
<token_anchor t_id="92"/>
<token_anchor t_id="93"/>
<token_anchor t_id="94"/>
<token_anchor t_id="109"/>
<token_anchor t_id="110"/>
<token_anchor t_id="111"/>
<token_anchor t_id="112"/>
<token_anchor t_id="113"/>
<token_anchor t_id="114"/>
<token_anchor t_id="115"/>
<token_anchor t_id="116"/>
</ARGUMENTATIVE>
<NARRATIVE m_id="9" Level="Primary" comment="" conversational-direct="FALSE" conversational-reported="TRUE"  >
<token_anchor t_id="8"/>
<token_anchor t_id="9"/>
<token_anchor t_id="10"/>
<token_anchor t_id="11"/>
<token_anchor t_id="12"/>
<token_anchor t_id="13"/>
<token_anchor t_id="14"/>
</NARRATIVE>
<NARRATIVE m_id="10" Level="Primary" comment="" conversational-direct="FALSE" conversational-reported="TRUE"  >
<token_anchor t_id="39"/>
<token_anchor t_id="40"/>
<token_anchor t_id="41"/>
<token_anchor t_id="42"/>
<token_anchor t_id="43"/>
<token_anchor t_id="44"/>
<token_anchor t_id="45"/>
<token_anchor t_id="46"/>
<token_anchor t_id="47"/>
</NARRATIVE>
<NARRATIVE m_id="12" Level="Primary" comment="" conversational-direct="FALSE" conversational-reported="FALSE"  >
<token_anchor t_id="130"/>
<token_anchor t_id="131"/>
<token_anchor t_id="132"/>
<token_anchor t_id="133"/>
<token_anchor t_id="150"/>
<token_anchor t_id="151"/>
<token_anchor t_id="152"/>
<token_anchor t_id="153"/>
</NARRATIVE>
<NARRATIVE m_id="15" Level="Primary" comment="" conversational-direct="FALSE" conversational-reported="FALSE"  >
<token_anchor t_id="97"/>
<token_anchor t_id="98"/>
<token_anchor t_id="99"/>
<token_anchor t_id="100"/>
</NARRATIVE>
<NARRATIVE m_id="16" Level="Primary" comment="" conversational-direct="FALSE" conversational-reported="FALSE"  >
<token_anchor t_id="101"/>
<token_anchor t_id="102"/>
<token_anchor t_id="103"/>
<token_anchor t_id="104"/>
<token_anchor t_id="105"/>
<token_anchor t_id="106"/>
<token_anchor t_id="107"/>
<token_anchor t_id="108"/>
</NARRATIVE>
<NARRATIVE m_id="1" Level="" comment="" conversational-direct="FALSE" conversational-reported="FALSE"  >
<token_anchor t_id="48"/>
<token_anchor t_id="49"/>
<token_anchor t_id="50"/>
<token_anchor t_id="51"/>
</NARRATIVE>
<NARRATIVE m_id="2" Level="Primary" comment="" conversational-direct="FALSE" conversational-reported="FALSE"  >
<token_anchor t_id="117"/>
<token_anchor t_id="118"/>
<token_anchor t_id="119"/>
</NARRATIVE>
<NARRATIVE m_id="3" Level="Primary" comment="" conversational-direct="FALSE" conversational-reported="FALSE"  >
<token_anchor t_id="74"/>
<token_anchor t_id="75"/>
<token_anchor t_id="76"/>
<token_anchor t_id="77"/>
<token_anchor t_id="78"/>
<token_anchor t_id="79"/>
<token_anchor t_id="80"/>
</NARRATIVE>
<NARRATIVE m_id="4" Level="Primary" comment="" conversational-direct="FALSE" conversational-reported="TRUE"  >
<token_anchor t_id="52"/>
<token_anchor t_id="53"/>
<token_anchor t_id="54"/>
<token_anchor t_id="55"/>
<token_anchor t_id="56"/>
<token_anchor t_id="57"/>
<token_anchor t_id="58"/>
<token_anchor t_id="59"/>
<token_anchor t_id="60"/>
<token_anchor t_id="61"/>
<token_anchor t_id="62"/>
<token_anchor t_id="63"/>
<token_anchor t_id="64"/>
<token_anchor t_id="65"/>
<token_anchor t_id="66"/>
<token_anchor t_id="67"/>
<token_anchor t_id="68"/>
<token_anchor t_id="69"/>
<token_anchor t_id="70"/>
<token_anchor t_id="71"/>
<token_anchor t_id="72"/>
<token_anchor t_id="73"/>
</NARRATIVE>
<NARRATIVE m_id="5" Level="Primary" comment="" conversational-direct="FALSE" conversational-reported="FALSE"  >
<token_anchor t_id="134"/>
<token_anchor t_id="135"/>
<token_anchor t_id="136"/>
<token_anchor t_id="137"/>
<token_anchor t_id="138"/>
<token_anchor t_id="139"/>
<token_anchor t_id="140"/>
<token_anchor t_id="141"/>
<token_anchor t_id="142"/>
<token_anchor t_id="143"/>
<token_anchor t_id="144"/>
<token_anchor t_id="145"/>
<token_anchor t_id="146"/>
<token_anchor t_id="147"/>
<token_anchor t_id="148"/>
<token_anchor t_id="149"/>
</NARRATIVE>
<NARRATIVE m_id="6" Level="Primary" comment="" conversational-direct="FALSE" conversational-reported="TRUE"  >
<token_anchor t_id="120"/>
<token_anchor t_id="121"/>
<token_anchor t_id="122"/>
</NARRATIVE>
<NARRATIVE m_id="7" Level="Primary" comment="" conversational-direct="FALSE" conversational-reported="TRUE"  >
<token_anchor t_id="15"/>
<token_anchor t_id="16"/>
<token_anchor t_id="17"/>
<token_anchor t_id="18"/>
<token_anchor t_id="19"/>
<token_anchor t_id="20"/>
<token_anchor t_id="21"/>
<token_anchor t_id="22"/>
<token_anchor t_id="23"/>
<token_anchor t_id="24"/>
<token_anchor t_id="25"/>
<token_anchor t_id="26"/>
<token_anchor t_id="27"/>
<token_anchor t_id="28"/>
<token_anchor t_id="29"/>
<token_anchor t_id="30"/>
<token_anchor t_id="31"/>
<token_anchor t_id="32"/>
<token_anchor t_id="33"/>
<token_anchor t_id="34"/>
<token_anchor t_id="35"/>
<token_anchor t_id="36"/>
<token_anchor t_id="37"/>
<token_anchor t_id="38"/>
</NARRATIVE>
<NARRATIVE m_id="8" Level="Primary" comment="" conversational-direct="FALSE" conversational-reported="FALSE"  >
<token_anchor t_id="1"/>
<token_anchor t_id="2"/>
<token_anchor t_id="3"/>
<token_anchor t_id="4"/>
<token_anchor t_id="5"/>
<token_anchor t_id="6"/>
<token_anchor t_id="7"/>
</NARRATIVE>
<OTHER m_id="11" comment="" type="" conversational-direct="FALSE" conversational-reported="FALSE"  >
<token_anchor t_id="124"/>
<token_anchor t_id="125"/>
<token_anchor t_id="126"/>
<token_anchor t_id="127"/>
<token_anchor t_id="128"/>
<token_anchor t_id="129"/>
</OTHER>
<OTHER m_id="14" comment="" type="" conversational-direct="FALSE" conversational-reported="FALSE"  >
<token_anchor t_id="95"/>
<token_anchor t_id="96"/>
</OTHER>


</Markables>

<Relations>
</Relations>
</Document>
