<Document doc_name="nyt_20130321_women_senate">
<token t_id="1" sentence="0" number="0">An</token>
<token t_id="2" sentence="0" number="1">hour</token>
<token t_id="3" sentence="0" number="2">before</token>
<token t_id="4" sentence="0" number="3">her</token>
<token t_id="5" sentence="0" number="4">colleagues</token>
<token t_id="6" sentence="0" number="5">gathered</token>
<token t_id="7" sentence="0" number="6">for</token>
<token t_id="8" sentence="0" number="7">their</token>
<token t_id="9" sentence="0" number="8">first</token>
<token t_id="10" sentence="0" number="9">vote</token>
<token t_id="11" sentence="0" number="10">of</token>
<token t_id="12" sentence="0" number="11">a</token>
<token t_id="13" sentence="0" number="12">new</token>
<token t_id="14" sentence="0" number="13">Congress</token>
<token t_id="15" sentence="0" number="14">,</token>
<token t_id="16" sentence="0" number="15">Senator</token>
<token t_id="17" sentence="0" number="16">Kelly</token>
<token t_id="18" sentence="0" number="17">Ayotte</token>
<token t_id="19" sentence="0" number="18">slipped</token>
<token t_id="20" sentence="0" number="19">into</token>
<token t_id="21" sentence="0" number="20">an</token>
<token t_id="22" sentence="0" number="21">empty</token>
<token t_id="23" sentence="0" number="22">Senate</token>
<token t_id="24" sentence="0" number="23">chamber</token>
<token t_id="25" sentence="0" number="24">to</token>
<token t_id="26" sentence="0" number="25">savor</token>
<token t_id="27" sentence="0" number="26">the</token>
<token t_id="28" sentence="0" number="27">grandeur</token>
<token t_id="29" sentence="0" number="28">of</token>
<token t_id="30" sentence="0" number="29">her</token>
<token t_id="31" sentence="0" number="30">legislative</token>
<token t_id="32" sentence="0" number="31">home</token>
<token t_id="33" sentence="0" number="32">.</token>
<token t_id="34" sentence="1" number="33">As</token>
<token t_id="35" sentence="1" number="34">Ms.</token>
<token t_id="36" sentence="1" number="35">Ayotte</token>
<token t_id="37" sentence="1" number="36">,</token>
<token t_id="38" sentence="1" number="37">a</token>
<token t_id="39" sentence="1" number="38">freshman</token>
<token t_id="40" sentence="1" number="39">Republican</token>
<token t_id="41" sentence="1" number="40">from</token>
<token t_id="42" sentence="1" number="41">New</token>
<token t_id="43" sentence="1" number="42">Hampshire</token>
<token t_id="44" sentence="1" number="43">,</token>
<token t_id="45" sentence="1" number="44">sat</token>
<token t_id="46" sentence="1" number="45">down</token>
<token t_id="47" sentence="1" number="46">at</token>
<token t_id="48" sentence="1" number="47">the</token>
<token t_id="49" sentence="1" number="48">wooden</token>
<token t_id="50" sentence="1" number="49">desk</token>
<token t_id="51" sentence="1" number="50">where</token>
<token t_id="52" sentence="1" number="51">generations</token>
<token t_id="53" sentence="1" number="52">of</token>
<token t_id="54" sentence="1" number="53">lawmakers</token>
<token t_id="55" sentence="1" number="54">from</token>
<token t_id="56" sentence="1" number="55">her</token>
<token t_id="57" sentence="1" number="56">state</token>
<token t_id="58" sentence="1" number="57">had</token>
<token t_id="59" sentence="1" number="58">cast</token>
<token t_id="60" sentence="1" number="59">their</token>
<token t_id="61" sentence="1" number="60">votes</token>
<token t_id="62" sentence="1" number="61">,</token>
<token t_id="63" sentence="1" number="62">a</token>
<token t_id="64" sentence="1" number="63">doorman</token>
<token t_id="65" sentence="1" number="64">marched</token>
<token t_id="66" sentence="1" number="65">toward</token>
<token t_id="67" sentence="1" number="66">her</token>
<token t_id="68" sentence="1" number="67">with</token>
<token t_id="69" sentence="1" number="68">purpose</token>
<token t_id="70" sentence="1" number="69">.</token>
<token t_id="71" sentence="2" number="70">The</token>
<token t_id="72" sentence="2" number="71">desks</token>
<token t_id="73" sentence="2" number="72">,</token>
<token t_id="74" sentence="2" number="73">he</token>
<token t_id="75" sentence="2" number="74">sternly</token>
<token t_id="76" sentence="2" number="75">told</token>
<token t_id="77" sentence="2" number="76">her</token>
<token t_id="78" sentence="2" number="77">,</token>
<token t_id="79" sentence="2" number="78">were</token>
<token t_id="80" sentence="2" number="79">for</token>
<token t_id="81" sentence="2" number="80">senators</token>
<token t_id="82" sentence="2" number="81">only</token>
<token t_id="83" sentence="2" number="82">.</token>
<token t_id="84" sentence="3" number="83">Ms.</token>
<token t_id="85" sentence="3" number="84">Ayotte</token>
<token t_id="86" sentence="3" number="85">'s</token>
<token t_id="87" sentence="3" number="86">induction</token>
<token t_id="88" sentence="3" number="87">that</token>
<token t_id="89" sentence="3" number="88">January</token>
<token t_id="90" sentence="3" number="89">day</token>
<token t_id="91" sentence="3" number="90">in</token>
<token t_id="92" sentence="3" number="91">2011</token>
<token t_id="93" sentence="3" number="92">into</token>
<token t_id="94" sentence="3" number="93">the</token>
<token t_id="95" sentence="3" number="94">most</token>
<token t_id="96" sentence="3" number="95">rarefied</token>
<token t_id="97" sentence="3" number="96">ranks</token>
<token t_id="98" sentence="3" number="97">of</token>
<token t_id="99" sentence="3" number="98">the</token>
<token t_id="100" sentence="3" number="99">nation</token>
<token t_id="101" sentence="3" number="100">'s</token>
<token t_id="102" sentence="3" number="101">political</token>
<token t_id="103" sentence="3" number="102">class</token>
<token t_id="104" sentence="3" number="103">,</token>
<token t_id="105" sentence="3" number="104">female</token>
<token t_id="106" sentence="3" number="105">senators</token>
<token t_id="107" sentence="3" number="106">,</token>
<token t_id="108" sentence="3" number="107">had</token>
<token t_id="109" sentence="3" number="108">begun</token>
<token t_id="110" sentence="3" number="109">.</token>
<token t_id="111" sentence="4" number="110">``</token>
<token t_id="112" sentence="4" number="111">The</token>
<token t_id="113" sentence="4" number="112">desk</token>
<token t_id="114" sentence="4" number="113">thing</token>
<token t_id="115" sentence="4" number="114">really</token>
<token t_id="116" sentence="4" number="115">stuck</token>
<token t_id="117" sentence="4" number="116">with</token>
<token t_id="118" sentence="4" number="117">me</token>
<token t_id="119" sentence="4" number="118">,</token>
<token t_id="120" sentence="4" number="119">''</token>
<token t_id="121" sentence="4" number="120">Ms.</token>
<token t_id="122" sentence="4" number="121">Ayotte</token>
<token t_id="123" sentence="4" number="122">said</token>
<token t_id="124" sentence="4" number="123">.</token>
<token t_id="125" sentence="5" number="124">``</token>
<token t_id="126" sentence="5" number="125">There</token>
<token t_id="127" sentence="5" number="126">still</token>
<token t_id="128" sentence="5" number="127">just</token>
<token t_id="129" sentence="5" number="128">are</token>
<token t_id="130" sentence="5" number="129">n't</token>
<token t_id="131" sentence="5" number="130">that</token>
<token t_id="132" sentence="5" number="131">many</token>
<token t_id="133" sentence="5" number="132">of</token>
<token t_id="134" sentence="5" number="133">us</token>
<token t_id="135" sentence="5" number="134">.</token>
<token t_id="136" sentence="5" number="135">''</token>
<token t_id="137" sentence="6" number="136">In</token>
<token t_id="138" sentence="6" number="137">the</token>
<token t_id="139" sentence="6" number="138">90</token>
<token t_id="140" sentence="6" number="139">years</token>
<token t_id="141" sentence="6" number="140">since</token>
<token t_id="142" sentence="6" number="141">Rebecca</token>
<token t_id="143" sentence="6" number="142">Felton</token>
<token t_id="144" sentence="6" number="143">of</token>
<token t_id="145" sentence="6" number="144">Georgia</token>
<token t_id="146" sentence="6" number="145">became</token>
<token t_id="147" sentence="6" number="146">the</token>
<token t_id="148" sentence="6" number="147">first</token>
<token t_id="149" sentence="6" number="148">woman</token>
<token t_id="150" sentence="6" number="149">in</token>
<token t_id="151" sentence="6" number="150">the</token>
<token t_id="152" sentence="6" number="151">United</token>
<token t_id="153" sentence="6" number="152">States</token>
<token t_id="154" sentence="6" number="153">Senate</token>
<token t_id="155" sentence="6" number="154">-</token>
<token t_id="156" sentence="6" number="155">sworn</token>
<token t_id="157" sentence="6" number="156">in</token>
<token t_id="158" sentence="6" number="157">for</token>
<token t_id="159" sentence="6" number="158">a</token>
<token t_id="160" sentence="6" number="159">mere</token>
<token t_id="161" sentence="6" number="160">24</token>
<token t_id="162" sentence="6" number="161">hours</token>
<token t_id="163" sentence="6" number="162">-</token>
<token t_id="164" sentence="6" number="163">women</token>
<token t_id="165" sentence="6" number="164">remain</token>
<token t_id="166" sentence="6" number="165">an</token>
<token t_id="167" sentence="6" number="166">anomaly</token>
<token t_id="168" sentence="6" number="167">in</token>
<token t_id="169" sentence="6" number="168">the</token>
<token t_id="170" sentence="6" number="169">upper</token>
<token t_id="171" sentence="6" number="170">chamber</token>
<token t_id="172" sentence="6" number="171">.</token>
<token t_id="173" sentence="7" number="172">But</token>
<token t_id="174" sentence="7" number="173">with</token>
<token t_id="175" sentence="7" number="174">20</token>
<token t_id="176" sentence="7" number="175">female</token>
<token t_id="177" sentence="7" number="176">senators</token>
<token t_id="178" sentence="7" number="177">now</token>
<token t_id="179" sentence="7" number="178">in</token>
<token t_id="180" sentence="7" number="179">office</token>
<token t_id="181" sentence="7" number="180">,</token>
<token t_id="182" sentence="7" number="181">an</token>
<token t_id="183" sentence="7" number="182">all-time</token>
<token t_id="184" sentence="7" number="183">high</token>
<token t_id="185" sentence="7" number="184">,</token>
<token t_id="186" sentence="7" number="185">women</token>
<token t_id="187" sentence="7" number="186">have</token>
<token t_id="188" sentence="7" number="187">morphed</token>
<token t_id="189" sentence="7" number="188">from</token>
<token t_id="190" sentence="7" number="189">the</token>
<token t_id="191" sentence="7" number="190">curiosity</token>
<token t_id="192" sentence="7" number="191">they</token>
<token t_id="193" sentence="7" number="192">were</token>
<token t_id="194" sentence="7" number="193">for</token>
<token t_id="195" sentence="7" number="194">much</token>
<token t_id="196" sentence="7" number="195">of</token>
<token t_id="197" sentence="7" number="196">the</token>
<token t_id="198" sentence="7" number="197">20th</token>
<token t_id="199" sentence="7" number="198">century</token>
<token t_id="200" sentence="7" number="199">into</token>
<token t_id="201" sentence="7" number="200">an</token>
<token t_id="202" sentence="7" number="201">important</token>
<token t_id="203" sentence="7" number="202">new</token>
<token t_id="204" sentence="7" number="203">force</token>
<token t_id="205" sentence="7" number="204">on</token>
<token t_id="206" sentence="7" number="205">key</token>
<token t_id="207" sentence="7" number="206">committees</token>
<token t_id="208" sentence="7" number="207">and</token>
<token t_id="209" sentence="7" number="208">legislation</token>
<token t_id="210" sentence="7" number="209">.</token>
<token t_id="211" sentence="8" number="210">A</token>
<token t_id="212" sentence="8" number="211">record</token>
<token t_id="213" sentence="8" number="212">nine</token>
<token t_id="214" sentence="8" number="213">women</token>
<token t_id="215" sentence="8" number="214">now</token>
<token t_id="216" sentence="8" number="215">lead</token>
<token t_id="217" sentence="8" number="216">committees</token>
<token t_id="218" sentence="8" number="217">,</token>
<token t_id="219" sentence="8" number="218">including</token>
<token t_id="220" sentence="8" number="219">some</token>
<token t_id="221" sentence="8" number="220">of</token>
<token t_id="222" sentence="8" number="221">the</token>
<token t_id="223" sentence="8" number="222">most</token>
<token t_id="224" sentence="8" number="223">powerful</token>
<token t_id="225" sentence="8" number="224">ones</token>
<token t_id="226" sentence="8" number="225">.</token>
<token t_id="227" sentence="9" number="226">For</token>
<token t_id="228" sentence="9" number="227">the</token>
<token t_id="229" sentence="9" number="228">first</token>
<token t_id="230" sentence="9" number="229">time</token>
<token t_id="231" sentence="9" number="230">there</token>
<token t_id="232" sentence="9" number="231">is</token>
<token t_id="233" sentence="9" number="232">a</token>
<token t_id="234" sentence="9" number="233">woman</token>
<token t_id="235" sentence="9" number="234">-</token>
<token t_id="236" sentence="9" number="235">Senator</token>
<token t_id="237" sentence="9" number="236">Barbara</token>
<token t_id="238" sentence="9" number="237">A.</token>
<token t_id="239" sentence="9" number="238">Mikulski</token>
<token t_id="240" sentence="9" number="239">,</token>
<token t_id="241" sentence="9" number="240">a</token>
<token t_id="242" sentence="9" number="241">Maryland</token>
<token t_id="243" sentence="9" number="242">Democrat</token>
<token t_id="244" sentence="9" number="243">-</token>
<token t_id="245" sentence="9" number="244">in</token>
<token t_id="246" sentence="9" number="245">charge</token>
<token t_id="247" sentence="9" number="246">of</token>
<token t_id="248" sentence="9" number="247">the</token>
<token t_id="249" sentence="9" number="248">Senate</token>
<token t_id="250" sentence="9" number="249">Appropriations</token>
<token t_id="251" sentence="9" number="250">Committee</token>
<token t_id="252" sentence="9" number="251">,</token>
<token t_id="253" sentence="9" number="252">which</token>
<token t_id="254" sentence="9" number="253">dispenses</token>
<token t_id="255" sentence="9" number="254">billions</token>
<token t_id="256" sentence="9" number="255">of</token>
<token t_id="257" sentence="9" number="256">dollars</token>
<token t_id="258" sentence="9" number="257">annually</token>
<token t_id="259" sentence="9" number="258">throughout</token>
<token t_id="260" sentence="9" number="259">the</token>
<token t_id="261" sentence="9" number="260">government</token>
<token t_id="262" sentence="9" number="261">and</token>
<token t_id="263" sentence="9" number="262">has</token>
<token t_id="264" sentence="9" number="263">long</token>
<token t_id="265" sentence="9" number="264">been</token>
<token t_id="266" sentence="9" number="265">particularly</token>
<token t_id="267" sentence="9" number="266">dominated</token>
<token t_id="268" sentence="9" number="267">by</token>
<token t_id="269" sentence="9" number="268">men</token>
<token t_id="270" sentence="9" number="269">.</token>
<token t_id="271" sentence="10" number="270">Senator</token>
<token t_id="272" sentence="10" number="271">Patty</token>
<token t_id="273" sentence="10" number="272">Murray</token>
<token t_id="274" sentence="10" number="273">,</token>
<token t_id="275" sentence="10" number="274">a</token>
<token t_id="276" sentence="10" number="275">Washington</token>
<token t_id="277" sentence="10" number="276">Democrat</token>
<token t_id="278" sentence="10" number="277">,</token>
<token t_id="279" sentence="10" number="278">is</token>
<token t_id="280" sentence="10" number="279">the</token>
<token t_id="281" sentence="10" number="280">first</token>
<token t_id="282" sentence="10" number="281">chairwoman</token>
<token t_id="283" sentence="10" number="282">of</token>
<token t_id="284" sentence="10" number="283">the</token>
<token t_id="285" sentence="10" number="284">Budget</token>
<token t_id="286" sentence="10" number="285">Committee</token>
<token t_id="287" sentence="10" number="286">and</token>
<token t_id="288" sentence="10" number="287">is</token>
<token t_id="289" sentence="10" number="288">charged</token>
<token t_id="290" sentence="10" number="289">with</token>
<token t_id="291" sentence="10" number="290">shaping</token>
<token t_id="292" sentence="10" number="291">the</token>
<token t_id="293" sentence="10" number="292">Democratic</token>
<token t_id="294" sentence="10" number="293">strategy</token>
<token t_id="295" sentence="10" number="294">in</token>
<token t_id="296" sentence="10" number="295">the</token>
<token t_id="297" sentence="10" number="296">fiscal</token>
<token t_id="298" sentence="10" number="297">battle</token>
<token t_id="299" sentence="10" number="298">dominating</token>
<token t_id="300" sentence="10" number="299">Capitol</token>
<token t_id="301" sentence="10" number="300">Hill</token>
<token t_id="302" sentence="10" number="301">.</token>
<token t_id="303" sentence="11" number="302">One</token>
<token t_id="304" sentence="11" number="303">of</token>
<token t_id="305" sentence="11" number="304">the</token>
<token t_id="306" sentence="11" number="305">biggest</token>
<token t_id="307" sentence="11" number="306">bills</token>
<token t_id="308" sentence="11" number="307">to</token>
<token t_id="309" sentence="11" number="308">pass</token>
<token t_id="310" sentence="11" number="309">the</token>
<token t_id="311" sentence="11" number="310">Senate</token>
<token t_id="312" sentence="11" number="311">last</token>
<token t_id="313" sentence="11" number="312">year</token>
<token t_id="314" sentence="11" number="313">was</token>
<token t_id="315" sentence="11" number="314">farm</token>
<token t_id="316" sentence="11" number="315">legislation</token>
<token t_id="317" sentence="11" number="316">led</token>
<token t_id="318" sentence="11" number="317">by</token>
<token t_id="319" sentence="11" number="318">Senator</token>
<token t_id="320" sentence="11" number="319">Debbie</token>
<token t_id="321" sentence="11" number="320">Stabenow</token>
<token t_id="322" sentence="11" number="321">,</token>
<token t_id="323" sentence="11" number="322">a</token>
<token t_id="324" sentence="11" number="323">Michigan</token>
<token t_id="325" sentence="11" number="324">Democrat</token>
<token t_id="326" sentence="11" number="325">who</token>
<token t_id="327" sentence="11" number="326">presides</token>
<token t_id="328" sentence="11" number="327">over</token>
<token t_id="329" sentence="11" number="328">the</token>
<token t_id="330" sentence="11" number="329">agriculture</token>
<token t_id="331" sentence="11" number="330">committee</token>
<token t_id="332" sentence="11" number="331">.</token>
<token t_id="333" sentence="12" number="332">Senator</token>
<token t_id="334" sentence="12" number="333">Barbara</token>
<token t_id="335" sentence="12" number="334">Boxer</token>
<token t_id="336" sentence="12" number="335">,</token>
<token t_id="337" sentence="12" number="336">the</token>
<token t_id="338" sentence="12" number="337">California</token>
<token t_id="339" sentence="12" number="338">Democrat</token>
<token t_id="340" sentence="12" number="339">who</token>
<token t_id="341" sentence="12" number="340">is</token>
<token t_id="342" sentence="12" number="341">chairwoman</token>
<token t_id="343" sentence="12" number="342">of</token>
<token t_id="344" sentence="12" number="343">the</token>
<token t_id="345" sentence="12" number="344">Environment</token>
<token t_id="346" sentence="12" number="345">and</token>
<token t_id="347" sentence="12" number="346">Public</token>
<token t_id="348" sentence="12" number="347">Works</token>
<token t_id="349" sentence="12" number="348">Committee</token>
<token t_id="350" sentence="12" number="349">,</token>
<token t_id="351" sentence="12" number="350">shepherded</token>
<token t_id="352" sentence="12" number="351">the</token>
<token t_id="353" sentence="12" number="352">highway</token>
<token t_id="354" sentence="12" number="353">bill</token>
<token t_id="355" sentence="12" number="354">.</token>
<token t_id="356" sentence="13" number="355">``</token>
<token t_id="357" sentence="13" number="356">We</token>
<token t_id="358" sentence="13" number="357">are</token>
<token t_id="359" sentence="13" number="358">growing</token>
<token t_id="360" sentence="13" number="359">in</token>
<token t_id="361" sentence="13" number="360">number</token>
<token t_id="362" sentence="13" number="361">,</token>
<token t_id="363" sentence="13" number="362">''</token>
<token t_id="364" sentence="13" number="363">said</token>
<token t_id="365" sentence="13" number="364">Senator</token>
<token t_id="366" sentence="13" number="365">Amy</token>
<token t_id="367" sentence="13" number="366">Klobuchar</token>
<token t_id="368" sentence="13" number="367">,</token>
<token t_id="369" sentence="13" number="368">Democrat</token>
<token t_id="370" sentence="13" number="369">of</token>
<token t_id="371" sentence="13" number="370">Minnesota</token>
<token t_id="372" sentence="13" number="371">.</token>
<token t_id="373" sentence="14" number="372">``</token>
<token t_id="374" sentence="14" number="373">But</token>
<token t_id="375" sentence="14" number="374">more</token>
<token t_id="376" sentence="14" number="375">importantly</token>
<token t_id="377" sentence="14" number="376">,</token>
<token t_id="378" sentence="14" number="377">we</token>
<token t_id="379" sentence="14" number="378">are</token>
<token t_id="380" sentence="14" number="379">growing</token>
<token t_id="381" sentence="14" number="380">in</token>
<token t_id="382" sentence="14" number="381">our</token>
<token t_id="383" sentence="14" number="382">power</token>
<token t_id="384" sentence="14" number="383">.</token>
<token t_id="385" sentence="15" number="384">When</token>
<token t_id="386" sentence="15" number="385">I</token>
<token t_id="387" sentence="15" number="386">first</token>
<token t_id="388" sentence="15" number="387">started</token>
<token t_id="389" sentence="15" number="388">just</token>
<token t_id="390" sentence="15" number="389">six</token>
<token t_id="391" sentence="15" number="390">years</token>
<token t_id="392" sentence="15" number="391">ago</token>
<token t_id="393" sentence="15" number="392">,</token>
<token t_id="394" sentence="15" number="393">it</token>
<token t_id="395" sentence="15" number="394">was</token>
<token t_id="396" sentence="15" number="395">unusual</token>
<token t_id="397" sentence="15" number="396">to</token>
<token t_id="398" sentence="15" number="397">have</token>
<token t_id="399" sentence="15" number="398">a</token>
<token t_id="400" sentence="15" number="399">woman</token>
<token t_id="401" sentence="15" number="400">managing</token>
<token t_id="402" sentence="15" number="401">a</token>
<token t_id="403" sentence="15" number="402">bill</token>
<token t_id="404" sentence="15" number="403">.</token>
<token t_id="405" sentence="15" number="404">''</token>
<token t_id="406" sentence="16" number="405">Just</token>
<token t_id="407" sentence="16" number="406">as</token>
<token t_id="408" sentence="16" number="407">important</token>
<token t_id="409" sentence="16" number="408">,</token>
<token t_id="410" sentence="16" number="409">even</token>
<token t_id="411" sentence="16" number="410">male</token>
<token t_id="412" sentence="16" number="411">senators</token>
<token t_id="413" sentence="16" number="412">say</token>
<token t_id="414" sentence="16" number="413">,</token>
<token t_id="415" sentence="16" number="414">is</token>
<token t_id="416" sentence="16" number="415">the</token>
<token t_id="417" sentence="16" number="416">potential</token>
<token t_id="418" sentence="16" number="417">the</token>
<token t_id="419" sentence="16" number="418">women</token>
<token t_id="420" sentence="16" number="419">hold</token>
<token t_id="421" sentence="16" number="420">for</token>
<token t_id="422" sentence="16" number="421">changing</token>
<token t_id="423" sentence="16" number="422">the</token>
<token t_id="424" sentence="16" number="423">tenor</token>
<token t_id="425" sentence="16" number="424">of</token>
<token t_id="426" sentence="16" number="425">the</token>
<token t_id="427" sentence="16" number="426">Senate</token>
<token t_id="428" sentence="16" number="427">and</token>
<token t_id="429" sentence="16" number="428">pushing</token>
<token t_id="430" sentence="16" number="429">for</token>
<token t_id="431" sentence="16" number="430">compromise</token>
<token t_id="432" sentence="16" number="431">in</token>
<token t_id="433" sentence="16" number="432">the</token>
<token t_id="434" sentence="16" number="433">highly</token>
<token t_id="435" sentence="16" number="434">partisan</token>
<token t_id="436" sentence="16" number="435">atmosphere</token>
<token t_id="437" sentence="16" number="436">on</token>
<token t_id="438" sentence="16" number="437">Capitol</token>
<token t_id="439" sentence="16" number="438">Hill</token>
<token t_id="440" sentence="16" number="439">.</token>
<token t_id="441" sentence="17" number="440">``</token>
<token t_id="442" sentence="17" number="441">I</token>
<token t_id="443" sentence="17" number="442">do</token>
<token t_id="444" sentence="17" number="443">n't</token>
<token t_id="445" sentence="17" number="444">want</token>
<token t_id="446" sentence="17" number="445">to</token>
<token t_id="447" sentence="17" number="446">generalize</token>
<token t_id="448" sentence="17" number="447">,</token>
<token t_id="449" sentence="17" number="448">because</token>
<token t_id="450" sentence="17" number="449">this</token>
<token t_id="451" sentence="17" number="450">is</token>
<token t_id="452" sentence="17" number="451">n't</token>
<token t_id="453" sentence="17" number="452">true</token>
<token t_id="454" sentence="17" number="453">of</token>
<token t_id="455" sentence="17" number="454">all</token>
<token t_id="456" sentence="17" number="455">of</token>
<token t_id="457" sentence="17" number="456">them</token>
<token t_id="458" sentence="17" number="457">,</token>
<token t_id="459" sentence="17" number="458">but</token>
<token t_id="460" sentence="17" number="459">they</token>
<token t_id="461" sentence="17" number="460">tend</token>
<token t_id="462" sentence="17" number="461">to</token>
<token t_id="463" sentence="17" number="462">be</token>
<token t_id="464" sentence="17" number="463">interested</token>
<token t_id="465" sentence="17" number="464">in</token>
<token t_id="466" sentence="17" number="465">finding</token>
<token t_id="467" sentence="17" number="466">common</token>
<token t_id="468" sentence="17" number="467">ground</token>
<token t_id="469" sentence="17" number="468">,</token>
<token t_id="470" sentence="17" number="469">''</token>
<token t_id="471" sentence="17" number="470">said</token>
<token t_id="472" sentence="17" number="471">Senator</token>
<token t_id="473" sentence="17" number="472">Rob</token>
<token t_id="474" sentence="17" number="473">Portman</token>
<token t_id="475" sentence="17" number="474">,</token>
<token t_id="476" sentence="17" number="475">Republican</token>
<token t_id="477" sentence="17" number="476">of</token>
<token t_id="478" sentence="17" number="477">Ohio</token>
<token t_id="479" sentence="17" number="478">.</token>
<token t_id="480" sentence="18" number="479">``</token>
<token t_id="481" sentence="18" number="480">So</token>
<token t_id="482" sentence="18" number="481">I</token>
<token t_id="483" sentence="18" number="482">think</token>
<token t_id="484" sentence="18" number="483">it</token>
<token t_id="485" sentence="18" number="484">'s</token>
<token t_id="486" sentence="18" number="485">going</token>
<token t_id="487" sentence="18" number="486">to</token>
<token t_id="488" sentence="18" number="487">have</token>
<token t_id="489" sentence="18" number="488">,</token>
<token t_id="490" sentence="18" number="489">and</token>
<token t_id="491" sentence="18" number="490">is</token>
<token t_id="492" sentence="18" number="491">having</token>
<token t_id="493" sentence="18" number="492">,</token>
<token t_id="494" sentence="18" number="493">a</token>
<token t_id="495" sentence="18" number="494">positive</token>
<token t_id="496" sentence="18" number="495">impact</token>
<token t_id="497" sentence="18" number="496">on</token>
<token t_id="498" sentence="18" number="497">the</token>
<token t_id="499" sentence="18" number="498">Senate</token>
<token t_id="500" sentence="18" number="499">.</token>
<token t_id="501" sentence="18" number="500">''</token>
<token t_id="502" sentence="19" number="501">While</token>
<token t_id="503" sentence="19" number="502">partisan</token>
<token t_id="504" sentence="19" number="503">division</token>
<token t_id="505" sentence="19" number="504">is</token>
<token t_id="506" sentence="19" number="505">the</token>
<token t_id="507" sentence="19" number="506">central</token>
<token t_id="508" sentence="19" number="507">characteristic</token>
<token t_id="509" sentence="19" number="508">of</token>
<token t_id="510" sentence="19" number="509">the</token>
<token t_id="511" sentence="19" number="510">modern</token>
<token t_id="512" sentence="19" number="511">Congress</token>
<token t_id="513" sentence="19" number="512">,</token>
<token t_id="514" sentence="19" number="513">women</token>
<token t_id="515" sentence="19" number="514">have</token>
<token t_id="516" sentence="19" number="515">begun</token>
<token t_id="517" sentence="19" number="516">to</token>
<token t_id="518" sentence="19" number="517">crack</token>
<token t_id="519" sentence="19" number="518">away</token>
<token t_id="520" sentence="19" number="519">at</token>
<token t_id="521" sentence="19" number="520">the</token>
<token t_id="522" sentence="19" number="521">gridlock</token>
<token t_id="523" sentence="19" number="522">by</token>
<token t_id="524" sentence="19" number="523">forming</token>
<token t_id="525" sentence="19" number="524">coalitions</token>
<token t_id="526" sentence="19" number="525">that</token>
<token t_id="527" sentence="19" number="526">have</token>
<token t_id="528" sentence="19" number="527">surprised</token>
<token t_id="529" sentence="19" number="528">leaders</token>
<token t_id="530" sentence="19" number="529">of</token>
<token t_id="531" sentence="19" number="530">both</token>
<token t_id="532" sentence="19" number="531">parties</token>
<token t_id="533" sentence="19" number="532">.</token>
<token t_id="534" sentence="20" number="533">Senator</token>
<token t_id="535" sentence="20" number="534">Kirsten</token>
<token t_id="536" sentence="20" number="535">E.</token>
<token t_id="537" sentence="20" number="536">Gillibrand</token>
<token t_id="538" sentence="20" number="537">,</token>
<token t_id="539" sentence="20" number="538">Democrat</token>
<token t_id="540" sentence="20" number="539">of</token>
<token t_id="541" sentence="20" number="540">New</token>
<token t_id="542" sentence="20" number="541">York</token>
<token t_id="543" sentence="20" number="542">,</token>
<token t_id="544" sentence="20" number="543">and</token>
<token t_id="545" sentence="20" number="544">Senator</token>
<token t_id="546" sentence="20" number="545">Susan</token>
<token t_id="547" sentence="20" number="546">Collins</token>
<token t_id="548" sentence="20" number="547">,</token>
<token t_id="549" sentence="20" number="548">Republican</token>
<token t_id="550" sentence="20" number="549">of</token>
<token t_id="551" sentence="20" number="550">Maine</token>
<token t_id="552" sentence="20" number="551">,</token>
<token t_id="553" sentence="20" number="552">led</token>
<token t_id="554" sentence="20" number="553">the</token>
<token t_id="555" sentence="20" number="554">repeal</token>
<token t_id="556" sentence="20" number="555">in</token>
<token t_id="557" sentence="20" number="556">the</token>
<token t_id="558" sentence="20" number="557">Senate</token>
<token t_id="559" sentence="20" number="558">of</token>
<token t_id="560" sentence="20" number="559">``</token>
<token t_id="561" sentence="20" number="560">do</token>
<token t_id="562" sentence="20" number="561">n't</token>
<token t_id="563" sentence="20" number="562">ask</token>
<token t_id="564" sentence="20" number="563">,</token>
<token t_id="565" sentence="20" number="564">do</token>
<token t_id="566" sentence="20" number="565">n't</token>
<token t_id="567" sentence="20" number="566">tell</token>
<token t_id="568" sentence="20" number="567">''</token>
<token t_id="569" sentence="20" number="568">in</token>
<token t_id="570" sentence="20" number="569">2010</token>
<token t_id="571" sentence="20" number="570">,</token>
<token t_id="572" sentence="20" number="571">allowing</token>
<token t_id="573" sentence="20" number="572">gay</token>
<token t_id="574" sentence="20" number="573">men</token>
<token t_id="575" sentence="20" number="574">and</token>
<token t_id="576" sentence="20" number="575">women</token>
<token t_id="577" sentence="20" number="576">to</token>
<token t_id="578" sentence="20" number="577">serve</token>
<token t_id="579" sentence="20" number="578">openly</token>
<token t_id="580" sentence="20" number="579">in</token>
<token t_id="581" sentence="20" number="580">the</token>
<token t_id="582" sentence="20" number="581">military</token>
<token t_id="583" sentence="20" number="582">.</token>
<token t_id="584" sentence="21" number="583">This</token>
<token t_id="585" sentence="21" number="584">year</token>
<token t_id="586" sentence="21" number="585">,</token>
<token t_id="587" sentence="21" number="586">all</token>
<token t_id="588" sentence="21" number="587">four</token>
<token t_id="589" sentence="21" number="588">of</token>
<token t_id="590" sentence="21" number="589">the</token>
<token t_id="591" sentence="21" number="590">female</token>
<token t_id="592" sentence="21" number="591">Senate</token>
<token t_id="593" sentence="21" number="592">Republicans</token>
<token t_id="594" sentence="21" number="593">split</token>
<token t_id="595" sentence="21" number="594">with</token>
<token t_id="596" sentence="21" number="595">their</token>
<token t_id="597" sentence="21" number="596">party</token>
<token t_id="598" sentence="21" number="597">and</token>
<token t_id="599" sentence="21" number="598">voted</token>
<token t_id="600" sentence="21" number="599">with</token>
<token t_id="601" sentence="21" number="600">Senate</token>
<token t_id="602" sentence="21" number="601">Democrats</token>
<token t_id="603" sentence="21" number="602">to</token>
<token t_id="604" sentence="21" number="603">reauthorize</token>
<token t_id="605" sentence="21" number="604">the</token>
<token t_id="606" sentence="21" number="605">Violence</token>
<token t_id="607" sentence="21" number="606">Against</token>
<token t_id="608" sentence="21" number="607">Women</token>
<token t_id="609" sentence="21" number="608">Act</token>
<token t_id="610" sentence="21" number="609">,</token>
<token t_id="611" sentence="21" number="610">which</token>
<token t_id="612" sentence="21" number="611">had</token>
<token t_id="613" sentence="21" number="612">lapsed</token>
<token t_id="614" sentence="21" number="613">during</token>
<token t_id="615" sentence="21" number="614">the</token>
<token t_id="616" sentence="21" number="615">last</token>
<token t_id="617" sentence="21" number="616">Congress</token>
<token t_id="618" sentence="21" number="617">.</token>


<Markables>
<ARGUMENTATIVE m_id="42" comment="" conversational-direct="TRUE" conversational-reported="FALSE"  >
<token_anchor t_id="484"/>
<token_anchor t_id="485"/>
<token_anchor t_id="486"/>
<token_anchor t_id="487"/>
<token_anchor t_id="488"/>
<token_anchor t_id="489"/>
</ARGUMENTATIVE>
<ARGUMENTATIVE m_id="43" comment="" conversational-direct="TRUE" conversational-reported="FALSE"  >
<token_anchor t_id="490"/>
<token_anchor t_id="491"/>
<token_anchor t_id="492"/>
<token_anchor t_id="493"/>
<token_anchor t_id="494"/>
<token_anchor t_id="495"/>
<token_anchor t_id="496"/>
<token_anchor t_id="497"/>
<token_anchor t_id="498"/>
<token_anchor t_id="499"/>
<token_anchor t_id="500"/>
<token_anchor t_id="501"/>
</ARGUMENTATIVE>
<ARGUMENTATIVE m_id="45" comment="" conversational-direct="FALSE" conversational-reported="FALSE"  >
<token_anchor t_id="406"/>
<token_anchor t_id="407"/>
<token_anchor t_id="408"/>
<token_anchor t_id="409"/>
<token_anchor t_id="415"/>
</ARGUMENTATIVE>
<ARGUMENTATIVE m_id="46" comment="" conversational-direct="FALSE" conversational-reported="FALSE"  >
<token_anchor t_id="416"/>
<token_anchor t_id="417"/>
<token_anchor t_id="418"/>
<token_anchor t_id="419"/>
<token_anchor t_id="420"/>
<token_anchor t_id="421"/>
<token_anchor t_id="422"/>
<token_anchor t_id="423"/>
<token_anchor t_id="424"/>
<token_anchor t_id="425"/>
<token_anchor t_id="426"/>
<token_anchor t_id="427"/>
</ARGUMENTATIVE>
<ARGUMENTATIVE m_id="47" comment="" conversational-direct="FALSE" conversational-reported="FALSE"  >
<token_anchor t_id="428"/>
<token_anchor t_id="429"/>
<token_anchor t_id="430"/>
<token_anchor t_id="431"/>
<token_anchor t_id="432"/>
<token_anchor t_id="433"/>
<token_anchor t_id="434"/>
<token_anchor t_id="435"/>
<token_anchor t_id="436"/>
<token_anchor t_id="437"/>
<token_anchor t_id="438"/>
<token_anchor t_id="439"/>
<token_anchor t_id="440"/>
</ARGUMENTATIVE>
<ARGUMENTATIVE m_id="26" comment="" conversational-direct="FALSE" conversational-reported="FALSE"  >
<token_anchor t_id="211"/>
<token_anchor t_id="212"/>
<token_anchor t_id="213"/>
<token_anchor t_id="214"/>
<token_anchor t_id="215"/>
<token_anchor t_id="216"/>
<token_anchor t_id="217"/>
<token_anchor t_id="218"/>
<token_anchor t_id="219"/>
<token_anchor t_id="220"/>
<token_anchor t_id="221"/>
<token_anchor t_id="222"/>
<token_anchor t_id="223"/>
<token_anchor t_id="224"/>
<token_anchor t_id="225"/>
</ARGUMENTATIVE>
<ARGUMENTATIVE m_id="28" comment="" conversational-direct="TRUE" conversational-reported="FALSE"  >
<token_anchor t_id="111"/>
<token_anchor t_id="112"/>
<token_anchor t_id="113"/>
<token_anchor t_id="114"/>
<token_anchor t_id="115"/>
<token_anchor t_id="116"/>
<token_anchor t_id="117"/>
<token_anchor t_id="118"/>
<token_anchor t_id="119"/>
<token_anchor t_id="120"/>
</ARGUMENTATIVE>
<ARGUMENTATIVE m_id="31" comment="" conversational-direct="TRUE" conversational-reported="FALSE"  >
<token_anchor t_id="373"/>
<token_anchor t_id="374"/>
<token_anchor t_id="375"/>
<token_anchor t_id="376"/>
<token_anchor t_id="377"/>
<token_anchor t_id="378"/>
<token_anchor t_id="379"/>
<token_anchor t_id="380"/>
<token_anchor t_id="381"/>
<token_anchor t_id="382"/>
<token_anchor t_id="383"/>
<token_anchor t_id="384"/>
</ARGUMENTATIVE>
<ARGUMENTATIVE m_id="37" comment="" conversational-direct="FALSE" conversational-reported="FALSE"  >
<token_anchor t_id="173"/>
<token_anchor t_id="174"/>
<token_anchor t_id="175"/>
<token_anchor t_id="176"/>
<token_anchor t_id="177"/>
<token_anchor t_id="178"/>
<token_anchor t_id="179"/>
<token_anchor t_id="180"/>
<token_anchor t_id="181"/>
<token_anchor t_id="182"/>
<token_anchor t_id="183"/>
<token_anchor t_id="184"/>
<token_anchor t_id="185"/>
<token_anchor t_id="186"/>
<token_anchor t_id="187"/>
<token_anchor t_id="188"/>
<token_anchor t_id="189"/>
<token_anchor t_id="190"/>
<token_anchor t_id="191"/>
<token_anchor t_id="192"/>
<token_anchor t_id="193"/>
<token_anchor t_id="194"/>
<token_anchor t_id="195"/>
<token_anchor t_id="196"/>
<token_anchor t_id="197"/>
<token_anchor t_id="198"/>
<token_anchor t_id="199"/>
<token_anchor t_id="200"/>
<token_anchor t_id="201"/>
<token_anchor t_id="202"/>
<token_anchor t_id="203"/>
<token_anchor t_id="204"/>
<token_anchor t_id="205"/>
<token_anchor t_id="206"/>
<token_anchor t_id="207"/>
<token_anchor t_id="208"/>
<token_anchor t_id="209"/>
<token_anchor t_id="210"/>
</ARGUMENTATIVE>
<ARGUMENTATIVE m_id="40" comment="" conversational-direct="TRUE" conversational-reported="FALSE"  >
<token_anchor t_id="394"/>
<token_anchor t_id="395"/>
<token_anchor t_id="396"/>
</ARGUMENTATIVE>
<DESCRIPTIVE m_id="34" Type="Person" comment="" conversational-direct="FALSE" conversational-reported="FALSE"  >
<token_anchor t_id="271"/>
<token_anchor t_id="272"/>
<token_anchor t_id="273"/>
<token_anchor t_id="274"/>
<token_anchor t_id="275"/>
<token_anchor t_id="276"/>
<token_anchor t_id="277"/>
<token_anchor t_id="278"/>
<token_anchor t_id="279"/>
<token_anchor t_id="280"/>
<token_anchor t_id="281"/>
<token_anchor t_id="282"/>
<token_anchor t_id="283"/>
<token_anchor t_id="284"/>
<token_anchor t_id="285"/>
<token_anchor t_id="286"/>
</DESCRIPTIVE>
<DESCRIPTIVE m_id="38" Type="Person" comment="" conversational-direct="FALSE" conversational-reported="FALSE"  >
<token_anchor t_id="336"/>
<token_anchor t_id="337"/>
<token_anchor t_id="338"/>
<token_anchor t_id="339"/>
<token_anchor t_id="340"/>
<token_anchor t_id="341"/>
<token_anchor t_id="342"/>
<token_anchor t_id="343"/>
<token_anchor t_id="344"/>
<token_anchor t_id="345"/>
<token_anchor t_id="346"/>
<token_anchor t_id="347"/>
<token_anchor t_id="348"/>
<token_anchor t_id="349"/>
<token_anchor t_id="350"/>
</DESCRIPTIVE>
<EXPOSITORY m_id="51" comment="" conversational-direct="TRUE" conversational-reported="FALSE"  >
<token_anchor t_id="459"/>
<token_anchor t_id="460"/>
<token_anchor t_id="461"/>
</EXPOSITORY>
<EXPOSITORY m_id="52" comment="" conversational-direct="TRUE" conversational-reported="FALSE"  >
<token_anchor t_id="462"/>
<token_anchor t_id="463"/>
<token_anchor t_id="464"/>
<token_anchor t_id="465"/>
<token_anchor t_id="466"/>
<token_anchor t_id="467"/>
<token_anchor t_id="468"/>
<token_anchor t_id="469"/>
<token_anchor t_id="470"/>
</EXPOSITORY>
<NARRATIVE m_id="41" Level="Primary" comment="" conversational-direct="FALSE" conversational-reported="FALSE"  >
<token_anchor t_id="480"/>
<token_anchor t_id="481"/>
<token_anchor t_id="482"/>
<token_anchor t_id="483"/>
</NARRATIVE>
<NARRATIVE m_id="9" Level="" comment="" conversational-direct="FALSE" conversational-reported="FALSE"  >
<token_anchor t_id="572"/>
<token_anchor t_id="573"/>
<token_anchor t_id="574"/>
<token_anchor t_id="575"/>
<token_anchor t_id="576"/>
</NARRATIVE>
<NARRATIVE m_id="10" Level="" comment="" conversational-direct="FALSE" conversational-reported="FALSE"  >
<token_anchor t_id="577"/>
<token_anchor t_id="578"/>
<token_anchor t_id="579"/>
<token_anchor t_id="580"/>
<token_anchor t_id="581"/>
<token_anchor t_id="582"/>
</NARRATIVE>
<NARRATIVE m_id="11" Level="Primary" comment="" conversational-direct="FALSE" conversational-reported="FALSE"  >
<token_anchor t_id="611"/>
<token_anchor t_id="612"/>
<token_anchor t_id="613"/>
<token_anchor t_id="614"/>
<token_anchor t_id="615"/>
<token_anchor t_id="616"/>
<token_anchor t_id="617"/>
</NARRATIVE>
<NARRATIVE m_id="44" Level="Primary" comment="" conversational-direct="FALSE" conversational-reported="FALSE"  >
<token_anchor t_id="603"/>
<token_anchor t_id="604"/>
<token_anchor t_id="605"/>
<token_anchor t_id="606"/>
<token_anchor t_id="607"/>
<token_anchor t_id="608"/>
<token_anchor t_id="609"/>
<token_anchor t_id="610"/>
</NARRATIVE>
<NARRATIVE m_id="12" Level="Primary" comment="" conversational-direct="FALSE" conversational-reported="FALSE"  >
<token_anchor t_id="534"/>
<token_anchor t_id="535"/>
<token_anchor t_id="536"/>
<token_anchor t_id="537"/>
<token_anchor t_id="538"/>
<token_anchor t_id="539"/>
<token_anchor t_id="540"/>
<token_anchor t_id="541"/>
<token_anchor t_id="542"/>
<token_anchor t_id="543"/>
<token_anchor t_id="544"/>
<token_anchor t_id="545"/>
<token_anchor t_id="546"/>
<token_anchor t_id="547"/>
<token_anchor t_id="548"/>
<token_anchor t_id="549"/>
<token_anchor t_id="550"/>
<token_anchor t_id="551"/>
<token_anchor t_id="552"/>
<token_anchor t_id="553"/>
<token_anchor t_id="554"/>
<token_anchor t_id="555"/>
<token_anchor t_id="556"/>
<token_anchor t_id="557"/>
<token_anchor t_id="558"/>
<token_anchor t_id="559"/>
<token_anchor t_id="560"/>
<token_anchor t_id="561"/>
<token_anchor t_id="562"/>
<token_anchor t_id="563"/>
<token_anchor t_id="564"/>
<token_anchor t_id="565"/>
<token_anchor t_id="566"/>
<token_anchor t_id="567"/>
<token_anchor t_id="568"/>
<token_anchor t_id="569"/>
<token_anchor t_id="570"/>
<token_anchor t_id="571"/>
</NARRATIVE>
<NARRATIVE m_id="13" Level="Primary" comment="" conversational-direct="FALSE" conversational-reported="FALSE"  >
<token_anchor t_id="155"/>
<token_anchor t_id="156"/>
<token_anchor t_id="157"/>
<token_anchor t_id="158"/>
<token_anchor t_id="159"/>
<token_anchor t_id="160"/>
<token_anchor t_id="161"/>
<token_anchor t_id="162"/>
<token_anchor t_id="163"/>
</NARRATIVE>
<NARRATIVE m_id="14" Level="Primary" comment="" conversational-direct="FALSE" conversational-reported="FALSE"  >
<token_anchor t_id="584"/>
<token_anchor t_id="585"/>
<token_anchor t_id="586"/>
<token_anchor t_id="587"/>
<token_anchor t_id="588"/>
<token_anchor t_id="589"/>
<token_anchor t_id="590"/>
<token_anchor t_id="591"/>
<token_anchor t_id="592"/>
<token_anchor t_id="593"/>
<token_anchor t_id="594"/>
<token_anchor t_id="595"/>
<token_anchor t_id="596"/>
<token_anchor t_id="597"/>
</NARRATIVE>
<NARRATIVE m_id="15" Level="Primary" comment="" conversational-direct="FALSE" conversational-reported="FALSE"  >
<token_anchor t_id="598"/>
<token_anchor t_id="599"/>
<token_anchor t_id="600"/>
<token_anchor t_id="601"/>
<token_anchor t_id="602"/>
</NARRATIVE>
<NARRATIVE m_id="48" Level="Primary" comment="" conversational-direct="FALSE" conversational-reported="FALSE"  >
<token_anchor t_id="502"/>
<token_anchor t_id="503"/>
<token_anchor t_id="504"/>
<token_anchor t_id="505"/>
<token_anchor t_id="506"/>
<token_anchor t_id="507"/>
<token_anchor t_id="508"/>
<token_anchor t_id="509"/>
<token_anchor t_id="510"/>
<token_anchor t_id="511"/>
<token_anchor t_id="512"/>
<token_anchor t_id="513"/>
</NARRATIVE>
<NARRATIVE m_id="16" Level="Primary" comment="" conversational-direct="FALSE" conversational-reported="FALSE"  >
<token_anchor t_id="1"/>
<token_anchor t_id="2"/>
<token_anchor t_id="3"/>
<token_anchor t_id="4"/>
<token_anchor t_id="5"/>
<token_anchor t_id="6"/>
<token_anchor t_id="7"/>
<token_anchor t_id="8"/>
<token_anchor t_id="9"/>
<token_anchor t_id="10"/>
<token_anchor t_id="11"/>
<token_anchor t_id="12"/>
<token_anchor t_id="13"/>
<token_anchor t_id="14"/>
<token_anchor t_id="15"/>
</NARRATIVE>
<NARRATIVE m_id="49" Level="Primary" comment="" conversational-direct="FALSE" conversational-reported="FALSE"  >
<token_anchor t_id="517"/>
<token_anchor t_id="518"/>
<token_anchor t_id="519"/>
<token_anchor t_id="520"/>
<token_anchor t_id="521"/>
<token_anchor t_id="522"/>
</NARRATIVE>
<NARRATIVE m_id="17" Level="Primary" comment="" conversational-direct="FALSE" conversational-reported="FALSE"  >
<token_anchor t_id="16"/>
<token_anchor t_id="17"/>
<token_anchor t_id="18"/>
<token_anchor t_id="19"/>
<token_anchor t_id="20"/>
<token_anchor t_id="21"/>
<token_anchor t_id="22"/>
<token_anchor t_id="23"/>
<token_anchor t_id="24"/>
</NARRATIVE>
<NARRATIVE m_id="50" Level="Primary" comment="" conversational-direct="FALSE" conversational-reported="FALSE"  >
<token_anchor t_id="523"/>
<token_anchor t_id="524"/>
<token_anchor t_id="525"/>
<token_anchor t_id="526"/>
<token_anchor t_id="527"/>
<token_anchor t_id="528"/>
<token_anchor t_id="529"/>
<token_anchor t_id="530"/>
<token_anchor t_id="531"/>
<token_anchor t_id="532"/>
<token_anchor t_id="533"/>
</NARRATIVE>
<NARRATIVE m_id="18" Level="Primary" comment="" conversational-direct="FALSE" conversational-reported="FALSE"  >
<token_anchor t_id="34"/>
<token_anchor t_id="35"/>
<token_anchor t_id="36"/>
<token_anchor t_id="37"/>
<token_anchor t_id="38"/>
<token_anchor t_id="39"/>
<token_anchor t_id="40"/>
<token_anchor t_id="41"/>
<token_anchor t_id="42"/>
<token_anchor t_id="43"/>
<token_anchor t_id="44"/>
<token_anchor t_id="45"/>
<token_anchor t_id="46"/>
<token_anchor t_id="47"/>
<token_anchor t_id="48"/>
<token_anchor t_id="49"/>
<token_anchor t_id="50"/>
<token_anchor t_id="51"/>
<token_anchor t_id="52"/>
<token_anchor t_id="53"/>
<token_anchor t_id="54"/>
<token_anchor t_id="55"/>
<token_anchor t_id="56"/>
<token_anchor t_id="57"/>
<token_anchor t_id="58"/>
<token_anchor t_id="59"/>
<token_anchor t_id="60"/>
<token_anchor t_id="61"/>
<token_anchor t_id="62"/>
</NARRATIVE>
<NARRATIVE m_id="19" Level="Primary" comment="" conversational-direct="FALSE" conversational-reported="FALSE"  >
<token_anchor t_id="63"/>
<token_anchor t_id="64"/>
<token_anchor t_id="65"/>
<token_anchor t_id="66"/>
<token_anchor t_id="67"/>
<token_anchor t_id="68"/>
<token_anchor t_id="69"/>
<token_anchor t_id="70"/>
</NARRATIVE>
<NARRATIVE m_id="20" Level="Primary" comment="" conversational-direct="FALSE" conversational-reported="TRUE"  >
<token_anchor t_id="71"/>
<token_anchor t_id="72"/>
<token_anchor t_id="73"/>
<token_anchor t_id="79"/>
<token_anchor t_id="80"/>
<token_anchor t_id="81"/>
<token_anchor t_id="82"/>
<token_anchor t_id="83"/>
</NARRATIVE>
<NARRATIVE m_id="53" Level="Primary" comment="" conversational-direct="TRUE" conversational-reported="FALSE"  >
<token_anchor t_id="441"/>
<token_anchor t_id="442"/>
<token_anchor t_id="443"/>
<token_anchor t_id="444"/>
<token_anchor t_id="445"/>
<token_anchor t_id="446"/>
<token_anchor t_id="447"/>
<token_anchor t_id="448"/>
</NARRATIVE>
<NARRATIVE m_id="21" Level="" comment="" conversational-direct="FALSE" conversational-reported="FALSE"  >
<token_anchor t_id="84"/>
<token_anchor t_id="85"/>
<token_anchor t_id="86"/>
<token_anchor t_id="87"/>
<token_anchor t_id="88"/>
<token_anchor t_id="89"/>
<token_anchor t_id="90"/>
<token_anchor t_id="91"/>
<token_anchor t_id="92"/>
<token_anchor t_id="93"/>
<token_anchor t_id="94"/>
<token_anchor t_id="95"/>
<token_anchor t_id="96"/>
<token_anchor t_id="97"/>
<token_anchor t_id="98"/>
<token_anchor t_id="99"/>
<token_anchor t_id="100"/>
<token_anchor t_id="101"/>
<token_anchor t_id="102"/>
<token_anchor t_id="103"/>
<token_anchor t_id="104"/>
<token_anchor t_id="105"/>
<token_anchor t_id="106"/>
<token_anchor t_id="107"/>
<token_anchor t_id="108"/>
<token_anchor t_id="109"/>
<token_anchor t_id="110"/>
</NARRATIVE>
<NARRATIVE m_id="54" Level="Primary" comment="" conversational-direct="TRUE" conversational-reported="FALSE"  >
<token_anchor t_id="449"/>
<token_anchor t_id="450"/>
<token_anchor t_id="451"/>
<token_anchor t_id="452"/>
<token_anchor t_id="453"/>
<token_anchor t_id="454"/>
<token_anchor t_id="455"/>
<token_anchor t_id="456"/>
<token_anchor t_id="457"/>
<token_anchor t_id="458"/>
</NARRATIVE>
<NARRATIVE m_id="22" Level="Primary" comment="" conversational-direct="FALSE" conversational-reported="FALSE"  >
<token_anchor t_id="262"/>
<token_anchor t_id="263"/>
<token_anchor t_id="264"/>
<token_anchor t_id="265"/>
<token_anchor t_id="266"/>
<token_anchor t_id="267"/>
<token_anchor t_id="268"/>
<token_anchor t_id="269"/>
</NARRATIVE>
<NARRATIVE m_id="23" Level="" comment="" conversational-direct="FALSE" conversational-reported="FALSE"  >
<token_anchor t_id="137"/>
<token_anchor t_id="138"/>
<token_anchor t_id="139"/>
<token_anchor t_id="140"/>
<token_anchor t_id="141"/>
<token_anchor t_id="142"/>
<token_anchor t_id="143"/>
<token_anchor t_id="144"/>
<token_anchor t_id="145"/>
<token_anchor t_id="146"/>
<token_anchor t_id="147"/>
<token_anchor t_id="148"/>
<token_anchor t_id="149"/>
<token_anchor t_id="150"/>
<token_anchor t_id="151"/>
<token_anchor t_id="152"/>
<token_anchor t_id="153"/>
<token_anchor t_id="154"/>
</NARRATIVE>
<NARRATIVE m_id="24" Level="Primary" comment="" conversational-direct="FALSE" conversational-reported="FALSE"  >
<token_anchor t_id="303"/>
<token_anchor t_id="304"/>
<token_anchor t_id="305"/>
<token_anchor t_id="306"/>
<token_anchor t_id="307"/>
<token_anchor t_id="308"/>
<token_anchor t_id="309"/>
<token_anchor t_id="310"/>
<token_anchor t_id="311"/>
<token_anchor t_id="312"/>
<token_anchor t_id="313"/>
<token_anchor t_id="314"/>
<token_anchor t_id="315"/>
<token_anchor t_id="316"/>
<token_anchor t_id="317"/>
<token_anchor t_id="318"/>
<token_anchor t_id="319"/>
<token_anchor t_id="320"/>
<token_anchor t_id="321"/>
<token_anchor t_id="322"/>
<token_anchor t_id="323"/>
<token_anchor t_id="324"/>
<token_anchor t_id="325"/>
<token_anchor t_id="326"/>
<token_anchor t_id="327"/>
<token_anchor t_id="328"/>
<token_anchor t_id="329"/>
<token_anchor t_id="330"/>
<token_anchor t_id="331"/>
<token_anchor t_id="332"/>
</NARRATIVE>
<NARRATIVE m_id="25" Level="Primary" comment="" conversational-direct="FALSE" conversational-reported="FALSE"  >
<token_anchor t_id="333"/>
<token_anchor t_id="334"/>
<token_anchor t_id="335"/>
<token_anchor t_id="351"/>
<token_anchor t_id="352"/>
<token_anchor t_id="353"/>
<token_anchor t_id="354"/>
</NARRATIVE>
<NARRATIVE m_id="27" Level="Primary" comment="" conversational-direct="FALSE" conversational-reported="FALSE"  >
<token_anchor t_id="25"/>
<token_anchor t_id="26"/>
<token_anchor t_id="27"/>
<token_anchor t_id="28"/>
<token_anchor t_id="29"/>
<token_anchor t_id="30"/>
<token_anchor t_id="31"/>
<token_anchor t_id="32"/>
<token_anchor t_id="33"/>
</NARRATIVE>
<NARRATIVE m_id="29" Level="Primary" comment="" conversational-direct="TRUE" conversational-reported="FALSE"  >
<token_anchor t_id="125"/>
<token_anchor t_id="126"/>
<token_anchor t_id="127"/>
<token_anchor t_id="128"/>
<token_anchor t_id="129"/>
<token_anchor t_id="130"/>
<token_anchor t_id="131"/>
<token_anchor t_id="132"/>
<token_anchor t_id="133"/>
<token_anchor t_id="134"/>
<token_anchor t_id="135"/>
<token_anchor t_id="136"/>
</NARRATIVE>
<NARRATIVE m_id="30" Level="Primary" comment="" conversational-direct="FALSE" conversational-reported="FALSE"  >
<token_anchor t_id="164"/>
<token_anchor t_id="165"/>
<token_anchor t_id="166"/>
<token_anchor t_id="167"/>
<token_anchor t_id="168"/>
<token_anchor t_id="169"/>
<token_anchor t_id="170"/>
<token_anchor t_id="171"/>
<token_anchor t_id="172"/>
</NARRATIVE>
<NARRATIVE m_id="32" Level="Primary" comment="" conversational-direct="FALSE" conversational-reported="FALSE"  >
<token_anchor t_id="253"/>
<token_anchor t_id="254"/>
<token_anchor t_id="255"/>
<token_anchor t_id="256"/>
<token_anchor t_id="257"/>
<token_anchor t_id="258"/>
<token_anchor t_id="259"/>
<token_anchor t_id="260"/>
<token_anchor t_id="261"/>
</NARRATIVE>
<NARRATIVE m_id="1" Level="" comment="" conversational-direct="FALSE" conversational-reported="FALSE"  >
<token_anchor t_id="410"/>
<token_anchor t_id="411"/>
<token_anchor t_id="412"/>
<token_anchor t_id="413"/>
<token_anchor t_id="414"/>
</NARRATIVE>
<NARRATIVE m_id="33" Level="Primary" comment="" conversational-direct="FALSE" conversational-reported="FALSE"  >
<token_anchor t_id="227"/>
<token_anchor t_id="228"/>
<token_anchor t_id="229"/>
<token_anchor t_id="230"/>
<token_anchor t_id="231"/>
<token_anchor t_id="232"/>
<token_anchor t_id="233"/>
<token_anchor t_id="234"/>
<token_anchor t_id="235"/>
<token_anchor t_id="236"/>
<token_anchor t_id="237"/>
<token_anchor t_id="238"/>
<token_anchor t_id="239"/>
<token_anchor t_id="240"/>
<token_anchor t_id="241"/>
<token_anchor t_id="242"/>
<token_anchor t_id="243"/>
<token_anchor t_id="244"/>
<token_anchor t_id="245"/>
<token_anchor t_id="246"/>
<token_anchor t_id="247"/>
<token_anchor t_id="248"/>
<token_anchor t_id="249"/>
<token_anchor t_id="250"/>
<token_anchor t_id="251"/>
<token_anchor t_id="252"/>
</NARRATIVE>
<NARRATIVE m_id="2" Level="" comment="" conversational-direct="FALSE" conversational-reported="FALSE"  >
<token_anchor t_id="471"/>
<token_anchor t_id="472"/>
<token_anchor t_id="473"/>
<token_anchor t_id="474"/>
<token_anchor t_id="475"/>
<token_anchor t_id="476"/>
<token_anchor t_id="477"/>
<token_anchor t_id="478"/>
</NARRATIVE>
<NARRATIVE m_id="3" Level="Primary" comment="" conversational-direct="FALSE" conversational-reported="FALSE"  >
<token_anchor t_id="74"/>
<token_anchor t_id="75"/>
<token_anchor t_id="76"/>
<token_anchor t_id="77"/>
<token_anchor t_id="78"/>
</NARRATIVE>
<NARRATIVE m_id="35" Level="Primary" comment="" conversational-direct="FALSE" conversational-reported="FALSE"  >
<token_anchor t_id="287"/>
<token_anchor t_id="288"/>
<token_anchor t_id="289"/>
</NARRATIVE>
<NARRATIVE m_id="4" Level="" comment="" conversational-direct="FALSE" conversational-reported="FALSE"  >
<token_anchor t_id="121"/>
<token_anchor t_id="122"/>
<token_anchor t_id="123"/>
<token_anchor t_id="124"/>
</NARRATIVE>
<NARRATIVE m_id="36" Level="Primary" comment="" conversational-direct="FALSE" conversational-reported="FALSE"  >
<token_anchor t_id="290"/>
<token_anchor t_id="291"/>
<token_anchor t_id="292"/>
<token_anchor t_id="293"/>
<token_anchor t_id="294"/>
<token_anchor t_id="295"/>
<token_anchor t_id="296"/>
<token_anchor t_id="297"/>
<token_anchor t_id="298"/>
<token_anchor t_id="299"/>
<token_anchor t_id="300"/>
<token_anchor t_id="301"/>
<token_anchor t_id="302"/>
</NARRATIVE>
<NARRATIVE m_id="5" Level="Primary" comment="" conversational-direct="FALSE" conversational-reported="FALSE"  >
<token_anchor t_id="364"/>
<token_anchor t_id="365"/>
<token_anchor t_id="366"/>
<token_anchor t_id="367"/>
<token_anchor t_id="368"/>
<token_anchor t_id="369"/>
<token_anchor t_id="370"/>
<token_anchor t_id="371"/>
<token_anchor t_id="372"/>
</NARRATIVE>
<NARRATIVE m_id="6" Level="Primary" comment="" conversational-direct="TRUE" conversational-reported="FALSE"  >
<token_anchor t_id="385"/>
<token_anchor t_id="386"/>
<token_anchor t_id="387"/>
<token_anchor t_id="388"/>
<token_anchor t_id="389"/>
<token_anchor t_id="390"/>
<token_anchor t_id="391"/>
<token_anchor t_id="392"/>
<token_anchor t_id="393"/>
</NARRATIVE>
<NARRATIVE m_id="7" Level="Primary" comment="" conversational-direct="TRUE" conversational-reported="FALSE"  >
<token_anchor t_id="397"/>
<token_anchor t_id="398"/>
<token_anchor t_id="399"/>
<token_anchor t_id="400"/>
<token_anchor t_id="401"/>
<token_anchor t_id="402"/>
<token_anchor t_id="403"/>
<token_anchor t_id="404"/>
<token_anchor t_id="405"/>
</NARRATIVE>
<NARRATIVE m_id="39" Level="Primary" comment="" conversational-direct="TRUE" conversational-reported="FALSE"  >
<token_anchor t_id="356"/>
<token_anchor t_id="357"/>
<token_anchor t_id="358"/>
<token_anchor t_id="359"/>
<token_anchor t_id="360"/>
<token_anchor t_id="361"/>
<token_anchor t_id="362"/>
<token_anchor t_id="363"/>
</NARRATIVE>
<NARRATIVE m_id="8" Level="Primary" comment="" conversational-direct="FALSE" conversational-reported="FALSE"  >
<token_anchor t_id="514"/>
<token_anchor t_id="515"/>
<token_anchor t_id="516"/>
</NARRATIVE>


</Markables>

<Relations>
</Relations>
</Document>
