<Document doc_name="nyt_20130321_china_pollution">
<token t_id="1" sentence="0" number="0">China</token>
<token t_id="2" sentence="0" number="1">'s</token>
<token t_id="3" sentence="0" number="2">state</token>
<token t_id="4" sentence="0" number="3">leadership</token>
<token t_id="5" sentence="0" number="4">transition</token>
<token t_id="6" sentence="0" number="5">has</token>
<token t_id="7" sentence="0" number="6">taken</token>
<token t_id="8" sentence="0" number="7">place</token>
<token t_id="9" sentence="0" number="8">this</token>
<token t_id="10" sentence="0" number="9">month</token>
<token t_id="11" sentence="0" number="10">against</token>
<token t_id="12" sentence="0" number="11">an</token>
<token t_id="13" sentence="0" number="12">ominous</token>
<token t_id="14" sentence="0" number="13">backdrop</token>
<token t_id="15" sentence="0" number="14">.</token>
<token t_id="16" sentence="1" number="15">More</token>
<token t_id="17" sentence="1" number="16">than</token>
<token t_id="18" sentence="1" number="17">16,000</token>
<token t_id="19" sentence="1" number="18">dead</token>
<token t_id="20" sentence="1" number="19">pigs</token>
<token t_id="21" sentence="1" number="20">have</token>
<token t_id="22" sentence="1" number="21">been</token>
<token t_id="23" sentence="1" number="22">found</token>
<token t_id="24" sentence="1" number="23">floating</token>
<token t_id="25" sentence="1" number="24">in</token>
<token t_id="26" sentence="1" number="25">rivers</token>
<token t_id="27" sentence="1" number="26">that</token>
<token t_id="28" sentence="1" number="27">provide</token>
<token t_id="29" sentence="1" number="28">drinking</token>
<token t_id="30" sentence="1" number="29">water</token>
<token t_id="31" sentence="1" number="30">to</token>
<token t_id="32" sentence="1" number="31">Shanghai</token>
<token t_id="33" sentence="1" number="32">.</token>
<token t_id="34" sentence="2" number="33">A</token>
<token t_id="35" sentence="2" number="34">haze</token>
<token t_id="36" sentence="2" number="35">akin</token>
<token t_id="37" sentence="2" number="36">to</token>
<token t_id="38" sentence="2" number="37">volcanic</token>
<token t_id="39" sentence="2" number="38">fumes</token>
<token t_id="40" sentence="2" number="39">cloaked</token>
<token t_id="41" sentence="2" number="40">the</token>
<token t_id="42" sentence="2" number="41">capital</token>
<token t_id="43" sentence="2" number="42">,</token>
<token t_id="44" sentence="2" number="43">causing</token>
<token t_id="45" sentence="2" number="44">convulsive</token>
<token t_id="46" sentence="2" number="45">coughing</token>
<token t_id="47" sentence="2" number="46">and</token>
<token t_id="48" sentence="2" number="47">obscuring</token>
<token t_id="49" sentence="2" number="48">the</token>
<token t_id="50" sentence="2" number="49">portrait</token>
<token t_id="51" sentence="2" number="50">of</token>
<token t_id="52" sentence="2" number="51">Mao</token>
<token t_id="53" sentence="2" number="52">Zedong</token>
<token t_id="54" sentence="2" number="53">on</token>
<token t_id="55" sentence="2" number="54">the</token>
<token t_id="56" sentence="2" number="55">gate</token>
<token t_id="57" sentence="2" number="56">to</token>
<token t_id="58" sentence="2" number="57">the</token>
<token t_id="59" sentence="2" number="58">Forbidden</token>
<token t_id="60" sentence="2" number="59">City</token>
<token t_id="61" sentence="2" number="60">.</token>
<token t_id="62" sentence="3" number="61">So</token>
<token t_id="63" sentence="3" number="62">severe</token>
<token t_id="64" sentence="3" number="63">are</token>
<token t_id="65" sentence="3" number="64">China</token>
<token t_id="66" sentence="3" number="65">'s</token>
<token t_id="67" sentence="3" number="66">environmental</token>
<token t_id="68" sentence="3" number="67">woes</token>
<token t_id="69" sentence="3" number="68">,</token>
<token t_id="70" sentence="3" number="69">especially</token>
<token t_id="71" sentence="3" number="70">the</token>
<token t_id="72" sentence="3" number="71">noxious</token>
<token t_id="73" sentence="3" number="72">air</token>
<token t_id="74" sentence="3" number="73">,</token>
<token t_id="75" sentence="3" number="74">that</token>
<token t_id="76" sentence="3" number="75">top</token>
<token t_id="77" sentence="3" number="76">government</token>
<token t_id="78" sentence="3" number="77">officials</token>
<token t_id="79" sentence="3" number="78">have</token>
<token t_id="80" sentence="3" number="79">been</token>
<token t_id="81" sentence="3" number="80">forced</token>
<token t_id="82" sentence="3" number="81">to</token>
<token t_id="83" sentence="3" number="82">openly</token>
<token t_id="84" sentence="3" number="83">acknowledge</token>
<token t_id="85" sentence="3" number="84">them</token>
<token t_id="86" sentence="3" number="85">.</token>
<token t_id="87" sentence="4" number="86">Fu</token>
<token t_id="88" sentence="4" number="87">Ying</token>
<token t_id="89" sentence="4" number="88">,</token>
<token t_id="90" sentence="4" number="89">the</token>
<token t_id="91" sentence="4" number="90">spokeswoman</token>
<token t_id="92" sentence="4" number="91">for</token>
<token t_id="93" sentence="4" number="92">the</token>
<token t_id="94" sentence="4" number="93">National</token>
<token t_id="95" sentence="4" number="94">People</token>
<token t_id="96" sentence="4" number="95">'s</token>
<token t_id="97" sentence="4" number="96">Congress</token>
<token t_id="98" sentence="4" number="97">,</token>
<token t_id="99" sentence="4" number="98">said</token>
<token t_id="100" sentence="4" number="99">she</token>
<token t_id="101" sentence="4" number="100">checked</token>
<token t_id="102" sentence="4" number="101">for</token>
<token t_id="103" sentence="4" number="102">smog</token>
<token t_id="104" sentence="4" number="103">every</token>
<token t_id="105" sentence="4" number="104">morning</token>
<token t_id="106" sentence="4" number="105">after</token>
<token t_id="107" sentence="4" number="106">opening</token>
<token t_id="108" sentence="4" number="107">her</token>
<token t_id="109" sentence="4" number="108">curtains</token>
<token t_id="110" sentence="4" number="109">and</token>
<token t_id="111" sentence="4" number="110">kept</token>
<token t_id="112" sentence="4" number="111">at</token>
<token t_id="113" sentence="4" number="112">home</token>
<token t_id="114" sentence="4" number="113">face</token>
<token t_id="115" sentence="4" number="114">masks</token>
<token t_id="116" sentence="4" number="115">for</token>
<token t_id="117" sentence="4" number="116">her</token>
<token t_id="118" sentence="4" number="117">daughter</token>
<token t_id="119" sentence="4" number="118">and</token>
<token t_id="120" sentence="4" number="119">herself</token>
<token t_id="121" sentence="4" number="120">.</token>
<token t_id="122" sentence="5" number="121">Li</token>
<token t_id="123" sentence="5" number="122">Keqiang</token>
<token t_id="124" sentence="5" number="123">,</token>
<token t_id="125" sentence="5" number="124">the</token>
<token t_id="126" sentence="5" number="125">new</token>
<token t_id="127" sentence="5" number="126">prime</token>
<token t_id="128" sentence="5" number="127">minister</token>
<token t_id="129" sentence="5" number="128">,</token>
<token t_id="130" sentence="5" number="129">said</token>
<token t_id="131" sentence="5" number="130">the</token>
<token t_id="132" sentence="5" number="131">air</token>
<token t_id="133" sentence="5" number="132">pollution</token>
<token t_id="134" sentence="5" number="133">had</token>
<token t_id="135" sentence="5" number="134">made</token>
<token t_id="136" sentence="5" number="135">him</token>
<token t_id="137" sentence="5" number="136">``</token>
<token t_id="138" sentence="5" number="137">quite</token>
<token t_id="139" sentence="5" number="138">upset</token>
<token t_id="140" sentence="5" number="139">''</token>
<token t_id="141" sentence="5" number="140">and</token>
<token t_id="142" sentence="5" number="141">vowed</token>
<token t_id="143" sentence="5" number="142">to</token>
<token t_id="144" sentence="5" number="143">''</token>
<token t_id="145" sentence="5" number="144">show</token>
<token t_id="146" sentence="5" number="145">even</token>
<token t_id="147" sentence="5" number="146">greater</token>
<token t_id="148" sentence="5" number="147">resolve</token>
<token t_id="149" sentence="5" number="148">and</token>
<token t_id="150" sentence="5" number="149">make</token>
<token t_id="151" sentence="5" number="150">more</token>
<token t_id="152" sentence="5" number="151">vigorous</token>
<token t_id="153" sentence="5" number="152">efforts</token>
<token t_id="154" sentence="5" number="153">''</token>
<token t_id="155" sentence="5" number="154">to</token>
<token t_id="156" sentence="5" number="155">clean</token>
<token t_id="157" sentence="5" number="156">it</token>
<token t_id="158" sentence="5" number="157">up</token>
<token t_id="159" sentence="5" number="158">.</token>
<token t_id="160" sentence="6" number="159">Last</token>
<token t_id="161" sentence="6" number="160">month</token>
<token t_id="162" sentence="6" number="161">,</token>
<token t_id="163" sentence="6" number="162">after</token>
<token t_id="164" sentence="6" number="163">deadly</token>
<token t_id="165" sentence="6" number="164">air</token>
<token t_id="166" sentence="6" number="165">pollution</token>
<token t_id="167" sentence="6" number="166">hit</token>
<token t_id="168" sentence="6" number="167">record</token>
<token t_id="169" sentence="6" number="168">levels</token>
<token t_id="170" sentence="6" number="169">in</token>
<token t_id="171" sentence="6" number="170">northern</token>
<token t_id="172" sentence="6" number="171">China</token>
<token t_id="173" sentence="6" number="172">,</token>
<token t_id="174" sentence="6" number="173">officials</token>
<token t_id="175" sentence="6" number="174">led</token>
<token t_id="176" sentence="6" number="175">byWen</token>
<token t_id="177" sentence="6" number="176">Jiabao</token>
<token t_id="178" sentence="6" number="177">,</token>
<token t_id="179" sentence="6" number="178">then</token>
<token t_id="180" sentence="6" number="179">the</token>
<token t_id="181" sentence="6" number="180">prime</token>
<token t_id="182" sentence="6" number="181">minister</token>
<token t_id="183" sentence="6" number="182">,</token>
<token t_id="184" sentence="6" number="183">put</token>
<token t_id="185" sentence="6" number="184">forward</token>
<token t_id="186" sentence="6" number="185">strict</token>
<token t_id="187" sentence="6" number="186">new</token>
<token t_id="188" sentence="6" number="187">fuel</token>
<token t_id="189" sentence="6" number="188">standards</token>
<token t_id="190" sentence="6" number="189">that</token>
<token t_id="191" sentence="6" number="190">the</token>
<token t_id="192" sentence="6" number="191">oil</token>
<token t_id="193" sentence="6" number="192">companies</token>
<token t_id="194" sentence="6" number="193">had</token>
<token t_id="195" sentence="6" number="194">blocked</token>
<token t_id="196" sentence="6" number="195">for</token>
<token t_id="197" sentence="6" number="196">years</token>
<token t_id="198" sentence="6" number="197">.</token>
<token t_id="199" sentence="7" number="198">But</token>
<token t_id="200" sentence="7" number="199">there</token>
<token t_id="201" sentence="7" number="200">are</token>
<token t_id="202" sentence="7" number="201">doubts</token>
<token t_id="203" sentence="7" number="202">about</token>
<token t_id="204" sentence="7" number="203">whether</token>
<token t_id="205" sentence="7" number="204">the</token>
<token t_id="206" sentence="7" number="205">oil</token>
<token t_id="207" sentence="7" number="206">companies</token>
<token t_id="208" sentence="7" number="207">will</token>
<token t_id="209" sentence="7" number="208">comply</token>
<token t_id="210" sentence="7" number="209">,</token>
<token t_id="211" sentence="7" number="210">especially</token>
<token t_id="212" sentence="7" number="211">since</token>
<token t_id="213" sentence="7" number="212">oil</token>
<token t_id="214" sentence="7" number="213">officials</token>
<token t_id="215" sentence="7" number="214">resisted</token>
<token t_id="216" sentence="7" number="215">a</token>
<token t_id="217" sentence="7" number="216">similar</token>
<token t_id="218" sentence="7" number="217">government</token>
<token t_id="219" sentence="7" number="218">order</token>
<token t_id="220" sentence="7" number="219">for</token>
<token t_id="221" sentence="7" number="220">higher-grade</token>
<token t_id="222" sentence="7" number="221">fuel</token>
<token t_id="223" sentence="7" number="222">four</token>
<token t_id="224" sentence="7" number="223">years</token>
<token t_id="225" sentence="7" number="224">ago</token>
<token t_id="226" sentence="7" number="225">.</token>
<token t_id="227" sentence="8" number="226">State-owned</token>
<token t_id="228" sentence="8" number="227">power</token>
<token t_id="229" sentence="8" number="228">companies</token>
<token t_id="230" sentence="8" number="229">have</token>
<token t_id="231" sentence="8" number="230">been</token>
<token t_id="232" sentence="8" number="231">similarly</token>
<token t_id="233" sentence="8" number="232">resistant</token>
<token t_id="234" sentence="8" number="233">.</token>
<token t_id="235" sentence="9" number="234">The</token>
<token t_id="236" sentence="9" number="235">companies</token>
<token t_id="237" sentence="9" number="236">regularly</token>
<token t_id="238" sentence="9" number="237">ignore</token>
<token t_id="239" sentence="9" number="238">government</token>
<token t_id="240" sentence="9" number="239">orders</token>
<token t_id="241" sentence="9" number="240">to</token>
<token t_id="242" sentence="9" number="241">upgrade</token>
<token t_id="243" sentence="9" number="242">coal-burning</token>
<token t_id="244" sentence="9" number="243">electricity</token>
<token t_id="245" sentence="9" number="244">plants</token>
<token t_id="246" sentence="9" number="245">,</token>
<token t_id="247" sentence="9" number="246">according</token>
<token t_id="248" sentence="9" number="247">to</token>
<token t_id="249" sentence="9" number="248">ministry</token>
<token t_id="250" sentence="9" number="249">data</token>
<token t_id="251" sentence="9" number="250">.</token>
<token t_id="252" sentence="10" number="251">And</token>
<token t_id="253" sentence="10" number="252">as</token>
<token t_id="254" sentence="10" number="253">with</token>
<token t_id="255" sentence="10" number="254">the</token>
<token t_id="256" sentence="10" number="255">oil</token>
<token t_id="257" sentence="10" number="256">companies</token>
<token t_id="258" sentence="10" number="257">,</token>
<token t_id="259" sentence="10" number="258">the</token>
<token t_id="260" sentence="10" number="259">power</token>
<token t_id="261" sentence="10" number="260">companies</token>
<token t_id="262" sentence="10" number="261">exert</token>
<token t_id="263" sentence="10" number="262">an</token>
<token t_id="264" sentence="10" number="263">outsize</token>
<token t_id="265" sentence="10" number="264">influence</token>
<token t_id="266" sentence="10" number="265">over</token>
<token t_id="267" sentence="10" number="266">environmental</token>
<token t_id="268" sentence="10" number="267">policy</token>
<token t_id="269" sentence="10" number="268">debates</token>
<token t_id="270" sentence="10" number="269">.</token>
<token t_id="271" sentence="11" number="270">In</token>
<token t_id="272" sentence="11" number="271">2011</token>
<token t_id="273" sentence="11" number="272">,</token>
<token t_id="274" sentence="11" number="273">during</token>
<token t_id="275" sentence="11" number="274">a</token>
<token t_id="276" sentence="11" number="275">round</token>
<token t_id="277" sentence="11" number="276">of</token>
<token t_id="278" sentence="11" number="277">discussions</token>
<token t_id="279" sentence="11" number="278">over</token>
<token t_id="280" sentence="11" number="279">stricter</token>
<token t_id="281" sentence="11" number="280">emissions</token>
<token t_id="282" sentence="11" number="281">standards</token>
<token t_id="283" sentence="11" number="282">,</token>
<token t_id="284" sentence="11" number="283">the</token>
<token t_id="285" sentence="11" number="284">China</token>
<token t_id="286" sentence="11" number="285">Electricity</token>
<token t_id="287" sentence="11" number="286">Council</token>
<token t_id="288" sentence="11" number="287">,</token>
<token t_id="289" sentence="11" number="288">which</token>
<token t_id="290" sentence="11" number="289">represents</token>
<token t_id="291" sentence="11" number="290">the</token>
<token t_id="292" sentence="11" number="291">companies</token>
<token t_id="293" sentence="11" number="292">,</token>
<token t_id="294" sentence="11" number="293">pushed</token>
<token t_id="295" sentence="11" number="294">back</token>
<token t_id="296" sentence="11" number="295">hard</token>
<token t_id="297" sentence="11" number="296">against</token>
<token t_id="298" sentence="11" number="297">the</token>
<token t_id="299" sentence="11" number="298">proposals</token>
<token t_id="300" sentence="11" number="299">,</token>
<token t_id="301" sentence="11" number="300">saying</token>
<token t_id="302" sentence="11" number="301">that</token>
<token t_id="303" sentence="11" number="302">the</token>
<token t_id="304" sentence="11" number="303">costs</token>
<token t_id="305" sentence="11" number="304">of</token>
<token t_id="306" sentence="11" number="305">upgrading</token>
<token t_id="307" sentence="11" number="306">the</token>
<token t_id="308" sentence="11" number="307">plants</token>
<token t_id="309" sentence="11" number="308">would</token>
<token t_id="310" sentence="11" number="309">be</token>
<token t_id="311" sentence="11" number="310">too</token>
<token t_id="312" sentence="11" number="311">high</token>
<token t_id="313" sentence="11" number="312">.</token>
<token t_id="314" sentence="12" number="313">On</token>
<token t_id="315" sentence="12" number="314">Feb.</token>
<token t_id="316" sentence="12" number="315">28</token>
<token t_id="317" sentence="12" number="316">,</token>
<token t_id="318" sentence="12" number="317">Deutsche</token>
<token t_id="319" sentence="12" number="318">Bank</token>
<token t_id="320" sentence="12" number="319">released</token>
<token t_id="321" sentence="12" number="320">an</token>
<token t_id="322" sentence="12" number="321">analysts</token>
<token t_id="323" sentence="12" number="322">'</token>
<token t_id="324" sentence="12" number="323">note</token>
<token t_id="325" sentence="12" number="324">saying</token>
<token t_id="326" sentence="12" number="325">that</token>
<token t_id="327" sentence="12" number="326">China</token>
<token t_id="328" sentence="12" number="327">'s</token>
<token t_id="329" sentence="12" number="328">current</token>
<token t_id="330" sentence="12" number="329">economic</token>
<token t_id="331" sentence="12" number="330">policies</token>
<token t_id="332" sentence="12" number="331">would</token>
<token t_id="333" sentence="12" number="332">result</token>
<token t_id="334" sentence="12" number="333">in</token>
<token t_id="335" sentence="12" number="334">an</token>
<token t_id="336" sentence="12" number="335">enormous</token>
<token t_id="337" sentence="12" number="336">surge</token>
<token t_id="338" sentence="12" number="337">in</token>
<token t_id="339" sentence="12" number="338">coal</token>
<token t_id="340" sentence="12" number="339">consumption</token>
<token t_id="341" sentence="12" number="340">and</token>
<token t_id="342" sentence="12" number="341">automobile</token>
<token t_id="343" sentence="12" number="342">sales</token>
<token t_id="344" sentence="12" number="343">over</token>
<token t_id="345" sentence="12" number="344">the</token>
<token t_id="346" sentence="12" number="345">next</token>
<token t_id="347" sentence="12" number="346">decade</token>
<token t_id="348" sentence="12" number="347">.</token>
<token t_id="349" sentence="13" number="348">``</token>
<token t_id="350" sentence="13" number="349">China</token>
<token t_id="351" sentence="13" number="350">'s</token>
<token t_id="352" sentence="13" number="351">air</token>
<token t_id="353" sentence="13" number="352">pollution</token>
<token t_id="354" sentence="13" number="353">will</token>
<token t_id="355" sentence="13" number="354">become</token>
<token t_id="356" sentence="13" number="355">a</token>
<token t_id="357" sentence="13" number="356">lot</token>
<token t_id="358" sentence="13" number="357">worse</token>
<token t_id="359" sentence="13" number="358">from</token>
<token t_id="360" sentence="13" number="359">the</token>
<token t_id="361" sentence="13" number="360">already</token>
<token t_id="362" sentence="13" number="361">unbearable</token>
<token t_id="363" sentence="13" number="362">level</token>
<token t_id="364" sentence="13" number="363">,</token>
<token t_id="365" sentence="13" number="364">''</token>
<token t_id="366" sentence="13" number="365">the</token>
<token t_id="367" sentence="13" number="366">analysts</token>
<token t_id="368" sentence="13" number="367">said</token>
<token t_id="369" sentence="13" number="368">,</token>
<token t_id="370" sentence="13" number="369">calling</token>
<token t_id="371" sentence="13" number="370">for</token>
<token t_id="372" sentence="13" number="371">drastic</token>
<token t_id="373" sentence="13" number="372">policy</token>
<token t_id="374" sentence="13" number="373">changes</token>
<token t_id="375" sentence="13" number="374">and</token>
<token t_id="376" sentence="13" number="375">``</token>
<token t_id="377" sentence="13" number="376">a</token>
<token t_id="378" sentence="13" number="377">strong</token>
<token t_id="379" sentence="13" number="378">government</token>
<token t_id="380" sentence="13" number="379">will</token>
<token t_id="381" sentence="13" number="380">to</token>
<token t_id="382" sentence="13" number="381">overcome</token>
<token t_id="383" sentence="13" number="382">the</token>
<token t_id="384" sentence="13" number="383">opposition</token>
<token t_id="385" sentence="13" number="384">from</token>
<token t_id="386" sentence="13" number="385">interest</token>
<token t_id="387" sentence="13" number="386">groups</token>
<token t_id="388" sentence="13" number="387">.</token>
<token t_id="389" sentence="13" number="388">''</token>
<token t_id="390" sentence="14" number="389">The</token>
<token t_id="391" sentence="14" number="390">report</token>
<token t_id="392" sentence="14" number="391">estimated</token>
<token t_id="393" sentence="14" number="392">that</token>
<token t_id="394" sentence="14" number="393">the</token>
<token t_id="395" sentence="14" number="394">number</token>
<token t_id="396" sentence="14" number="395">of</token>
<token t_id="397" sentence="14" number="396">passenger</token>
<token t_id="398" sentence="14" number="397">cars</token>
<token t_id="399" sentence="14" number="398">in</token>
<token t_id="400" sentence="14" number="399">China</token>
<token t_id="401" sentence="14" number="400">was</token>
<token t_id="402" sentence="14" number="401">on</token>
<token t_id="403" sentence="14" number="402">track</token>
<token t_id="404" sentence="14" number="403">to</token>
<token t_id="405" sentence="14" number="404">hit</token>
<token t_id="406" sentence="14" number="405">400</token>
<token t_id="407" sentence="14" number="406">million</token>
<token t_id="408" sentence="14" number="407">by</token>
<token t_id="409" sentence="14" number="408">2030</token>
<token t_id="410" sentence="14" number="409">,</token>
<token t_id="411" sentence="14" number="410">up</token>
<token t_id="412" sentence="14" number="411">from</token>
<token t_id="413" sentence="14" number="412">90</token>
<token t_id="414" sentence="14" number="413">million</token>
<token t_id="415" sentence="14" number="414">now</token>
<token t_id="416" sentence="14" number="415">.</token>


<Markables>
<ARGUMENTATIVE m_id="41" comment="" conversational-direct="FALSE" conversational-reported="TRUE"  >
<token_anchor t_id="372"/>
<token_anchor t_id="373"/>
<token_anchor t_id="374"/>
<token_anchor t_id="375"/>
<token_anchor t_id="376"/>
<token_anchor t_id="377"/>
<token_anchor t_id="378"/>
<token_anchor t_id="379"/>
<token_anchor t_id="380"/>
</ARGUMENTATIVE>
<ARGUMENTATIVE m_id="25" comment="" conversational-direct="FALSE" conversational-reported="FALSE"  >
<token_anchor t_id="199"/>
<token_anchor t_id="200"/>
<token_anchor t_id="201"/>
<token_anchor t_id="202"/>
</ARGUMENTATIVE>
<ARGUMENTATIVE m_id="26" comment="" conversational-direct="FALSE" conversational-reported="FALSE"  >
<token_anchor t_id="252"/>
<token_anchor t_id="253"/>
<token_anchor t_id="254"/>
<token_anchor t_id="255"/>
<token_anchor t_id="256"/>
<token_anchor t_id="257"/>
<token_anchor t_id="258"/>
<token_anchor t_id="259"/>
<token_anchor t_id="260"/>
<token_anchor t_id="261"/>
<token_anchor t_id="262"/>
<token_anchor t_id="263"/>
<token_anchor t_id="264"/>
<token_anchor t_id="265"/>
<token_anchor t_id="266"/>
<token_anchor t_id="267"/>
<token_anchor t_id="268"/>
<token_anchor t_id="269"/>
<token_anchor t_id="270"/>
</ARGUMENTATIVE>
<ARGUMENTATIVE m_id="27" comment="" conversational-direct="FALSE" conversational-reported="FALSE"  >
<token_anchor t_id="62"/>
<token_anchor t_id="63"/>
<token_anchor t_id="64"/>
<token_anchor t_id="65"/>
<token_anchor t_id="66"/>
<token_anchor t_id="67"/>
<token_anchor t_id="68"/>
<token_anchor t_id="69"/>
<token_anchor t_id="70"/>
<token_anchor t_id="71"/>
<token_anchor t_id="72"/>
<token_anchor t_id="73"/>
<token_anchor t_id="74"/>
</ARGUMENTATIVE>
<ARGUMENTATIVE m_id="31" comment="" conversational-direct="TRUE" conversational-reported="FALSE"  >
<token_anchor t_id="131"/>
<token_anchor t_id="132"/>
<token_anchor t_id="133"/>
<token_anchor t_id="134"/>
<token_anchor t_id="135"/>
<token_anchor t_id="136"/>
<token_anchor t_id="137"/>
<token_anchor t_id="138"/>
<token_anchor t_id="139"/>
<token_anchor t_id="140"/>
</ARGUMENTATIVE>
<ARGUMENTATIVE m_id="32" comment="" conversational-direct="FALSE" conversational-reported="TRUE"  >
<token_anchor t_id="141"/>
<token_anchor t_id="142"/>
</ARGUMENTATIVE>
<ARGUMENTATIVE m_id="33" comment="" conversational-direct="TRUE" conversational-reported="FALSE"  >
<token_anchor t_id="143"/>
<token_anchor t_id="144"/>
<token_anchor t_id="145"/>
<token_anchor t_id="146"/>
<token_anchor t_id="147"/>
<token_anchor t_id="148"/>
</ARGUMENTATIVE>
<ARGUMENTATIVE m_id="34" comment="" conversational-direct="TRUE" conversational-reported="FALSE"  >
<token_anchor t_id="149"/>
<token_anchor t_id="150"/>
<token_anchor t_id="151"/>
<token_anchor t_id="152"/>
<token_anchor t_id="153"/>
<token_anchor t_id="154"/>
</ARGUMENTATIVE>
<ARGUMENTATIVE m_id="38" comment="" conversational-direct="FALSE" conversational-reported="TRUE"  >
<token_anchor t_id="326"/>
<token_anchor t_id="327"/>
<token_anchor t_id="328"/>
<token_anchor t_id="329"/>
<token_anchor t_id="330"/>
<token_anchor t_id="331"/>
<token_anchor t_id="332"/>
<token_anchor t_id="333"/>
<token_anchor t_id="334"/>
<token_anchor t_id="335"/>
<token_anchor t_id="336"/>
<token_anchor t_id="337"/>
<token_anchor t_id="338"/>
<token_anchor t_id="339"/>
<token_anchor t_id="340"/>
<token_anchor t_id="341"/>
<token_anchor t_id="342"/>
<token_anchor t_id="343"/>
<token_anchor t_id="344"/>
<token_anchor t_id="345"/>
<token_anchor t_id="346"/>
<token_anchor t_id="347"/>
<token_anchor t_id="348"/>
</ARGUMENTATIVE>
<ARGUMENTATIVE m_id="39" comment="" conversational-direct="FALSE" conversational-reported="FALSE"  >
<token_anchor t_id="349"/>
<token_anchor t_id="350"/>
<token_anchor t_id="351"/>
<token_anchor t_id="352"/>
<token_anchor t_id="353"/>
<token_anchor t_id="354"/>
<token_anchor t_id="355"/>
<token_anchor t_id="356"/>
<token_anchor t_id="357"/>
<token_anchor t_id="358"/>
<token_anchor t_id="359"/>
<token_anchor t_id="360"/>
<token_anchor t_id="361"/>
<token_anchor t_id="362"/>
<token_anchor t_id="363"/>
<token_anchor t_id="364"/>
<token_anchor t_id="365"/>
</ARGUMENTATIVE>
<DESCRIPTIVE m_id="37" Type="Other" comment="" conversational-direct="FALSE" conversational-reported="FALSE"  >
<token_anchor t_id="289"/>
<token_anchor t_id="290"/>
<token_anchor t_id="291"/>
<token_anchor t_id="292"/>
<token_anchor t_id="293"/>
</DESCRIPTIVE>
<NARRATIVE m_id="9" Level="Primary" comment="" conversational-direct="FALSE" conversational-reported="FALSE"  >
<token_anchor t_id="211"/>
<token_anchor t_id="212"/>
<token_anchor t_id="213"/>
<token_anchor t_id="214"/>
<token_anchor t_id="215"/>
<token_anchor t_id="216"/>
<token_anchor t_id="217"/>
<token_anchor t_id="218"/>
<token_anchor t_id="219"/>
<token_anchor t_id="220"/>
<token_anchor t_id="221"/>
<token_anchor t_id="222"/>
<token_anchor t_id="223"/>
<token_anchor t_id="224"/>
<token_anchor t_id="225"/>
<token_anchor t_id="226"/>
</NARRATIVE>
<NARRATIVE m_id="42" Level="Primary" comment="" conversational-direct="FALSE" conversational-reported="TRUE"  >
<token_anchor t_id="393"/>
<token_anchor t_id="394"/>
<token_anchor t_id="395"/>
<token_anchor t_id="396"/>
<token_anchor t_id="397"/>
<token_anchor t_id="398"/>
<token_anchor t_id="399"/>
<token_anchor t_id="400"/>
<token_anchor t_id="401"/>
<token_anchor t_id="402"/>
<token_anchor t_id="403"/>
<token_anchor t_id="404"/>
<token_anchor t_id="405"/>
<token_anchor t_id="406"/>
<token_anchor t_id="407"/>
<token_anchor t_id="408"/>
<token_anchor t_id="409"/>
<token_anchor t_id="410"/>
<token_anchor t_id="411"/>
<token_anchor t_id="412"/>
<token_anchor t_id="413"/>
<token_anchor t_id="414"/>
<token_anchor t_id="415"/>
<token_anchor t_id="416"/>
</NARRATIVE>
<NARRATIVE m_id="10" Level="Primary" comment="" conversational-direct="FALSE" conversational-reported="FALSE"  >
<token_anchor t_id="227"/>
<token_anchor t_id="228"/>
<token_anchor t_id="229"/>
<token_anchor t_id="230"/>
<token_anchor t_id="231"/>
<token_anchor t_id="232"/>
<token_anchor t_id="233"/>
<token_anchor t_id="234"/>
</NARRATIVE>
<NARRATIVE m_id="11" Level="Primary" comment="" conversational-direct="FALSE" conversational-reported="FALSE"  >
<token_anchor t_id="271"/>
<token_anchor t_id="272"/>
<token_anchor t_id="273"/>
<token_anchor t_id="274"/>
<token_anchor t_id="275"/>
<token_anchor t_id="276"/>
<token_anchor t_id="277"/>
<token_anchor t_id="278"/>
<token_anchor t_id="279"/>
<token_anchor t_id="280"/>
<token_anchor t_id="281"/>
<token_anchor t_id="282"/>
<token_anchor t_id="283"/>
<token_anchor t_id="284"/>
<token_anchor t_id="285"/>
<token_anchor t_id="286"/>
<token_anchor t_id="287"/>
<token_anchor t_id="288"/>
<token_anchor t_id="294"/>
<token_anchor t_id="295"/>
<token_anchor t_id="296"/>
<token_anchor t_id="297"/>
<token_anchor t_id="298"/>
<token_anchor t_id="299"/>
<token_anchor t_id="300"/>
</NARRATIVE>
<NARRATIVE m_id="12" Level="Primary" comment="" conversational-direct="FALSE" conversational-reported="TRUE"  >
<token_anchor t_id="302"/>
<token_anchor t_id="303"/>
<token_anchor t_id="304"/>
<token_anchor t_id="305"/>
<token_anchor t_id="306"/>
<token_anchor t_id="307"/>
<token_anchor t_id="308"/>
<token_anchor t_id="309"/>
<token_anchor t_id="310"/>
<token_anchor t_id="311"/>
<token_anchor t_id="312"/>
<token_anchor t_id="313"/>
</NARRATIVE>
<NARRATIVE m_id="13" Level="" comment="" conversational-direct="FALSE" conversational-reported="FALSE"  >
<token_anchor t_id="314"/>
<token_anchor t_id="315"/>
<token_anchor t_id="316"/>
<token_anchor t_id="317"/>
<token_anchor t_id="318"/>
<token_anchor t_id="319"/>
<token_anchor t_id="320"/>
<token_anchor t_id="321"/>
<token_anchor t_id="322"/>
<token_anchor t_id="323"/>
<token_anchor t_id="324"/>
</NARRATIVE>
<NARRATIVE m_id="14" Level="Primary" comment="" conversational-direct="FALSE" conversational-reported="FALSE"  >
<token_anchor t_id="160"/>
<token_anchor t_id="161"/>
<token_anchor t_id="162"/>
<token_anchor t_id="174"/>
<token_anchor t_id="175"/>
<token_anchor t_id="176"/>
<token_anchor t_id="177"/>
<token_anchor t_id="178"/>
<token_anchor t_id="179"/>
<token_anchor t_id="180"/>
<token_anchor t_id="181"/>
<token_anchor t_id="182"/>
<token_anchor t_id="183"/>
<token_anchor t_id="184"/>
<token_anchor t_id="185"/>
<token_anchor t_id="186"/>
<token_anchor t_id="187"/>
<token_anchor t_id="188"/>
<token_anchor t_id="189"/>
<token_anchor t_id="190"/>
<token_anchor t_id="191"/>
<token_anchor t_id="192"/>
<token_anchor t_id="193"/>
<token_anchor t_id="194"/>
<token_anchor t_id="195"/>
<token_anchor t_id="196"/>
<token_anchor t_id="197"/>
<token_anchor t_id="198"/>
</NARRATIVE>
<NARRATIVE m_id="15" Level="Primary" comment="" conversational-direct="FALSE" conversational-reported="FALSE"  >
<token_anchor t_id="24"/>
<token_anchor t_id="25"/>
<token_anchor t_id="26"/>
<token_anchor t_id="27"/>
<token_anchor t_id="28"/>
<token_anchor t_id="29"/>
<token_anchor t_id="30"/>
<token_anchor t_id="31"/>
<token_anchor t_id="32"/>
<token_anchor t_id="33"/>
</NARRATIVE>
<NARRATIVE m_id="16" Level="Primary" comment="" conversational-direct="FALSE" conversational-reported="TRUE"  >
<token_anchor t_id="106"/>
<token_anchor t_id="107"/>
<token_anchor t_id="108"/>
<token_anchor t_id="109"/>
</NARRATIVE>
<NARRATIVE m_id="17" Level="Primary" comment="" conversational-direct="FALSE" conversational-reported="FALSE"  >
<token_anchor t_id="16"/>
<token_anchor t_id="17"/>
<token_anchor t_id="18"/>
<token_anchor t_id="19"/>
<token_anchor t_id="20"/>
<token_anchor t_id="21"/>
<token_anchor t_id="22"/>
<token_anchor t_id="23"/>
</NARRATIVE>
<NARRATIVE m_id="18" Level="Primary" comment="" conversational-direct="FALSE" conversational-reported="FALSE"  >
<token_anchor t_id="34"/>
<token_anchor t_id="35"/>
<token_anchor t_id="36"/>
<token_anchor t_id="37"/>
<token_anchor t_id="38"/>
<token_anchor t_id="39"/>
<token_anchor t_id="40"/>
<token_anchor t_id="41"/>
<token_anchor t_id="42"/>
<token_anchor t_id="43"/>
</NARRATIVE>
<NARRATIVE m_id="19" Level="Primary" comment="" conversational-direct="FALSE" conversational-reported="FALSE"  >
<token_anchor t_id="155"/>
<token_anchor t_id="156"/>
<token_anchor t_id="157"/>
<token_anchor t_id="158"/>
<token_anchor t_id="159"/>
</NARRATIVE>
<NARRATIVE m_id="20" Level="Primary" comment="" conversational-direct="FALSE" conversational-reported="FALSE"  >
<token_anchor t_id="44"/>
<token_anchor t_id="45"/>
<token_anchor t_id="46"/>
</NARRATIVE>
<NARRATIVE m_id="21" Level="Primary" comment="" conversational-direct="FALSE" conversational-reported="FALSE"  >
<token_anchor t_id="47"/>
<token_anchor t_id="48"/>
<token_anchor t_id="49"/>
<token_anchor t_id="50"/>
<token_anchor t_id="51"/>
<token_anchor t_id="52"/>
<token_anchor t_id="53"/>
<token_anchor t_id="54"/>
<token_anchor t_id="55"/>
<token_anchor t_id="56"/>
<token_anchor t_id="57"/>
<token_anchor t_id="58"/>
<token_anchor t_id="59"/>
<token_anchor t_id="60"/>
<token_anchor t_id="61"/>
</NARRATIVE>
<NARRATIVE m_id="22" Level="" comment="" conversational-direct="FALSE" conversational-reported="FALSE"  >
<token_anchor t_id="381"/>
<token_anchor t_id="382"/>
<token_anchor t_id="383"/>
<token_anchor t_id="384"/>
<token_anchor t_id="385"/>
<token_anchor t_id="386"/>
<token_anchor t_id="387"/>
<token_anchor t_id="388"/>
<token_anchor t_id="389"/>
</NARRATIVE>
<NARRATIVE m_id="23" Level="Primary" comment="" conversational-direct="FALSE" conversational-reported="TRUE"  >
<token_anchor t_id="100"/>
<token_anchor t_id="101"/>
<token_anchor t_id="102"/>
<token_anchor t_id="103"/>
<token_anchor t_id="104"/>
<token_anchor t_id="105"/>
</NARRATIVE>
<NARRATIVE m_id="24" Level="Primary" comment="" conversational-direct="FALSE" conversational-reported="TRUE"  >
<token_anchor t_id="110"/>
<token_anchor t_id="111"/>
<token_anchor t_id="112"/>
<token_anchor t_id="113"/>
<token_anchor t_id="114"/>
<token_anchor t_id="115"/>
<token_anchor t_id="116"/>
<token_anchor t_id="117"/>
<token_anchor t_id="118"/>
<token_anchor t_id="119"/>
<token_anchor t_id="120"/>
<token_anchor t_id="121"/>
</NARRATIVE>
<NARRATIVE m_id="28" Level="Primary" comment="" conversational-direct="FALSE" conversational-reported="FALSE"  >
<token_anchor t_id="82"/>
<token_anchor t_id="83"/>
<token_anchor t_id="84"/>
<token_anchor t_id="85"/>
<token_anchor t_id="86"/>
</NARRATIVE>
<NARRATIVE m_id="29" Level="Primary" comment="" conversational-direct="FALSE" conversational-reported="FALSE"  >
<token_anchor t_id="1"/>
<token_anchor t_id="2"/>
<token_anchor t_id="3"/>
<token_anchor t_id="4"/>
<token_anchor t_id="5"/>
<token_anchor t_id="6"/>
<token_anchor t_id="7"/>
<token_anchor t_id="8"/>
<token_anchor t_id="9"/>
<token_anchor t_id="10"/>
<token_anchor t_id="11"/>
<token_anchor t_id="12"/>
<token_anchor t_id="13"/>
<token_anchor t_id="14"/>
<token_anchor t_id="15"/>
</NARRATIVE>
<NARRATIVE m_id="30" Level="Primary" comment="" conversational-direct="FALSE" conversational-reported="FALSE"  >
<token_anchor t_id="75"/>
<token_anchor t_id="76"/>
<token_anchor t_id="77"/>
<token_anchor t_id="78"/>
<token_anchor t_id="79"/>
<token_anchor t_id="80"/>
<token_anchor t_id="81"/>
</NARRATIVE>
<NARRATIVE m_id="1" Level="" comment="" conversational-direct="FALSE" conversational-reported="FALSE"  >
<token_anchor t_id="122"/>
<token_anchor t_id="123"/>
<token_anchor t_id="124"/>
<token_anchor t_id="125"/>
<token_anchor t_id="126"/>
<token_anchor t_id="127"/>
<token_anchor t_id="128"/>
<token_anchor t_id="129"/>
<token_anchor t_id="130"/>
</NARRATIVE>
<NARRATIVE m_id="2" Level="" comment="" conversational-direct="FALSE" conversational-reported="FALSE"  >
<token_anchor t_id="247"/>
<token_anchor t_id="248"/>
<token_anchor t_id="249"/>
<token_anchor t_id="250"/>
</NARRATIVE>
<NARRATIVE m_id="3" Level="Primary" comment="" conversational-direct="FALSE" conversational-reported="FALSE"  >
<token_anchor t_id="301"/>
</NARRATIVE>
<NARRATIVE m_id="35" Level="Primary" comment="" conversational-direct="FALSE" conversational-reported="FALSE"  >
<token_anchor t_id="203"/>
<token_anchor t_id="204"/>
<token_anchor t_id="205"/>
<token_anchor t_id="206"/>
<token_anchor t_id="207"/>
<token_anchor t_id="208"/>
<token_anchor t_id="209"/>
<token_anchor t_id="210"/>
</NARRATIVE>
<NARRATIVE m_id="4" Level="" comment="" conversational-direct="FALSE" conversational-reported="FALSE"  >
<token_anchor t_id="325"/>
</NARRATIVE>
<NARRATIVE m_id="36" Level="" comment="" conversational-direct="FALSE" conversational-reported="FALSE"  >
<token_anchor t_id="235"/>
<token_anchor t_id="236"/>
<token_anchor t_id="237"/>
<token_anchor t_id="238"/>
<token_anchor t_id="239"/>
<token_anchor t_id="240"/>
<token_anchor t_id="241"/>
<token_anchor t_id="242"/>
<token_anchor t_id="243"/>
<token_anchor t_id="244"/>
<token_anchor t_id="245"/>
<token_anchor t_id="246"/>
</NARRATIVE>
<NARRATIVE m_id="5" Level="Primary" comment="" conversational-direct="FALSE" conversational-reported="FALSE"  >
<token_anchor t_id="366"/>
<token_anchor t_id="367"/>
<token_anchor t_id="368"/>
<token_anchor t_id="369"/>
</NARRATIVE>
<NARRATIVE m_id="6" Level="Primary" comment="" conversational-direct="FALSE" conversational-reported="FALSE"  >
<token_anchor t_id="390"/>
<token_anchor t_id="391"/>
<token_anchor t_id="392"/>
</NARRATIVE>
<NARRATIVE m_id="7" Level="Primary" comment="" conversational-direct="FALSE" conversational-reported="FALSE"  >
<token_anchor t_id="87"/>
<token_anchor t_id="88"/>
<token_anchor t_id="89"/>
<token_anchor t_id="90"/>
<token_anchor t_id="91"/>
<token_anchor t_id="92"/>
<token_anchor t_id="93"/>
<token_anchor t_id="94"/>
<token_anchor t_id="95"/>
<token_anchor t_id="96"/>
<token_anchor t_id="97"/>
<token_anchor t_id="98"/>
<token_anchor t_id="99"/>
</NARRATIVE>
<NARRATIVE m_id="40" Level="Primary" comment="" conversational-direct="FALSE" conversational-reported="FALSE"  >
<token_anchor t_id="370"/>
<token_anchor t_id="371"/>
</NARRATIVE>
<NARRATIVE m_id="8" Level="Primary" comment="" conversational-direct="FALSE" conversational-reported="FALSE"  >
<token_anchor t_id="163"/>
<token_anchor t_id="164"/>
<token_anchor t_id="165"/>
<token_anchor t_id="166"/>
<token_anchor t_id="167"/>
<token_anchor t_id="168"/>
<token_anchor t_id="169"/>
<token_anchor t_id="170"/>
<token_anchor t_id="171"/>
<token_anchor t_id="172"/>
<token_anchor t_id="173"/>
</NARRATIVE>


</Markables>

<Relations>
</Relations>
</Document>
