<Document doc_name="wsj_0932.xml.conll.txt">
<token t_id="1" sentence="0" number="0">The</token>
<token t_id="2" sentence="0" number="1">amount</token>
<token t_id="3" sentence="0" number="2">of</token>
<token t_id="4" sentence="0" number="3">blood</token>
<token t_id="5" sentence="0" number="4">surgical</token>
<token t_id="6" sentence="0" number="5">patients</token>
<token t_id="7" sentence="0" number="6">can</token>
<token t_id="8" sentence="0" number="7">donate</token>
<token t_id="9" sentence="0" number="8">and</token>
<token t_id="10" sentence="0" number="9">store</token>
<token t_id="11" sentence="0" number="10">before</token>
<token t_id="12" sentence="0" number="11">surgery</token>
<token t_id="13" sentence="0" number="12">can</token>
<token t_id="14" sentence="0" number="13">be</token>
<token t_id="15" sentence="0" number="14">increased</token>
<token t_id="16" sentence="0" number="15">by</token>
<token t_id="17" sentence="0" number="16">the</token>
<token t_id="18" sentence="0" number="17">new</token>
<token t_id="19" sentence="0" number="18">genetically</token>
<token t_id="20" sentence="0" number="19">engineered</token>
<token t_id="21" sentence="0" number="20">drug</token>
<token t_id="22" sentence="0" number="21">,</token>
<token t_id="23" sentence="0" number="22">EPO</token>
<token t_id="24" sentence="0" number="23">.</token>
<token t_id="25" sentence="1" number="0">EPO</token>
<token t_id="26" sentence="1" number="1">,</token>
<token t_id="27" sentence="1" number="2">or</token>
<token t_id="28" sentence="1" number="3">erythropoietin</token>
<token t_id="29" sentence="1" number="4">,</token>
<token t_id="30" sentence="1" number="5">is</token>
<token t_id="31" sentence="1" number="6">a</token>
<token t_id="32" sentence="1" number="7">protein</token>
<token t_id="33" sentence="1" number="8">the</token>
<token t_id="34" sentence="1" number="9">human</token>
<token t_id="35" sentence="1" number="10">body</token>
<token t_id="36" sentence="1" number="11">makes</token>
<token t_id="37" sentence="1" number="12">to</token>
<token t_id="38" sentence="1" number="13">stimulate</token>
<token t_id="39" sentence="1" number="14">the</token>
<token t_id="40" sentence="1" number="15">growth</token>
<token t_id="41" sentence="1" number="16">of</token>
<token t_id="42" sentence="1" number="17">red</token>
<token t_id="43" sentence="1" number="18">blood</token>
<token t_id="44" sentence="1" number="19">cells</token>
<token t_id="45" sentence="1" number="20">.</token>
<token t_id="46" sentence="2" number="0">A</token>
<token t_id="47" sentence="2" number="1">genetically</token>
<token t_id="48" sentence="2" number="2">engineered</token>
<token t_id="49" sentence="2" number="3">version</token>
<token t_id="50" sentence="2" number="4">of</token>
<token t_id="51" sentence="2" number="5">the</token>
<token t_id="52" sentence="2" number="6">human</token>
<token t_id="53" sentence="2" number="7">protein</token>
<token t_id="54" sentence="2" number="8">developed</token>
<token t_id="55" sentence="2" number="9">by</token>
<token t_id="56" sentence="2" number="10">Amgen</token>
<token t_id="57" sentence="2" number="11">Corp</token>
<token t_id="58" sentence="2" number="12">.</token>
<token t_id="59" sentence="2" number="13">of</token>
<token t_id="60" sentence="2" number="14">Thousand</token>
<token t_id="61" sentence="2" number="15">Oaks</token>
<token t_id="62" sentence="2" number="16">,</token>
<token t_id="63" sentence="2" number="17">Calif</token>
<token t_id="64" sentence="2" number="18">.</token>
<token t_id="65" sentence="2" number="19">,</token>
<token t_id="66" sentence="2" number="20">recently</token>
<token t_id="67" sentence="2" number="21">has</token>
<token t_id="68" sentence="2" number="22">been</token>
<token t_id="69" sentence="2" number="23">marketed</token>
<token t_id="70" sentence="2" number="24">by</token>
<token t_id="71" sentence="2" number="25">the</token>
<token t_id="72" sentence="2" number="26">Ortho</token>
<token t_id="73" sentence="2" number="27">Pharmaceuticals</token>
<token t_id="74" sentence="2" number="28">division</token>
<token t_id="75" sentence="2" number="29">of</token>
<token t_id="76" sentence="2" number="30">Johnson</token>
<token t_id="77" sentence="2" number="31">&amp;amp</token>
<token t_id="78" sentence="2" number="32">;</token>
<token t_id="79" sentence="2" number="33">Johnson</token>
<token t_id="80" sentence="2" number="34">.</token>
<token t_id="81" sentence="3" number="0">A</token>
<token t_id="82" sentence="3" number="1">competing</token>
<token t_id="83" sentence="3" number="2">version</token>
<token t_id="84" sentence="3" number="3">of</token>
<token t_id="85" sentence="3" number="4">EPO</token>
<token t_id="86" sentence="3" number="5">is</token>
<token t_id="87" sentence="3" number="6">being</token>
<token t_id="88" sentence="3" number="7">developed</token>
<token t_id="89" sentence="3" number="8">by</token>
<token t_id="90" sentence="3" number="9">Genetics</token>
<token t_id="91" sentence="3" number="10">Institute</token>
<token t_id="92" sentence="3" number="11">Inc</token>
<token t_id="93" sentence="3" number="12">.</token>
<token t_id="94" sentence="3" number="13">in</token>
<token t_id="95" sentence="3" number="14">Cambridge</token>
<token t_id="96" sentence="3" number="15">,</token>
<token t_id="97" sentence="3" number="16">Mass</token>
<token t_id="98" sentence="3" number="17">.</token>
<token t_id="99" sentence="4" number="0">The</token>
<token t_id="100" sentence="4" number="1">drug</token>
<token t_id="101" sentence="4" number="2">is</token>
<token t_id="102" sentence="4" number="3">being</token>
<token t_id="103" sentence="4" number="4">used</token>
<token t_id="104" sentence="4" number="5">primarily</token>
<token t_id="105" sentence="4" number="6">to</token>
<token t_id="106" sentence="4" number="7">treat</token>
<token t_id="107" sentence="4" number="8">anemias</token>
<token t_id="108" sentence="4" number="9">.</token>
<token t_id="109" sentence="5" number="0">A</token>
<token t_id="110" sentence="5" number="1">new</token>
<token t_id="111" sentence="5" number="2">experiment</token>
<token t_id="112" sentence="5" number="3">,</token>
<token t_id="113" sentence="5" number="4">reported</token>
<token t_id="114" sentence="5" number="5">in</token>
<token t_id="115" sentence="5" number="6">this</token>
<token t_id="116" sentence="5" number="7">week</token>
<token t_id="117" sentence="5" number="8">'s</token>
<token t_id="118" sentence="5" number="9">New</token>
<token t_id="119" sentence="5" number="10">England</token>
<token t_id="120" sentence="5" number="11">Journal</token>
<token t_id="121" sentence="5" number="12">of</token>
<token t_id="122" sentence="5" number="13">Medicine</token>
<token t_id="123" sentence="5" number="14">,</token>
<token t_id="124" sentence="5" number="15">involved</token>
<token t_id="125" sentence="5" number="16">giving</token>
<token t_id="126" sentence="5" number="17">injections</token>
<token t_id="127" sentence="5" number="18">of</token>
<token t_id="128" sentence="5" number="19">Amgen</token>
<token t_id="129" sentence="5" number="20">'s</token>
<token t_id="130" sentence="5" number="21">EPO</token>
<token t_id="131" sentence="5" number="22">to</token>
<token t_id="132" sentence="5" number="23">23</token>
<token t_id="133" sentence="5" number="24">patients</token>
<token t_id="134" sentence="5" number="25">who</token>
<token t_id="135" sentence="5" number="26">wanted</token>
<token t_id="136" sentence="5" number="27">to</token>
<token t_id="137" sentence="5" number="28">store</token>
<token t_id="138" sentence="5" number="29">units</token>
<token t_id="139" sentence="5" number="30">of</token>
<token t_id="140" sentence="5" number="31">their</token>
<token t_id="141" sentence="5" number="32">own</token>
<token t_id="142" sentence="5" number="33">blood</token>
<token t_id="143" sentence="5" number="34">.</token>
<token t_id="144" sentence="6" number="0">The</token>
<token t_id="145" sentence="6" number="1">patients</token>
<token t_id="146" sentence="6" number="2">began</token>
<token t_id="147" sentence="6" number="3">receiving</token>
<token t_id="148" sentence="6" number="4">EPO</token>
<token t_id="149" sentence="6" number="5">injections</token>
<token t_id="150" sentence="6" number="6">about</token>
<token t_id="151" sentence="6" number="7">a</token>
<token t_id="152" sentence="6" number="8">month</token>
<token t_id="153" sentence="6" number="9">before</token>
<token t_id="154" sentence="6" number="10">their</token>
<token t_id="155" sentence="6" number="11">scheduled</token>
<token t_id="156" sentence="6" number="12">surgery</token>
<token t_id="157" sentence="6" number="13">.</token>
<token t_id="158" sentence="7" number="0">They</token>
<token t_id="159" sentence="7" number="1">then</token>
<token t_id="160" sentence="7" number="2">began</token>
<token t_id="161" sentence="7" number="3">donating</token>
<token t_id="162" sentence="7" number="4">blood</token>
<token t_id="163" sentence="7" number="5">twice</token>
<token t_id="164" sentence="7" number="6">a</token>
<token t_id="165" sentence="7" number="7">week</token>
<token t_id="166" sentence="7" number="8">,</token>
<token t_id="167" sentence="7" number="9">receiving</token>
<token t_id="168" sentence="7" number="10">an</token>
<token t_id="169" sentence="7" number="11">EPO</token>
<token t_id="170" sentence="7" number="12">injection</token>
<token t_id="171" sentence="7" number="13">each</token>
<token t_id="172" sentence="7" number="14">time</token>
<token t_id="173" sentence="7" number="15">.</token>
<token t_id="174" sentence="8" number="0">If</token>
<token t_id="175" sentence="8" number="1">tests</token>
<token t_id="176" sentence="8" number="2">indicated</token>
<token t_id="177" sentence="8" number="3">a</token>
<token t_id="178" sentence="8" number="4">low</token>
<token t_id="179" sentence="8" number="5">number</token>
<token t_id="180" sentence="8" number="6">of</token>
<token t_id="181" sentence="8" number="7">red</token>
<token t_id="182" sentence="8" number="8">cells</token>
<token t_id="183" sentence="8" number="9">,</token>
<token t_id="184" sentence="8" number="10">blood</token>
<token t_id="185" sentence="8" number="11">was</token>
<token t_id="186" sentence="8" number="12">n't</token>
<token t_id="187" sentence="8" number="13">taken</token>
<token t_id="188" sentence="8" number="14">.</token>
<token t_id="189" sentence="9" number="0">The</token>
<token t_id="190" sentence="9" number="1">EPO</token>
<token t_id="191" sentence="9" number="2">-</token>
<token t_id="192" sentence="9" number="3">treated</token>
<token t_id="193" sentence="9" number="4">patients</token>
<token t_id="194" sentence="9" number="5">donated</token>
<token t_id="195" sentence="9" number="6">an</token>
<token t_id="196" sentence="9" number="7">average</token>
<token t_id="197" sentence="9" number="8">of</token>
<token t_id="198" sentence="9" number="9">5</token>
<token t_id="199" sentence="9" number="10">.</token>
<token t_id="200" sentence="9" number="11">4</token>
<token t_id="201" sentence="9" number="12">units</token>
<token t_id="202" sentence="9" number="13">of</token>
<token t_id="203" sentence="9" number="14">blood</token>
<token t_id="204" sentence="9" number="15">each</token>
<token t_id="205" sentence="9" number="16">compared</token>
<token t_id="206" sentence="9" number="17">with</token>
<token t_id="207" sentence="9" number="18">only</token>
<token t_id="208" sentence="9" number="19">4</token>
<token t_id="209" sentence="9" number="20">.</token>
<token t_id="210" sentence="9" number="21">1</token>
<token t_id="211" sentence="9" number="22">units</token>
<token t_id="212" sentence="9" number="23">donated</token>
<token t_id="213" sentence="9" number="24">by</token>
<token t_id="214" sentence="9" number="25">a</token>
<token t_id="215" sentence="9" number="26">similar</token>
<token t_id="216" sentence="9" number="27">group</token>
<token t_id="217" sentence="9" number="28">of</token>
<token t_id="218" sentence="9" number="29">surgical</token>
<token t_id="219" sentence="9" number="30">patients</token>
<token t_id="220" sentence="9" number="31">who</token>
<token t_id="221" sentence="9" number="32">received</token>
<token t_id="222" sentence="9" number="33">a</token>
<token t_id="223" sentence="9" number="34">placebo</token>
<token t_id="224" sentence="9" number="35">injection</token>
<token t_id="225" sentence="9" number="36">.</token>
<token t_id="226" sentence="10" number="0">The</token>
<token t_id="227" sentence="10" number="1">volume</token>
<token t_id="228" sentence="10" number="2">of</token>
<token t_id="229" sentence="10" number="3">red</token>
<token t_id="230" sentence="10" number="4">cells</token>
<token t_id="231" sentence="10" number="5">donated</token>
<token t_id="232" sentence="10" number="6">by</token>
<token t_id="233" sentence="10" number="7">the</token>
<token t_id="234" sentence="10" number="8">EPO</token>
<token t_id="235" sentence="10" number="9">-</token>
<token t_id="236" sentence="10" number="10">treated</token>
<token t_id="237" sentence="10" number="11">patients</token>
<token t_id="238" sentence="10" number="12">was</token>
<token t_id="239" sentence="10" number="13">41</token>
<token t_id="240" sentence="10" number="14">%</token>
<token t_id="241" sentence="10" number="15">higher</token>
<token t_id="242" sentence="10" number="16">per</token>
<token t_id="243" sentence="10" number="17">donor</token>
<token t_id="244" sentence="10" number="18">,</token>
<token t_id="245" sentence="10" number="19">the</token>
<token t_id="246" sentence="10" number="20">research</token>
<token t_id="247" sentence="10" number="21">team</token>
<token t_id="248" sentence="10" number="22">representing</token>
<token t_id="249" sentence="10" number="23">a</token>
<token t_id="250" sentence="10" number="24">number</token>
<token t_id="251" sentence="10" number="25">of</token>
<token t_id="252" sentence="10" number="26">hospitals</token>
<token t_id="253" sentence="10" number="27">and</token>
<token t_id="254" sentence="10" number="28">blood</token>
<token t_id="255" sentence="10" number="29">banks</token>
<token t_id="256" sentence="10" number="30">reported</token>
<token t_id="257" sentence="10" number="31">.</token>


<Markables>
<DESCRIPTIVE m_id="22" Type="Other" comment="" conversational-direct="FALSE" conversational-reported="FALSE"  >
<token_anchor t_id="226"/>
<token_anchor t_id="227"/>
<token_anchor t_id="228"/>
<token_anchor t_id="229"/>
<token_anchor t_id="230"/>
<token_anchor t_id="231"/>
<token_anchor t_id="232"/>
<token_anchor t_id="233"/>
<token_anchor t_id="234"/>
<token_anchor t_id="235"/>
<token_anchor t_id="236"/>
<token_anchor t_id="237"/>
<token_anchor t_id="238"/>
<token_anchor t_id="239"/>
<token_anchor t_id="240"/>
<token_anchor t_id="241"/>
<token_anchor t_id="242"/>
<token_anchor t_id="243"/>
<token_anchor t_id="244"/>
</DESCRIPTIVE>
<EXPOSITORY m_id="13" comment="TC:Check if correct" conversational-direct="FALSE" conversational-reported="FALSE"  >
<token_anchor t_id="25"/>
<token_anchor t_id="26"/>
<token_anchor t_id="27"/>
<token_anchor t_id="28"/>
<token_anchor t_id="29"/>
<token_anchor t_id="30"/>
<token_anchor t_id="31"/>
<token_anchor t_id="32"/>
<token_anchor t_id="33"/>
<token_anchor t_id="34"/>
<token_anchor t_id="35"/>
<token_anchor t_id="36"/>
</EXPOSITORY>
<EXPOSITORY m_id="14" comment="TC:Check if correct" conversational-direct="FALSE" conversational-reported="FALSE"  >
<token_anchor t_id="37"/>
<token_anchor t_id="38"/>
<token_anchor t_id="39"/>
<token_anchor t_id="40"/>
<token_anchor t_id="41"/>
<token_anchor t_id="42"/>
<token_anchor t_id="43"/>
<token_anchor t_id="44"/>
<token_anchor t_id="45"/>
</EXPOSITORY>
<EXPOSITORY m_id="15" comment="TC:Check if correct" conversational-direct="FALSE" conversational-reported="FALSE"  >
<token_anchor t_id="99"/>
<token_anchor t_id="100"/>
<token_anchor t_id="101"/>
<token_anchor t_id="102"/>
<token_anchor t_id="103"/>
<token_anchor t_id="104"/>
</EXPOSITORY>
<EXPOSITORY m_id="16" comment="TC:Check if correct" conversational-direct="FALSE" conversational-reported="FALSE"  >
<token_anchor t_id="105"/>
<token_anchor t_id="106"/>
<token_anchor t_id="107"/>
<token_anchor t_id="108"/>
</EXPOSITORY>
<NARRATIVE m_id="9" Level="Primary" comment="" conversational-direct="FALSE" conversational-reported="FALSE"  >
<token_anchor t_id="184"/>
<token_anchor t_id="185"/>
<token_anchor t_id="186"/>
<token_anchor t_id="187"/>
<token_anchor t_id="188"/>
</NARRATIVE>
<NARRATIVE m_id="10" Level="Primary" comment="" conversational-direct="FALSE" conversational-reported="FALSE"  >
<token_anchor t_id="189"/>
<token_anchor t_id="190"/>
<token_anchor t_id="191"/>
<token_anchor t_id="192"/>
<token_anchor t_id="193"/>
<token_anchor t_id="194"/>
<token_anchor t_id="195"/>
<token_anchor t_id="196"/>
<token_anchor t_id="197"/>
<token_anchor t_id="198"/>
<token_anchor t_id="199"/>
<token_anchor t_id="200"/>
<token_anchor t_id="201"/>
<token_anchor t_id="202"/>
<token_anchor t_id="203"/>
<token_anchor t_id="204"/>
<token_anchor t_id="205"/>
<token_anchor t_id="206"/>
<token_anchor t_id="207"/>
<token_anchor t_id="208"/>
<token_anchor t_id="209"/>
<token_anchor t_id="210"/>
<token_anchor t_id="211"/>
<token_anchor t_id="212"/>
<token_anchor t_id="213"/>
<token_anchor t_id="214"/>
<token_anchor t_id="215"/>
<token_anchor t_id="216"/>
<token_anchor t_id="217"/>
<token_anchor t_id="218"/>
<token_anchor t_id="219"/>
<token_anchor t_id="220"/>
<token_anchor t_id="221"/>
<token_anchor t_id="222"/>
<token_anchor t_id="223"/>
<token_anchor t_id="224"/>
<token_anchor t_id="225"/>
</NARRATIVE>
<NARRATIVE m_id="11" Level="Primary" comment="" conversational-direct="FALSE" conversational-reported="FALSE"  >
<token_anchor t_id="109"/>
<token_anchor t_id="110"/>
<token_anchor t_id="111"/>
<token_anchor t_id="112"/>
<token_anchor t_id="124"/>
</NARRATIVE>
<NARRATIVE m_id="12" Level="Primary" comment="" conversational-direct="FALSE" conversational-reported="FALSE"  >
<token_anchor t_id="125"/>
<token_anchor t_id="126"/>
<token_anchor t_id="127"/>
<token_anchor t_id="128"/>
<token_anchor t_id="129"/>
<token_anchor t_id="130"/>
<token_anchor t_id="131"/>
<token_anchor t_id="132"/>
<token_anchor t_id="133"/>
<token_anchor t_id="134"/>
<token_anchor t_id="135"/>
<token_anchor t_id="136"/>
<token_anchor t_id="137"/>
<token_anchor t_id="138"/>
<token_anchor t_id="139"/>
<token_anchor t_id="140"/>
<token_anchor t_id="141"/>
<token_anchor t_id="142"/>
<token_anchor t_id="143"/>
</NARRATIVE>
<NARRATIVE m_id="17" Level="Primary" comment="" conversational-direct="FALSE" conversational-reported="FALSE"  >
<token_anchor t_id="46"/>
<token_anchor t_id="47"/>
<token_anchor t_id="48"/>
<token_anchor t_id="49"/>
<token_anchor t_id="50"/>
<token_anchor t_id="51"/>
<token_anchor t_id="52"/>
<token_anchor t_id="53"/>
<token_anchor t_id="54"/>
<token_anchor t_id="55"/>
<token_anchor t_id="56"/>
<token_anchor t_id="57"/>
<token_anchor t_id="58"/>
<token_anchor t_id="59"/>
<token_anchor t_id="60"/>
<token_anchor t_id="61"/>
<token_anchor t_id="62"/>
<token_anchor t_id="63"/>
<token_anchor t_id="64"/>
<token_anchor t_id="65"/>
<token_anchor t_id="66"/>
<token_anchor t_id="67"/>
<token_anchor t_id="68"/>
<token_anchor t_id="69"/>
<token_anchor t_id="70"/>
<token_anchor t_id="71"/>
<token_anchor t_id="72"/>
<token_anchor t_id="73"/>
<token_anchor t_id="74"/>
<token_anchor t_id="75"/>
<token_anchor t_id="76"/>
<token_anchor t_id="77"/>
<token_anchor t_id="78"/>
<token_anchor t_id="79"/>
<token_anchor t_id="80"/>
</NARRATIVE>
<NARRATIVE m_id="18" Level="" comment="" conversational-direct="FALSE" conversational-reported="FALSE"  >
<token_anchor t_id="81"/>
<token_anchor t_id="82"/>
<token_anchor t_id="83"/>
<token_anchor t_id="84"/>
<token_anchor t_id="85"/>
<token_anchor t_id="86"/>
<token_anchor t_id="87"/>
<token_anchor t_id="88"/>
<token_anchor t_id="89"/>
<token_anchor t_id="90"/>
<token_anchor t_id="91"/>
<token_anchor t_id="92"/>
<token_anchor t_id="93"/>
<token_anchor t_id="94"/>
<token_anchor t_id="95"/>
<token_anchor t_id="96"/>
<token_anchor t_id="97"/>
<token_anchor t_id="98"/>
</NARRATIVE>
<NARRATIVE m_id="19" Level="Primary" comment="" conversational-direct="FALSE" conversational-reported="FALSE"  >
<token_anchor t_id="1"/>
<token_anchor t_id="2"/>
<token_anchor t_id="3"/>
<token_anchor t_id="4"/>
<token_anchor t_id="5"/>
<token_anchor t_id="6"/>
<token_anchor t_id="7"/>
<token_anchor t_id="8"/>
</NARRATIVE>
<NARRATIVE m_id="20" Level="Primary" comment="" conversational-direct="FALSE" conversational-reported="FALSE"  >
<token_anchor t_id="9"/>
<token_anchor t_id="10"/>
<token_anchor t_id="11"/>
<token_anchor t_id="12"/>
</NARRATIVE>
<NARRATIVE m_id="21" Level="Primary" comment="" conversational-direct="FALSE" conversational-reported="FALSE"  >
<token_anchor t_id="13"/>
<token_anchor t_id="14"/>
<token_anchor t_id="15"/>
<token_anchor t_id="16"/>
<token_anchor t_id="17"/>
<token_anchor t_id="18"/>
<token_anchor t_id="19"/>
<token_anchor t_id="20"/>
<token_anchor t_id="21"/>
<token_anchor t_id="22"/>
<token_anchor t_id="23"/>
<token_anchor t_id="24"/>
</NARRATIVE>
<NARRATIVE m_id="1" Level="" comment="" conversational-direct="FALSE" conversational-reported="FALSE"  >
<token_anchor t_id="245"/>
<token_anchor t_id="246"/>
<token_anchor t_id="247"/>
<token_anchor t_id="248"/>
<token_anchor t_id="249"/>
<token_anchor t_id="250"/>
<token_anchor t_id="251"/>
<token_anchor t_id="252"/>
<token_anchor t_id="253"/>
<token_anchor t_id="254"/>
<token_anchor t_id="255"/>
<token_anchor t_id="256"/>
</NARRATIVE>
<NARRATIVE m_id="2" Level="Primary" comment="" conversational-direct="FALSE" conversational-reported="FALSE"  >
<token_anchor t_id="113"/>
<token_anchor t_id="114"/>
<token_anchor t_id="115"/>
<token_anchor t_id="116"/>
<token_anchor t_id="117"/>
<token_anchor t_id="118"/>
<token_anchor t_id="119"/>
<token_anchor t_id="120"/>
<token_anchor t_id="121"/>
<token_anchor t_id="122"/>
<token_anchor t_id="123"/>
</NARRATIVE>
<NARRATIVE m_id="3" Level="Primary" comment="" conversational-direct="FALSE" conversational-reported="FALSE"  >
<token_anchor t_id="144"/>
<token_anchor t_id="145"/>
<token_anchor t_id="146"/>
</NARRATIVE>
<NARRATIVE m_id="4" Level="Primary" comment="" conversational-direct="FALSE" conversational-reported="FALSE"  >
<token_anchor t_id="147"/>
<token_anchor t_id="148"/>
<token_anchor t_id="149"/>
<token_anchor t_id="150"/>
<token_anchor t_id="151"/>
<token_anchor t_id="152"/>
<token_anchor t_id="153"/>
<token_anchor t_id="154"/>
<token_anchor t_id="155"/>
<token_anchor t_id="156"/>
<token_anchor t_id="157"/>
</NARRATIVE>
<NARRATIVE m_id="5" Level="" comment="" conversational-direct="FALSE" conversational-reported="FALSE"  >
<token_anchor t_id="158"/>
<token_anchor t_id="159"/>
<token_anchor t_id="160"/>
</NARRATIVE>
<NARRATIVE m_id="6" Level="" comment="" conversational-direct="FALSE" conversational-reported="FALSE"  >
<token_anchor t_id="161"/>
<token_anchor t_id="162"/>
<token_anchor t_id="163"/>
<token_anchor t_id="164"/>
<token_anchor t_id="165"/>
</NARRATIVE>
<NARRATIVE m_id="7" Level="" comment="" conversational-direct="FALSE" conversational-reported="FALSE"  >
<token_anchor t_id="167"/>
<token_anchor t_id="168"/>
<token_anchor t_id="169"/>
<token_anchor t_id="170"/>
<token_anchor t_id="171"/>
<token_anchor t_id="172"/>
</NARRATIVE>
<NARRATIVE m_id="8" Level="Primary" comment="" conversational-direct="FALSE" conversational-reported="FALSE"  >
<token_anchor t_id="174"/>
<token_anchor t_id="175"/>
<token_anchor t_id="176"/>
<token_anchor t_id="177"/>
<token_anchor t_id="178"/>
<token_anchor t_id="179"/>
<token_anchor t_id="180"/>
<token_anchor t_id="181"/>
<token_anchor t_id="182"/>
<token_anchor t_id="183"/>
</NARRATIVE>


</Markables>

<Relations>
</Relations>
</Document>
