<Document doc_name="wsj_0364.xml.conll.txt">
<token t_id="1" sentence="0" number="0">Companies</token>
<token t_id="2" sentence="0" number="1">listed</token>
<token t_id="3" sentence="0" number="2">below</token>
<token t_id="4" sentence="0" number="3">reported</token>
<token t_id="5" sentence="0" number="4">quarterly</token>
<token t_id="6" sentence="0" number="5">profit</token>
<token t_id="7" sentence="0" number="6">substantially</token>
<token t_id="8" sentence="0" number="7">different</token>
<token t_id="9" sentence="0" number="8">from</token>
<token t_id="10" sentence="0" number="9">the</token>
<token t_id="11" sentence="0" number="10">average</token>
<token t_id="12" sentence="0" number="11">of</token>
<token t_id="13" sentence="0" number="12">analysts</token>
<token t_id="14" sentence="0" number="13">'</token>
<token t_id="15" sentence="0" number="14">estimates</token>
<token t_id="16" sentence="0" number="15">.</token>
<token t_id="17" sentence="1" number="0">The</token>
<token t_id="18" sentence="1" number="1">companies</token>
<token t_id="19" sentence="1" number="2">are</token>
<token t_id="20" sentence="1" number="3">followed</token>
<token t_id="21" sentence="1" number="4">by</token>
<token t_id="22" sentence="1" number="5">at</token>
<token t_id="23" sentence="1" number="6">least</token>
<token t_id="24" sentence="1" number="7">three</token>
<token t_id="25" sentence="1" number="8">analysts</token>
<token t_id="26" sentence="1" number="9">,</token>
<token t_id="27" sentence="1" number="10">and</token>
<token t_id="28" sentence="1" number="11">had</token>
<token t_id="29" sentence="1" number="12">a</token>
<token t_id="30" sentence="1" number="13">minimum</token>
<token t_id="31" sentence="1" number="14">five</token>
<token t_id="32" sentence="1" number="15">-</token>
<token t_id="33" sentence="1" number="16">cent</token>
<token t_id="34" sentence="1" number="17">change</token>
<token t_id="35" sentence="1" number="18">in</token>
<token t_id="36" sentence="1" number="19">actual</token>
<token t_id="37" sentence="1" number="20">earnings</token>
<token t_id="38" sentence="1" number="21">per</token>
<token t_id="39" sentence="1" number="22">share</token>
<token t_id="40" sentence="1" number="23">.</token>
<token t_id="41" sentence="2" number="0">Estimated</token>
<token t_id="42" sentence="2" number="1">and</token>
<token t_id="43" sentence="2" number="2">actual</token>
<token t_id="44" sentence="2" number="3">results</token>
<token t_id="45" sentence="2" number="4">involving</token>
<token t_id="46" sentence="2" number="5">losses</token>
<token t_id="47" sentence="2" number="6">are</token>
<token t_id="48" sentence="2" number="7">omitted</token>
<token t_id="49" sentence="2" number="8">.</token>
<token t_id="50" sentence="3" number="0">The</token>
<token t_id="51" sentence="3" number="1">percent</token>
<token t_id="52" sentence="3" number="2">difference</token>
<token t_id="53" sentence="3" number="3">compares</token>
<token t_id="54" sentence="3" number="4">actual</token>
<token t_id="55" sentence="3" number="5">profit</token>
<token t_id="56" sentence="3" number="6">with</token>
<token t_id="57" sentence="3" number="7">the</token>
<token t_id="58" sentence="3" number="8">30</token>
<token t_id="59" sentence="3" number="9">-</token>
<token t_id="60" sentence="3" number="10">day</token>
<token t_id="61" sentence="3" number="11">estimate</token>
<token t_id="62" sentence="3" number="12">where</token>
<token t_id="63" sentence="3" number="13">at</token>
<token t_id="64" sentence="3" number="14">least</token>
<token t_id="65" sentence="3" number="15">three</token>
<token t_id="66" sentence="3" number="16">analysts</token>
<token t_id="67" sentence="3" number="17">have</token>
<token t_id="68" sentence="3" number="18">issues</token>
<token t_id="69" sentence="3" number="19">forecasts</token>
<token t_id="70" sentence="3" number="20">in</token>
<token t_id="71" sentence="3" number="21">the</token>
<token t_id="72" sentence="3" number="22">past</token>
<token t_id="73" sentence="3" number="23">30</token>
<token t_id="74" sentence="3" number="24">days</token>
<token t_id="75" sentence="3" number="25">.</token>
<token t_id="76" sentence="4" number="0">Otherwise</token>
<token t_id="77" sentence="4" number="1">,</token>
<token t_id="78" sentence="4" number="2">actual</token>
<token t_id="79" sentence="4" number="3">profit</token>
<token t_id="80" sentence="4" number="4">is</token>
<token t_id="81" sentence="4" number="5">compared</token>
<token t_id="82" sentence="4" number="6">with</token>
<token t_id="83" sentence="4" number="7">the</token>
<token t_id="84" sentence="4" number="8">300</token>
<token t_id="85" sentence="4" number="9">-</token>
<token t_id="86" sentence="4" number="10">day</token>
<token t_id="87" sentence="4" number="11">estimate</token>
<token t_id="88" sentence="4" number="12">.</token>


<Markables>
<NARRATIVE m_id="1" Level="Primary" comment="" conversational-direct="FALSE" conversational-reported="FALSE"  >
<token_anchor t_id="1"/>
<token_anchor t_id="2"/>
<token_anchor t_id="3"/>
<token_anchor t_id="4"/>
<token_anchor t_id="5"/>
<token_anchor t_id="6"/>
<token_anchor t_id="7"/>
<token_anchor t_id="8"/>
<token_anchor t_id="9"/>
<token_anchor t_id="10"/>
<token_anchor t_id="11"/>
<token_anchor t_id="12"/>
<token_anchor t_id="13"/>
<token_anchor t_id="14"/>
<token_anchor t_id="15"/>
<token_anchor t_id="16"/>
</NARRATIVE>
<NARRATIVE m_id="2" Level="Primary" comment="" conversational-direct="FALSE" conversational-reported="FALSE"  >
<token_anchor t_id="17"/>
<token_anchor t_id="18"/>
<token_anchor t_id="19"/>
<token_anchor t_id="20"/>
<token_anchor t_id="21"/>
<token_anchor t_id="22"/>
<token_anchor t_id="23"/>
<token_anchor t_id="24"/>
<token_anchor t_id="25"/>
<token_anchor t_id="26"/>
</NARRATIVE>
<NARRATIVE m_id="3" Level="Primary" comment="" conversational-direct="FALSE" conversational-reported="FALSE"  >
<token_anchor t_id="27"/>
<token_anchor t_id="28"/>
<token_anchor t_id="29"/>
<token_anchor t_id="30"/>
<token_anchor t_id="31"/>
<token_anchor t_id="32"/>
<token_anchor t_id="33"/>
<token_anchor t_id="34"/>
<token_anchor t_id="35"/>
<token_anchor t_id="36"/>
<token_anchor t_id="37"/>
<token_anchor t_id="38"/>
<token_anchor t_id="39"/>
<token_anchor t_id="40"/>
</NARRATIVE>
<NARRATIVE m_id="4" Level="Primary" comment="" conversational-direct="FALSE" conversational-reported="FALSE"  >
<token_anchor t_id="41"/>
<token_anchor t_id="42"/>
<token_anchor t_id="43"/>
<token_anchor t_id="44"/>
<token_anchor t_id="45"/>
<token_anchor t_id="46"/>
<token_anchor t_id="47"/>
<token_anchor t_id="48"/>
<token_anchor t_id="49"/>
</NARRATIVE>
<NARRATIVE m_id="5" Level="Primary" comment="" conversational-direct="FALSE" conversational-reported="FALSE"  >
<token_anchor t_id="50"/>
<token_anchor t_id="51"/>
<token_anchor t_id="52"/>
<token_anchor t_id="53"/>
<token_anchor t_id="54"/>
<token_anchor t_id="55"/>
<token_anchor t_id="56"/>
<token_anchor t_id="57"/>
<token_anchor t_id="58"/>
<token_anchor t_id="59"/>
<token_anchor t_id="60"/>
<token_anchor t_id="61"/>
</NARRATIVE>
<NARRATIVE m_id="6" Level="Primary" comment="" conversational-direct="FALSE" conversational-reported="FALSE"  >
<token_anchor t_id="62"/>
<token_anchor t_id="63"/>
<token_anchor t_id="64"/>
<token_anchor t_id="65"/>
<token_anchor t_id="66"/>
<token_anchor t_id="67"/>
<token_anchor t_id="68"/>
<token_anchor t_id="69"/>
<token_anchor t_id="70"/>
<token_anchor t_id="71"/>
<token_anchor t_id="72"/>
<token_anchor t_id="73"/>
<token_anchor t_id="74"/>
<token_anchor t_id="75"/>
</NARRATIVE>
<NARRATIVE m_id="7" Level="Primary" comment="" conversational-direct="FALSE" conversational-reported="FALSE"  >
<token_anchor t_id="76"/>
<token_anchor t_id="77"/>
<token_anchor t_id="78"/>
<token_anchor t_id="79"/>
<token_anchor t_id="80"/>
<token_anchor t_id="81"/>
<token_anchor t_id="82"/>
<token_anchor t_id="83"/>
<token_anchor t_id="84"/>
<token_anchor t_id="85"/>
<token_anchor t_id="86"/>
<token_anchor t_id="87"/>
<token_anchor t_id="88"/>
</NARRATIVE>


</Markables>

<Relations>
</Relations>
</Document>
