<Document doc_name="wsj_0505.xml.conll.txt">
<token t_id="1" sentence="0" number="0">Ratners</token>
<token t_id="2" sentence="0" number="1">Group</token>
<token t_id="3" sentence="0" number="2">PLC</token>
<token t_id="4" sentence="0" number="3">'s</token>
<token t_id="5" sentence="0" number="4">U</token>
<token t_id="6" sentence="0" number="5">.</token>
<token t_id="7" sentence="0" number="6">S</token>
<token t_id="8" sentence="0" number="7">.</token>
<token t_id="9" sentence="0" number="8">subsidiary</token>
<token t_id="10" sentence="0" number="9">has</token>
<token t_id="11" sentence="0" number="10">agreed</token>
<token t_id="12" sentence="0" number="11">to</token>
<token t_id="13" sentence="0" number="12">acquire</token>
<token t_id="14" sentence="0" number="13">jewelry</token>
<token t_id="15" sentence="0" number="14">retailer</token>
<token t_id="16" sentence="0" number="15">Weisfield</token>
<token t_id="17" sentence="0" number="16">'s</token>
<token t_id="18" sentence="0" number="17">Inc</token>
<token t_id="19" sentence="0" number="18">.</token>
<token t_id="20" sentence="0" number="19">for</token>
<token t_id="21" sentence="0" number="20">$</token>
<token t_id="22" sentence="0" number="21">50</token>
<token t_id="23" sentence="0" number="22">a</token>
<token t_id="24" sentence="0" number="23">share</token>
<token t_id="25" sentence="0" number="24">,</token>
<token t_id="26" sentence="0" number="25">or</token>
<token t_id="27" sentence="0" number="26">about</token>
<token t_id="28" sentence="0" number="27">$</token>
<token t_id="29" sentence="0" number="28">55</token>
<token t_id="30" sentence="0" number="29">million</token>
<token t_id="31" sentence="0" number="30">.</token>
<token t_id="32" sentence="1" number="0">Weisfield</token>
<token t_id="33" sentence="1" number="1">'s</token>
<token t_id="34" sentence="1" number="2">shares</token>
<token t_id="35" sentence="1" number="3">soared</token>
<token t_id="36" sentence="1" number="4">on</token>
<token t_id="37" sentence="1" number="5">the</token>
<token t_id="38" sentence="1" number="6">announcement</token>
<token t_id="39" sentence="1" number="7">yesterday</token>
<token t_id="40" sentence="1" number="8">,</token>
<token t_id="41" sentence="1" number="9">closing</token>
<token t_id="42" sentence="1" number="10">up</token>
<token t_id="43" sentence="1" number="11">$</token>
<token t_id="44" sentence="1" number="12">11</token>
<token t_id="45" sentence="1" number="13">to</token>
<token t_id="46" sentence="1" number="14">close</token>
<token t_id="47" sentence="1" number="15">at</token>
<token t_id="48" sentence="1" number="16">$</token>
<token t_id="49" sentence="1" number="17">50</token>
<token t_id="50" sentence="1" number="18">in</token>
<token t_id="51" sentence="1" number="19">national</token>
<token t_id="52" sentence="1" number="20">over</token>
<token t_id="53" sentence="1" number="21">-</token>
<token t_id="54" sentence="1" number="22">the</token>
<token t_id="55" sentence="1" number="23">-</token>
<token t_id="56" sentence="1" number="24">counter</token>
<token t_id="57" sentence="1" number="25">trading</token>
<token t_id="58" sentence="1" number="26">.</token>
<token t_id="59" sentence="2" number="0">Ratners</token>
<token t_id="60" sentence="2" number="1">and</token>
<token t_id="61" sentence="2" number="2">Weisfield</token>
<token t_id="62" sentence="2" number="3">'s</token>
<token t_id="63" sentence="2" number="4">said</token>
<token t_id="64" sentence="2" number="5">they</token>
<token t_id="65" sentence="2" number="6">reached</token>
<token t_id="66" sentence="2" number="7">an</token>
<token t_id="67" sentence="2" number="8">agreement</token>
<token t_id="68" sentence="2" number="9">in</token>
<token t_id="69" sentence="2" number="10">principle</token>
<token t_id="70" sentence="2" number="11">for</token>
<token t_id="71" sentence="2" number="12">the</token>
<token t_id="72" sentence="2" number="13">acquisition</token>
<token t_id="73" sentence="2" number="14">of</token>
<token t_id="74" sentence="2" number="15">Weisfield</token>
<token t_id="75" sentence="2" number="16">'s</token>
<token t_id="76" sentence="2" number="17">by</token>
<token t_id="77" sentence="2" number="18">Sterling</token>
<token t_id="78" sentence="2" number="19">Inc</token>
<token t_id="79" sentence="2" number="20">.</token>
<token t_id="80" sentence="3" number="0">The</token>
<token t_id="81" sentence="3" number="1">companies</token>
<token t_id="82" sentence="3" number="2">said</token>
<token t_id="83" sentence="3" number="3">the</token>
<token t_id="84" sentence="3" number="4">acquisition</token>
<token t_id="85" sentence="3" number="5">is</token>
<token t_id="86" sentence="3" number="6">subject</token>
<token t_id="87" sentence="3" number="7">to</token>
<token t_id="88" sentence="3" number="8">a</token>
<token t_id="89" sentence="3" number="9">definitive</token>
<token t_id="90" sentence="3" number="10">agreement</token>
<token t_id="91" sentence="3" number="11">.</token>
<token t_id="92" sentence="4" number="0">They</token>
<token t_id="93" sentence="4" number="1">said</token>
<token t_id="94" sentence="4" number="2">they</token>
<token t_id="95" sentence="4" number="3">expect</token>
<token t_id="96" sentence="4" number="4">the</token>
<token t_id="97" sentence="4" number="5">transaction</token>
<token t_id="98" sentence="4" number="6">to</token>
<token t_id="99" sentence="4" number="7">be</token>
<token t_id="100" sentence="4" number="8">completed</token>
<token t_id="101" sentence="4" number="9">by</token>
<token t_id="102" sentence="4" number="10">Dec</token>
<token t_id="103" sentence="4" number="11">.</token>
<token t_id="104" sentence="4" number="12">15</token>
<token t_id="105" sentence="4" number="13">.</token>
<token t_id="106" sentence="5" number="0">Weisfield</token>
<token t_id="107" sentence="5" number="1">'s</token>
<token t_id="108" sentence="5" number="2">,</token>
<token t_id="109" sentence="5" number="3">based</token>
<token t_id="110" sentence="5" number="4">in</token>
<token t_id="111" sentence="5" number="5">Seattle</token>
<token t_id="112" sentence="5" number="6">,</token>
<token t_id="113" sentence="5" number="7">Wash</token>
<token t_id="114" sentence="5" number="8">.</token>
<token t_id="115" sentence="5" number="9">,</token>
<token t_id="116" sentence="5" number="10">currently</token>
<token t_id="117" sentence="5" number="11">operates</token>
<token t_id="118" sentence="5" number="12">87</token>
<token t_id="119" sentence="5" number="13">specialty</token>
<token t_id="120" sentence="5" number="14">jewelry</token>
<token t_id="121" sentence="5" number="15">stores</token>
<token t_id="122" sentence="5" number="16">in</token>
<token t_id="123" sentence="5" number="17">nine</token>
<token t_id="124" sentence="5" number="18">states</token>
<token t_id="125" sentence="5" number="19">.</token>
<token t_id="126" sentence="6" number="0">In</token>
<token t_id="127" sentence="6" number="1">the</token>
<token t_id="128" sentence="6" number="2">fiscal</token>
<token t_id="129" sentence="6" number="3">year</token>
<token t_id="130" sentence="6" number="4">ended</token>
<token t_id="131" sentence="6" number="5">Jan</token>
<token t_id="132" sentence="6" number="6">.</token>
<token t_id="133" sentence="6" number="7">31</token>
<token t_id="134" sentence="6" number="8">,</token>
<token t_id="135" sentence="6" number="9">the</token>
<token t_id="136" sentence="6" number="10">company</token>
<token t_id="137" sentence="6" number="11">reported</token>
<token t_id="138" sentence="6" number="12">sales</token>
<token t_id="139" sentence="6" number="13">of</token>
<token t_id="140" sentence="6" number="14">$</token>
<token t_id="141" sentence="6" number="15">59</token>
<token t_id="142" sentence="6" number="16">.</token>
<token t_id="143" sentence="6" number="17">5</token>
<token t_id="144" sentence="6" number="18">million</token>
<token t_id="145" sentence="6" number="19">and</token>
<token t_id="146" sentence="6" number="20">pretax</token>
<token t_id="147" sentence="6" number="21">profit</token>
<token t_id="148" sentence="6" number="22">of</token>
<token t_id="149" sentence="6" number="23">$</token>
<token t_id="150" sentence="6" number="24">2</token>
<token t_id="151" sentence="6" number="25">.</token>
<token t_id="152" sentence="6" number="26">9</token>
<token t_id="153" sentence="6" number="27">million</token>
<token t_id="154" sentence="6" number="28">.</token>
<token t_id="155" sentence="7" number="0">Ratners</token>
<token t_id="156" sentence="7" number="1">,</token>
<token t_id="157" sentence="7" number="2">which</token>
<token t_id="158" sentence="7" number="3">controls</token>
<token t_id="159" sentence="7" number="4">25</token>
<token t_id="160" sentence="7" number="5">%</token>
<token t_id="161" sentence="7" number="6">of</token>
<token t_id="162" sentence="7" number="7">the</token>
<token t_id="163" sentence="7" number="8">British</token>
<token t_id="164" sentence="7" number="9">jewelry</token>
<token t_id="165" sentence="7" number="10">market</token>
<token t_id="166" sentence="7" number="11">,</token>
<token t_id="167" sentence="7" number="12">would</token>
<token t_id="168" sentence="7" number="13">increase</token>
<token t_id="169" sentence="7" number="14">the</token>
<token t_id="170" sentence="7" number="15">number</token>
<token t_id="171" sentence="7" number="16">of</token>
<token t_id="172" sentence="7" number="17">its</token>
<token t_id="173" sentence="7" number="18">U</token>
<token t_id="174" sentence="7" number="19">.</token>
<token t_id="175" sentence="7" number="20">S</token>
<token t_id="176" sentence="7" number="21">.</token>
<token t_id="177" sentence="7" number="22">stores</token>
<token t_id="178" sentence="7" number="23">to</token>
<token t_id="179" sentence="7" number="24">about</token>
<token t_id="180" sentence="7" number="25">450</token>
<token t_id="181" sentence="7" number="26">stores</token>
<token t_id="182" sentence="7" number="27">from</token>
<token t_id="183" sentence="7" number="28">360</token>
<token t_id="184" sentence="7" number="29">.</token>
<token t_id="185" sentence="8" number="0">It</token>
<token t_id="186" sentence="8" number="1">has</token>
<token t_id="187" sentence="8" number="2">said</token>
<token t_id="188" sentence="8" number="3">it</token>
<token t_id="189" sentence="8" number="4">hopes</token>
<token t_id="190" sentence="8" number="5">to</token>
<token t_id="191" sentence="8" number="6">control</token>
<token t_id="192" sentence="8" number="7">5</token>
<token t_id="193" sentence="8" number="8">%</token>
<token t_id="194" sentence="8" number="9">of</token>
<token t_id="195" sentence="8" number="10">jewelry</token>
<token t_id="196" sentence="8" number="11">business</token>
<token t_id="197" sentence="8" number="12">in</token>
<token t_id="198" sentence="8" number="13">the</token>
<token t_id="199" sentence="8" number="14">U</token>
<token t_id="200" sentence="8" number="15">.</token>
<token t_id="201" sentence="8" number="16">S</token>
<token t_id="202" sentence="8" number="17">.</token>
<token t_id="203" sentence="8" number="18">by</token>
<token t_id="204" sentence="8" number="19">1992</token>
<token t_id="205" sentence="8" number="20">;</token>
<token t_id="206" sentence="8" number="21">currently</token>
<token t_id="207" sentence="8" number="22">it</token>
<token t_id="208" sentence="8" number="23">controls</token>
<token t_id="209" sentence="8" number="24">about</token>
<token t_id="210" sentence="8" number="25">2</token>
<token t_id="211" sentence="8" number="26">%</token>
<token t_id="212" sentence="8" number="27">.</token>


<Markables>
<ARGUMENTATIVE m_id="1" comment="" conversational-direct="FALSE" conversational-reported="FALSE"  >
<token_anchor t_id="188"/>
<token_anchor t_id="189"/>
</ARGUMENTATIVE>
<DESCRIPTIVE m_id="2" Type="Other" comment="" conversational-direct="FALSE" conversational-reported="FALSE"  >
<token_anchor t_id="157"/>
<token_anchor t_id="158"/>
<token_anchor t_id="159"/>
<token_anchor t_id="160"/>
<token_anchor t_id="161"/>
<token_anchor t_id="162"/>
<token_anchor t_id="163"/>
<token_anchor t_id="164"/>
<token_anchor t_id="165"/>
</DESCRIPTIVE>
<DESCRIPTIVE m_id="20" Type="Other" comment="" conversational-direct="FALSE" conversational-reported="FALSE"  >
<token_anchor t_id="109"/>
<token_anchor t_id="110"/>
<token_anchor t_id="111"/>
<token_anchor t_id="112"/>
<token_anchor t_id="113"/>
<token_anchor t_id="114"/>
</DESCRIPTIVE>
<NARRATIVE m_id="3" Level="Primary" comment="" conversational-direct="FALSE" conversational-reported="FALSE"  >
<token_anchor t_id="1"/>
<token_anchor t_id="2"/>
<token_anchor t_id="3"/>
<token_anchor t_id="4"/>
<token_anchor t_id="5"/>
<token_anchor t_id="6"/>
<token_anchor t_id="7"/>
<token_anchor t_id="8"/>
<token_anchor t_id="9"/>
<token_anchor t_id="10"/>
<token_anchor t_id="11"/>
</NARRATIVE>
<NARRATIVE m_id="4" Level="Primary" comment="" conversational-direct="FALSE" conversational-reported="FALSE"  >
<token_anchor t_id="12"/>
<token_anchor t_id="13"/>
<token_anchor t_id="14"/>
<token_anchor t_id="15"/>
<token_anchor t_id="16"/>
<token_anchor t_id="17"/>
<token_anchor t_id="18"/>
<token_anchor t_id="19"/>
<token_anchor t_id="20"/>
<token_anchor t_id="21"/>
<token_anchor t_id="22"/>
<token_anchor t_id="23"/>
<token_anchor t_id="24"/>
<token_anchor t_id="25"/>
<token_anchor t_id="26"/>
<token_anchor t_id="27"/>
<token_anchor t_id="28"/>
<token_anchor t_id="29"/>
<token_anchor t_id="30"/>
<token_anchor t_id="31"/>
</NARRATIVE>
<NARRATIVE m_id="5" Level="Primary" comment="" conversational-direct="FALSE" conversational-reported="FALSE"  >
<token_anchor t_id="32"/>
<token_anchor t_id="33"/>
<token_anchor t_id="34"/>
<token_anchor t_id="35"/>
<token_anchor t_id="36"/>
<token_anchor t_id="37"/>
<token_anchor t_id="38"/>
<token_anchor t_id="39"/>
<token_anchor t_id="40"/>
</NARRATIVE>
<NARRATIVE m_id="6" Level="Primary" comment="" conversational-direct="FALSE" conversational-reported="FALSE"  >
<token_anchor t_id="41"/>
<token_anchor t_id="42"/>
<token_anchor t_id="43"/>
<token_anchor t_id="44"/>
</NARRATIVE>
<NARRATIVE m_id="7" Level="Primary" comment="" conversational-direct="FALSE" conversational-reported="FALSE"  >
<token_anchor t_id="45"/>
<token_anchor t_id="46"/>
<token_anchor t_id="47"/>
<token_anchor t_id="48"/>
<token_anchor t_id="49"/>
<token_anchor t_id="50"/>
<token_anchor t_id="51"/>
<token_anchor t_id="52"/>
<token_anchor t_id="53"/>
<token_anchor t_id="54"/>
<token_anchor t_id="55"/>
<token_anchor t_id="56"/>
<token_anchor t_id="57"/>
<token_anchor t_id="58"/>
</NARRATIVE>
<NARRATIVE m_id="8" Level="Primary" comment="" conversational-direct="FALSE" conversational-reported="FALSE"  >
<token_anchor t_id="59"/>
<token_anchor t_id="60"/>
<token_anchor t_id="61"/>
<token_anchor t_id="62"/>
<token_anchor t_id="63"/>
</NARRATIVE>
<NARRATIVE m_id="9" Level="Primary" comment="" conversational-direct="FALSE" conversational-reported="TRUE"  >
<token_anchor t_id="64"/>
<token_anchor t_id="65"/>
<token_anchor t_id="66"/>
<token_anchor t_id="67"/>
<token_anchor t_id="68"/>
<token_anchor t_id="69"/>
<token_anchor t_id="70"/>
<token_anchor t_id="71"/>
<token_anchor t_id="72"/>
<token_anchor t_id="73"/>
<token_anchor t_id="74"/>
<token_anchor t_id="75"/>
<token_anchor t_id="76"/>
<token_anchor t_id="77"/>
<token_anchor t_id="78"/>
<token_anchor t_id="79"/>
</NARRATIVE>
<NARRATIVE m_id="10" Level="Primary" comment="" conversational-direct="FALSE" conversational-reported="FALSE"  >
<token_anchor t_id="80"/>
<token_anchor t_id="81"/>
<token_anchor t_id="82"/>
</NARRATIVE>
<NARRATIVE m_id="11" Level="Primary" comment="" conversational-direct="FALSE" conversational-reported="TRUE"  >
<token_anchor t_id="83"/>
<token_anchor t_id="84"/>
<token_anchor t_id="85"/>
<token_anchor t_id="86"/>
<token_anchor t_id="87"/>
<token_anchor t_id="88"/>
<token_anchor t_id="89"/>
<token_anchor t_id="90"/>
<token_anchor t_id="91"/>
</NARRATIVE>
<NARRATIVE m_id="12" Level="Primary" comment="" conversational-direct="FALSE" conversational-reported="FALSE"  >
<token_anchor t_id="92"/>
<token_anchor t_id="93"/>
</NARRATIVE>
<NARRATIVE m_id="13" Level="Primary" comment="" conversational-direct="FALSE" conversational-reported="TRUE"  >
<token_anchor t_id="94"/>
<token_anchor t_id="95"/>
</NARRATIVE>
<NARRATIVE m_id="14" Level="Primary" comment="" conversational-direct="FALSE" conversational-reported="TRUE"  >
<token_anchor t_id="96"/>
<token_anchor t_id="97"/>
<token_anchor t_id="98"/>
<token_anchor t_id="99"/>
<token_anchor t_id="100"/>
<token_anchor t_id="101"/>
<token_anchor t_id="102"/>
<token_anchor t_id="103"/>
<token_anchor t_id="104"/>
<token_anchor t_id="105"/>
</NARRATIVE>
<NARRATIVE m_id="15" Level="Primary" comment="" conversational-direct="FALSE" conversational-reported="FALSE"  >
<token_anchor t_id="126"/>
<token_anchor t_id="127"/>
<token_anchor t_id="128"/>
<token_anchor t_id="129"/>
<token_anchor t_id="130"/>
<token_anchor t_id="131"/>
<token_anchor t_id="132"/>
<token_anchor t_id="133"/>
<token_anchor t_id="134"/>
<token_anchor t_id="135"/>
<token_anchor t_id="136"/>
<token_anchor t_id="137"/>
<token_anchor t_id="138"/>
<token_anchor t_id="139"/>
<token_anchor t_id="140"/>
<token_anchor t_id="141"/>
<token_anchor t_id="142"/>
<token_anchor t_id="143"/>
<token_anchor t_id="144"/>
<token_anchor t_id="145"/>
<token_anchor t_id="146"/>
<token_anchor t_id="147"/>
<token_anchor t_id="148"/>
<token_anchor t_id="149"/>
<token_anchor t_id="150"/>
<token_anchor t_id="151"/>
<token_anchor t_id="152"/>
<token_anchor t_id="153"/>
<token_anchor t_id="154"/>
</NARRATIVE>
<NARRATIVE m_id="16" Level="Primary" comment="" conversational-direct="FALSE" conversational-reported="FALSE"  >
<token_anchor t_id="185"/>
<token_anchor t_id="186"/>
<token_anchor t_id="187"/>
</NARRATIVE>
<NARRATIVE m_id="17" Level="Primary" comment="" conversational-direct="FALSE" conversational-reported="FALSE"  >
<token_anchor t_id="206"/>
<token_anchor t_id="207"/>
<token_anchor t_id="208"/>
<token_anchor t_id="209"/>
<token_anchor t_id="210"/>
<token_anchor t_id="211"/>
<token_anchor t_id="212"/>
</NARRATIVE>
<NARRATIVE m_id="18" Level="Primary" comment="" conversational-direct="FALSE" conversational-reported="FALSE"  >
<token_anchor t_id="155"/>
<token_anchor t_id="156"/>
<token_anchor t_id="166"/>
<token_anchor t_id="167"/>
<token_anchor t_id="168"/>
<token_anchor t_id="169"/>
<token_anchor t_id="170"/>
<token_anchor t_id="171"/>
<token_anchor t_id="172"/>
<token_anchor t_id="173"/>
<token_anchor t_id="174"/>
<token_anchor t_id="175"/>
<token_anchor t_id="176"/>
<token_anchor t_id="177"/>
<token_anchor t_id="178"/>
<token_anchor t_id="179"/>
<token_anchor t_id="180"/>
<token_anchor t_id="181"/>
<token_anchor t_id="182"/>
<token_anchor t_id="183"/>
<token_anchor t_id="184"/>
</NARRATIVE>
<NARRATIVE m_id="19" Level="Primary" comment="" conversational-direct="FALSE" conversational-reported="FALSE"  >
<token_anchor t_id="190"/>
<token_anchor t_id="191"/>
<token_anchor t_id="192"/>
<token_anchor t_id="193"/>
<token_anchor t_id="194"/>
<token_anchor t_id="195"/>
<token_anchor t_id="196"/>
<token_anchor t_id="197"/>
<token_anchor t_id="198"/>
<token_anchor t_id="199"/>
<token_anchor t_id="200"/>
<token_anchor t_id="201"/>
<token_anchor t_id="202"/>
<token_anchor t_id="203"/>
<token_anchor t_id="204"/>
<token_anchor t_id="205"/>
</NARRATIVE>
<NARRATIVE m_id="21" Level="Primary" comment="" conversational-direct="FALSE" conversational-reported="FALSE"  >
<token_anchor t_id="106"/>
<token_anchor t_id="107"/>
<token_anchor t_id="115"/>
<token_anchor t_id="116"/>
<token_anchor t_id="117"/>
<token_anchor t_id="118"/>
<token_anchor t_id="119"/>
<token_anchor t_id="120"/>
<token_anchor t_id="121"/>
<token_anchor t_id="122"/>
<token_anchor t_id="123"/>
<token_anchor t_id="124"/>
<token_anchor t_id="125"/>
</NARRATIVE>


</Markables>

<Relations>
</Relations>
</Document>
