<Document doc_name="wsj_1426.xml.conll.txt">
<token t_id="1" sentence="0" number="0">McCormick</token>
<token t_id="2" sentence="0" number="1">Capital</token>
<token t_id="3" sentence="0" number="2">Inc</token>
<token t_id="4" sentence="0" number="3">.</token>
<token t_id="5" sentence="0" number="4">said</token>
<token t_id="6" sentence="0" number="5">the</token>
<token t_id="7" sentence="0" number="6">final</token>
<token t_id="8" sentence="0" number="7">proration</token>
<token t_id="9" sentence="0" number="8">factor</token>
<token t_id="10" sentence="0" number="9">was</token>
<token t_id="11" sentence="0" number="10">0</token>
<token t_id="12" sentence="0" number="11">.</token>
<token t_id="13" sentence="0" number="12">628394</token>
<token t_id="14" sentence="0" number="13">on</token>
<token t_id="15" sentence="0" number="14">its</token>
<token t_id="16" sentence="0" number="15">oversubscribed</token>
<token t_id="17" sentence="0" number="16">,</token>
<token t_id="18" sentence="0" number="17">$</token>
<token t_id="19" sentence="0" number="18">3</token>
<token t_id="20" sentence="0" number="19">-</token>
<token t_id="21" sentence="0" number="20">a</token>
<token t_id="22" sentence="0" number="21">-</token>
<token t_id="23" sentence="0" number="22">share</token>
<token t_id="24" sentence="0" number="23">tender</token>
<token t_id="25" sentence="0" number="24">offer</token>
<token t_id="26" sentence="0" number="25">to</token>
<token t_id="27" sentence="0" number="26">buy</token>
<token t_id="28" sentence="0" number="27">back</token>
<token t_id="29" sentence="0" number="28">as</token>
<token t_id="30" sentence="0" number="29">many</token>
<token t_id="31" sentence="0" number="30">as</token>
<token t_id="32" sentence="0" number="31">1</token>
<token t_id="33" sentence="0" number="32">.</token>
<token t_id="34" sentence="0" number="33">1</token>
<token t_id="35" sentence="0" number="34">million</token>
<token t_id="36" sentence="0" number="35">of</token>
<token t_id="37" sentence="0" number="36">its</token>
<token t_id="38" sentence="0" number="37">common</token>
<token t_id="39" sentence="0" number="38">shares</token>
<token t_id="40" sentence="0" number="39">.</token>
<token t_id="41" sentence="1" number="0">Payment</token>
<token t_id="42" sentence="1" number="1">will</token>
<token t_id="43" sentence="1" number="2">begin</token>
<token t_id="44" sentence="1" number="3">``</token>
<token t_id="45" sentence="1" number="4">as</token>
<token t_id="46" sentence="1" number="5">soon</token>
<token t_id="47" sentence="1" number="6">as</token>
<token t_id="48" sentence="1" number="7">Oct</token>
<token t_id="49" sentence="1" number="8">.</token>
<token t_id="50" sentence="1" number="9">25</token>
<token t_id="51" sentence="1" number="10">,</token>
<token t_id="52" sentence="1" number="11">''</token>
<token t_id="53" sentence="1" number="12">the</token>
<token t_id="54" sentence="1" number="13">company</token>
<token t_id="55" sentence="1" number="14">said</token>
<token t_id="56" sentence="1" number="15">.</token>
<token t_id="57" sentence="2" number="0">McCormick</token>
<token t_id="58" sentence="2" number="1">is</token>
<token t_id="59" sentence="2" number="2">a</token>
<token t_id="60" sentence="2" number="3">developer</token>
<token t_id="61" sentence="2" number="4">and</token>
<token t_id="62" sentence="2" number="5">manager</token>
<token t_id="63" sentence="2" number="6">of</token>
<token t_id="64" sentence="2" number="7">futures</token>
<token t_id="65" sentence="2" number="8">-</token>
<token t_id="66" sentence="2" number="9">investment</token>
<token t_id="67" sentence="2" number="10">limited</token>
<token t_id="68" sentence="2" number="11">partnerships</token>
<token t_id="69" sentence="2" number="12">.</token>
<token t_id="70" sentence="3" number="0">Through</token>
<token t_id="71" sentence="3" number="1">a</token>
<token t_id="72" sentence="3" number="2">separate</token>
<token t_id="73" sentence="3" number="3">agreement</token>
<token t_id="74" sentence="3" number="4">between</token>
<token t_id="75" sentence="3" number="5">Peter</token>
<token t_id="76" sentence="3" number="6">Dauchy</token>
<token t_id="77" sentence="3" number="7">,</token>
<token t_id="78" sentence="3" number="8">president</token>
<token t_id="79" sentence="3" number="9">,</token>
<token t_id="80" sentence="3" number="10">and</token>
<token t_id="81" sentence="3" number="11">a</token>
<token t_id="82" sentence="3" number="12">group</token>
<token t_id="83" sentence="3" number="13">of</token>
<token t_id="84" sentence="3" number="14">selling</token>
<token t_id="85" sentence="3" number="15">shareholders</token>
<token t_id="86" sentence="3" number="16">,</token>
<token t_id="87" sentence="3" number="17">the</token>
<token t_id="88" sentence="3" number="18">company</token>
<token t_id="89" sentence="3" number="19">said</token>
<token t_id="90" sentence="3" number="20">,</token>
<token t_id="91" sentence="3" number="21">Mr</token>
<token t_id="92" sentence="3" number="22">.</token>
<token t_id="93" sentence="3" number="23">Dauchy</token>
<token t_id="94" sentence="3" number="24">will</token>
<token t_id="95" sentence="3" number="25">on</token>
<token t_id="96" sentence="3" number="26">Oct</token>
<token t_id="97" sentence="3" number="27">.</token>
<token t_id="98" sentence="3" number="28">30</token>
<token t_id="99" sentence="3" number="29">buy</token>
<token t_id="100" sentence="3" number="30">231</token>
<token t_id="101" sentence="3" number="31">,</token>
<token t_id="102" sentence="3" number="32">405</token>
<token t_id="103" sentence="3" number="33">shares</token>
<token t_id="104" sentence="3" number="34">from</token>
<token t_id="105" sentence="3" number="35">the</token>
<token t_id="106" sentence="3" number="36">group</token>
<token t_id="107" sentence="3" number="37">,</token>
<token t_id="108" sentence="3" number="38">boosting</token>
<token t_id="109" sentence="3" number="39">his</token>
<token t_id="110" sentence="3" number="40">stake</token>
<token t_id="111" sentence="3" number="41">to</token>
<token t_id="112" sentence="3" number="42">about</token>
<token t_id="113" sentence="3" number="43">717</token>
<token t_id="114" sentence="3" number="44">,</token>
<token t_id="115" sentence="3" number="45">000</token>
<token t_id="116" sentence="3" number="46">shares</token>
<token t_id="117" sentence="3" number="47">,</token>
<token t_id="118" sentence="3" number="48">or</token>
<token t_id="119" sentence="3" number="49">50</token>
<token t_id="120" sentence="3" number="50">.</token>
<token t_id="121" sentence="3" number="51">7</token>
<token t_id="122" sentence="3" number="52">%</token>
<token t_id="123" sentence="3" number="53">of</token>
<token t_id="124" sentence="3" number="54">the</token>
<token t_id="125" sentence="3" number="55">total</token>
<token t_id="126" sentence="3" number="56">after</token>
<token t_id="127" sentence="3" number="57">the</token>
<token t_id="128" sentence="3" number="58">buy</token>
<token t_id="129" sentence="3" number="59">-</token>
<token t_id="130" sentence="3" number="60">back</token>
<token t_id="131" sentence="3" number="61">.</token>


<Markables>
<DESCRIPTIVE m_id="2" Type="Other" comment="" conversational-direct="FALSE" conversational-reported="TRUE"  >
<token_anchor t_id="6"/>
<token_anchor t_id="7"/>
<token_anchor t_id="8"/>
<token_anchor t_id="9"/>
<token_anchor t_id="10"/>
<token_anchor t_id="11"/>
<token_anchor t_id="12"/>
<token_anchor t_id="13"/>
<token_anchor t_id="14"/>
<token_anchor t_id="15"/>
<token_anchor t_id="16"/>
<token_anchor t_id="17"/>
<token_anchor t_id="18"/>
<token_anchor t_id="19"/>
<token_anchor t_id="20"/>
<token_anchor t_id="21"/>
<token_anchor t_id="22"/>
<token_anchor t_id="23"/>
<token_anchor t_id="24"/>
<token_anchor t_id="25"/>
</DESCRIPTIVE>
<DESCRIPTIVE m_id="6" Type="Other" comment="" conversational-direct="FALSE" conversational-reported="FALSE"  >
<token_anchor t_id="57"/>
<token_anchor t_id="58"/>
<token_anchor t_id="59"/>
<token_anchor t_id="60"/>
<token_anchor t_id="61"/>
<token_anchor t_id="62"/>
<token_anchor t_id="63"/>
<token_anchor t_id="64"/>
<token_anchor t_id="65"/>
<token_anchor t_id="66"/>
<token_anchor t_id="67"/>
<token_anchor t_id="68"/>
<token_anchor t_id="69"/>
</DESCRIPTIVE>
<NARRATIVE m_id="9" Level="Primary" comment="" conversational-direct="FALSE" conversational-reported="TRUE"  >
<token_anchor t_id="108"/>
<token_anchor t_id="109"/>
<token_anchor t_id="110"/>
<token_anchor t_id="111"/>
<token_anchor t_id="112"/>
<token_anchor t_id="113"/>
<token_anchor t_id="114"/>
<token_anchor t_id="115"/>
<token_anchor t_id="116"/>
<token_anchor t_id="117"/>
<token_anchor t_id="118"/>
<token_anchor t_id="119"/>
<token_anchor t_id="120"/>
<token_anchor t_id="121"/>
<token_anchor t_id="122"/>
<token_anchor t_id="123"/>
<token_anchor t_id="124"/>
<token_anchor t_id="125"/>
<token_anchor t_id="126"/>
<token_anchor t_id="127"/>
<token_anchor t_id="128"/>
<token_anchor t_id="129"/>
<token_anchor t_id="130"/>
<token_anchor t_id="131"/>
</NARRATIVE>
<NARRATIVE m_id="1" Level="Primary" comment="" conversational-direct="FALSE" conversational-reported="FALSE"  >
<token_anchor t_id="1"/>
<token_anchor t_id="2"/>
<token_anchor t_id="3"/>
<token_anchor t_id="4"/>
<token_anchor t_id="5"/>
</NARRATIVE>
<NARRATIVE m_id="3" Level="Primary" comment="" conversational-direct="FALSE" conversational-reported="TRUE"  >
<token_anchor t_id="26"/>
<token_anchor t_id="27"/>
<token_anchor t_id="28"/>
<token_anchor t_id="29"/>
<token_anchor t_id="30"/>
<token_anchor t_id="31"/>
<token_anchor t_id="32"/>
<token_anchor t_id="33"/>
<token_anchor t_id="34"/>
<token_anchor t_id="35"/>
<token_anchor t_id="36"/>
<token_anchor t_id="37"/>
<token_anchor t_id="38"/>
<token_anchor t_id="39"/>
<token_anchor t_id="40"/>
</NARRATIVE>
<NARRATIVE m_id="4" Level="Primary" comment="" conversational-direct="FALSE" conversational-reported="TRUE"  >
<token_anchor t_id="41"/>
<token_anchor t_id="42"/>
<token_anchor t_id="43"/>
<token_anchor t_id="44"/>
<token_anchor t_id="45"/>
<token_anchor t_id="46"/>
<token_anchor t_id="47"/>
<token_anchor t_id="48"/>
<token_anchor t_id="49"/>
<token_anchor t_id="50"/>
<token_anchor t_id="51"/>
<token_anchor t_id="52"/>
</NARRATIVE>
<NARRATIVE m_id="5" Level="Primary" comment="" conversational-direct="FALSE" conversational-reported="FALSE"  >
<token_anchor t_id="53"/>
<token_anchor t_id="54"/>
<token_anchor t_id="55"/>
<token_anchor t_id="56"/>
</NARRATIVE>
<NARRATIVE m_id="7" Level="Primary" comment="" conversational-direct="FALSE" conversational-reported="FALSE"  >
<token_anchor t_id="70"/>
<token_anchor t_id="71"/>
<token_anchor t_id="72"/>
<token_anchor t_id="73"/>
<token_anchor t_id="74"/>
<token_anchor t_id="75"/>
<token_anchor t_id="76"/>
<token_anchor t_id="77"/>
<token_anchor t_id="78"/>
<token_anchor t_id="79"/>
<token_anchor t_id="80"/>
<token_anchor t_id="81"/>
<token_anchor t_id="82"/>
<token_anchor t_id="83"/>
<token_anchor t_id="84"/>
<token_anchor t_id="85"/>
<token_anchor t_id="86"/>
<token_anchor t_id="87"/>
<token_anchor t_id="88"/>
<token_anchor t_id="89"/>
<token_anchor t_id="90"/>
</NARRATIVE>
<NARRATIVE m_id="8" Level="Primary" comment="" conversational-direct="FALSE" conversational-reported="TRUE"  >
<token_anchor t_id="91"/>
<token_anchor t_id="92"/>
<token_anchor t_id="93"/>
<token_anchor t_id="94"/>
<token_anchor t_id="95"/>
<token_anchor t_id="96"/>
<token_anchor t_id="97"/>
<token_anchor t_id="98"/>
<token_anchor t_id="99"/>
<token_anchor t_id="100"/>
<token_anchor t_id="101"/>
<token_anchor t_id="102"/>
<token_anchor t_id="103"/>
<token_anchor t_id="104"/>
<token_anchor t_id="105"/>
<token_anchor t_id="106"/>
<token_anchor t_id="107"/>
</NARRATIVE>


</Markables>

<Relations>
</Relations>
</Document>
