<Document doc_name="wsj_0786.xml.conll.txt">
<token t_id="1" sentence="0" number="0">IMA</token>
<token t_id="2" sentence="0" number="1">Holdings</token>
<token t_id="3" sentence="0" number="2">Corp</token>
<token t_id="4" sentence="0" number="3">.</token>
<token t_id="5" sentence="0" number="4">completed</token>
<token t_id="6" sentence="0" number="5">its</token>
<token t_id="7" sentence="0" number="6">$</token>
<token t_id="8" sentence="0" number="7">3</token>
<token t_id="9" sentence="0" number="8">billion</token>
<token t_id="10" sentence="0" number="9">acquisition</token>
<token t_id="11" sentence="0" number="10">of</token>
<token t_id="12" sentence="0" number="11">American</token>
<token t_id="13" sentence="0" number="12">Medical</token>
<token t_id="14" sentence="0" number="13">International</token>
<token t_id="15" sentence="0" number="14">Inc</token>
<token t_id="16" sentence="0" number="15">.</token>
<token t_id="17" sentence="0" number="16">,</token>
<token t_id="18" sentence="0" number="17">purchasing</token>
<token t_id="19" sentence="0" number="18">63</token>
<token t_id="20" sentence="0" number="19">million</token>
<token t_id="21" sentence="0" number="20">shares</token>
<token t_id="22" sentence="0" number="21">,</token>
<token t_id="23" sentence="0" number="22">or</token>
<token t_id="24" sentence="0" number="23">86</token>
<token t_id="25" sentence="0" number="24">%</token>
<token t_id="26" sentence="0" number="25">,</token>
<token t_id="27" sentence="0" number="26">of</token>
<token t_id="28" sentence="0" number="27">the</token>
<token t_id="29" sentence="0" number="28">Los</token>
<token t_id="30" sentence="0" number="29">Angeles</token>
<token t_id="31" sentence="0" number="30">-</token>
<token t_id="32" sentence="0" number="31">based</token>
<token t_id="33" sentence="0" number="32">health</token>
<token t_id="34" sentence="0" number="33">-</token>
<token t_id="35" sentence="0" number="34">care</token>
<token t_id="36" sentence="0" number="35">services</token>
<token t_id="37" sentence="0" number="36">concern</token>
<token t_id="38" sentence="0" number="37">for</token>
<token t_id="39" sentence="0" number="38">$</token>
<token t_id="40" sentence="0" number="39">26</token>
<token t_id="41" sentence="0" number="40">.</token>
<token t_id="42" sentence="0" number="41">50</token>
<token t_id="43" sentence="0" number="42">a</token>
<token t_id="44" sentence="0" number="43">share</token>
<token t_id="45" sentence="0" number="44">.</token>
<token t_id="46" sentence="1" number="0">The</token>
<token t_id="47" sentence="1" number="1">price</token>
<token t_id="48" sentence="1" number="2">also</token>
<token t_id="49" sentence="1" number="3">includes</token>
<token t_id="50" sentence="1" number="4">assumption</token>
<token t_id="51" sentence="1" number="5">of</token>
<token t_id="52" sentence="1" number="6">about</token>
<token t_id="53" sentence="1" number="7">$</token>
<token t_id="54" sentence="1" number="8">1</token>
<token t_id="55" sentence="1" number="9">.</token>
<token t_id="56" sentence="1" number="10">4</token>
<token t_id="57" sentence="1" number="11">billion</token>
<token t_id="58" sentence="1" number="12">in</token>
<token t_id="59" sentence="1" number="13">debt</token>
<token t_id="60" sentence="1" number="14">.</token>
<token t_id="61" sentence="2" number="0">IMA</token>
<token t_id="62" sentence="2" number="1">is</token>
<token t_id="63" sentence="2" number="2">a</token>
<token t_id="64" sentence="2" number="3">group</token>
<token t_id="65" sentence="2" number="4">that</token>
<token t_id="66" sentence="2" number="5">includes</token>
<token t_id="67" sentence="2" number="6">First</token>
<token t_id="68" sentence="2" number="7">Boston</token>
<token t_id="69" sentence="2" number="8">Corp</token>
<token t_id="70" sentence="2" number="9">.</token>
<token t_id="71" sentence="2" number="10">and</token>
<token t_id="72" sentence="2" number="11">the</token>
<token t_id="73" sentence="2" number="12">Pritzker</token>
<token t_id="74" sentence="2" number="13">family</token>
<token t_id="75" sentence="2" number="14">of</token>
<token t_id="76" sentence="2" number="15">Chicago</token>
<token t_id="77" sentence="2" number="16">through</token>
<token t_id="78" sentence="2" number="17">the</token>
<token t_id="79" sentence="2" number="18">leveraged</token>
<token t_id="80" sentence="2" number="19">buy</token>
<token t_id="81" sentence="2" number="20">-</token>
<token t_id="82" sentence="2" number="21">out</token>
<token t_id="83" sentence="2" number="22">fund</token>
<token t_id="84" sentence="2" number="23">Harry</token>
<token t_id="85" sentence="2" number="24">Gray</token>
<token t_id="86" sentence="2" number="25">Melvyn</token>
<token t_id="87" sentence="2" number="26">Klein</token>
<token t_id="88" sentence="2" number="27">&amp;amp</token>
<token t_id="89" sentence="2" number="28">;</token>
<token t_id="90" sentence="2" number="29">Partners</token>
<token t_id="91" sentence="2" number="30">.</token>
<token t_id="92" sentence="3" number="0">Harry</token>
<token t_id="93" sentence="3" number="1">J</token>
<token t_id="94" sentence="3" number="2">.</token>
<token t_id="95" sentence="3" number="3">Gray</token>
<token t_id="96" sentence="3" number="4">and</token>
<token t_id="97" sentence="3" number="5">Melvyn</token>
<token t_id="98" sentence="3" number="6">N</token>
<token t_id="99" sentence="3" number="7">.</token>
<token t_id="100" sentence="3" number="8">Klein</token>
<token t_id="101" sentence="3" number="9">,</token>
<token t_id="102" sentence="3" number="10">along</token>
<token t_id="103" sentence="3" number="11">with</token>
<token t_id="104" sentence="3" number="12">five</token>
<token t_id="105" sentence="3" number="13">other</token>
<token t_id="106" sentence="3" number="14">IMA</token>
<token t_id="107" sentence="3" number="15">designees</token>
<token t_id="108" sentence="3" number="16">,</token>
<token t_id="109" sentence="3" number="17">were</token>
<token t_id="110" sentence="3" number="18">named</token>
<token t_id="111" sentence="3" number="19">to</token>
<token t_id="112" sentence="3" number="20">join</token>
<token t_id="113" sentence="3" number="21">American</token>
<token t_id="114" sentence="3" number="22">Medical</token>
<token t_id="115" sentence="3" number="23">'s</token>
<token t_id="116" sentence="3" number="24">10</token>
<token t_id="117" sentence="3" number="25">-</token>
<token t_id="118" sentence="3" number="26">member</token>
<token t_id="119" sentence="3" number="27">board</token>
<token t_id="120" sentence="3" number="28">.</token>
<token t_id="121" sentence="4" number="0">The</token>
<token t_id="122" sentence="4" number="1">completion</token>
<token t_id="123" sentence="4" number="2">of</token>
<token t_id="124" sentence="4" number="3">the</token>
<token t_id="125" sentence="4" number="4">merger</token>
<token t_id="126" sentence="4" number="5">agreement</token>
<token t_id="127" sentence="4" number="6">follows</token>
<token t_id="128" sentence="4" number="7">months</token>
<token t_id="129" sentence="4" number="8">of</token>
<token t_id="130" sentence="4" number="9">twists</token>
<token t_id="131" sentence="4" number="10">and</token>
<token t_id="132" sentence="4" number="11">turns</token>
<token t_id="133" sentence="4" number="12">.</token>
<token t_id="134" sentence="5" number="0">In</token>
<token t_id="135" sentence="5" number="1">January</token>
<token t_id="136" sentence="5" number="2">,</token>
<token t_id="137" sentence="5" number="3">American</token>
<token t_id="138" sentence="5" number="4">Medical</token>
<token t_id="139" sentence="5" number="5">brought</token>
<token t_id="140" sentence="5" number="6">in</token>
<token t_id="141" sentence="5" number="7">a</token>
<token t_id="142" sentence="5" number="8">new</token>
<token t_id="143" sentence="5" number="9">chief</token>
<token t_id="144" sentence="5" number="10">executive</token>
<token t_id="145" sentence="5" number="11">officer</token>
<token t_id="146" sentence="5" number="12">,</token>
<token t_id="147" sentence="5" number="13">Richard</token>
<token t_id="148" sentence="5" number="14">A</token>
<token t_id="149" sentence="5" number="15">.</token>
<token t_id="150" sentence="5" number="16">Gilleland</token>
<token t_id="151" sentence="5" number="17">,</token>
<token t_id="152" sentence="5" number="18">45</token>
<token t_id="153" sentence="5" number="19">,</token>
<token t_id="154" sentence="5" number="20">who</token>
<token t_id="155" sentence="5" number="21">will</token>
<token t_id="156" sentence="5" number="22">remain</token>
<token t_id="157" sentence="5" number="23">as</token>
<token t_id="158" sentence="5" number="24">chairman</token>
<token t_id="159" sentence="5" number="25">,</token>
<token t_id="160" sentence="5" number="26">president</token>
<token t_id="161" sentence="5" number="27">and</token>
<token t_id="162" sentence="5" number="28">chief</token>
<token t_id="163" sentence="5" number="29">executive</token>
<token t_id="164" sentence="5" number="30">.</token>
<token t_id="165" sentence="6" number="0">A</token>
<token t_id="166" sentence="6" number="1">few</token>
<token t_id="167" sentence="6" number="2">days</token>
<token t_id="168" sentence="6" number="3">later</token>
<token t_id="169" sentence="6" number="4">,</token>
<token t_id="170" sentence="6" number="5">American</token>
<token t_id="171" sentence="6" number="6">Medical</token>
<token t_id="172" sentence="6" number="7">announced</token>
<token t_id="173" sentence="6" number="8">sharply</token>
<token t_id="174" sentence="6" number="9">lower</token>
<token t_id="175" sentence="6" number="10">earnings</token>
<token t_id="176" sentence="6" number="11">,</token>
<token t_id="177" sentence="6" number="12">taking</token>
<token t_id="178" sentence="6" number="13">charges</token>
<token t_id="179" sentence="6" number="14">of</token>
<token t_id="180" sentence="6" number="15">$</token>
<token t_id="181" sentence="6" number="16">24</token>
<token t_id="182" sentence="6" number="17">million</token>
<token t_id="183" sentence="6" number="18">for</token>
<token t_id="184" sentence="6" number="19">insurance</token>
<token t_id="185" sentence="6" number="20">reserves</token>
<token t_id="186" sentence="6" number="21">and</token>
<token t_id="187" sentence="6" number="22">canceled</token>
<token t_id="188" sentence="6" number="23">real</token>
<token t_id="189" sentence="6" number="24">estate</token>
<token t_id="190" sentence="6" number="25">leases</token>
<token t_id="191" sentence="6" number="26">.</token>
<token t_id="192" sentence="7" number="0">In</token>
<token t_id="193" sentence="7" number="1">March</token>
<token t_id="194" sentence="7" number="2">,</token>
<token t_id="195" sentence="7" number="3">American</token>
<token t_id="196" sentence="7" number="4">Medical</token>
<token t_id="197" sentence="7" number="5">received</token>
<token t_id="198" sentence="7" number="6">a</token>
<token t_id="199" sentence="7" number="7">$</token>
<token t_id="200" sentence="7" number="8">24</token>
<token t_id="201" sentence="7" number="9">-</token>
<token t_id="202" sentence="7" number="10">a</token>
<token t_id="203" sentence="7" number="11">-</token>
<token t_id="204" sentence="7" number="12">share</token>
<token t_id="205" sentence="7" number="13">offer</token>
<token t_id="206" sentence="7" number="14">to</token>
<token t_id="207" sentence="7" number="15">take</token>
<token t_id="208" sentence="7" number="16">the</token>
<token t_id="209" sentence="7" number="17">company</token>
<token t_id="210" sentence="7" number="18">private</token>
<token t_id="211" sentence="7" number="19">from</token>
<token t_id="212" sentence="7" number="20">an</token>
<token t_id="213" sentence="7" number="21">investor</token>
<token t_id="214" sentence="7" number="22">group</token>
<token t_id="215" sentence="7" number="23">including</token>
<token t_id="216" sentence="7" number="24">large</token>
<token t_id="217" sentence="7" number="25">holder</token>
<token t_id="218" sentence="7" number="26">M</token>
<token t_id="219" sentence="7" number="27">.</token>
<token t_id="220" sentence="7" number="28">Lee</token>
<token t_id="221" sentence="7" number="29">Pearce</token>
<token t_id="222" sentence="7" number="30">.</token>
<token t_id="223" sentence="8" number="0">It</token>
<token t_id="224" sentence="8" number="1">also</token>
<token t_id="225" sentence="8" number="2">was</token>
<token t_id="226" sentence="8" number="3">considering</token>
<token t_id="227" sentence="8" number="4">a</token>
<token t_id="228" sentence="8" number="5">restructuring</token>
<token t_id="229" sentence="8" number="6">to</token>
<token t_id="230" sentence="8" number="7">help</token>
<token t_id="231" sentence="8" number="8">boost</token>
<token t_id="232" sentence="8" number="9">the</token>
<token t_id="233" sentence="8" number="10">stock</token>
<token t_id="234" sentence="8" number="11">price</token>
<token t_id="235" sentence="8" number="12">.</token>
<token t_id="236" sentence="9" number="0">A</token>
<token t_id="237" sentence="9" number="1">group</token>
<token t_id="238" sentence="9" number="2">including</token>
<token t_id="239" sentence="9" number="3">several</token>
<token t_id="240" sentence="9" number="4">members</token>
<token t_id="241" sentence="9" number="5">of</token>
<token t_id="242" sentence="9" number="6">the</token>
<token t_id="243" sentence="9" number="7">the</token>
<token t_id="244" sentence="9" number="8">Bass</token>
<token t_id="245" sentence="9" number="9">family</token>
<token t_id="246" sentence="9" number="10">of</token>
<token t_id="247" sentence="9" number="11">Texas</token>
<token t_id="248" sentence="9" number="12">urged</token>
<token t_id="249" sentence="9" number="13">the</token>
<token t_id="250" sentence="9" number="14">company</token>
<token t_id="251" sentence="9" number="15">to</token>
<token t_id="252" sentence="9" number="16">take</token>
<token t_id="253" sentence="9" number="17">some</token>
<token t_id="254" sentence="9" number="18">steps</token>
<token t_id="255" sentence="9" number="19">to</token>
<token t_id="256" sentence="9" number="20">maximize</token>
<token t_id="257" sentence="9" number="21">shareholder</token>
<token t_id="258" sentence="9" number="22">value</token>
<token t_id="259" sentence="9" number="23">.</token>
<token t_id="260" sentence="10" number="0">The</token>
<token t_id="261" sentence="10" number="1">following</token>
<token t_id="262" sentence="10" number="2">month</token>
<token t_id="263" sentence="10" number="3">,</token>
<token t_id="264" sentence="10" number="4">the</token>
<token t_id="265" sentence="10" number="5">company</token>
<token t_id="266" sentence="10" number="6">put</token>
<token t_id="267" sentence="10" number="7">itself</token>
<token t_id="268" sentence="10" number="8">up</token>
<token t_id="269" sentence="10" number="9">for</token>
<token t_id="270" sentence="10" number="10">sale</token>
<token t_id="271" sentence="10" number="11">.</token>
<token t_id="272" sentence="11" number="0">It</token>
<token t_id="273" sentence="11" number="1">received</token>
<token t_id="274" sentence="11" number="2">more</token>
<token t_id="275" sentence="11" number="3">offers</token>
<token t_id="276" sentence="11" number="4">,</token>
<token t_id="277" sentence="11" number="5">but</token>
<token t_id="278" sentence="11" number="6">the</token>
<token t_id="279" sentence="11" number="7">auction</token>
<token t_id="280" sentence="11" number="8">was</token>
<token t_id="281" sentence="11" number="9">surprisingly</token>
<token t_id="282" sentence="11" number="10">won</token>
<token t_id="283" sentence="11" number="11">by</token>
<token t_id="284" sentence="11" number="12">IMA</token>
<token t_id="285" sentence="11" number="13">,</token>
<token t_id="286" sentence="11" number="14">which</token>
<token t_id="287" sentence="11" number="15">bid</token>
<token t_id="288" sentence="11" number="16">$</token>
<token t_id="289" sentence="11" number="17">28</token>
<token t_id="290" sentence="11" number="18">a</token>
<token t_id="291" sentence="11" number="19">share</token>
<token t_id="292" sentence="11" number="20">and</token>
<token t_id="293" sentence="11" number="21">asked</token>
<token t_id="294" sentence="11" number="22">Mr</token>
<token t_id="295" sentence="11" number="23">.</token>
<token t_id="296" sentence="11" number="24">Gilleland</token>
<token t_id="297" sentence="11" number="25">to</token>
<token t_id="298" sentence="11" number="26">stay</token>
<token t_id="299" sentence="11" number="27">on</token>
<token t_id="300" sentence="11" number="28">as</token>
<token t_id="301" sentence="11" number="29">an</token>
<token t_id="302" sentence="11" number="30">equity</token>
<token t_id="303" sentence="11" number="31">participant</token>
<token t_id="304" sentence="11" number="32">.</token>
<token t_id="305" sentence="12" number="0">He</token>
<token t_id="306" sentence="12" number="1">indicated</token>
<token t_id="307" sentence="12" number="2">that</token>
<token t_id="308" sentence="12" number="3">some</token>
<token t_id="309" sentence="12" number="4">assets</token>
<token t_id="310" sentence="12" number="5">might</token>
<token t_id="311" sentence="12" number="6">be</token>
<token t_id="312" sentence="12" number="7">sold</token>
<token t_id="313" sentence="12" number="8">off</token>
<token t_id="314" sentence="12" number="9">to</token>
<token t_id="315" sentence="12" number="10">service</token>
<token t_id="316" sentence="12" number="11">the</token>
<token t_id="317" sentence="12" number="12">debt</token>
<token t_id="318" sentence="12" number="13">.</token>
<token t_id="319" sentence="13" number="0">Then</token>
<token t_id="320" sentence="13" number="1">,</token>
<token t_id="321" sentence="13" number="2">after</token>
<token t_id="322" sentence="13" number="3">extending</token>
<token t_id="323" sentence="13" number="4">its</token>
<token t_id="324" sentence="13" number="5">offer</token>
<token t_id="325" sentence="13" number="6">four</token>
<token t_id="326" sentence="13" number="7">times</token>
<token t_id="327" sentence="13" number="8">waiting</token>
<token t_id="328" sentence="13" number="9">for</token>
<token t_id="329" sentence="13" number="10">a</token>
<token t_id="330" sentence="13" number="11">congressional</token>
<token t_id="331" sentence="13" number="12">tax</token>
<token t_id="332" sentence="13" number="13">ruling</token>
<token t_id="333" sentence="13" number="14">,</token>
<token t_id="334" sentence="13" number="15">IMA</token>
<token t_id="335" sentence="13" number="16">early</token>
<token t_id="336" sentence="13" number="17">this</token>
<token t_id="337" sentence="13" number="18">month</token>
<token t_id="338" sentence="13" number="19">lowered</token>
<token t_id="339" sentence="13" number="20">its</token>
<token t_id="340" sentence="13" number="21">offer</token>
<token t_id="341" sentence="13" number="22">to</token>
<token t_id="342" sentence="13" number="23">$</token>
<token t_id="343" sentence="13" number="24">26</token>
<token t_id="344" sentence="13" number="25">.</token>
<token t_id="345" sentence="13" number="26">50</token>
<token t_id="346" sentence="13" number="27">a</token>
<token t_id="347" sentence="13" number="28">share</token>
<token t_id="348" sentence="13" number="29">amid</token>
<token t_id="349" sentence="13" number="30">turbulence</token>
<token t_id="350" sentence="13" number="31">in</token>
<token t_id="351" sentence="13" number="32">the</token>
<token t_id="352" sentence="13" number="33">junk</token>
<token t_id="353" sentence="13" number="34">bond</token>
<token t_id="354" sentence="13" number="35">market</token>
<token t_id="355" sentence="13" number="36">.</token>
<token t_id="356" sentence="14" number="0">American</token>
<token t_id="357" sentence="14" number="1">Medical</token>
<token t_id="358" sentence="14" number="2">accepted</token>
<token t_id="359" sentence="14" number="3">the</token>
<token t_id="360" sentence="14" number="4">offer</token>
<token t_id="361" sentence="14" number="5">,</token>
<token t_id="362" sentence="14" number="6">meanwhile</token>
<token t_id="363" sentence="14" number="7">indicating</token>
<token t_id="364" sentence="14" number="8">it</token>
<token t_id="365" sentence="14" number="9">had</token>
<token t_id="366" sentence="14" number="10">heard</token>
<token t_id="367" sentence="14" number="11">from</token>
<token t_id="368" sentence="14" number="12">two</token>
<token t_id="369" sentence="14" number="13">other</token>
<token t_id="370" sentence="14" number="14">suitors</token>
<token t_id="371" sentence="14" number="15">.</token>
<token t_id="372" sentence="15" number="0">But</token>
<token t_id="373" sentence="15" number="1">they</token>
<token t_id="374" sentence="15" number="2">never</token>
<token t_id="375" sentence="15" number="3">materialized</token>
<token t_id="376" sentence="15" number="4">and</token>
<token t_id="377" sentence="15" number="5">IMA</token>
<token t_id="378" sentence="15" number="6">completed</token>
<token t_id="379" sentence="15" number="7">the</token>
<token t_id="380" sentence="15" number="8">purchase</token>
<token t_id="381" sentence="15" number="9">yesterday</token>
<token t_id="382" sentence="15" number="10">.</token>
<token t_id="383" sentence="16" number="0">Other</token>
<token t_id="384" sentence="16" number="1">new</token>
<token t_id="385" sentence="16" number="2">board</token>
<token t_id="386" sentence="16" number="3">members</token>
<token t_id="387" sentence="16" number="4">include</token>
<token t_id="388" sentence="16" number="5">John</token>
<token t_id="389" sentence="16" number="6">S</token>
<token t_id="390" sentence="16" number="7">.</token>
<token t_id="391" sentence="16" number="8">Harrison</token>
<token t_id="392" sentence="16" number="9">and</token>
<token t_id="393" sentence="16" number="10">Mark</token>
<token t_id="394" sentence="16" number="11">A</token>
<token t_id="395" sentence="16" number="12">.</token>
<token t_id="396" sentence="16" number="13">Adley</token>
<token t_id="397" sentence="16" number="14">of</token>
<token t_id="398" sentence="16" number="15">First</token>
<token t_id="399" sentence="16" number="16">Boston</token>
<token t_id="400" sentence="16" number="17">,</token>
<token t_id="401" sentence="16" number="18">James</token>
<token t_id="402" sentence="16" number="19">F</token>
<token t_id="403" sentence="16" number="20">.</token>
<token t_id="404" sentence="16" number="21">Lyons</token>
<token t_id="405" sentence="16" number="22">,</token>
<token t_id="406" sentence="16" number="23">William</token>
<token t_id="407" sentence="16" number="24">S</token>
<token t_id="408" sentence="16" number="25">.</token>
<token t_id="409" sentence="16" number="26">Goldberg</token>
<token t_id="410" sentence="16" number="27">and</token>
<token t_id="411" sentence="16" number="28">Harold</token>
<token t_id="412" sentence="16" number="29">S</token>
<token t_id="413" sentence="16" number="30">.</token>
<token t_id="414" sentence="16" number="31">Handelsman</token>
<token t_id="415" sentence="16" number="32">.</token>


<Markables>
<DESCRIPTIVE m_id="36" Type="Other" comment="" conversational-direct="FALSE" conversational-reported="FALSE"  >
<token_anchor t_id="383"/>
<token_anchor t_id="384"/>
<token_anchor t_id="385"/>
<token_anchor t_id="386"/>
<token_anchor t_id="387"/>
<token_anchor t_id="388"/>
<token_anchor t_id="389"/>
<token_anchor t_id="390"/>
<token_anchor t_id="391"/>
<token_anchor t_id="392"/>
<token_anchor t_id="393"/>
<token_anchor t_id="394"/>
<token_anchor t_id="395"/>
<token_anchor t_id="396"/>
<token_anchor t_id="397"/>
<token_anchor t_id="398"/>
<token_anchor t_id="399"/>
<token_anchor t_id="400"/>
<token_anchor t_id="401"/>
<token_anchor t_id="402"/>
<token_anchor t_id="403"/>
<token_anchor t_id="404"/>
<token_anchor t_id="405"/>
<token_anchor t_id="406"/>
<token_anchor t_id="407"/>
<token_anchor t_id="408"/>
<token_anchor t_id="409"/>
<token_anchor t_id="410"/>
<token_anchor t_id="411"/>
<token_anchor t_id="412"/>
<token_anchor t_id="413"/>
<token_anchor t_id="414"/>
<token_anchor t_id="415"/>
</DESCRIPTIVE>
<DESCRIPTIVE m_id="32" Type="Other" comment="" conversational-direct="FALSE" conversational-reported="FALSE"  >
<token_anchor t_id="61"/>
<token_anchor t_id="62"/>
<token_anchor t_id="63"/>
<token_anchor t_id="64"/>
<token_anchor t_id="65"/>
<token_anchor t_id="66"/>
<token_anchor t_id="67"/>
<token_anchor t_id="68"/>
<token_anchor t_id="69"/>
<token_anchor t_id="70"/>
<token_anchor t_id="71"/>
<token_anchor t_id="72"/>
<token_anchor t_id="73"/>
<token_anchor t_id="74"/>
<token_anchor t_id="75"/>
<token_anchor t_id="76"/>
<token_anchor t_id="77"/>
<token_anchor t_id="78"/>
<token_anchor t_id="79"/>
<token_anchor t_id="80"/>
<token_anchor t_id="81"/>
<token_anchor t_id="82"/>
<token_anchor t_id="83"/>
<token_anchor t_id="84"/>
<token_anchor t_id="85"/>
<token_anchor t_id="86"/>
<token_anchor t_id="87"/>
<token_anchor t_id="88"/>
<token_anchor t_id="89"/>
<token_anchor t_id="90"/>
<token_anchor t_id="91"/>
</DESCRIPTIVE>
<NARRATIVE m_id="1" Level="Primary" comment="" conversational-direct="FALSE" conversational-reported="FALSE"  >
<token_anchor t_id="362"/>
<token_anchor t_id="363"/>
</NARRATIVE>
<NARRATIVE m_id="33" Level="Primary" comment="" conversational-direct="FALSE" conversational-reported="FALSE"  >
<token_anchor t_id="206"/>
<token_anchor t_id="207"/>
<token_anchor t_id="208"/>
<token_anchor t_id="209"/>
<token_anchor t_id="210"/>
<token_anchor t_id="211"/>
<token_anchor t_id="212"/>
<token_anchor t_id="213"/>
<token_anchor t_id="214"/>
<token_anchor t_id="215"/>
<token_anchor t_id="216"/>
<token_anchor t_id="217"/>
<token_anchor t_id="218"/>
<token_anchor t_id="219"/>
<token_anchor t_id="220"/>
<token_anchor t_id="221"/>
<token_anchor t_id="222"/>
</NARRATIVE>
<NARRATIVE m_id="2" Level="Primary" comment="" conversational-direct="FALSE" conversational-reported="FALSE"  >
<token_anchor t_id="305"/>
<token_anchor t_id="306"/>
</NARRATIVE>
<NARRATIVE m_id="34" Level="Primary" comment="" conversational-direct="FALSE" conversational-reported="FALSE"  >
<token_anchor t_id="153"/>
<token_anchor t_id="154"/>
<token_anchor t_id="155"/>
<token_anchor t_id="156"/>
<token_anchor t_id="157"/>
<token_anchor t_id="158"/>
<token_anchor t_id="159"/>
<token_anchor t_id="160"/>
<token_anchor t_id="161"/>
<token_anchor t_id="162"/>
<token_anchor t_id="163"/>
<token_anchor t_id="164"/>
</NARRATIVE>
<NARRATIVE m_id="3" Level="Primary" comment="" conversational-direct="FALSE" conversational-reported="FALSE"  >
<token_anchor t_id="292"/>
<token_anchor t_id="293"/>
<token_anchor t_id="294"/>
<token_anchor t_id="295"/>
<token_anchor t_id="296"/>
</NARRATIVE>
<NARRATIVE m_id="35" Level="Primary" comment="" conversational-direct="FALSE" conversational-reported="TRUE"  >
<token_anchor t_id="307"/>
<token_anchor t_id="308"/>
<token_anchor t_id="309"/>
<token_anchor t_id="310"/>
<token_anchor t_id="311"/>
<token_anchor t_id="312"/>
<token_anchor t_id="313"/>
<token_anchor t_id="314"/>
<token_anchor t_id="315"/>
<token_anchor t_id="316"/>
<token_anchor t_id="317"/>
<token_anchor t_id="318"/>
</NARRATIVE>
<NARRATIVE m_id="4" Level="Primary" comment="" conversational-direct="FALSE" conversational-reported="FALSE"  >
<token_anchor t_id="223"/>
<token_anchor t_id="224"/>
<token_anchor t_id="225"/>
<token_anchor t_id="226"/>
<token_anchor t_id="227"/>
<token_anchor t_id="228"/>
</NARRATIVE>
<NARRATIVE m_id="5" Level="Primary" comment="" conversational-direct="FALSE" conversational-reported="FALSE"  >
<token_anchor t_id="229"/>
<token_anchor t_id="230"/>
</NARRATIVE>
<NARRATIVE m_id="6" Level="Primary" comment="" conversational-direct="FALSE" conversational-reported="FALSE"  >
<token_anchor t_id="236"/>
<token_anchor t_id="237"/>
<token_anchor t_id="238"/>
<token_anchor t_id="239"/>
<token_anchor t_id="240"/>
<token_anchor t_id="241"/>
<token_anchor t_id="242"/>
<token_anchor t_id="243"/>
<token_anchor t_id="244"/>
<token_anchor t_id="245"/>
<token_anchor t_id="246"/>
<token_anchor t_id="247"/>
<token_anchor t_id="248"/>
<token_anchor t_id="249"/>
<token_anchor t_id="250"/>
</NARRATIVE>
<NARRATIVE m_id="7" Level="Primary" comment="" conversational-direct="FALSE" conversational-reported="FALSE"  >
<token_anchor t_id="251"/>
<token_anchor t_id="252"/>
<token_anchor t_id="253"/>
<token_anchor t_id="254"/>
</NARRATIVE>
<NARRATIVE m_id="8" Level="Primary" comment="" conversational-direct="FALSE" conversational-reported="FALSE"  >
<token_anchor t_id="260"/>
<token_anchor t_id="261"/>
<token_anchor t_id="262"/>
<token_anchor t_id="263"/>
<token_anchor t_id="264"/>
<token_anchor t_id="265"/>
<token_anchor t_id="266"/>
<token_anchor t_id="267"/>
<token_anchor t_id="268"/>
<token_anchor t_id="269"/>
<token_anchor t_id="270"/>
<token_anchor t_id="271"/>
</NARRATIVE>
<NARRATIVE m_id="9" Level="Primary" comment="" conversational-direct="FALSE" conversational-reported="FALSE"  >
<token_anchor t_id="272"/>
<token_anchor t_id="273"/>
<token_anchor t_id="274"/>
<token_anchor t_id="275"/>
<token_anchor t_id="276"/>
</NARRATIVE>
<NARRATIVE m_id="10" Level="Primary" comment="" conversational-direct="FALSE" conversational-reported="FALSE"  >
<token_anchor t_id="277"/>
<token_anchor t_id="278"/>
<token_anchor t_id="279"/>
<token_anchor t_id="280"/>
<token_anchor t_id="281"/>
<token_anchor t_id="282"/>
<token_anchor t_id="283"/>
<token_anchor t_id="284"/>
<token_anchor t_id="285"/>
</NARRATIVE>
<NARRATIVE m_id="11" Level="Primary" comment="" conversational-direct="FALSE" conversational-reported="FALSE"  >
<token_anchor t_id="286"/>
<token_anchor t_id="287"/>
<token_anchor t_id="288"/>
<token_anchor t_id="289"/>
<token_anchor t_id="290"/>
<token_anchor t_id="291"/>
</NARRATIVE>
<NARRATIVE m_id="12" Level="Primary" comment="" conversational-direct="FALSE" conversational-reported="FALSE"  >
<token_anchor t_id="321"/>
<token_anchor t_id="322"/>
<token_anchor t_id="323"/>
<token_anchor t_id="324"/>
<token_anchor t_id="325"/>
<token_anchor t_id="326"/>
</NARRATIVE>
<NARRATIVE m_id="13" Level="Primary" comment="" conversational-direct="FALSE" conversational-reported="TRUE"  >
<token_anchor t_id="364"/>
<token_anchor t_id="365"/>
<token_anchor t_id="366"/>
<token_anchor t_id="367"/>
<token_anchor t_id="368"/>
<token_anchor t_id="369"/>
<token_anchor t_id="370"/>
</NARRATIVE>
<NARRATIVE m_id="14" Level="Primary" comment="" conversational-direct="FALSE" conversational-reported="FALSE"  >
<token_anchor t_id="372"/>
<token_anchor t_id="373"/>
<token_anchor t_id="374"/>
<token_anchor t_id="375"/>
</NARRATIVE>
<NARRATIVE m_id="15" Level="Primary" comment="" conversational-direct="FALSE" conversational-reported="FALSE"  >
<token_anchor t_id="177"/>
<token_anchor t_id="178"/>
<token_anchor t_id="179"/>
<token_anchor t_id="180"/>
<token_anchor t_id="181"/>
<token_anchor t_id="182"/>
<token_anchor t_id="183"/>
<token_anchor t_id="184"/>
<token_anchor t_id="185"/>
<token_anchor t_id="186"/>
<token_anchor t_id="187"/>
<token_anchor t_id="188"/>
<token_anchor t_id="189"/>
<token_anchor t_id="190"/>
<token_anchor t_id="191"/>
</NARRATIVE>
<NARRATIVE m_id="16" Level="Primary" comment="" conversational-direct="FALSE" conversational-reported="FALSE"  >
<token_anchor t_id="231"/>
<token_anchor t_id="232"/>
<token_anchor t_id="233"/>
<token_anchor t_id="234"/>
</NARRATIVE>
<NARRATIVE m_id="17" Level="Primary" comment="" conversational-direct="FALSE" conversational-reported="FALSE"  >
<token_anchor t_id="255"/>
<token_anchor t_id="256"/>
<token_anchor t_id="257"/>
<token_anchor t_id="258"/>
<token_anchor t_id="259"/>
</NARRATIVE>
<NARRATIVE m_id="18" Level="Primary" comment="" conversational-direct="FALSE" conversational-reported="TRUE"  >
<token_anchor t_id="297"/>
<token_anchor t_id="298"/>
<token_anchor t_id="299"/>
<token_anchor t_id="300"/>
<token_anchor t_id="301"/>
<token_anchor t_id="302"/>
<token_anchor t_id="303"/>
<token_anchor t_id="304"/>
</NARRATIVE>
<NARRATIVE m_id="19" Level="Primary" comment="" conversational-direct="FALSE" conversational-reported="FALSE"  >
<token_anchor t_id="327"/>
<token_anchor t_id="328"/>
<token_anchor t_id="329"/>
<token_anchor t_id="330"/>
<token_anchor t_id="331"/>
<token_anchor t_id="332"/>
<token_anchor t_id="333"/>
</NARRATIVE>
<NARRATIVE m_id="20" Level="Primary" comment="" conversational-direct="FALSE" conversational-reported="FALSE"  >
<token_anchor t_id="121"/>
<token_anchor t_id="122"/>
<token_anchor t_id="123"/>
<token_anchor t_id="124"/>
<token_anchor t_id="125"/>
<token_anchor t_id="126"/>
<token_anchor t_id="127"/>
<token_anchor t_id="128"/>
<token_anchor t_id="129"/>
<token_anchor t_id="130"/>
<token_anchor t_id="131"/>
<token_anchor t_id="132"/>
<token_anchor t_id="133"/>
</NARRATIVE>
<NARRATIVE m_id="21" Level="Primary" comment="" conversational-direct="FALSE" conversational-reported="FALSE"  >
<token_anchor t_id="134"/>
<token_anchor t_id="135"/>
<token_anchor t_id="136"/>
<token_anchor t_id="137"/>
<token_anchor t_id="138"/>
<token_anchor t_id="139"/>
<token_anchor t_id="140"/>
<token_anchor t_id="141"/>
<token_anchor t_id="142"/>
<token_anchor t_id="143"/>
<token_anchor t_id="144"/>
<token_anchor t_id="145"/>
<token_anchor t_id="146"/>
<token_anchor t_id="147"/>
<token_anchor t_id="148"/>
<token_anchor t_id="149"/>
<token_anchor t_id="150"/>
<token_anchor t_id="151"/>
<token_anchor t_id="152"/>
</NARRATIVE>
<NARRATIVE m_id="22" Level="" comment="" conversational-direct="FALSE" conversational-reported="FALSE"  >
<token_anchor t_id="165"/>
<token_anchor t_id="166"/>
<token_anchor t_id="167"/>
<token_anchor t_id="168"/>
<token_anchor t_id="169"/>
<token_anchor t_id="170"/>
<token_anchor t_id="171"/>
<token_anchor t_id="172"/>
<token_anchor t_id="173"/>
<token_anchor t_id="174"/>
<token_anchor t_id="175"/>
<token_anchor t_id="176"/>
</NARRATIVE>
<NARRATIVE m_id="23" Level="" comment="" conversational-direct="FALSE" conversational-reported="FALSE"  >
<token_anchor t_id="192"/>
<token_anchor t_id="193"/>
<token_anchor t_id="194"/>
<token_anchor t_id="195"/>
<token_anchor t_id="196"/>
<token_anchor t_id="197"/>
<token_anchor t_id="198"/>
<token_anchor t_id="199"/>
<token_anchor t_id="200"/>
<token_anchor t_id="201"/>
<token_anchor t_id="202"/>
<token_anchor t_id="203"/>
<token_anchor t_id="204"/>
<token_anchor t_id="205"/>
</NARRATIVE>
<NARRATIVE m_id="24" Level="Primary" comment="" conversational-direct="FALSE" conversational-reported="FALSE"  >
<token_anchor t_id="356"/>
<token_anchor t_id="357"/>
<token_anchor t_id="358"/>
<token_anchor t_id="359"/>
<token_anchor t_id="360"/>
<token_anchor t_id="361"/>
</NARRATIVE>
<NARRATIVE m_id="25" Level="Primary" comment="" conversational-direct="FALSE" conversational-reported="FALSE"  >
<token_anchor t_id="376"/>
<token_anchor t_id="377"/>
<token_anchor t_id="378"/>
<token_anchor t_id="379"/>
<token_anchor t_id="380"/>
<token_anchor t_id="381"/>
<token_anchor t_id="382"/>
</NARRATIVE>
<NARRATIVE m_id="26" Level="Primary" comment="" conversational-direct="FALSE" conversational-reported="FALSE"  >
<token_anchor t_id="319"/>
<token_anchor t_id="320"/>
<token_anchor t_id="334"/>
<token_anchor t_id="335"/>
<token_anchor t_id="336"/>
<token_anchor t_id="337"/>
<token_anchor t_id="338"/>
<token_anchor t_id="339"/>
<token_anchor t_id="340"/>
<token_anchor t_id="341"/>
<token_anchor t_id="342"/>
<token_anchor t_id="343"/>
<token_anchor t_id="344"/>
<token_anchor t_id="345"/>
<token_anchor t_id="346"/>
<token_anchor t_id="347"/>
<token_anchor t_id="348"/>
<token_anchor t_id="349"/>
<token_anchor t_id="350"/>
<token_anchor t_id="351"/>
<token_anchor t_id="352"/>
<token_anchor t_id="353"/>
<token_anchor t_id="354"/>
<token_anchor t_id="355"/>
</NARRATIVE>
<NARRATIVE m_id="27" Level="Primary" comment="" conversational-direct="FALSE" conversational-reported="FALSE"  >
<token_anchor t_id="1"/>
<token_anchor t_id="2"/>
<token_anchor t_id="3"/>
<token_anchor t_id="4"/>
<token_anchor t_id="5"/>
<token_anchor t_id="6"/>
<token_anchor t_id="7"/>
<token_anchor t_id="8"/>
<token_anchor t_id="9"/>
<token_anchor t_id="10"/>
<token_anchor t_id="11"/>
<token_anchor t_id="12"/>
<token_anchor t_id="13"/>
<token_anchor t_id="14"/>
<token_anchor t_id="15"/>
<token_anchor t_id="16"/>
<token_anchor t_id="17"/>
</NARRATIVE>
<NARRATIVE m_id="28" Level="Primary" comment="" conversational-direct="FALSE" conversational-reported="FALSE"  >
<token_anchor t_id="18"/>
<token_anchor t_id="19"/>
<token_anchor t_id="20"/>
<token_anchor t_id="21"/>
<token_anchor t_id="22"/>
<token_anchor t_id="23"/>
<token_anchor t_id="24"/>
<token_anchor t_id="25"/>
<token_anchor t_id="26"/>
<token_anchor t_id="27"/>
<token_anchor t_id="28"/>
<token_anchor t_id="29"/>
<token_anchor t_id="30"/>
<token_anchor t_id="31"/>
<token_anchor t_id="32"/>
<token_anchor t_id="33"/>
<token_anchor t_id="34"/>
<token_anchor t_id="35"/>
<token_anchor t_id="36"/>
<token_anchor t_id="37"/>
<token_anchor t_id="38"/>
<token_anchor t_id="39"/>
<token_anchor t_id="40"/>
<token_anchor t_id="41"/>
<token_anchor t_id="42"/>
<token_anchor t_id="43"/>
<token_anchor t_id="44"/>
<token_anchor t_id="45"/>
</NARRATIVE>
<NARRATIVE m_id="29" Level="" comment="" conversational-direct="FALSE" conversational-reported="FALSE"  >
<token_anchor t_id="92"/>
<token_anchor t_id="93"/>
<token_anchor t_id="94"/>
<token_anchor t_id="95"/>
<token_anchor t_id="96"/>
<token_anchor t_id="97"/>
<token_anchor t_id="98"/>
<token_anchor t_id="99"/>
<token_anchor t_id="100"/>
<token_anchor t_id="101"/>
<token_anchor t_id="102"/>
<token_anchor t_id="103"/>
<token_anchor t_id="104"/>
<token_anchor t_id="105"/>
<token_anchor t_id="106"/>
<token_anchor t_id="107"/>
<token_anchor t_id="108"/>
<token_anchor t_id="109"/>
<token_anchor t_id="110"/>
</NARRATIVE>
<NARRATIVE m_id="30" Level="Primary" comment="" conversational-direct="FALSE" conversational-reported="FALSE"  >
<token_anchor t_id="111"/>
<token_anchor t_id="112"/>
<token_anchor t_id="113"/>
<token_anchor t_id="114"/>
<token_anchor t_id="115"/>
<token_anchor t_id="116"/>
<token_anchor t_id="117"/>
<token_anchor t_id="118"/>
<token_anchor t_id="119"/>
<token_anchor t_id="120"/>
</NARRATIVE>
<NARRATIVE m_id="31" Level="Primary" comment="" conversational-direct="FALSE" conversational-reported="FALSE"  >
<token_anchor t_id="46"/>
<token_anchor t_id="47"/>
<token_anchor t_id="48"/>
<token_anchor t_id="49"/>
<token_anchor t_id="50"/>
<token_anchor t_id="51"/>
<token_anchor t_id="52"/>
<token_anchor t_id="53"/>
<token_anchor t_id="54"/>
<token_anchor t_id="55"/>
<token_anchor t_id="56"/>
<token_anchor t_id="57"/>
<token_anchor t_id="58"/>
<token_anchor t_id="59"/>
<token_anchor t_id="60"/>
</NARRATIVE>


</Markables>

<Relations>
</Relations>
</Document>
