<Document doc_name="wsj_1415.xml.conll.txt">
<token t_id="1" sentence="0" number="0">A</token>
<token t_id="2" sentence="0" number="1">bill</token>
<token t_id="3" sentence="0" number="2">that</token>
<token t_id="4" sentence="0" number="3">would</token>
<token t_id="5" sentence="0" number="4">permit</token>
<token t_id="6" sentence="0" number="5">the</token>
<token t_id="7" sentence="0" number="6">Securities</token>
<token t_id="8" sentence="0" number="7">and</token>
<token t_id="9" sentence="0" number="8">Exchange</token>
<token t_id="10" sentence="0" number="9">Commission</token>
<token t_id="11" sentence="0" number="10">to</token>
<token t_id="12" sentence="0" number="11">monitor</token>
<token t_id="13" sentence="0" number="12">the</token>
<token t_id="14" sentence="0" number="13">financial</token>
<token t_id="15" sentence="0" number="14">condition</token>
<token t_id="16" sentence="0" number="15">of</token>
<token t_id="17" sentence="0" number="16">securities</token>
<token t_id="18" sentence="0" number="17">firms</token>
<token t_id="19" sentence="0" number="18">'</token>
<token t_id="20" sentence="0" number="19">holding</token>
<token t_id="21" sentence="0" number="20">companies</token>
<token t_id="22" sentence="0" number="21">is</token>
<token t_id="23" sentence="0" number="22">facing</token>
<token t_id="24" sentence="0" number="23">tough</token>
<token t_id="25" sentence="0" number="24">opposition</token>
<token t_id="26" sentence="0" number="25">from</token>
<token t_id="27" sentence="0" number="26">some</token>
<token t_id="28" sentence="0" number="27">Wall</token>
<token t_id="29" sentence="0" number="28">Street</token>
<token t_id="30" sentence="0" number="29">firms</token>
<token t_id="31" sentence="0" number="30">,</token>
<token t_id="32" sentence="0" number="31">which</token>
<token t_id="33" sentence="0" number="32">argue</token>
<token t_id="34" sentence="0" number="33">that</token>
<token t_id="35" sentence="0" number="34">the</token>
<token t_id="36" sentence="0" number="35">legislation</token>
<token t_id="37" sentence="0" number="36">is</token>
<token t_id="38" sentence="0" number="37">unnecessary</token>
<token t_id="39" sentence="0" number="38">.</token>
<token t_id="40" sentence="1" number="0">The</token>
<token t_id="41" sentence="1" number="1">legislation</token>
<token t_id="42" sentence="1" number="2">and</token>
<token t_id="43" sentence="1" number="3">other</token>
<token t_id="44" sentence="1" number="4">issues</token>
<token t_id="45" sentence="1" number="5">related</token>
<token t_id="46" sentence="1" number="6">to</token>
<token t_id="47" sentence="1" number="7">the</token>
<token t_id="48" sentence="1" number="8">stock</token>
<token t_id="49" sentence="1" number="9">market</token>
<token t_id="50" sentence="1" number="10">will</token>
<token t_id="51" sentence="1" number="11">be</token>
<token t_id="52" sentence="1" number="12">the</token>
<token t_id="53" sentence="1" number="13">focus</token>
<token t_id="54" sentence="1" number="14">of</token>
<token t_id="55" sentence="1" number="15">hearings</token>
<token t_id="56" sentence="1" number="16">this</token>
<token t_id="57" sentence="1" number="17">week</token>
<token t_id="58" sentence="1" number="18">by</token>
<token t_id="59" sentence="1" number="19">the</token>
<token t_id="60" sentence="1" number="20">House</token>
<token t_id="61" sentence="1" number="21">Telecommunications</token>
<token t_id="62" sentence="1" number="22">and</token>
<token t_id="63" sentence="1" number="23">Finance</token>
<token t_id="64" sentence="1" number="24">Subcommittee</token>
<token t_id="65" sentence="1" number="25">and</token>
<token t_id="66" sentence="1" number="26">the</token>
<token t_id="67" sentence="1" number="27">Senate</token>
<token t_id="68" sentence="1" number="28">Securities</token>
<token t_id="69" sentence="1" number="29">Subcommittee</token>
<token t_id="70" sentence="1" number="30">.</token>
<token t_id="71" sentence="2" number="0">Richard</token>
<token t_id="72" sentence="2" number="1">Breeden</token>
<token t_id="73" sentence="2" number="2">,</token>
<token t_id="74" sentence="2" number="3">the</token>
<token t_id="75" sentence="2" number="4">new</token>
<token t_id="76" sentence="2" number="5">chairman</token>
<token t_id="77" sentence="2" number="6">of</token>
<token t_id="78" sentence="2" number="7">the</token>
<token t_id="79" sentence="2" number="8">SEC</token>
<token t_id="80" sentence="2" number="9">,</token>
<token t_id="81" sentence="2" number="10">has</token>
<token t_id="82" sentence="2" number="11">n't</token>
<token t_id="83" sentence="2" number="12">taken</token>
<token t_id="84" sentence="2" number="13">a</token>
<token t_id="85" sentence="2" number="14">formal</token>
<token t_id="86" sentence="2" number="15">position</token>
<token t_id="87" sentence="2" number="16">on</token>
<token t_id="88" sentence="2" number="17">the</token>
<token t_id="89" sentence="2" number="18">bill</token>
<token t_id="90" sentence="2" number="19">,</token>
<token t_id="91" sentence="2" number="20">which</token>
<token t_id="92" sentence="2" number="21">would</token>
<token t_id="93" sentence="2" number="22">also</token>
<token t_id="94" sentence="2" number="23">require</token>
<token t_id="95" sentence="2" number="24">investors</token>
<token t_id="96" sentence="2" number="25">to</token>
<token t_id="97" sentence="2" number="26">disclose</token>
<token t_id="98" sentence="2" number="27">large</token>
<token t_id="99" sentence="2" number="28">trades</token>
<token t_id="100" sentence="2" number="29">and</token>
<token t_id="101" sentence="2" number="30">give</token>
<token t_id="102" sentence="2" number="31">the</token>
<token t_id="103" sentence="2" number="32">SEC</token>
<token t_id="104" sentence="2" number="33">additional</token>
<token t_id="105" sentence="2" number="34">authority</token>
<token t_id="106" sentence="2" number="35">during</token>
<token t_id="107" sentence="2" number="36">market</token>
<token t_id="108" sentence="2" number="37">emergencies</token>
<token t_id="109" sentence="2" number="38">.</token>
<token t_id="110" sentence="3" number="0">However</token>
<token t_id="111" sentence="3" number="1">,</token>
<token t_id="112" sentence="3" number="2">he</token>
<token t_id="113" sentence="3" number="3">recently</token>
<token t_id="114" sentence="3" number="4">told</token>
<token t_id="115" sentence="3" number="5">the</token>
<token t_id="116" sentence="3" number="6">Senate</token>
<token t_id="117" sentence="3" number="7">Banking</token>
<token t_id="118" sentence="3" number="8">Committee</token>
<token t_id="119" sentence="3" number="9">that</token>
<token t_id="120" sentence="3" number="10">he</token>
<token t_id="121" sentence="3" number="11">believes</token>
<token t_id="122" sentence="3" number="12">the</token>
<token t_id="123" sentence="3" number="13">agency</token>
<token t_id="124" sentence="3" number="14">should</token>
<token t_id="125" sentence="3" number="15">have</token>
<token t_id="126" sentence="3" number="16">explicit</token>
<token t_id="127" sentence="3" number="17">authority</token>
<token t_id="128" sentence="3" number="18">to</token>
<token t_id="129" sentence="3" number="19">monitor</token>
<token t_id="130" sentence="3" number="20">debt</token>
<token t_id="131" sentence="3" number="21">levels</token>
<token t_id="132" sentence="3" number="22">at</token>
<token t_id="133" sentence="3" number="23">holding</token>
<token t_id="134" sentence="3" number="24">companies</token>
<token t_id="135" sentence="3" number="25">and</token>
<token t_id="136" sentence="3" number="26">affiliates</token>
<token t_id="137" sentence="3" number="27">of</token>
<token t_id="138" sentence="3" number="28">broker</token>
<token t_id="139" sentence="3" number="29">-</token>
<token t_id="140" sentence="3" number="30">dealers</token>
<token t_id="141" sentence="3" number="31">,</token>
<token t_id="142" sentence="3" number="32">which</token>
<token t_id="143" sentence="3" number="33">are</token>
<token t_id="144" sentence="3" number="34">frequently</token>
<token t_id="145" sentence="3" number="35">used</token>
<token t_id="146" sentence="3" number="36">to</token>
<token t_id="147" sentence="3" number="37">issue</token>
<token t_id="148" sentence="3" number="38">bridge</token>
<token t_id="149" sentence="3" number="39">loans</token>
<token t_id="150" sentence="3" number="40">.</token>
<token t_id="151" sentence="4" number="0">The</token>
<token t_id="152" sentence="4" number="1">bridge</token>
<token t_id="153" sentence="4" number="2">loans</token>
<token t_id="154" sentence="4" number="3">are</token>
<token t_id="155" sentence="4" number="4">intended</token>
<token t_id="156" sentence="4" number="5">to</token>
<token t_id="157" sentence="4" number="6">provide</token>
<token t_id="158" sentence="4" number="7">temporary</token>
<token t_id="159" sentence="4" number="8">financing</token>
<token t_id="160" sentence="4" number="9">for</token>
<token t_id="161" sentence="4" number="10">acquisitions</token>
<token t_id="162" sentence="4" number="11">.</token>
<token t_id="163" sentence="5" number="0">Since</token>
<token t_id="164" sentence="5" number="1">such</token>
<token t_id="165" sentence="5" number="2">loans</token>
<token t_id="166" sentence="5" number="3">are</token>
<token t_id="167" sentence="5" number="4">often</token>
<token t_id="168" sentence="5" number="5">refinanced</token>
<token t_id="169" sentence="5" number="6">through</token>
<token t_id="170" sentence="5" number="7">the</token>
<token t_id="171" sentence="5" number="8">sale</token>
<token t_id="172" sentence="5" number="9">of</token>
<token t_id="173" sentence="5" number="10">high</token>
<token t_id="174" sentence="5" number="11">-</token>
<token t_id="175" sentence="5" number="12">risk</token>
<token t_id="176" sentence="5" number="13">,</token>
<token t_id="177" sentence="5" number="14">high</token>
<token t_id="178" sentence="5" number="15">-</token>
<token t_id="179" sentence="5" number="16">yield</token>
<token t_id="180" sentence="5" number="17">junk</token>
<token t_id="181" sentence="5" number="18">bonds</token>
<token t_id="182" sentence="5" number="19">,</token>
<token t_id="183" sentence="5" number="20">the</token>
<token t_id="184" sentence="5" number="21">recent</token>
<token t_id="185" sentence="5" number="22">woes</token>
<token t_id="186" sentence="5" number="23">of</token>
<token t_id="187" sentence="5" number="24">the</token>
<token t_id="188" sentence="5" number="25">junk</token>
<token t_id="189" sentence="5" number="26">-</token>
<token t_id="190" sentence="5" number="27">bond</token>
<token t_id="191" sentence="5" number="28">market</token>
<token t_id="192" sentence="5" number="29">have</token>
<token t_id="193" sentence="5" number="30">renewed</token>
<token t_id="194" sentence="5" number="31">concerns</token>
<token t_id="195" sentence="5" number="32">among</token>
<token t_id="196" sentence="5" number="33">regulators</token>
<token t_id="197" sentence="5" number="34">about</token>
<token t_id="198" sentence="5" number="35">the</token>
<token t_id="199" sentence="5" number="36">risks</token>
<token t_id="200" sentence="5" number="37">associated</token>
<token t_id="201" sentence="5" number="38">with</token>
<token t_id="202" sentence="5" number="39">Wall</token>
<token t_id="203" sentence="5" number="40">Street</token>
<token t_id="204" sentence="5" number="41">firms</token>
<token t_id="205" sentence="5" number="42">issuing</token>
<token t_id="206" sentence="5" number="43">bridge</token>
<token t_id="207" sentence="5" number="44">loans</token>
<token t_id="208" sentence="5" number="45">.</token>
<token t_id="209" sentence="6" number="0">But</token>
<token t_id="210" sentence="6" number="1">some</token>
<token t_id="211" sentence="6" number="2">Wall</token>
<token t_id="212" sentence="6" number="3">Street</token>
<token t_id="213" sentence="6" number="4">executives</token>
<token t_id="214" sentence="6" number="5">argue</token>
<token t_id="215" sentence="6" number="6">that</token>
<token t_id="216" sentence="6" number="7">such</token>
<token t_id="217" sentence="6" number="8">fears</token>
<token t_id="218" sentence="6" number="9">are</token>
<token t_id="219" sentence="6" number="10">unwarranted</token>
<token t_id="220" sentence="6" number="11">.</token>
<token t_id="221" sentence="7" number="0">In</token>
<token t_id="222" sentence="7" number="1">a</token>
<token t_id="223" sentence="7" number="2">July</token>
<token t_id="224" sentence="7" number="3">6</token>
<token t_id="225" sentence="7" number="4">letter</token>
<token t_id="226" sentence="7" number="5">to</token>
<token t_id="227" sentence="7" number="6">the</token>
<token t_id="228" sentence="7" number="7">Senate</token>
<token t_id="229" sentence="7" number="8">Securities</token>
<token t_id="230" sentence="7" number="9">Subcommittee</token>
<token t_id="231" sentence="7" number="10">,</token>
<token t_id="232" sentence="7" number="11">First</token>
<token t_id="233" sentence="7" number="12">Boston</token>
<token t_id="234" sentence="7" number="13">Corp</token>
<token t_id="235" sentence="7" number="14">.</token>
<token t_id="236" sentence="7" number="15">argued</token>
<token t_id="237" sentence="7" number="16">that</token>
<token t_id="238" sentence="7" number="17">the</token>
<token t_id="239" sentence="7" number="18">fact</token>
<token t_id="240" sentence="7" number="19">that</token>
<token t_id="241" sentence="7" number="20">no</token>
<token t_id="242" sentence="7" number="21">retail</token>
<token t_id="243" sentence="7" number="22">brokerage</token>
<token t_id="244" sentence="7" number="23">firm</token>
<token t_id="245" sentence="7" number="24">failed</token>
<token t_id="246" sentence="7" number="25">during</token>
<token t_id="247" sentence="7" number="26">the</token>
<token t_id="248" sentence="7" number="27">1987</token>
<token t_id="249" sentence="7" number="28">market</token>
<token t_id="250" sentence="7" number="29">crash</token>
<token t_id="251" sentence="7" number="30">demonstrates</token>
<token t_id="252" sentence="7" number="31">that</token>
<token t_id="253" sentence="7" number="32">current</token>
<token t_id="254" sentence="7" number="33">rules</token>
<token t_id="255" sentence="7" number="34">are</token>
<token t_id="256" sentence="7" number="35">adequate</token>
<token t_id="257" sentence="7" number="36">.</token>
<token t_id="258" sentence="8" number="0">First</token>
<token t_id="259" sentence="8" number="1">Boston</token>
<token t_id="260" sentence="8" number="2">,</token>
<token t_id="261" sentence="8" number="3">whose</token>
<token t_id="262" sentence="8" number="4">holding</token>
<token t_id="263" sentence="8" number="5">company</token>
<token t_id="264" sentence="8" number="6">,</token>
<token t_id="265" sentence="8" number="7">CS</token>
<token t_id="266" sentence="8" number="8">First</token>
<token t_id="267" sentence="8" number="9">Boston</token>
<token t_id="268" sentence="8" number="10">Group</token>
<token t_id="269" sentence="8" number="11">,</token>
<token t_id="270" sentence="8" number="12">is</token>
<token t_id="271" sentence="8" number="13">one</token>
<token t_id="272" sentence="8" number="14">of</token>
<token t_id="273" sentence="8" number="15">the</token>
<token t_id="274" sentence="8" number="16">larger</token>
<token t_id="275" sentence="8" number="17">issuers</token>
<token t_id="276" sentence="8" number="18">of</token>
<token t_id="277" sentence="8" number="19">bridge</token>
<token t_id="278" sentence="8" number="20">loans</token>
<token t_id="279" sentence="8" number="21">on</token>
<token t_id="280" sentence="8" number="22">Wall</token>
<token t_id="281" sentence="8" number="23">Street</token>
<token t_id="282" sentence="8" number="24">,</token>
<token t_id="283" sentence="8" number="25">said</token>
<token t_id="284" sentence="8" number="26">it</token>
<token t_id="285" sentence="8" number="27">is</token>
<token t_id="286" sentence="8" number="28">also</token>
<token t_id="287" sentence="8" number="29">concerned</token>
<token t_id="288" sentence="8" number="30">that</token>
<token t_id="289" sentence="8" number="31">once</token>
<token t_id="290" sentence="8" number="32">the</token>
<token t_id="291" sentence="8" number="33">SEC</token>
<token t_id="292" sentence="8" number="34">has</token>
<token t_id="293" sentence="8" number="35">the</token>
<token t_id="294" sentence="8" number="36">power</token>
<token t_id="295" sentence="8" number="37">to</token>
<token t_id="296" sentence="8" number="38">monitor</token>
<token t_id="297" sentence="8" number="39">holding</token>
<token t_id="298" sentence="8" number="40">companies</token>
<token t_id="299" sentence="8" number="41">,</token>
<token t_id="300" sentence="8" number="42">it</token>
<token t_id="301" sentence="8" number="43">will</token>
<token t_id="302" sentence="8" number="44">try</token>
<token t_id="303" sentence="8" number="45">to</token>
<token t_id="304" sentence="8" number="46">regulate</token>
<token t_id="305" sentence="8" number="47">their</token>
<token t_id="306" sentence="8" number="48">activities</token>
<token t_id="307" sentence="8" number="49">.</token>
<token t_id="308" sentence="9" number="0">``</token>
<token t_id="309" sentence="9" number="1">The</token>
<token t_id="310" sentence="9" number="2">proposal</token>
<token t_id="311" sentence="9" number="3">,</token>
<token t_id="312" sentence="9" number="4">while</token>
<token t_id="313" sentence="9" number="5">well</token>
<token t_id="314" sentence="9" number="6">-</token>
<token t_id="315" sentence="9" number="7">intended</token>
<token t_id="316" sentence="9" number="8">,</token>
<token t_id="317" sentence="9" number="9">I</token>
<token t_id="318" sentence="9" number="10">think</token>
<token t_id="319" sentence="9" number="11">can</token>
<token t_id="320" sentence="9" number="12">be</token>
<token t_id="321" sentence="9" number="13">dangerously</token>
<token t_id="322" sentence="9" number="14">misleading</token>
<token t_id="323" sentence="9" number="15">because</token>
<token t_id="324" sentence="9" number="16">the</token>
<token t_id="325" sentence="9" number="17">likely</token>
<token t_id="326" sentence="9" number="18">consequence</token>
<token t_id="327" sentence="9" number="19">would</token>
<token t_id="328" sentence="9" number="20">be</token>
<token t_id="329" sentence="9" number="21">to</token>
<token t_id="330" sentence="9" number="22">weaken</token>
<token t_id="331" sentence="9" number="23">,</token>
<token t_id="332" sentence="9" number="24">rather</token>
<token t_id="333" sentence="9" number="25">than</token>
<token t_id="334" sentence="9" number="26">strengthen</token>
<token t_id="335" sentence="9" number="27">the</token>
<token t_id="336" sentence="9" number="28">control</token>
<token t_id="337" sentence="9" number="29">the</token>
<token t_id="338" sentence="9" number="30">SEC</token>
<token t_id="339" sentence="9" number="31">has</token>
<token t_id="340" sentence="9" number="32">exercised</token>
<token t_id="341" sentence="9" number="33">for</token>
<token t_id="342" sentence="9" number="34">50</token>
<token t_id="343" sentence="9" number="35">years</token>
<token t_id="344" sentence="9" number="36">over</token>
<token t_id="345" sentence="9" number="37">the</token>
<token t_id="346" sentence="9" number="38">financial</token>
<token t_id="347" sentence="9" number="39">adequacy</token>
<token t_id="348" sentence="9" number="40">and</token>
<token t_id="349" sentence="9" number="41">viability</token>
<token t_id="350" sentence="9" number="42">of</token>
<token t_id="351" sentence="9" number="43">broker</token>
<token t_id="352" sentence="9" number="44">-</token>
<token t_id="353" sentence="9" number="45">dealers</token>
<token t_id="354" sentence="9" number="46">,</token>
<token t_id="355" sentence="9" number="47">''</token>
<token t_id="356" sentence="9" number="48">Michael</token>
<token t_id="357" sentence="9" number="49">Raoul</token>
<token t_id="358" sentence="9" number="50">-</token>
<token t_id="359" sentence="9" number="51">Duval</token>
<token t_id="360" sentence="9" number="52">,</token>
<token t_id="361" sentence="9" number="53">managing</token>
<token t_id="362" sentence="9" number="54">director</token>
<token t_id="363" sentence="9" number="55">of</token>
<token t_id="364" sentence="9" number="56">First</token>
<token t_id="365" sentence="9" number="57">Boston</token>
<token t_id="366" sentence="9" number="58">,</token>
<token t_id="367" sentence="9" number="59">said</token>
<token t_id="368" sentence="9" number="60">in</token>
<token t_id="369" sentence="9" number="61">an</token>
<token t_id="370" sentence="9" number="62">interview</token>
<token t_id="371" sentence="9" number="63">.</token>
<token t_id="372" sentence="10" number="0">The</token>
<token t_id="373" sentence="10" number="1">bill</token>
<token t_id="374" sentence="10" number="2">would</token>
<token t_id="375" sentence="10" number="3">``</token>
<token t_id="376" sentence="10" number="4">divert</token>
<token t_id="377" sentence="10" number="5">scarce</token>
<token t_id="378" sentence="10" number="6">resources</token>
<token t_id="379" sentence="10" number="7">of</token>
<token t_id="380" sentence="10" number="8">the</token>
<token t_id="381" sentence="10" number="9">commission</token>
<token t_id="382" sentence="10" number="10">away</token>
<token t_id="383" sentence="10" number="11">from</token>
<token t_id="384" sentence="10" number="12">broker</token>
<token t_id="385" sentence="10" number="13">-</token>
<token t_id="386" sentence="10" number="14">dealers</token>
<token t_id="387" sentence="10" number="15">into</token>
<token t_id="388" sentence="10" number="16">areas</token>
<token t_id="389" sentence="10" number="17">which</token>
<token t_id="390" sentence="10" number="18">simply</token>
<token t_id="391" sentence="10" number="19">have</token>
<token t_id="392" sentence="10" number="20">no</token>
<token t_id="393" sentence="10" number="21">way</token>
<token t_id="394" sentence="10" number="22">of</token>
<token t_id="395" sentence="10" number="23">affecting</token>
<token t_id="396" sentence="10" number="24">broker</token>
<token t_id="397" sentence="10" number="25">-</token>
<token t_id="398" sentence="10" number="26">dealers</token>
<token t_id="399" sentence="10" number="27">,</token>
<token t_id="400" sentence="10" number="28">''</token>
<token t_id="401" sentence="10" number="29">Mr</token>
<token t_id="402" sentence="10" number="30">.</token>
<token t_id="403" sentence="10" number="31">Raoul</token>
<token t_id="404" sentence="10" number="32">-</token>
<token t_id="405" sentence="10" number="33">Duval</token>
<token t_id="406" sentence="10" number="34">said</token>
<token t_id="407" sentence="10" number="35">.</token>
<token t_id="408" sentence="11" number="0">Sources</token>
<token t_id="409" sentence="11" number="1">in</token>
<token t_id="410" sentence="11" number="2">the</token>
<token t_id="411" sentence="11" number="3">industry</token>
<token t_id="412" sentence="11" number="4">and</token>
<token t_id="413" sentence="11" number="5">on</token>
<token t_id="414" sentence="11" number="6">Capitol</token>
<token t_id="415" sentence="11" number="7">Hill</token>
<token t_id="416" sentence="11" number="8">say</token>
<token t_id="417" sentence="11" number="9">a</token>
<token t_id="418" sentence="11" number="10">compromise</token>
<token t_id="419" sentence="11" number="11">that</token>
<token t_id="420" sentence="11" number="12">would</token>
<token t_id="421" sentence="11" number="13">placate</token>
<token t_id="422" sentence="11" number="14">the</token>
<token t_id="423" sentence="11" number="15">industry</token>
<token t_id="424" sentence="11" number="16">while</token>
<token t_id="425" sentence="11" number="17">addressing</token>
<token t_id="426" sentence="11" number="18">the</token>
<token t_id="427" sentence="11" number="19">SEC</token>
<token t_id="428" sentence="11" number="20">'s</token>
<token t_id="429" sentence="11" number="21">concerns</token>
<token t_id="430" sentence="11" number="22">may</token>
<token t_id="431" sentence="11" number="23">be</token>
<token t_id="432" sentence="11" number="24">possible</token>
<token t_id="433" sentence="11" number="25">.</token>
<token t_id="434" sentence="12" number="0">An</token>
<token t_id="435" sentence="12" number="1">aide</token>
<token t_id="436" sentence="12" number="2">to</token>
<token t_id="437" sentence="12" number="3">the</token>
<token t_id="438" sentence="12" number="4">Senate</token>
<token t_id="439" sentence="12" number="5">Securities</token>
<token t_id="440" sentence="12" number="6">Subcommittee</token>
<token t_id="441" sentence="12" number="7">says</token>
<token t_id="442" sentence="12" number="8">some</token>
<token t_id="443" sentence="12" number="9">legislators</token>
<token t_id="444" sentence="12" number="10">support</token>
<token t_id="445" sentence="12" number="11">the</token>
<token t_id="446" sentence="12" number="12">concept</token>
<token t_id="447" sentence="12" number="13">of</token>
<token t_id="448" sentence="12" number="14">risk</token>
<token t_id="449" sentence="12" number="15">disclosure</token>
<token t_id="450" sentence="12" number="16">,</token>
<token t_id="451" sentence="12" number="17">but</token>
<token t_id="452" sentence="12" number="18">adds</token>
<token t_id="453" sentence="12" number="19">:</token>
<token t_id="454" sentence="12" number="20">``</token>
<token t_id="455" sentence="12" number="21">nobody</token>
<token t_id="456" sentence="12" number="22">is</token>
<token t_id="457" sentence="12" number="23">wedded</token>
<token t_id="458" sentence="12" number="24">to</token>
<token t_id="459" sentence="12" number="25">the</token>
<token t_id="460" sentence="12" number="26">language</token>
<token t_id="461" sentence="12" number="27">in</token>
<token t_id="462" sentence="12" number="28">the</token>
<token t_id="463" sentence="12" number="29">bill</token>
<token t_id="464" sentence="12" number="30">.</token>
<token t_id="465" sentence="12" number="31">''</token>
<token t_id="466" sentence="13" number="0">Edward</token>
<token t_id="467" sentence="13" number="1">O'Brien</token>
<token t_id="468" sentence="13" number="2">,</token>
<token t_id="469" sentence="13" number="3">president</token>
<token t_id="470" sentence="13" number="4">of</token>
<token t_id="471" sentence="13" number="5">the</token>
<token t_id="472" sentence="13" number="6">Securities</token>
<token t_id="473" sentence="13" number="7">Industry</token>
<token t_id="474" sentence="13" number="8">Association</token>
<token t_id="475" sentence="13" number="9">,</token>
<token t_id="476" sentence="13" number="10">said</token>
<token t_id="477" sentence="13" number="11">that</token>
<token t_id="478" sentence="13" number="12">the</token>
<token t_id="479" sentence="13" number="13">securities</token>
<token t_id="480" sentence="13" number="14">-</token>
<token t_id="481" sentence="13" number="15">industry</token>
<token t_id="482" sentence="13" number="16">trade</token>
<token t_id="483" sentence="13" number="17">group</token>
<token t_id="484" sentence="13" number="18">opposes</token>
<token t_id="485" sentence="13" number="19">the</token>
<token t_id="486" sentence="13" number="20">bill</token>
<token t_id="487" sentence="13" number="21">as</token>
<token t_id="488" sentence="13" number="22">it</token>
<token t_id="489" sentence="13" number="23">is</token>
<token t_id="490" sentence="13" number="24">written</token>
<token t_id="491" sentence="13" number="25">but</token>
<token t_id="492" sentence="13" number="26">that</token>
<token t_id="493" sentence="13" number="27">it</token>
<token t_id="494" sentence="13" number="28">is</token>
<token t_id="495" sentence="13" number="29">``</token>
<token t_id="496" sentence="13" number="30">hopeful</token>
<token t_id="497" sentence="13" number="31">a</token>
<token t_id="498" sentence="13" number="32">compromise</token>
<token t_id="499" sentence="13" number="33">can</token>
<token t_id="500" sentence="13" number="34">be</token>
<token t_id="501" sentence="13" number="35">reached</token>
<token t_id="502" sentence="13" number="36">to</token>
<token t_id="503" sentence="13" number="37">achieve</token>
<token t_id="504" sentence="13" number="38">the</token>
<token t_id="505" sentence="13" number="39">SEC</token>
<token t_id="506" sentence="13" number="40">'s</token>
<token t_id="507" sentence="13" number="41">goals</token>
<token t_id="508" sentence="13" number="42">.</token>
<token t_id="509" sentence="13" number="43">''</token>
<token t_id="510" sentence="14" number="0">Mr</token>
<token t_id="511" sentence="14" number="1">.</token>
<token t_id="512" sentence="14" number="2">O'Brien</token>
<token t_id="513" sentence="14" number="3">will</token>
<token t_id="514" sentence="14" number="4">elaborate</token>
<token t_id="515" sentence="14" number="5">on</token>
<token t_id="516" sentence="14" number="6">the</token>
<token t_id="517" sentence="14" number="7">SIA</token>
<token t_id="518" sentence="14" number="8">'s</token>
<token t_id="519" sentence="14" number="9">position</token>
<token t_id="520" sentence="14" number="10">in</token>
<token t_id="521" sentence="14" number="11">testimony</token>
<token t_id="522" sentence="14" number="12">before</token>
<token t_id="523" sentence="14" number="13">the</token>
<token t_id="524" sentence="14" number="14">House</token>
<token t_id="525" sentence="14" number="15">Telecommunications</token>
<token t_id="526" sentence="14" number="16">and</token>
<token t_id="527" sentence="14" number="17">Finance</token>
<token t_id="528" sentence="14" number="18">Subcommittee</token>
<token t_id="529" sentence="14" number="19">this</token>
<token t_id="530" sentence="14" number="20">week</token>
<token t_id="531" sentence="14" number="21">,</token>
<token t_id="532" sentence="14" number="22">a</token>
<token t_id="533" sentence="14" number="23">spokesman</token>
<token t_id="534" sentence="14" number="24">said</token>
<token t_id="535" sentence="14" number="25">.</token>


<Markables>
<ARGUMENTATIVE m_id="41" comment="" conversational-direct="FALSE" conversational-reported="FALSE"  >
<token_anchor t_id="491"/>
<token_anchor t_id="492"/>
<token_anchor t_id="493"/>
<token_anchor t_id="494"/>
<token_anchor t_id="495"/>
<token_anchor t_id="496"/>
<token_anchor t_id="497"/>
<token_anchor t_id="498"/>
<token_anchor t_id="499"/>
<token_anchor t_id="500"/>
<token_anchor t_id="501"/>
</ARGUMENTATIVE>
<ARGUMENTATIVE m_id="17" comment="" conversational-direct="FALSE" conversational-reported="TRUE"  >
<token_anchor t_id="215"/>
<token_anchor t_id="216"/>
<token_anchor t_id="217"/>
<token_anchor t_id="218"/>
<token_anchor t_id="219"/>
<token_anchor t_id="220"/>
</ARGUMENTATIVE>
<ARGUMENTATIVE m_id="19" comment="" conversational-direct="FALSE" conversational-reported="FALSE"  >
<token_anchor t_id="252"/>
<token_anchor t_id="253"/>
<token_anchor t_id="254"/>
<token_anchor t_id="255"/>
<token_anchor t_id="256"/>
<token_anchor t_id="257"/>
</ARGUMENTATIVE>
<ARGUMENTATIVE m_id="23" comment="" conversational-direct="FALSE" conversational-reported="TRUE"  >
<token_anchor t_id="284"/>
<token_anchor t_id="285"/>
<token_anchor t_id="286"/>
<token_anchor t_id="287"/>
</ARGUMENTATIVE>
<ARGUMENTATIVE m_id="29" comment="" conversational-direct="TRUE" conversational-reported="FALSE"  >
<token_anchor t_id="319"/>
<token_anchor t_id="320"/>
<token_anchor t_id="321"/>
<token_anchor t_id="322"/>
</ARGUMENTATIVE>
<ARGUMENTATIVE m_id="30" comment="" conversational-direct="TRUE" conversational-reported="FALSE"  >
<token_anchor t_id="323"/>
<token_anchor t_id="324"/>
<token_anchor t_id="325"/>
<token_anchor t_id="326"/>
<token_anchor t_id="327"/>
<token_anchor t_id="328"/>
<token_anchor t_id="329"/>
<token_anchor t_id="330"/>
<token_anchor t_id="331"/>
<token_anchor t_id="332"/>
<token_anchor t_id="333"/>
<token_anchor t_id="334"/>
<token_anchor t_id="335"/>
<token_anchor t_id="336"/>
</ARGUMENTATIVE>
<ARGUMENTATIVE m_id="32" comment="" conversational-direct="TRUE" conversational-reported="FALSE"  >
<token_anchor t_id="312"/>
<token_anchor t_id="313"/>
<token_anchor t_id="314"/>
<token_anchor t_id="315"/>
<token_anchor t_id="316"/>
</ARGUMENTATIVE>
<ARGUMENTATIVE m_id="3" comment="" conversational-direct="FALSE" conversational-reported="TRUE"  >
<token_anchor t_id="34"/>
<token_anchor t_id="35"/>
<token_anchor t_id="36"/>
<token_anchor t_id="37"/>
<token_anchor t_id="38"/>
<token_anchor t_id="39"/>
</ARGUMENTATIVE>
<ARGUMENTATIVE m_id="35" comment="" conversational-direct="FALSE" conversational-reported="TRUE"  >
<token_anchor t_id="417"/>
<token_anchor t_id="418"/>
<token_anchor t_id="419"/>
<token_anchor t_id="420"/>
<token_anchor t_id="421"/>
<token_anchor t_id="422"/>
<token_anchor t_id="423"/>
<token_anchor t_id="424"/>
<token_anchor t_id="425"/>
<token_anchor t_id="426"/>
<token_anchor t_id="427"/>
<token_anchor t_id="428"/>
<token_anchor t_id="429"/>
<token_anchor t_id="430"/>
<token_anchor t_id="431"/>
<token_anchor t_id="432"/>
<token_anchor t_id="433"/>
</ARGUMENTATIVE>
<DESCRIPTIVE m_id="22" Type="Other" comment="" conversational-direct="FALSE" conversational-reported="FALSE"  >
<token_anchor t_id="261"/>
<token_anchor t_id="262"/>
<token_anchor t_id="263"/>
<token_anchor t_id="264"/>
<token_anchor t_id="265"/>
<token_anchor t_id="266"/>
<token_anchor t_id="267"/>
<token_anchor t_id="268"/>
<token_anchor t_id="269"/>
<token_anchor t_id="270"/>
<token_anchor t_id="271"/>
<token_anchor t_id="272"/>
<token_anchor t_id="273"/>
<token_anchor t_id="274"/>
<token_anchor t_id="275"/>
<token_anchor t_id="276"/>
<token_anchor t_id="277"/>
<token_anchor t_id="278"/>
<token_anchor t_id="279"/>
<token_anchor t_id="280"/>
<token_anchor t_id="281"/>
<token_anchor t_id="282"/>
</DESCRIPTIVE>
<EXPOSITORY m_id="13" comment="" conversational-direct="FALSE" conversational-reported="FALSE"  >
<token_anchor t_id="151"/>
<token_anchor t_id="152"/>
<token_anchor t_id="153"/>
<token_anchor t_id="154"/>
<token_anchor t_id="155"/>
</EXPOSITORY>
<EXPOSITORY m_id="14" comment="" conversational-direct="FALSE" conversational-reported="FALSE"  >
<token_anchor t_id="156"/>
<token_anchor t_id="157"/>
<token_anchor t_id="158"/>
<token_anchor t_id="159"/>
<token_anchor t_id="160"/>
<token_anchor t_id="161"/>
<token_anchor t_id="162"/>
</EXPOSITORY>
<EXPOSITORY m_id="47" comment="" conversational-direct="FALSE" conversational-reported="FALSE"  >
<token_anchor t_id="163"/>
<token_anchor t_id="164"/>
<token_anchor t_id="165"/>
<token_anchor t_id="166"/>
<token_anchor t_id="167"/>
<token_anchor t_id="168"/>
<token_anchor t_id="169"/>
<token_anchor t_id="170"/>
<token_anchor t_id="171"/>
<token_anchor t_id="172"/>
<token_anchor t_id="173"/>
<token_anchor t_id="174"/>
<token_anchor t_id="175"/>
<token_anchor t_id="176"/>
<token_anchor t_id="177"/>
<token_anchor t_id="178"/>
<token_anchor t_id="179"/>
<token_anchor t_id="180"/>
<token_anchor t_id="181"/>
<token_anchor t_id="182"/>
</EXPOSITORY>
<NARRATIVE m_id="9" Level="" comment="" conversational-direct="FALSE" conversational-reported="FALSE"  >
<token_anchor t_id="110"/>
<token_anchor t_id="111"/>
<token_anchor t_id="112"/>
<token_anchor t_id="113"/>
<token_anchor t_id="114"/>
<token_anchor t_id="115"/>
<token_anchor t_id="116"/>
<token_anchor t_id="117"/>
<token_anchor t_id="118"/>
</NARRATIVE>
<NARRATIVE m_id="42" Level="" comment="" conversational-direct="FALSE" conversational-reported="FALSE"  >
<token_anchor t_id="502"/>
<token_anchor t_id="503"/>
<token_anchor t_id="504"/>
<token_anchor t_id="505"/>
<token_anchor t_id="506"/>
<token_anchor t_id="507"/>
<token_anchor t_id="508"/>
<token_anchor t_id="509"/>
</NARRATIVE>
<NARRATIVE m_id="10" Level="Primary" comment="" conversational-direct="FALSE" conversational-reported="TRUE"  >
<token_anchor t_id="119"/>
<token_anchor t_id="120"/>
<token_anchor t_id="121"/>
</NARRATIVE>
<NARRATIVE m_id="43" Level="Primary" comment="" conversational-direct="FALSE" conversational-reported="TRUE"  >
<token_anchor t_id="510"/>
<token_anchor t_id="511"/>
<token_anchor t_id="512"/>
<token_anchor t_id="513"/>
<token_anchor t_id="514"/>
<token_anchor t_id="515"/>
<token_anchor t_id="516"/>
<token_anchor t_id="517"/>
<token_anchor t_id="518"/>
<token_anchor t_id="519"/>
<token_anchor t_id="520"/>
<token_anchor t_id="521"/>
<token_anchor t_id="522"/>
<token_anchor t_id="523"/>
<token_anchor t_id="524"/>
<token_anchor t_id="525"/>
<token_anchor t_id="526"/>
<token_anchor t_id="527"/>
<token_anchor t_id="528"/>
<token_anchor t_id="529"/>
<token_anchor t_id="530"/>
<token_anchor t_id="531"/>
</NARRATIVE>
<NARRATIVE m_id="11" Level="Primary" comment="" conversational-direct="FALSE" conversational-reported="TRUE"  >
<token_anchor t_id="122"/>
<token_anchor t_id="123"/>
<token_anchor t_id="124"/>
<token_anchor t_id="125"/>
<token_anchor t_id="126"/>
<token_anchor t_id="127"/>
</NARRATIVE>
<NARRATIVE m_id="44" Level="Primary" comment="" conversational-direct="FALSE" conversational-reported="FALSE"  >
<token_anchor t_id="532"/>
<token_anchor t_id="533"/>
<token_anchor t_id="534"/>
<token_anchor t_id="535"/>
</NARRATIVE>
<NARRATIVE m_id="12" Level="Primary" comment="" conversational-direct="FALSE" conversational-reported="TRUE"  >
<token_anchor t_id="128"/>
<token_anchor t_id="129"/>
<token_anchor t_id="130"/>
<token_anchor t_id="131"/>
<token_anchor t_id="132"/>
<token_anchor t_id="133"/>
<token_anchor t_id="134"/>
<token_anchor t_id="135"/>
<token_anchor t_id="136"/>
<token_anchor t_id="137"/>
<token_anchor t_id="138"/>
<token_anchor t_id="139"/>
<token_anchor t_id="140"/>
<token_anchor t_id="141"/>
</NARRATIVE>
<NARRATIVE m_id="45" Level="Primary" comment="" conversational-direct="FALSE" conversational-reported="FALSE"  >
<token_anchor t_id="183"/>
<token_anchor t_id="184"/>
<token_anchor t_id="185"/>
<token_anchor t_id="186"/>
<token_anchor t_id="187"/>
<token_anchor t_id="188"/>
<token_anchor t_id="189"/>
<token_anchor t_id="190"/>
<token_anchor t_id="191"/>
<token_anchor t_id="192"/>
<token_anchor t_id="193"/>
<token_anchor t_id="194"/>
<token_anchor t_id="195"/>
<token_anchor t_id="196"/>
</NARRATIVE>
<NARRATIVE m_id="46" Level="Primary" comment="" conversational-direct="FALSE" conversational-reported="FALSE"  >
<token_anchor t_id="197"/>
<token_anchor t_id="198"/>
<token_anchor t_id="199"/>
<token_anchor t_id="200"/>
<token_anchor t_id="201"/>
<token_anchor t_id="202"/>
<token_anchor t_id="203"/>
<token_anchor t_id="204"/>
<token_anchor t_id="205"/>
<token_anchor t_id="206"/>
<token_anchor t_id="207"/>
<token_anchor t_id="208"/>
</NARRATIVE>
<NARRATIVE m_id="15" Level="Primary" comment="" conversational-direct="FALSE" conversational-reported="FALSE"  >
<token_anchor t_id="142"/>
<token_anchor t_id="143"/>
<token_anchor t_id="144"/>
<token_anchor t_id="145"/>
<token_anchor t_id="146"/>
<token_anchor t_id="147"/>
<token_anchor t_id="148"/>
<token_anchor t_id="149"/>
<token_anchor t_id="150"/>
</NARRATIVE>
<NARRATIVE m_id="48" Level="Primary" comment="" conversational-direct="TRUE" conversational-reported="FALSE"  >
<token_anchor t_id="372"/>
<token_anchor t_id="373"/>
<token_anchor t_id="374"/>
<token_anchor t_id="375"/>
<token_anchor t_id="376"/>
<token_anchor t_id="377"/>
<token_anchor t_id="378"/>
<token_anchor t_id="379"/>
<token_anchor t_id="380"/>
<token_anchor t_id="381"/>
<token_anchor t_id="382"/>
<token_anchor t_id="383"/>
<token_anchor t_id="384"/>
<token_anchor t_id="385"/>
<token_anchor t_id="386"/>
<token_anchor t_id="387"/>
<token_anchor t_id="388"/>
<token_anchor t_id="389"/>
<token_anchor t_id="390"/>
<token_anchor t_id="391"/>
<token_anchor t_id="392"/>
<token_anchor t_id="393"/>
<token_anchor t_id="394"/>
<token_anchor t_id="395"/>
<token_anchor t_id="396"/>
<token_anchor t_id="397"/>
<token_anchor t_id="398"/>
<token_anchor t_id="399"/>
<token_anchor t_id="400"/>
</NARRATIVE>
<NARRATIVE m_id="16" Level="Primary" comment="" conversational-direct="FALSE" conversational-reported="FALSE"  >
<token_anchor t_id="209"/>
<token_anchor t_id="210"/>
<token_anchor t_id="211"/>
<token_anchor t_id="212"/>
<token_anchor t_id="213"/>
<token_anchor t_id="214"/>
</NARRATIVE>
<NARRATIVE m_id="49" Level="Primary" comment="" conversational-direct="TRUE" conversational-reported="FALSE"  >
<token_anchor t_id="454"/>
<token_anchor t_id="455"/>
<token_anchor t_id="456"/>
<token_anchor t_id="457"/>
<token_anchor t_id="458"/>
<token_anchor t_id="459"/>
<token_anchor t_id="460"/>
<token_anchor t_id="461"/>
<token_anchor t_id="462"/>
<token_anchor t_id="463"/>
<token_anchor t_id="464"/>
<token_anchor t_id="465"/>
</NARRATIVE>
<NARRATIVE m_id="18" Level="" comment="" conversational-direct="FALSE" conversational-reported="FALSE"  >
<token_anchor t_id="221"/>
<token_anchor t_id="222"/>
<token_anchor t_id="223"/>
<token_anchor t_id="224"/>
<token_anchor t_id="225"/>
<token_anchor t_id="226"/>
<token_anchor t_id="227"/>
<token_anchor t_id="228"/>
<token_anchor t_id="229"/>
<token_anchor t_id="230"/>
<token_anchor t_id="231"/>
<token_anchor t_id="232"/>
<token_anchor t_id="233"/>
<token_anchor t_id="234"/>
<token_anchor t_id="235"/>
<token_anchor t_id="236"/>
</NARRATIVE>
<NARRATIVE m_id="20" Level="Primary" comment="" conversational-direct="FALSE" conversational-reported="TRUE"  >
<token_anchor t_id="237"/>
<token_anchor t_id="238"/>
<token_anchor t_id="239"/>
<token_anchor t_id="240"/>
<token_anchor t_id="241"/>
<token_anchor t_id="242"/>
<token_anchor t_id="243"/>
<token_anchor t_id="244"/>
<token_anchor t_id="245"/>
<token_anchor t_id="246"/>
<token_anchor t_id="247"/>
<token_anchor t_id="248"/>
<token_anchor t_id="249"/>
<token_anchor t_id="250"/>
<token_anchor t_id="251"/>
</NARRATIVE>
<NARRATIVE m_id="21" Level="Primary" comment="" conversational-direct="FALSE" conversational-reported="FALSE"  >
<token_anchor t_id="258"/>
<token_anchor t_id="259"/>
<token_anchor t_id="260"/>
<token_anchor t_id="283"/>
</NARRATIVE>
<NARRATIVE m_id="24" Level="Primary" comment="" conversational-direct="FALSE" conversational-reported="TRUE"  >
<token_anchor t_id="288"/>
<token_anchor t_id="289"/>
<token_anchor t_id="290"/>
<token_anchor t_id="291"/>
<token_anchor t_id="292"/>
<token_anchor t_id="293"/>
<token_anchor t_id="294"/>
<token_anchor t_id="295"/>
<token_anchor t_id="296"/>
<token_anchor t_id="297"/>
<token_anchor t_id="298"/>
<token_anchor t_id="299"/>
</NARRATIVE>
<NARRATIVE m_id="25" Level="Primary" comment="" conversational-direct="FALSE" conversational-reported="TRUE"  >
<token_anchor t_id="300"/>
<token_anchor t_id="301"/>
<token_anchor t_id="302"/>
</NARRATIVE>
<NARRATIVE m_id="26" Level="Primary" comment="" conversational-direct="FALSE" conversational-reported="TRUE"  >
<token_anchor t_id="303"/>
<token_anchor t_id="304"/>
<token_anchor t_id="305"/>
<token_anchor t_id="306"/>
<token_anchor t_id="307"/>
</NARRATIVE>
<NARRATIVE m_id="27" Level="Primary" comment="" conversational-direct="FALSE" conversational-reported="FALSE"  >
<token_anchor t_id="356"/>
<token_anchor t_id="357"/>
<token_anchor t_id="358"/>
<token_anchor t_id="359"/>
<token_anchor t_id="360"/>
<token_anchor t_id="361"/>
<token_anchor t_id="362"/>
<token_anchor t_id="363"/>
<token_anchor t_id="364"/>
<token_anchor t_id="365"/>
<token_anchor t_id="366"/>
<token_anchor t_id="367"/>
<token_anchor t_id="368"/>
<token_anchor t_id="369"/>
<token_anchor t_id="370"/>
<token_anchor t_id="371"/>
</NARRATIVE>
<NARRATIVE m_id="28" Level="Primary" comment="" conversational-direct="TRUE" conversational-reported="FALSE"  >
<token_anchor t_id="308"/>
<token_anchor t_id="309"/>
<token_anchor t_id="310"/>
<token_anchor t_id="311"/>
<token_anchor t_id="317"/>
<token_anchor t_id="318"/>
</NARRATIVE>
<NARRATIVE m_id="31" Level="Primary" comment="" conversational-direct="TRUE" conversational-reported="FALSE"  >
<token_anchor t_id="337"/>
<token_anchor t_id="338"/>
<token_anchor t_id="339"/>
<token_anchor t_id="340"/>
<token_anchor t_id="341"/>
<token_anchor t_id="342"/>
<token_anchor t_id="343"/>
<token_anchor t_id="344"/>
<token_anchor t_id="345"/>
<token_anchor t_id="346"/>
<token_anchor t_id="347"/>
<token_anchor t_id="348"/>
<token_anchor t_id="349"/>
<token_anchor t_id="350"/>
<token_anchor t_id="351"/>
<token_anchor t_id="352"/>
<token_anchor t_id="353"/>
<token_anchor t_id="354"/>
<token_anchor t_id="355"/>
</NARRATIVE>
<NARRATIVE m_id="1" Level="Primary" comment="" conversational-direct="FALSE" conversational-reported="FALSE"  >
<token_anchor t_id="1"/>
<token_anchor t_id="2"/>
<token_anchor t_id="3"/>
<token_anchor t_id="4"/>
<token_anchor t_id="5"/>
<token_anchor t_id="6"/>
<token_anchor t_id="7"/>
<token_anchor t_id="8"/>
<token_anchor t_id="9"/>
<token_anchor t_id="10"/>
<token_anchor t_id="11"/>
<token_anchor t_id="12"/>
<token_anchor t_id="13"/>
<token_anchor t_id="14"/>
<token_anchor t_id="15"/>
<token_anchor t_id="16"/>
<token_anchor t_id="17"/>
<token_anchor t_id="18"/>
<token_anchor t_id="19"/>
<token_anchor t_id="20"/>
<token_anchor t_id="21"/>
<token_anchor t_id="22"/>
<token_anchor t_id="23"/>
<token_anchor t_id="24"/>
<token_anchor t_id="25"/>
<token_anchor t_id="26"/>
<token_anchor t_id="27"/>
<token_anchor t_id="28"/>
<token_anchor t_id="29"/>
<token_anchor t_id="30"/>
<token_anchor t_id="31"/>
</NARRATIVE>
<NARRATIVE m_id="33" Level="Primary" comment="" conversational-direct="FALSE" conversational-reported="FALSE"  >
<token_anchor t_id="401"/>
<token_anchor t_id="402"/>
<token_anchor t_id="403"/>
<token_anchor t_id="404"/>
<token_anchor t_id="405"/>
<token_anchor t_id="406"/>
<token_anchor t_id="407"/>
</NARRATIVE>
<NARRATIVE m_id="2" Level="Primary" comment="" conversational-direct="FALSE" conversational-reported="TRUE"  >
<token_anchor t_id="32"/>
<token_anchor t_id="33"/>
</NARRATIVE>
<NARRATIVE m_id="34" Level="Primary" comment="" conversational-direct="FALSE" conversational-reported="FALSE"  >
<token_anchor t_id="408"/>
<token_anchor t_id="409"/>
<token_anchor t_id="410"/>
<token_anchor t_id="411"/>
<token_anchor t_id="412"/>
<token_anchor t_id="413"/>
<token_anchor t_id="414"/>
<token_anchor t_id="415"/>
<token_anchor t_id="416"/>
</NARRATIVE>
<NARRATIVE m_id="4" Level="Primary" comment="" conversational-direct="FALSE" conversational-reported="FALSE"  >
<token_anchor t_id="40"/>
<token_anchor t_id="41"/>
<token_anchor t_id="42"/>
<token_anchor t_id="43"/>
<token_anchor t_id="44"/>
<token_anchor t_id="45"/>
<token_anchor t_id="46"/>
<token_anchor t_id="47"/>
<token_anchor t_id="48"/>
<token_anchor t_id="49"/>
<token_anchor t_id="50"/>
<token_anchor t_id="51"/>
<token_anchor t_id="52"/>
<token_anchor t_id="53"/>
<token_anchor t_id="54"/>
<token_anchor t_id="55"/>
<token_anchor t_id="56"/>
<token_anchor t_id="57"/>
<token_anchor t_id="58"/>
<token_anchor t_id="59"/>
<token_anchor t_id="60"/>
<token_anchor t_id="61"/>
<token_anchor t_id="62"/>
<token_anchor t_id="63"/>
<token_anchor t_id="64"/>
<token_anchor t_id="65"/>
<token_anchor t_id="66"/>
<token_anchor t_id="67"/>
<token_anchor t_id="68"/>
<token_anchor t_id="69"/>
<token_anchor t_id="70"/>
</NARRATIVE>
<NARRATIVE m_id="36" Level="Primary" comment="" conversational-direct="FALSE" conversational-reported="FALSE"  >
<token_anchor t_id="434"/>
<token_anchor t_id="435"/>
<token_anchor t_id="436"/>
<token_anchor t_id="437"/>
<token_anchor t_id="438"/>
<token_anchor t_id="439"/>
<token_anchor t_id="440"/>
<token_anchor t_id="441"/>
</NARRATIVE>
<NARRATIVE m_id="5" Level="Primary" comment="" conversational-direct="FALSE" conversational-reported="FALSE"  >
<token_anchor t_id="71"/>
<token_anchor t_id="72"/>
<token_anchor t_id="73"/>
<token_anchor t_id="74"/>
<token_anchor t_id="75"/>
<token_anchor t_id="76"/>
<token_anchor t_id="77"/>
<token_anchor t_id="78"/>
<token_anchor t_id="79"/>
<token_anchor t_id="80"/>
<token_anchor t_id="81"/>
<token_anchor t_id="82"/>
<token_anchor t_id="83"/>
<token_anchor t_id="84"/>
<token_anchor t_id="85"/>
<token_anchor t_id="86"/>
<token_anchor t_id="87"/>
<token_anchor t_id="88"/>
<token_anchor t_id="89"/>
<token_anchor t_id="90"/>
</NARRATIVE>
<NARRATIVE m_id="37" Level="Primary" comment="" conversational-direct="FALSE" conversational-reported="TRUE"  >
<token_anchor t_id="442"/>
<token_anchor t_id="443"/>
<token_anchor t_id="444"/>
<token_anchor t_id="445"/>
<token_anchor t_id="446"/>
<token_anchor t_id="447"/>
<token_anchor t_id="448"/>
<token_anchor t_id="449"/>
<token_anchor t_id="450"/>
</NARRATIVE>
<NARRATIVE m_id="6" Level="Primary" comment="" conversational-direct="FALSE" conversational-reported="FALSE"  >
<token_anchor t_id="91"/>
<token_anchor t_id="92"/>
<token_anchor t_id="93"/>
<token_anchor t_id="94"/>
<token_anchor t_id="95"/>
</NARRATIVE>
<NARRATIVE m_id="38" Level="Primary" comment="" conversational-direct="FALSE" conversational-reported="FALSE"  >
<token_anchor t_id="451"/>
<token_anchor t_id="452"/>
<token_anchor t_id="453"/>
</NARRATIVE>
<NARRATIVE m_id="7" Level="Primary" comment="" conversational-direct="FALSE" conversational-reported="FALSE"  >
<token_anchor t_id="96"/>
<token_anchor t_id="97"/>
<token_anchor t_id="98"/>
<token_anchor t_id="99"/>
</NARRATIVE>
<NARRATIVE m_id="39" Level="" comment="" conversational-direct="FALSE" conversational-reported="FALSE"  >
<token_anchor t_id="466"/>
<token_anchor t_id="467"/>
<token_anchor t_id="468"/>
<token_anchor t_id="469"/>
<token_anchor t_id="470"/>
<token_anchor t_id="471"/>
<token_anchor t_id="472"/>
<token_anchor t_id="473"/>
<token_anchor t_id="474"/>
<token_anchor t_id="475"/>
<token_anchor t_id="476"/>
</NARRATIVE>
<NARRATIVE m_id="40" Level="" comment="" conversational-direct="FALSE" conversational-reported="FALSE"  >
<token_anchor t_id="477"/>
<token_anchor t_id="478"/>
<token_anchor t_id="479"/>
<token_anchor t_id="480"/>
<token_anchor t_id="481"/>
<token_anchor t_id="482"/>
<token_anchor t_id="483"/>
<token_anchor t_id="484"/>
<token_anchor t_id="485"/>
<token_anchor t_id="486"/>
<token_anchor t_id="487"/>
<token_anchor t_id="488"/>
<token_anchor t_id="489"/>
<token_anchor t_id="490"/>
</NARRATIVE>
<NARRATIVE m_id="8" Level="Primary" comment="" conversational-direct="FALSE" conversational-reported="FALSE"  >
<token_anchor t_id="100"/>
<token_anchor t_id="101"/>
<token_anchor t_id="102"/>
<token_anchor t_id="103"/>
<token_anchor t_id="104"/>
<token_anchor t_id="105"/>
<token_anchor t_id="106"/>
<token_anchor t_id="107"/>
<token_anchor t_id="108"/>
<token_anchor t_id="109"/>
</NARRATIVE>


</Markables>

<Relations>
</Relations>
</Document>
