<Document doc_name="wsj_0504.xml.conll.txt">
<token t_id="1" sentence="0" number="0">Georgia</token>
<token t_id="2" sentence="0" number="1">-</token>
<token t_id="3" sentence="0" number="2">Pacific</token>
<token t_id="4" sentence="0" number="3">Corp</token>
<token t_id="5" sentence="0" number="4">.</token>
<token t_id="6" sentence="0" number="5">offered</token>
<token t_id="7" sentence="0" number="6">to</token>
<token t_id="8" sentence="0" number="7">acquire</token>
<token t_id="9" sentence="0" number="8">Great</token>
<token t_id="10" sentence="0" number="9">Northern</token>
<token t_id="11" sentence="0" number="10">Nekoosa</token>
<token t_id="12" sentence="0" number="11">Corp</token>
<token t_id="13" sentence="0" number="12">.</token>
<token t_id="14" sentence="0" number="13">for</token>
<token t_id="15" sentence="0" number="14">$</token>
<token t_id="16" sentence="0" number="15">58</token>
<token t_id="17" sentence="0" number="16">a</token>
<token t_id="18" sentence="0" number="17">share</token>
<token t_id="19" sentence="0" number="18">,</token>
<token t_id="20" sentence="0" number="19">or</token>
<token t_id="21" sentence="0" number="20">about</token>
<token t_id="22" sentence="0" number="21">$</token>
<token t_id="23" sentence="0" number="22">3</token>
<token t_id="24" sentence="0" number="23">.</token>
<token t_id="25" sentence="0" number="24">18</token>
<token t_id="26" sentence="0" number="25">billion</token>
<token t_id="27" sentence="0" number="26">.</token>
<token t_id="28" sentence="1" number="0">The</token>
<token t_id="29" sentence="1" number="1">offer</token>
<token t_id="30" sentence="1" number="2">capped</token>
<token t_id="31" sentence="1" number="3">a</token>
<token t_id="32" sentence="1" number="4">week</token>
<token t_id="33" sentence="1" number="5">of</token>
<token t_id="34" sentence="1" number="6">rumors</token>
<token t_id="35" sentence="1" number="7">that</token>
<token t_id="36" sentence="1" number="8">Georgia</token>
<token t_id="37" sentence="1" number="9">-</token>
<token t_id="38" sentence="1" number="10">Pacific</token>
<token t_id="39" sentence="1" number="11">,</token>
<token t_id="40" sentence="1" number="12">an</token>
<token t_id="41" sentence="1" number="13">Atlanta</token>
<token t_id="42" sentence="1" number="14">-</token>
<token t_id="43" sentence="1" number="15">based</token>
<token t_id="44" sentence="1" number="16">forest</token>
<token t_id="45" sentence="1" number="17">-</token>
<token t_id="46" sentence="1" number="18">products</token>
<token t_id="47" sentence="1" number="19">company</token>
<token t_id="48" sentence="1" number="20">,</token>
<token t_id="49" sentence="1" number="21">was</token>
<token t_id="50" sentence="1" number="22">considering</token>
<token t_id="51" sentence="1" number="23">making</token>
<token t_id="52" sentence="1" number="24">a</token>
<token t_id="53" sentence="1" number="25">bid</token>
<token t_id="54" sentence="1" number="26">for</token>
<token t_id="55" sentence="1" number="27">Nekoosa</token>
<token t_id="56" sentence="1" number="28">,</token>
<token t_id="57" sentence="1" number="29">a</token>
<token t_id="58" sentence="1" number="30">paper</token>
<token t_id="59" sentence="1" number="31">-</token>
<token t_id="60" sentence="1" number="32">products</token>
<token t_id="61" sentence="1" number="33">concern</token>
<token t_id="62" sentence="1" number="34">based</token>
<token t_id="63" sentence="1" number="35">in</token>
<token t_id="64" sentence="1" number="36">Norwalk</token>
<token t_id="65" sentence="1" number="37">,</token>
<token t_id="66" sentence="1" number="38">Conn</token>
<token t_id="67" sentence="1" number="39">.</token>
<token t_id="68" sentence="2" number="0">Executives</token>
<token t_id="69" sentence="2" number="1">at</token>
<token t_id="70" sentence="2" number="2">Nekoosa</token>
<token t_id="71" sentence="2" number="3">could</token>
<token t_id="72" sentence="2" number="4">n't</token>
<token t_id="73" sentence="2" number="5">be</token>
<token t_id="74" sentence="2" number="6">reached</token>
<token t_id="75" sentence="2" number="7">,</token>
<token t_id="76" sentence="2" number="8">and</token>
<token t_id="77" sentence="2" number="9">officials</token>
<token t_id="78" sentence="2" number="10">at</token>
<token t_id="79" sentence="2" number="11">Georgia</token>
<token t_id="80" sentence="2" number="12">Pacific</token>
<token t_id="81" sentence="2" number="13">declined</token>
<token t_id="82" sentence="2" number="14">to</token>
<token t_id="83" sentence="2" number="15">comment</token>
<token t_id="84" sentence="2" number="16">.</token>
<token t_id="85" sentence="3" number="0">Analysts</token>
<token t_id="86" sentence="3" number="1">,</token>
<token t_id="87" sentence="3" number="2">however</token>
<token t_id="88" sentence="3" number="3">,</token>
<token t_id="89" sentence="3" number="4">were</token>
<token t_id="90" sentence="3" number="5">surprised</token>
<token t_id="91" sentence="3" number="6">because</token>
<token t_id="92" sentence="3" number="7">the</token>
<token t_id="93" sentence="3" number="8">tender</token>
<token t_id="94" sentence="3" number="9">offer</token>
<token t_id="95" sentence="3" number="10">appeared</token>
<token t_id="96" sentence="3" number="11">unsolicited</token>
<token t_id="97" sentence="3" number="12">.</token>
<token t_id="98" sentence="4" number="0">``</token>
<token t_id="99" sentence="4" number="1">It</token>
<token t_id="100" sentence="4" number="2">'s</token>
<token t_id="101" sentence="4" number="3">quite</token>
<token t_id="102" sentence="4" number="4">a</token>
<token t_id="103" sentence="4" number="5">bombshell</token>
<token t_id="104" sentence="4" number="6">,</token>
<token t_id="105" sentence="4" number="7">''</token>
<token t_id="106" sentence="4" number="8">said</token>
<token t_id="107" sentence="4" number="9">one</token>
<token t_id="108" sentence="4" number="10">,</token>
<token t_id="109" sentence="4" number="11">adding</token>
<token t_id="110" sentence="4" number="12">that</token>
<token t_id="111" sentence="4" number="13">the</token>
<token t_id="112" sentence="4" number="14">offer</token>
<token t_id="113" sentence="4" number="15">could</token>
<token t_id="114" sentence="4" number="16">spark</token>
<token t_id="115" sentence="4" number="17">a</token>
<token t_id="116" sentence="4" number="18">period</token>
<token t_id="117" sentence="4" number="19">of</token>
<token t_id="118" sentence="4" number="20">industry</token>
<token t_id="119" sentence="4" number="21">consolidation</token>
<token t_id="120" sentence="4" number="22">.</token>
<token t_id="121" sentence="5" number="0">The</token>
<token t_id="122" sentence="5" number="1">two</token>
<token t_id="123" sentence="5" number="2">companies</token>
<token t_id="124" sentence="5" number="3">would</token>
<token t_id="125" sentence="5" number="4">appear</token>
<token t_id="126" sentence="5" number="5">to</token>
<token t_id="127" sentence="5" number="6">be</token>
<token t_id="128" sentence="5" number="7">a</token>
<token t_id="129" sentence="5" number="8">logical</token>
<token t_id="130" sentence="5" number="9">fit</token>
<token t_id="131" sentence="5" number="10">because</token>
<token t_id="132" sentence="5" number="11">of</token>
<token t_id="133" sentence="5" number="12">their</token>
<token t_id="134" sentence="5" number="13">complementary</token>
<token t_id="135" sentence="5" number="14">lines</token>
<token t_id="136" sentence="5" number="15">,</token>
<token t_id="137" sentence="5" number="16">and</token>
<token t_id="138" sentence="5" number="17">analysts</token>
<token t_id="139" sentence="5" number="18">described</token>
<token t_id="140" sentence="5" number="19">the</token>
<token t_id="141" sentence="5" number="20">offer</token>
<token t_id="142" sentence="5" number="21">,</token>
<token t_id="143" sentence="5" number="22">representing</token>
<token t_id="144" sentence="5" number="23">a</token>
<token t_id="145" sentence="5" number="24">36</token>
<token t_id="146" sentence="5" number="25">%</token>
<token t_id="147" sentence="5" number="26">premium</token>
<token t_id="148" sentence="5" number="27">over</token>
<token t_id="149" sentence="5" number="28">Nekoosa</token>
<token t_id="150" sentence="5" number="29">'s</token>
<token t_id="151" sentence="5" number="30">market</token>
<token t_id="152" sentence="5" number="31">price</token>
<token t_id="153" sentence="5" number="32">,</token>
<token t_id="154" sentence="5" number="33">as</token>
<token t_id="155" sentence="5" number="34">fair</token>
<token t_id="156" sentence="5" number="35">.</token>
<token t_id="157" sentence="6" number="0">Nekoosa</token>
<token t_id="158" sentence="6" number="1">closed</token>
<token t_id="159" sentence="6" number="2">yesterday</token>
<token t_id="160" sentence="6" number="3">at</token>
<token t_id="161" sentence="6" number="4">$</token>
<token t_id="162" sentence="6" number="5">42</token>
<token t_id="163" sentence="6" number="6">.</token>
<token t_id="164" sentence="6" number="7">75</token>
<token t_id="165" sentence="6" number="8">,</token>
<token t_id="166" sentence="6" number="9">up</token>
<token t_id="167" sentence="6" number="10">$</token>
<token t_id="168" sentence="6" number="11">2</token>
<token t_id="169" sentence="6" number="12">.</token>
<token t_id="170" sentence="6" number="13">75</token>
<token t_id="171" sentence="6" number="14">,</token>
<token t_id="172" sentence="6" number="15">in</token>
<token t_id="173" sentence="6" number="16">New</token>
<token t_id="174" sentence="6" number="17">York</token>
<token t_id="175" sentence="6" number="18">Stock</token>
<token t_id="176" sentence="6" number="19">Exchange</token>
<token t_id="177" sentence="6" number="20">composite</token>
<token t_id="178" sentence="6" number="21">trading</token>
<token t_id="179" sentence="6" number="22">.</token>
<token t_id="180" sentence="7" number="0">But</token>
<token t_id="181" sentence="7" number="1">industry</token>
<token t_id="182" sentence="7" number="2">observers</token>
<token t_id="183" sentence="7" number="3">still</token>
<token t_id="184" sentence="7" number="4">questioned</token>
<token t_id="185" sentence="7" number="5">whether</token>
<token t_id="186" sentence="7" number="6">Georgia</token>
<token t_id="187" sentence="7" number="7">Pacific</token>
<token t_id="188" sentence="7" number="8">will</token>
<token t_id="189" sentence="7" number="9">ultimately</token>
<token t_id="190" sentence="7" number="10">prevail</token>
<token t_id="191" sentence="7" number="11">.</token>
<token t_id="192" sentence="8" number="0">``</token>
<token t_id="193" sentence="8" number="1">You</token>
<token t_id="194" sentence="8" number="2">have</token>
<token t_id="195" sentence="8" number="3">to</token>
<token t_id="196" sentence="8" number="4">watch</token>
<token t_id="197" sentence="8" number="5">out</token>
<token t_id="198" sentence="8" number="6">for</token>
<token t_id="199" sentence="8" number="7">counterbids</token>
<token t_id="200" sentence="8" number="8">,</token>
<token t_id="201" sentence="8" number="9">''</token>
<token t_id="202" sentence="8" number="10">said</token>
<token t_id="203" sentence="8" number="11">one</token>
<token t_id="204" sentence="8" number="12">analyst</token>
<token t_id="205" sentence="8" number="13">.</token>
<token t_id="206" sentence="8" number="14">``</token>
<token t_id="207" sentence="9" number="0">International</token>
<token t_id="208" sentence="9" number="1">Paper</token>
<token t_id="209" sentence="9" number="2">or</token>
<token t_id="210" sentence="9" number="3">Weyerhaeuser</token>
<token t_id="211" sentence="9" number="4">could</token>
<token t_id="212" sentence="9" number="5">step</token>
<token t_id="213" sentence="9" number="6">in</token>
<token t_id="214" sentence="9" number="7">.</token>
<token t_id="215" sentence="9" number="8">''</token>
<token t_id="216" sentence="10" number="0">The</token>
<token t_id="217" sentence="10" number="1">bid</token>
<token t_id="218" sentence="10" number="2">for</token>
<token t_id="219" sentence="10" number="3">Great</token>
<token t_id="220" sentence="10" number="4">Northern</token>
<token t_id="221" sentence="10" number="5">,</token>
<token t_id="222" sentence="10" number="6">a</token>
<token t_id="223" sentence="10" number="7">notice</token>
<token t_id="224" sentence="10" number="8">of</token>
<token t_id="225" sentence="10" number="9">which</token>
<token t_id="226" sentence="10" number="10">appears</token>
<token t_id="227" sentence="10" number="11">in</token>
<token t_id="228" sentence="10" number="12">an</token>
<token t_id="229" sentence="10" number="13">advertisement</token>
<token t_id="230" sentence="10" number="14">in</token>
<token t_id="231" sentence="10" number="15">today</token>
<token t_id="232" sentence="10" number="16">'s</token>
<token t_id="233" sentence="10" number="17">Wall</token>
<token t_id="234" sentence="10" number="18">Street</token>
<token t_id="235" sentence="10" number="19">Journal</token>
<token t_id="236" sentence="10" number="20">,</token>
<token t_id="237" sentence="10" number="21">is</token>
<token t_id="238" sentence="10" number="22">the</token>
<token t_id="239" sentence="10" number="23">first</token>
<token t_id="240" sentence="10" number="24">big</token>
<token t_id="241" sentence="10" number="25">takeover</token>
<token t_id="242" sentence="10" number="26">offer</token>
<token t_id="243" sentence="10" number="27">since</token>
<token t_id="244" sentence="10" number="28">the</token>
<token t_id="245" sentence="10" number="29">collapse</token>
<token t_id="246" sentence="10" number="30">of</token>
<token t_id="247" sentence="10" number="31">a</token>
<token t_id="248" sentence="10" number="32">$</token>
<token t_id="249" sentence="10" number="33">6</token>
<token t_id="250" sentence="10" number="34">.</token>
<token t_id="251" sentence="10" number="35">79</token>
<token t_id="252" sentence="10" number="36">billion</token>
<token t_id="253" sentence="10" number="37">buy</token>
<token t_id="254" sentence="10" number="38">-</token>
<token t_id="255" sentence="10" number="39">out</token>
<token t_id="256" sentence="10" number="40">of</token>
<token t_id="257" sentence="10" number="41">United</token>
<token t_id="258" sentence="10" number="42">Airlines</token>
<token t_id="259" sentence="10" number="43">parent</token>
<token t_id="260" sentence="10" number="44">UAL</token>
<token t_id="261" sentence="10" number="45">Corp</token>
<token t_id="262" sentence="10" number="46">.</token>
<token t_id="263" sentence="10" number="47">Oct</token>
<token t_id="264" sentence="10" number="48">.</token>
<token t_id="265" sentence="10" number="49">13</token>
<token t_id="266" sentence="10" number="50">.</token>
<token t_id="267" sentence="11" number="0">That</token>
<token t_id="268" sentence="11" number="1">collapse</token>
<token t_id="269" sentence="11" number="2">,</token>
<token t_id="270" sentence="11" number="3">following</token>
<token t_id="271" sentence="11" number="4">on</token>
<token t_id="272" sentence="11" number="5">the</token>
<token t_id="273" sentence="11" number="6">heels</token>
<token t_id="274" sentence="11" number="7">of</token>
<token t_id="275" sentence="11" number="8">disarray</token>
<token t_id="276" sentence="11" number="9">in</token>
<token t_id="277" sentence="11" number="10">the</token>
<token t_id="278" sentence="11" number="11">market</token>
<token t_id="279" sentence="11" number="12">for</token>
<token t_id="280" sentence="11" number="13">high</token>
<token t_id="281" sentence="11" number="14">-</token>
<token t_id="282" sentence="11" number="15">risk</token>
<token t_id="283" sentence="11" number="16">,</token>
<token t_id="284" sentence="11" number="17">high</token>
<token t_id="285" sentence="11" number="18">-</token>
<token t_id="286" sentence="11" number="19">yield</token>
<token t_id="287" sentence="11" number="20">bonds</token>
<token t_id="288" sentence="11" number="21">,</token>
<token t_id="289" sentence="11" number="22">cast</token>
<token t_id="290" sentence="11" number="23">doubt</token>
<token t_id="291" sentence="11" number="24">on</token>
<token t_id="292" sentence="11" number="25">the</token>
<token t_id="293" sentence="11" number="26">entire</token>
<token t_id="294" sentence="11" number="27">takeover</token>
<token t_id="295" sentence="11" number="28">business</token>
<token t_id="296" sentence="11" number="29">,</token>
<token t_id="297" sentence="11" number="30">which</token>
<token t_id="298" sentence="11" number="31">has</token>
<token t_id="299" sentence="11" number="32">fueled</token>
<token t_id="300" sentence="11" number="33">both</token>
<token t_id="301" sentence="11" number="34">big</token>
<token t_id="302" sentence="11" number="35">profits</token>
<token t_id="303" sentence="11" number="36">among</token>
<token t_id="304" sentence="11" number="37">Wall</token>
<token t_id="305" sentence="11" number="38">Street</token>
<token t_id="306" sentence="11" number="39">securities</token>
<token t_id="307" sentence="11" number="40">firms</token>
<token t_id="308" sentence="11" number="41">and</token>
<token t_id="309" sentence="11" number="42">big</token>
<token t_id="310" sentence="11" number="43">gains</token>
<token t_id="311" sentence="11" number="44">in</token>
<token t_id="312" sentence="11" number="45">the</token>
<token t_id="313" sentence="11" number="46">stock</token>
<token t_id="314" sentence="11" number="47">market</token>
<token t_id="315" sentence="11" number="48">generally</token>
<token t_id="316" sentence="11" number="49">.</token>
<token t_id="317" sentence="12" number="0">While</token>
<token t_id="318" sentence="12" number="1">Georgia</token>
<token t_id="319" sentence="12" number="2">-</token>
<token t_id="320" sentence="12" number="3">Pacific</token>
<token t_id="321" sentence="12" number="4">'s</token>
<token t_id="322" sentence="12" number="5">stock</token>
<token t_id="323" sentence="12" number="6">has</token>
<token t_id="324" sentence="12" number="7">outperformed</token>
<token t_id="325" sentence="12" number="8">the</token>
<token t_id="326" sentence="12" number="9">market</token>
<token t_id="327" sentence="12" number="10">in</token>
<token t_id="328" sentence="12" number="11">the</token>
<token t_id="329" sentence="12" number="12">past</token>
<token t_id="330" sentence="12" number="13">two</token>
<token t_id="331" sentence="12" number="14">years</token>
<token t_id="332" sentence="12" number="15">,</token>
<token t_id="333" sentence="12" number="16">Nekoosa</token>
<token t_id="334" sentence="12" number="17">has</token>
<token t_id="335" sentence="12" number="18">lagged</token>
<token t_id="336" sentence="12" number="19">the</token>
<token t_id="337" sentence="12" number="20">market</token>
<token t_id="338" sentence="12" number="21">in</token>
<token t_id="339" sentence="12" number="22">the</token>
<token t_id="340" sentence="12" number="23">same</token>
<token t_id="341" sentence="12" number="24">period</token>
<token t_id="342" sentence="12" number="25">.</token>
<token t_id="343" sentence="13" number="0">Yesterday</token>
<token t_id="344" sentence="13" number="1">'s</token>
<token t_id="345" sentence="13" number="2">rise</token>
<token t_id="346" sentence="13" number="3">in</token>
<token t_id="347" sentence="13" number="4">Nekoosa</token>
<token t_id="348" sentence="13" number="5">'s</token>
<token t_id="349" sentence="13" number="6">share</token>
<token t_id="350" sentence="13" number="7">price</token>
<token t_id="351" sentence="13" number="8">came</token>
<token t_id="352" sentence="13" number="9">on</token>
<token t_id="353" sentence="13" number="10">volume</token>
<token t_id="354" sentence="13" number="11">of</token>
<token t_id="355" sentence="13" number="12">786</token>
<token t_id="356" sentence="13" number="13">,</token>
<token t_id="357" sentence="13" number="14">700</token>
<token t_id="358" sentence="13" number="15">shares</token>
<token t_id="359" sentence="13" number="16">,</token>
<token t_id="360" sentence="13" number="17">four</token>
<token t_id="361" sentence="13" number="18">times</token>
<token t_id="362" sentence="13" number="19">the</token>
<token t_id="363" sentence="13" number="20">daily</token>
<token t_id="364" sentence="13" number="21">average</token>
<token t_id="365" sentence="13" number="22">.</token>
<token t_id="366" sentence="14" number="0">According</token>
<token t_id="367" sentence="14" number="1">to</token>
<token t_id="368" sentence="14" number="2">Dow</token>
<token t_id="369" sentence="14" number="3">Jones</token>
<token t_id="370" sentence="14" number="4">Professional</token>
<token t_id="371" sentence="14" number="5">Investor</token>
<token t_id="372" sentence="14" number="6">Report</token>
<token t_id="373" sentence="14" number="7">,</token>
<token t_id="374" sentence="14" number="8">options</token>
<token t_id="375" sentence="14" number="9">trading</token>
<token t_id="376" sentence="14" number="10">in</token>
<token t_id="377" sentence="14" number="11">Nekoosa</token>
<token t_id="378" sentence="14" number="12">was</token>
<token t_id="379" sentence="14" number="13">also</token>
<token t_id="380" sentence="14" number="14">heavy</token>
<token t_id="381" sentence="14" number="15">,</token>
<token t_id="382" sentence="14" number="16">ranking</token>
<token t_id="383" sentence="14" number="17">only</token>
<token t_id="384" sentence="14" number="18">behind</token>
<token t_id="385" sentence="14" number="19">International</token>
<token t_id="386" sentence="14" number="20">Business</token>
<token t_id="387" sentence="14" number="21">Machines</token>
<token t_id="388" sentence="14" number="22">Corp</token>
<token t_id="389" sentence="14" number="23">.</token>
<token t_id="390" sentence="14" number="24">and</token>
<token t_id="391" sentence="14" number="25">UAL</token>
<token t_id="392" sentence="14" number="26">in</token>
<token t_id="393" sentence="14" number="27">volume</token>
<token t_id="394" sentence="14" number="28">on</token>
<token t_id="395" sentence="14" number="29">the</token>
<token t_id="396" sentence="14" number="30">Chicago</token>
<token t_id="397" sentence="14" number="31">Board</token>
<token t_id="398" sentence="14" number="32">Options</token>
<token t_id="399" sentence="14" number="33">Exchange</token>
<token t_id="400" sentence="14" number="34">.</token>
<token t_id="401" sentence="15" number="0">According</token>
<token t_id="402" sentence="15" number="1">to</token>
<token t_id="403" sentence="15" number="2">the</token>
<token t_id="404" sentence="15" number="3">Value</token>
<token t_id="405" sentence="15" number="4">Line</token>
<token t_id="406" sentence="15" number="5">Investment</token>
<token t_id="407" sentence="15" number="6">Survey</token>
<token t_id="408" sentence="15" number="7">,</token>
<token t_id="409" sentence="15" number="8">demand</token>
<token t_id="410" sentence="15" number="9">for</token>
<token t_id="411" sentence="15" number="10">Nekoosa</token>
<token t_id="412" sentence="15" number="11">'s</token>
<token t_id="413" sentence="15" number="12">commodity</token>
<token t_id="414" sentence="15" number="13">paper</token>
<token t_id="415" sentence="15" number="14">has</token>
<token t_id="416" sentence="15" number="15">weakened</token>
<token t_id="417" sentence="15" number="16">,</token>
<token t_id="418" sentence="15" number="17">prompting</token>
<token t_id="419" sentence="15" number="18">earnings</token>
<token t_id="420" sentence="15" number="19">to</token>
<token t_id="421" sentence="15" number="20">decline</token>
<token t_id="422" sentence="15" number="21">by</token>
<token t_id="423" sentence="15" number="22">6</token>
<token t_id="424" sentence="15" number="23">.</token>
<token t_id="425" sentence="15" number="24">6</token>
<token t_id="426" sentence="15" number="25">%</token>
<token t_id="427" sentence="15" number="26">in</token>
<token t_id="428" sentence="15" number="27">the</token>
<token t_id="429" sentence="15" number="28">third</token>
<token t_id="430" sentence="15" number="29">quarter</token>
<token t_id="431" sentence="15" number="30">ended</token>
<token t_id="432" sentence="15" number="31">Sept</token>
<token t_id="433" sentence="15" number="32">.</token>
<token t_id="434" sentence="15" number="33">30</token>
<token t_id="435" sentence="15" number="34">.</token>
<token t_id="436" sentence="16" number="0">Value</token>
<token t_id="437" sentence="16" number="1">Line</token>
<token t_id="438" sentence="16" number="2">added</token>
<token t_id="439" sentence="16" number="3">,</token>
<token t_id="440" sentence="16" number="4">``</token>
<token t_id="441" sentence="16" number="5">With</token>
<token t_id="442" sentence="16" number="6">discounts</token>
<token t_id="443" sentence="16" number="7">widening</token>
<token t_id="444" sentence="16" number="8">on</token>
<token t_id="445" sentence="16" number="9">business</token>
<token t_id="446" sentence="16" number="10">papers</token>
<token t_id="447" sentence="16" number="11">,</token>
<token t_id="448" sentence="16" number="12">and</token>
<token t_id="449" sentence="16" number="13">with</token>
<token t_id="450" sentence="16" number="14">newsprint</token>
<token t_id="451" sentence="16" number="15">and</token>
<token t_id="452" sentence="16" number="16">corrugated</token>
<token t_id="453" sentence="16" number="17">shipments</token>
<token t_id="454" sentence="16" number="18">flat</token>
<token t_id="455" sentence="16" number="19">,</token>
<token t_id="456" sentence="16" number="20">we</token>
<token t_id="457" sentence="16" number="21">expect</token>
<token t_id="458" sentence="16" number="22">negative</token>
<token t_id="459" sentence="16" number="23">earnings</token>
<token t_id="460" sentence="16" number="24">comparisons</token>
<token t_id="461" sentence="16" number="25">through</token>
<token t_id="462" sentence="16" number="26">next</token>
<token t_id="463" sentence="16" number="27">year</token>
<token t_id="464" sentence="16" number="28">.</token>
<token t_id="465" sentence="16" number="29">''</token>
<token t_id="466" sentence="17" number="0">By</token>
<token t_id="467" sentence="17" number="1">contrast</token>
<token t_id="468" sentence="17" number="2">,</token>
<token t_id="469" sentence="17" number="3">Value</token>
<token t_id="470" sentence="17" number="4">Line</token>
<token t_id="471" sentence="17" number="5">said</token>
<token t_id="472" sentence="17" number="6">Georgia</token>
<token t_id="473" sentence="17" number="7">-</token>
<token t_id="474" sentence="17" number="8">Pacific</token>
<token t_id="475" sentence="17" number="9">``</token>
<token t_id="476" sentence="17" number="10">is</token>
<token t_id="477" sentence="17" number="11">in</token>
<token t_id="478" sentence="17" number="12">a</token>
<token t_id="479" sentence="17" number="13">comparatively</token>
<token t_id="480" sentence="17" number="14">good</token>
<token t_id="481" sentence="17" number="15">position</token>
<token t_id="482" sentence="17" number="16">to</token>
<token t_id="483" sentence="17" number="17">deal</token>
<token t_id="484" sentence="17" number="18">with</token>
<token t_id="485" sentence="17" number="19">weakening</token>
<token t_id="486" sentence="17" number="20">paper</token>
<token t_id="487" sentence="17" number="21">markets</token>
<token t_id="488" sentence="17" number="22">,</token>
<token t_id="489" sentence="17" number="23">''</token>
<token t_id="490" sentence="17" number="24">because</token>
<token t_id="491" sentence="17" number="25">its</token>
<token t_id="492" sentence="17" number="26">production</token>
<token t_id="493" sentence="17" number="27">is</token>
<token t_id="494" sentence="17" number="28">concentrated</token>
<token t_id="495" sentence="17" number="29">not</token>
<token t_id="496" sentence="17" number="30">in</token>
<token t_id="497" sentence="17" number="31">the</token>
<token t_id="498" sentence="17" number="32">Northwest</token>
<token t_id="499" sentence="17" number="33">but</token>
<token t_id="500" sentence="17" number="34">in</token>
<token t_id="501" sentence="17" number="35">the</token>
<token t_id="502" sentence="17" number="36">South</token>
<token t_id="503" sentence="17" number="37">,</token>
<token t_id="504" sentence="17" number="38">where</token>
<token t_id="505" sentence="17" number="39">it</token>
<token t_id="506" sentence="17" number="40">should</token>
<token t_id="507" sentence="17" number="41">be</token>
<token t_id="508" sentence="17" number="42">able</token>
<token t_id="509" sentence="17" number="43">to</token>
<token t_id="510" sentence="17" number="44">avoid</token>
<token t_id="511" sentence="17" number="45">some</token>
<token t_id="512" sentence="17" number="46">of</token>
<token t_id="513" sentence="17" number="47">the</token>
<token t_id="514" sentence="17" number="48">cost</token>
<token t_id="515" sentence="17" number="49">pressures</token>
<token t_id="516" sentence="17" number="50">from</token>
<token t_id="517" sentence="17" number="51">rising</token>
<token t_id="518" sentence="17" number="52">wood</token>
<token t_id="519" sentence="17" number="53">-</token>
<token t_id="520" sentence="17" number="54">chip</token>
<token t_id="521" sentence="17" number="55">prices</token>
<token t_id="522" sentence="17" number="56">.</token>
<token t_id="523" sentence="18" number="0">Also</token>
<token t_id="524" sentence="18" number="1">,</token>
<token t_id="525" sentence="18" number="2">it</token>
<token t_id="526" sentence="18" number="3">is</token>
<token t_id="527" sentence="18" number="4">n't</token>
<token t_id="528" sentence="18" number="5">exposed</token>
<token t_id="529" sentence="18" number="6">to</token>
<token t_id="530" sentence="18" number="7">the</token>
<token t_id="531" sentence="18" number="8">weakening</token>
<token t_id="532" sentence="18" number="9">newsprint</token>
<token t_id="533" sentence="18" number="10">business</token>
<token t_id="534" sentence="18" number="11">,</token>
<token t_id="535" sentence="18" number="12">and</token>
<token t_id="536" sentence="18" number="13">is</token>
<token t_id="537" sentence="18" number="14">strong</token>
<token t_id="538" sentence="18" number="15">in</token>
<token t_id="539" sentence="18" number="16">the</token>
<token t_id="540" sentence="18" number="17">less</token>
<token t_id="541" sentence="18" number="18">-</token>
<token t_id="542" sentence="18" number="19">cyclical</token>
<token t_id="543" sentence="18" number="20">tissue</token>
<token t_id="544" sentence="18" number="21">business</token>
<token t_id="545" sentence="18" number="22">.</token>
<token t_id="546" sentence="19" number="0">The</token>
<token t_id="547" sentence="19" number="1">purchase</token>
<token t_id="548" sentence="19" number="2">of</token>
<token t_id="549" sentence="19" number="3">Nekoosa</token>
<token t_id="550" sentence="19" number="4">would</token>
<token t_id="551" sentence="19" number="5">easily</token>
<token t_id="552" sentence="19" number="6">eclipse</token>
<token t_id="553" sentence="19" number="7">Georgia</token>
<token t_id="554" sentence="19" number="8">-</token>
<token t_id="555" sentence="19" number="9">Pacific</token>
<token t_id="556" sentence="19" number="10">'s</token>
<token t_id="557" sentence="19" number="11">$</token>
<token t_id="558" sentence="19" number="12">530</token>
<token t_id="559" sentence="19" number="13">million</token>
<token t_id="560" sentence="19" number="14">acquisition</token>
<token t_id="561" sentence="19" number="15">of</token>
<token t_id="562" sentence="19" number="16">Brunswick</token>
<token t_id="563" sentence="19" number="17">Pulp</token>
<token t_id="564" sentence="19" number="18">&amp;amp</token>
<token t_id="565" sentence="19" number="19">;</token>
<token t_id="566" sentence="19" number="20">Paper</token>
<token t_id="567" sentence="19" number="21">Co</token>
<token t_id="568" sentence="19" number="22">.</token>
<token t_id="569" sentence="19" number="23">last</token>
<token t_id="570" sentence="19" number="24">year</token>
<token t_id="571" sentence="19" number="25">.</token>
<token t_id="572" sentence="20" number="0">That</token>
<token t_id="573" sentence="20" number="1">acquisition</token>
<token t_id="574" sentence="20" number="2">,</token>
<token t_id="575" sentence="20" number="3">which</token>
<token t_id="576" sentence="20" number="4">also</token>
<token t_id="577" sentence="20" number="5">included</token>
<token t_id="578" sentence="20" number="6">the</token>
<token t_id="579" sentence="20" number="7">assumption</token>
<token t_id="580" sentence="20" number="8">of</token>
<token t_id="581" sentence="20" number="9">$</token>
<token t_id="582" sentence="20" number="10">135</token>
<token t_id="583" sentence="20" number="11">million</token>
<token t_id="584" sentence="20" number="12">in</token>
<token t_id="585" sentence="20" number="13">debt</token>
<token t_id="586" sentence="20" number="14">,</token>
<token t_id="587" sentence="20" number="15">was</token>
<token t_id="588" sentence="20" number="16">designed</token>
<token t_id="589" sentence="20" number="17">to</token>
<token t_id="590" sentence="20" number="18">allow</token>
<token t_id="591" sentence="20" number="19">Georgia</token>
<token t_id="592" sentence="20" number="20">-</token>
<token t_id="593" sentence="20" number="21">Pacific</token>
<token t_id="594" sentence="20" number="22">to</token>
<token t_id="595" sentence="20" number="23">capitalize</token>
<token t_id="596" sentence="20" number="24">on</token>
<token t_id="597" sentence="20" number="25">the</token>
<token t_id="598" sentence="20" number="26">strong</token>
<token t_id="599" sentence="20" number="27">demand</token>
<token t_id="600" sentence="20" number="28">for</token>
<token t_id="601" sentence="20" number="29">softwood</token>
<token t_id="602" sentence="20" number="30">pulp</token>
<token t_id="603" sentence="20" number="31">,</token>
<token t_id="604" sentence="20" number="32">as</token>
<token t_id="605" sentence="20" number="33">well</token>
<token t_id="606" sentence="20" number="34">as</token>
<token t_id="607" sentence="20" number="35">reduce</token>
<token t_id="608" sentence="20" number="36">its</token>
<token t_id="609" sentence="20" number="37">exposure</token>
<token t_id="610" sentence="20" number="38">to</token>
<token t_id="611" sentence="20" number="39">the</token>
<token t_id="612" sentence="20" number="40">housing</token>
<token t_id="613" sentence="20" number="41">market</token>
<token t_id="614" sentence="20" number="42">.</token>
<token t_id="615" sentence="21" number="0">Wasserstein</token>
<token t_id="616" sentence="21" number="1">Perella</token>
<token t_id="617" sentence="21" number="2">&amp;amp</token>
<token t_id="618" sentence="21" number="3">;</token>
<token t_id="619" sentence="21" number="4">Co</token>
<token t_id="620" sentence="21" number="5">.</token>
<token t_id="621" sentence="21" number="6">is</token>
<token t_id="622" sentence="21" number="7">the</token>
<token t_id="623" sentence="21" number="8">dealer</token>
<token t_id="624" sentence="21" number="9">-</token>
<token t_id="625" sentence="21" number="10">manager</token>
<token t_id="626" sentence="21" number="11">for</token>
<token t_id="627" sentence="21" number="12">the</token>
<token t_id="628" sentence="21" number="13">offer</token>
<token t_id="629" sentence="21" number="14">,</token>
<token t_id="630" sentence="21" number="15">which</token>
<token t_id="631" sentence="21" number="16">will</token>
<token t_id="632" sentence="21" number="17">expire</token>
<token t_id="633" sentence="21" number="18">Nov</token>
<token t_id="634" sentence="21" number="19">.</token>
<token t_id="635" sentence="21" number="20">29</token>
<token t_id="636" sentence="21" number="21">,</token>
<token t_id="637" sentence="21" number="22">unless</token>
<token t_id="638" sentence="21" number="23">extended</token>
<token t_id="639" sentence="21" number="24">.</token>


<Markables>
<ARGUMENTATIVE m_id="41" comment="" conversational-direct="FALSE" conversational-reported="TRUE"  >
<token_anchor t_id="409"/>
<token_anchor t_id="410"/>
<token_anchor t_id="411"/>
<token_anchor t_id="412"/>
<token_anchor t_id="413"/>
<token_anchor t_id="414"/>
<token_anchor t_id="415"/>
<token_anchor t_id="416"/>
<token_anchor t_id="417"/>
</ARGUMENTATIVE>
<ARGUMENTATIVE m_id="9" comment="" conversational-direct="FALSE" conversational-reported="FALSE"  >
<token_anchor t_id="267"/>
<token_anchor t_id="268"/>
<token_anchor t_id="269"/>
<token_anchor t_id="289"/>
<token_anchor t_id="290"/>
<token_anchor t_id="291"/>
<token_anchor t_id="292"/>
<token_anchor t_id="293"/>
<token_anchor t_id="294"/>
<token_anchor t_id="295"/>
<token_anchor t_id="296"/>
</ARGUMENTATIVE>
<ARGUMENTATIVE m_id="10" comment="" conversational-direct="TRUE" conversational-reported="FALSE"  >
<token_anchor t_id="192"/>
<token_anchor t_id="193"/>
<token_anchor t_id="194"/>
<token_anchor t_id="195"/>
<token_anchor t_id="196"/>
<token_anchor t_id="197"/>
<token_anchor t_id="198"/>
<token_anchor t_id="199"/>
<token_anchor t_id="200"/>
<token_anchor t_id="201"/>
</ARGUMENTATIVE>
<ARGUMENTATIVE m_id="47" comment="" conversational-direct="FALSE" conversational-reported="TRUE"  >
<token_anchor t_id="504"/>
<token_anchor t_id="505"/>
<token_anchor t_id="506"/>
<token_anchor t_id="507"/>
<token_anchor t_id="508"/>
</ARGUMENTATIVE>
<ARGUMENTATIVE m_id="48" comment="" conversational-direct="FALSE" conversational-reported="TRUE"  >
<token_anchor t_id="509"/>
<token_anchor t_id="510"/>
<token_anchor t_id="511"/>
<token_anchor t_id="512"/>
<token_anchor t_id="513"/>
<token_anchor t_id="514"/>
<token_anchor t_id="515"/>
<token_anchor t_id="516"/>
<token_anchor t_id="517"/>
<token_anchor t_id="518"/>
<token_anchor t_id="519"/>
<token_anchor t_id="520"/>
<token_anchor t_id="521"/>
<token_anchor t_id="522"/>
</ARGUMENTATIVE>
<ARGUMENTATIVE m_id="30" comment="" conversational-direct="FALSE" conversational-reported="FALSE"  >
<token_anchor t_id="137"/>
<token_anchor t_id="138"/>
<token_anchor t_id="139"/>
<token_anchor t_id="140"/>
<token_anchor t_id="141"/>
<token_anchor t_id="142"/>
<token_anchor t_id="154"/>
<token_anchor t_id="155"/>
<token_anchor t_id="156"/>
</ARGUMENTATIVE>
<ARGUMENTATIVE m_id="1" comment="" conversational-direct="FALSE" conversational-reported="FALSE"  >
<token_anchor t_id="85"/>
<token_anchor t_id="86"/>
<token_anchor t_id="87"/>
<token_anchor t_id="88"/>
<token_anchor t_id="89"/>
<token_anchor t_id="90"/>
</ARGUMENTATIVE>
<ARGUMENTATIVE m_id="33" comment="" conversational-direct="FALSE" conversational-reported="FALSE"  >
<token_anchor t_id="270"/>
<token_anchor t_id="271"/>
<token_anchor t_id="272"/>
<token_anchor t_id="273"/>
<token_anchor t_id="274"/>
<token_anchor t_id="275"/>
<token_anchor t_id="276"/>
<token_anchor t_id="277"/>
<token_anchor t_id="278"/>
<token_anchor t_id="279"/>
<token_anchor t_id="280"/>
<token_anchor t_id="281"/>
<token_anchor t_id="282"/>
<token_anchor t_id="283"/>
<token_anchor t_id="284"/>
<token_anchor t_id="285"/>
<token_anchor t_id="286"/>
<token_anchor t_id="287"/>
<token_anchor t_id="288"/>
</ARGUMENTATIVE>
<ARGUMENTATIVE m_id="2" comment="" conversational-direct="TRUE" conversational-reported="FALSE"  >
<token_anchor t_id="91"/>
<token_anchor t_id="92"/>
<token_anchor t_id="93"/>
<token_anchor t_id="94"/>
<token_anchor t_id="95"/>
<token_anchor t_id="96"/>
<token_anchor t_id="97"/>
</ARGUMENTATIVE>
<ARGUMENTATIVE m_id="3" comment="" conversational-direct="TRUE" conversational-reported="FALSE"  >
<token_anchor t_id="98"/>
<token_anchor t_id="99"/>
<token_anchor t_id="100"/>
<token_anchor t_id="101"/>
<token_anchor t_id="102"/>
<token_anchor t_id="103"/>
<token_anchor t_id="104"/>
<token_anchor t_id="105"/>
</ARGUMENTATIVE>
<ARGUMENTATIVE m_id="4" comment="" conversational-direct="TRUE" conversational-reported="FALSE"  >
<token_anchor t_id="472"/>
<token_anchor t_id="473"/>
<token_anchor t_id="474"/>
<token_anchor t_id="475"/>
<token_anchor t_id="476"/>
<token_anchor t_id="477"/>
<token_anchor t_id="478"/>
<token_anchor t_id="479"/>
<token_anchor t_id="480"/>
<token_anchor t_id="481"/>
</ARGUMENTATIVE>
<ARGUMENTATIVE m_id="5" comment="" conversational-direct="TRUE" conversational-reported="FALSE"  >
<token_anchor t_id="482"/>
<token_anchor t_id="483"/>
<token_anchor t_id="484"/>
<token_anchor t_id="485"/>
<token_anchor t_id="486"/>
<token_anchor t_id="487"/>
<token_anchor t_id="488"/>
<token_anchor t_id="489"/>
</ARGUMENTATIVE>
<ARGUMENTATIVE m_id="6" comment="" conversational-direct="FALSE" conversational-reported="TRUE"  >
<token_anchor t_id="374"/>
<token_anchor t_id="375"/>
<token_anchor t_id="376"/>
<token_anchor t_id="377"/>
<token_anchor t_id="378"/>
<token_anchor t_id="379"/>
<token_anchor t_id="380"/>
<token_anchor t_id="381"/>
</ARGUMENTATIVE>
<ARGUMENTATIVE m_id="7" comment="" conversational-direct="FALSE" conversational-reported="FALSE"  >
<token_anchor t_id="535"/>
<token_anchor t_id="536"/>
<token_anchor t_id="537"/>
<token_anchor t_id="538"/>
<token_anchor t_id="539"/>
<token_anchor t_id="540"/>
<token_anchor t_id="541"/>
<token_anchor t_id="542"/>
<token_anchor t_id="543"/>
<token_anchor t_id="544"/>
<token_anchor t_id="545"/>
</ARGUMENTATIVE>
<ARGUMENTATIVE m_id="8" comment="" conversational-direct="FALSE" conversational-reported="FALSE"  >
<token_anchor t_id="529"/>
<token_anchor t_id="530"/>
<token_anchor t_id="531"/>
<token_anchor t_id="532"/>
<token_anchor t_id="533"/>
<token_anchor t_id="534"/>
</ARGUMENTATIVE>
<DESCRIPTIVE m_id="55" Type="Other" comment="" conversational-direct="FALSE" conversational-reported="FALSE"  >
<token_anchor t_id="615"/>
<token_anchor t_id="616"/>
<token_anchor t_id="617"/>
<token_anchor t_id="618"/>
<token_anchor t_id="619"/>
<token_anchor t_id="620"/>
<token_anchor t_id="621"/>
<token_anchor t_id="622"/>
<token_anchor t_id="623"/>
<token_anchor t_id="624"/>
<token_anchor t_id="625"/>
<token_anchor t_id="626"/>
<token_anchor t_id="627"/>
<token_anchor t_id="628"/>
<token_anchor t_id="629"/>
</DESCRIPTIVE>
<DESCRIPTIVE m_id="24" Type="Other" comment="" conversational-direct="FALSE" conversational-reported="FALSE"  >
<token_anchor t_id="143"/>
<token_anchor t_id="144"/>
<token_anchor t_id="145"/>
<token_anchor t_id="146"/>
<token_anchor t_id="147"/>
<token_anchor t_id="148"/>
<token_anchor t_id="149"/>
<token_anchor t_id="150"/>
<token_anchor t_id="151"/>
<token_anchor t_id="152"/>
<token_anchor t_id="153"/>
</DESCRIPTIVE>
<NARRATIVE m_id="42" Level="Primary" comment="" conversational-direct="FALSE" conversational-reported="FALSE"  >
<token_anchor t_id="418"/>
<token_anchor t_id="419"/>
<token_anchor t_id="420"/>
<token_anchor t_id="421"/>
<token_anchor t_id="422"/>
<token_anchor t_id="423"/>
<token_anchor t_id="424"/>
<token_anchor t_id="425"/>
<token_anchor t_id="426"/>
<token_anchor t_id="427"/>
<token_anchor t_id="428"/>
<token_anchor t_id="429"/>
<token_anchor t_id="430"/>
<token_anchor t_id="431"/>
<token_anchor t_id="432"/>
<token_anchor t_id="433"/>
<token_anchor t_id="434"/>
<token_anchor t_id="435"/>
</NARRATIVE>
<NARRATIVE m_id="43" Level="" comment="" conversational-direct="FALSE" conversational-reported="FALSE"  >
<token_anchor t_id="436"/>
<token_anchor t_id="437"/>
<token_anchor t_id="438"/>
<token_anchor t_id="439"/>
</NARRATIVE>
<NARRATIVE m_id="11" Level="Primary" comment="" conversational-direct="FALSE" conversational-reported="FALSE"  >
<token_anchor t_id="1"/>
<token_anchor t_id="2"/>
<token_anchor t_id="3"/>
<token_anchor t_id="4"/>
<token_anchor t_id="5"/>
<token_anchor t_id="6"/>
</NARRATIVE>
<NARRATIVE m_id="44" Level="Primary" comment="" conversational-direct="FALSE" conversational-reported="FALSE"  >
<token_anchor t_id="440"/>
<token_anchor t_id="441"/>
<token_anchor t_id="442"/>
<token_anchor t_id="443"/>
<token_anchor t_id="444"/>
<token_anchor t_id="445"/>
<token_anchor t_id="446"/>
<token_anchor t_id="447"/>
<token_anchor t_id="448"/>
<token_anchor t_id="449"/>
<token_anchor t_id="450"/>
<token_anchor t_id="451"/>
<token_anchor t_id="452"/>
<token_anchor t_id="453"/>
<token_anchor t_id="454"/>
<token_anchor t_id="455"/>
<token_anchor t_id="456"/>
<token_anchor t_id="457"/>
<token_anchor t_id="458"/>
<token_anchor t_id="459"/>
<token_anchor t_id="460"/>
<token_anchor t_id="461"/>
<token_anchor t_id="462"/>
<token_anchor t_id="463"/>
<token_anchor t_id="464"/>
<token_anchor t_id="465"/>
</NARRATIVE>
<NARRATIVE m_id="12" Level="Primary" comment="" conversational-direct="FALSE" conversational-reported="FALSE"  >
<token_anchor t_id="7"/>
<token_anchor t_id="8"/>
<token_anchor t_id="9"/>
<token_anchor t_id="10"/>
<token_anchor t_id="11"/>
<token_anchor t_id="12"/>
<token_anchor t_id="13"/>
<token_anchor t_id="14"/>
<token_anchor t_id="15"/>
<token_anchor t_id="16"/>
<token_anchor t_id="17"/>
<token_anchor t_id="18"/>
<token_anchor t_id="19"/>
<token_anchor t_id="20"/>
<token_anchor t_id="21"/>
<token_anchor t_id="22"/>
<token_anchor t_id="23"/>
<token_anchor t_id="24"/>
<token_anchor t_id="25"/>
<token_anchor t_id="26"/>
<token_anchor t_id="27"/>
</NARRATIVE>
<NARRATIVE m_id="45" Level="Primary" comment="" conversational-direct="FALSE" conversational-reported="FALSE"  >
<token_anchor t_id="466"/>
<token_anchor t_id="467"/>
<token_anchor t_id="468"/>
<token_anchor t_id="469"/>
<token_anchor t_id="470"/>
<token_anchor t_id="471"/>
</NARRATIVE>
<NARRATIVE m_id="13" Level="Primary" comment="" conversational-direct="FALSE" conversational-reported="FALSE"  >
<token_anchor t_id="28"/>
<token_anchor t_id="29"/>
<token_anchor t_id="30"/>
<token_anchor t_id="31"/>
<token_anchor t_id="32"/>
<token_anchor t_id="33"/>
<token_anchor t_id="34"/>
</NARRATIVE>
<NARRATIVE m_id="46" Level="" comment="" conversational-direct="FALSE" conversational-reported="FALSE"  >
<token_anchor t_id="490"/>
<token_anchor t_id="491"/>
<token_anchor t_id="492"/>
<token_anchor t_id="493"/>
<token_anchor t_id="494"/>
<token_anchor t_id="495"/>
<token_anchor t_id="496"/>
<token_anchor t_id="497"/>
<token_anchor t_id="498"/>
<token_anchor t_id="499"/>
<token_anchor t_id="500"/>
<token_anchor t_id="501"/>
<token_anchor t_id="502"/>
<token_anchor t_id="503"/>
</NARRATIVE>
<NARRATIVE m_id="14" Level="Primary" comment="" conversational-direct="FALSE" conversational-reported="FALSE"  >
<token_anchor t_id="35"/>
<token_anchor t_id="36"/>
<token_anchor t_id="37"/>
<token_anchor t_id="38"/>
<token_anchor t_id="39"/>
<token_anchor t_id="40"/>
<token_anchor t_id="41"/>
<token_anchor t_id="42"/>
<token_anchor t_id="43"/>
<token_anchor t_id="44"/>
<token_anchor t_id="45"/>
<token_anchor t_id="46"/>
<token_anchor t_id="47"/>
<token_anchor t_id="48"/>
<token_anchor t_id="49"/>
<token_anchor t_id="50"/>
</NARRATIVE>
<NARRATIVE m_id="15" Level="Primary" comment="" conversational-direct="FALSE" conversational-reported="FALSE"  >
<token_anchor t_id="51"/>
<token_anchor t_id="52"/>
<token_anchor t_id="53"/>
<token_anchor t_id="54"/>
<token_anchor t_id="55"/>
<token_anchor t_id="56"/>
<token_anchor t_id="57"/>
<token_anchor t_id="58"/>
<token_anchor t_id="59"/>
<token_anchor t_id="60"/>
<token_anchor t_id="61"/>
<token_anchor t_id="62"/>
<token_anchor t_id="63"/>
<token_anchor t_id="64"/>
<token_anchor t_id="65"/>
<token_anchor t_id="66"/>
<token_anchor t_id="67"/>
</NARRATIVE>
<NARRATIVE m_id="16" Level="Primary" comment="" conversational-direct="FALSE" conversational-reported="FALSE"  >
<token_anchor t_id="68"/>
<token_anchor t_id="69"/>
<token_anchor t_id="70"/>
<token_anchor t_id="71"/>
<token_anchor t_id="72"/>
<token_anchor t_id="73"/>
<token_anchor t_id="74"/>
<token_anchor t_id="75"/>
</NARRATIVE>
<NARRATIVE m_id="49" Level="" comment="" conversational-direct="FALSE" conversational-reported="FALSE"  >
<token_anchor t_id="523"/>
<token_anchor t_id="524"/>
<token_anchor t_id="525"/>
<token_anchor t_id="526"/>
<token_anchor t_id="527"/>
<token_anchor t_id="528"/>
</NARRATIVE>
<NARRATIVE m_id="17" Level="" comment="" conversational-direct="FALSE" conversational-reported="FALSE"  >
<token_anchor t_id="76"/>
<token_anchor t_id="77"/>
<token_anchor t_id="78"/>
<token_anchor t_id="79"/>
<token_anchor t_id="80"/>
<token_anchor t_id="81"/>
</NARRATIVE>
<NARRATIVE m_id="50" Level="Primary" comment="" conversational-direct="FALSE" conversational-reported="FALSE"  >
<token_anchor t_id="546"/>
<token_anchor t_id="547"/>
<token_anchor t_id="548"/>
<token_anchor t_id="549"/>
<token_anchor t_id="550"/>
<token_anchor t_id="551"/>
<token_anchor t_id="552"/>
<token_anchor t_id="553"/>
<token_anchor t_id="554"/>
<token_anchor t_id="555"/>
<token_anchor t_id="556"/>
<token_anchor t_id="557"/>
<token_anchor t_id="558"/>
<token_anchor t_id="559"/>
<token_anchor t_id="560"/>
<token_anchor t_id="561"/>
<token_anchor t_id="562"/>
<token_anchor t_id="563"/>
<token_anchor t_id="564"/>
<token_anchor t_id="565"/>
<token_anchor t_id="566"/>
<token_anchor t_id="567"/>
<token_anchor t_id="568"/>
<token_anchor t_id="569"/>
<token_anchor t_id="570"/>
<token_anchor t_id="571"/>
</NARRATIVE>
<NARRATIVE m_id="18" Level="Primary" comment="" conversational-direct="FALSE" conversational-reported="FALSE"  >
<token_anchor t_id="106"/>
<token_anchor t_id="107"/>
<token_anchor t_id="108"/>
</NARRATIVE>
<NARRATIVE m_id="51" Level="Primary" comment="" conversational-direct="FALSE" conversational-reported="FALSE"  >
<token_anchor t_id="575"/>
<token_anchor t_id="576"/>
<token_anchor t_id="577"/>
<token_anchor t_id="578"/>
<token_anchor t_id="579"/>
<token_anchor t_id="580"/>
<token_anchor t_id="581"/>
<token_anchor t_id="582"/>
<token_anchor t_id="583"/>
<token_anchor t_id="584"/>
<token_anchor t_id="585"/>
<token_anchor t_id="586"/>
</NARRATIVE>
<NARRATIVE m_id="19" Level="Primary" comment="" conversational-direct="FALSE" conversational-reported="FALSE"  >
<token_anchor t_id="109"/>
<token_anchor t_id="110"/>
</NARRATIVE>
<NARRATIVE m_id="52" Level="Primary" comment="" conversational-direct="FALSE" conversational-reported="FALSE"  >
<token_anchor t_id="572"/>
<token_anchor t_id="573"/>
<token_anchor t_id="574"/>
<token_anchor t_id="587"/>
<token_anchor t_id="588"/>
</NARRATIVE>
<NARRATIVE m_id="20" Level="Primary" comment="" conversational-direct="FALSE" conversational-reported="TRUE"  >
<token_anchor t_id="82"/>
<token_anchor t_id="83"/>
<token_anchor t_id="84"/>
</NARRATIVE>
<NARRATIVE m_id="53" Level="Primary" comment="" conversational-direct="FALSE" conversational-reported="FALSE"  >
<token_anchor t_id="589"/>
<token_anchor t_id="590"/>
<token_anchor t_id="591"/>
<token_anchor t_id="592"/>
<token_anchor t_id="593"/>
<token_anchor t_id="594"/>
<token_anchor t_id="595"/>
<token_anchor t_id="596"/>
<token_anchor t_id="597"/>
<token_anchor t_id="598"/>
<token_anchor t_id="599"/>
<token_anchor t_id="600"/>
<token_anchor t_id="601"/>
<token_anchor t_id="602"/>
<token_anchor t_id="603"/>
</NARRATIVE>
<NARRATIVE m_id="21" Level="Primary" comment="" conversational-direct="FALSE" conversational-reported="TRUE"  >
<token_anchor t_id="111"/>
<token_anchor t_id="112"/>
<token_anchor t_id="113"/>
<token_anchor t_id="114"/>
<token_anchor t_id="115"/>
<token_anchor t_id="116"/>
<token_anchor t_id="117"/>
<token_anchor t_id="118"/>
<token_anchor t_id="119"/>
<token_anchor t_id="120"/>
</NARRATIVE>
<NARRATIVE m_id="54" Level="Primary" comment="" conversational-direct="FALSE" conversational-reported="FALSE"  >
<token_anchor t_id="604"/>
<token_anchor t_id="605"/>
<token_anchor t_id="606"/>
<token_anchor t_id="607"/>
<token_anchor t_id="608"/>
<token_anchor t_id="609"/>
<token_anchor t_id="610"/>
<token_anchor t_id="611"/>
<token_anchor t_id="612"/>
<token_anchor t_id="613"/>
<token_anchor t_id="614"/>
</NARRATIVE>
<NARRATIVE m_id="22" Level="" comment="" conversational-direct="FALSE" conversational-reported="FALSE"  >
<token_anchor t_id="121"/>
<token_anchor t_id="122"/>
<token_anchor t_id="123"/>
<token_anchor t_id="124"/>
<token_anchor t_id="125"/>
</NARRATIVE>
<NARRATIVE m_id="23" Level="" comment="" conversational-direct="FALSE" conversational-reported="FALSE"  >
<token_anchor t_id="126"/>
<token_anchor t_id="127"/>
<token_anchor t_id="128"/>
<token_anchor t_id="129"/>
<token_anchor t_id="130"/>
<token_anchor t_id="131"/>
<token_anchor t_id="132"/>
<token_anchor t_id="133"/>
<token_anchor t_id="134"/>
<token_anchor t_id="135"/>
<token_anchor t_id="136"/>
</NARRATIVE>
<NARRATIVE m_id="56" Level="Primary" comment="" conversational-direct="FALSE" conversational-reported="FALSE"  >
<token_anchor t_id="630"/>
<token_anchor t_id="631"/>
<token_anchor t_id="632"/>
<token_anchor t_id="633"/>
<token_anchor t_id="634"/>
<token_anchor t_id="635"/>
<token_anchor t_id="636"/>
</NARRATIVE>
<NARRATIVE m_id="57" Level="Primary" comment="" conversational-direct="FALSE" conversational-reported="FALSE"  >
<token_anchor t_id="637"/>
<token_anchor t_id="638"/>
<token_anchor t_id="639"/>
</NARRATIVE>
<NARRATIVE m_id="25" Level="Primary" comment="" conversational-direct="FALSE" conversational-reported="FALSE"  >
<token_anchor t_id="157"/>
<token_anchor t_id="158"/>
<token_anchor t_id="159"/>
<token_anchor t_id="160"/>
<token_anchor t_id="161"/>
<token_anchor t_id="162"/>
<token_anchor t_id="163"/>
<token_anchor t_id="164"/>
<token_anchor t_id="165"/>
<token_anchor t_id="166"/>
<token_anchor t_id="167"/>
<token_anchor t_id="168"/>
<token_anchor t_id="169"/>
<token_anchor t_id="170"/>
<token_anchor t_id="171"/>
<token_anchor t_id="172"/>
<token_anchor t_id="173"/>
<token_anchor t_id="174"/>
<token_anchor t_id="175"/>
<token_anchor t_id="176"/>
<token_anchor t_id="177"/>
<token_anchor t_id="178"/>
<token_anchor t_id="179"/>
</NARRATIVE>
<NARRATIVE m_id="26" Level="Primary" comment="" conversational-direct="FALSE" conversational-reported="FALSE"  >
<token_anchor t_id="180"/>
<token_anchor t_id="181"/>
<token_anchor t_id="182"/>
<token_anchor t_id="183"/>
<token_anchor t_id="184"/>
</NARRATIVE>
<NARRATIVE m_id="27" Level="Primary" comment="" conversational-direct="FALSE" conversational-reported="FALSE"  >
<token_anchor t_id="185"/>
<token_anchor t_id="186"/>
<token_anchor t_id="187"/>
<token_anchor t_id="188"/>
<token_anchor t_id="189"/>
<token_anchor t_id="190"/>
<token_anchor t_id="191"/>
</NARRATIVE>
<NARRATIVE m_id="28" Level="Primary" comment="" conversational-direct="FALSE" conversational-reported="FALSE"  >
<token_anchor t_id="202"/>
<token_anchor t_id="203"/>
<token_anchor t_id="204"/>
<token_anchor t_id="205"/>
</NARRATIVE>
<NARRATIVE m_id="29" Level="Primary" comment="" conversational-direct="TRUE" conversational-reported="FALSE"  >
<token_anchor t_id="207"/>
<token_anchor t_id="208"/>
<token_anchor t_id="209"/>
<token_anchor t_id="210"/>
<token_anchor t_id="211"/>
<token_anchor t_id="212"/>
<token_anchor t_id="213"/>
<token_anchor t_id="214"/>
<token_anchor t_id="215"/>
</NARRATIVE>
<NARRATIVE m_id="31" Level="Primary" comment="" conversational-direct="FALSE" conversational-reported="FALSE"  >
<token_anchor t_id="216"/>
<token_anchor t_id="217"/>
<token_anchor t_id="218"/>
<token_anchor t_id="219"/>
<token_anchor t_id="220"/>
<token_anchor t_id="221"/>
<token_anchor t_id="237"/>
<token_anchor t_id="238"/>
<token_anchor t_id="239"/>
<token_anchor t_id="240"/>
<token_anchor t_id="241"/>
<token_anchor t_id="242"/>
<token_anchor t_id="243"/>
<token_anchor t_id="244"/>
<token_anchor t_id="245"/>
<token_anchor t_id="246"/>
<token_anchor t_id="247"/>
<token_anchor t_id="248"/>
<token_anchor t_id="249"/>
<token_anchor t_id="250"/>
<token_anchor t_id="251"/>
<token_anchor t_id="252"/>
<token_anchor t_id="253"/>
<token_anchor t_id="254"/>
<token_anchor t_id="255"/>
<token_anchor t_id="256"/>
<token_anchor t_id="257"/>
<token_anchor t_id="258"/>
<token_anchor t_id="259"/>
<token_anchor t_id="260"/>
<token_anchor t_id="261"/>
<token_anchor t_id="262"/>
<token_anchor t_id="263"/>
<token_anchor t_id="264"/>
<token_anchor t_id="265"/>
<token_anchor t_id="266"/>
</NARRATIVE>
<NARRATIVE m_id="32" Level="Primary" comment="" conversational-direct="FALSE" conversational-reported="FALSE"  >
<token_anchor t_id="222"/>
<token_anchor t_id="223"/>
<token_anchor t_id="224"/>
<token_anchor t_id="225"/>
<token_anchor t_id="226"/>
<token_anchor t_id="227"/>
<token_anchor t_id="228"/>
<token_anchor t_id="229"/>
<token_anchor t_id="230"/>
<token_anchor t_id="231"/>
<token_anchor t_id="232"/>
<token_anchor t_id="233"/>
<token_anchor t_id="234"/>
<token_anchor t_id="235"/>
<token_anchor t_id="236"/>
</NARRATIVE>
<NARRATIVE m_id="34" Level="Primary" comment="" conversational-direct="FALSE" conversational-reported="FALSE"  >
<token_anchor t_id="297"/>
<token_anchor t_id="298"/>
<token_anchor t_id="299"/>
<token_anchor t_id="300"/>
<token_anchor t_id="301"/>
<token_anchor t_id="302"/>
<token_anchor t_id="303"/>
<token_anchor t_id="304"/>
<token_anchor t_id="305"/>
<token_anchor t_id="306"/>
<token_anchor t_id="307"/>
<token_anchor t_id="308"/>
<token_anchor t_id="309"/>
<token_anchor t_id="310"/>
<token_anchor t_id="311"/>
<token_anchor t_id="312"/>
<token_anchor t_id="313"/>
<token_anchor t_id="314"/>
<token_anchor t_id="315"/>
<token_anchor t_id="316"/>
</NARRATIVE>
<NARRATIVE m_id="35" Level="Primary" comment="" conversational-direct="FALSE" conversational-reported="FALSE"  >
<token_anchor t_id="317"/>
<token_anchor t_id="318"/>
<token_anchor t_id="319"/>
<token_anchor t_id="320"/>
<token_anchor t_id="321"/>
<token_anchor t_id="322"/>
<token_anchor t_id="323"/>
<token_anchor t_id="324"/>
<token_anchor t_id="325"/>
<token_anchor t_id="326"/>
<token_anchor t_id="327"/>
<token_anchor t_id="328"/>
<token_anchor t_id="329"/>
<token_anchor t_id="330"/>
<token_anchor t_id="331"/>
<token_anchor t_id="332"/>
</NARRATIVE>
<NARRATIVE m_id="36" Level="Primary" comment="" conversational-direct="FALSE" conversational-reported="FALSE"  >
<token_anchor t_id="333"/>
<token_anchor t_id="334"/>
<token_anchor t_id="335"/>
<token_anchor t_id="336"/>
<token_anchor t_id="337"/>
<token_anchor t_id="338"/>
<token_anchor t_id="339"/>
<token_anchor t_id="340"/>
<token_anchor t_id="341"/>
<token_anchor t_id="342"/>
</NARRATIVE>
<NARRATIVE m_id="37" Level="Primary" comment="" conversational-direct="FALSE" conversational-reported="FALSE"  >
<token_anchor t_id="343"/>
<token_anchor t_id="344"/>
<token_anchor t_id="345"/>
<token_anchor t_id="346"/>
<token_anchor t_id="347"/>
<token_anchor t_id="348"/>
<token_anchor t_id="349"/>
<token_anchor t_id="350"/>
<token_anchor t_id="351"/>
<token_anchor t_id="352"/>
<token_anchor t_id="353"/>
<token_anchor t_id="354"/>
<token_anchor t_id="355"/>
<token_anchor t_id="356"/>
<token_anchor t_id="357"/>
<token_anchor t_id="358"/>
<token_anchor t_id="359"/>
<token_anchor t_id="360"/>
<token_anchor t_id="361"/>
<token_anchor t_id="362"/>
<token_anchor t_id="363"/>
<token_anchor t_id="364"/>
<token_anchor t_id="365"/>
</NARRATIVE>
<NARRATIVE m_id="38" Level="Primary" comment="" conversational-direct="FALSE" conversational-reported="FALSE"  >
<token_anchor t_id="366"/>
<token_anchor t_id="367"/>
<token_anchor t_id="368"/>
<token_anchor t_id="369"/>
<token_anchor t_id="370"/>
<token_anchor t_id="371"/>
<token_anchor t_id="372"/>
<token_anchor t_id="373"/>
</NARRATIVE>
<NARRATIVE m_id="39" Level="Primary" comment="" conversational-direct="FALSE" conversational-reported="FALSE"  >
<token_anchor t_id="382"/>
<token_anchor t_id="383"/>
<token_anchor t_id="384"/>
<token_anchor t_id="385"/>
<token_anchor t_id="386"/>
<token_anchor t_id="387"/>
<token_anchor t_id="388"/>
<token_anchor t_id="389"/>
<token_anchor t_id="390"/>
<token_anchor t_id="391"/>
<token_anchor t_id="392"/>
<token_anchor t_id="393"/>
<token_anchor t_id="394"/>
<token_anchor t_id="395"/>
<token_anchor t_id="396"/>
<token_anchor t_id="397"/>
<token_anchor t_id="398"/>
<token_anchor t_id="399"/>
<token_anchor t_id="400"/>
</NARRATIVE>
<NARRATIVE m_id="40" Level="Primary" comment="" conversational-direct="FALSE" conversational-reported="FALSE"  >
<token_anchor t_id="401"/>
<token_anchor t_id="402"/>
<token_anchor t_id="403"/>
<token_anchor t_id="404"/>
<token_anchor t_id="405"/>
<token_anchor t_id="406"/>
<token_anchor t_id="407"/>
<token_anchor t_id="408"/>
</NARRATIVE>


</Markables>

<Relations>
</Relations>
</Document>
