<Document doc_name="wsj_0006.xml.conll.txt">
<token t_id="1" sentence="0" number="0">Pacific</token>
<token t_id="2" sentence="0" number="1">First</token>
<token t_id="3" sentence="0" number="2">Financial</token>
<token t_id="4" sentence="0" number="3">Corp</token>
<token t_id="5" sentence="0" number="4">.</token>
<token t_id="6" sentence="0" number="5">said</token>
<token t_id="7" sentence="0" number="6">shareholders</token>
<token t_id="8" sentence="0" number="7">approved</token>
<token t_id="9" sentence="0" number="8">its</token>
<token t_id="10" sentence="0" number="9">acquisition</token>
<token t_id="11" sentence="0" number="10">by</token>
<token t_id="12" sentence="0" number="11">Royal</token>
<token t_id="13" sentence="0" number="12">Trustco</token>
<token t_id="14" sentence="0" number="13">Ltd</token>
<token t_id="15" sentence="0" number="14">.</token>
<token t_id="16" sentence="0" number="15">of</token>
<token t_id="17" sentence="0" number="16">Toronto</token>
<token t_id="18" sentence="0" number="17">for</token>
<token t_id="19" sentence="0" number="18">$</token>
<token t_id="20" sentence="0" number="19">27</token>
<token t_id="21" sentence="0" number="20">a</token>
<token t_id="22" sentence="0" number="21">share</token>
<token t_id="23" sentence="0" number="22">,</token>
<token t_id="24" sentence="0" number="23">or</token>
<token t_id="25" sentence="0" number="24">$</token>
<token t_id="26" sentence="0" number="25">212</token>
<token t_id="27" sentence="0" number="26">million</token>
<token t_id="28" sentence="0" number="27">.</token>
<token t_id="29" sentence="1" number="0">The</token>
<token t_id="30" sentence="1" number="1">thrift</token>
<token t_id="31" sentence="1" number="2">holding</token>
<token t_id="32" sentence="1" number="3">company</token>
<token t_id="33" sentence="1" number="4">said</token>
<token t_id="34" sentence="1" number="5">it</token>
<token t_id="35" sentence="1" number="6">expects</token>
<token t_id="36" sentence="1" number="7">to</token>
<token t_id="37" sentence="1" number="8">obtain</token>
<token t_id="38" sentence="1" number="9">regulatory</token>
<token t_id="39" sentence="1" number="10">approval</token>
<token t_id="40" sentence="1" number="11">and</token>
<token t_id="41" sentence="1" number="12">complete</token>
<token t_id="42" sentence="1" number="13">the</token>
<token t_id="43" sentence="1" number="14">transaction</token>
<token t_id="44" sentence="1" number="15">by</token>
<token t_id="45" sentence="1" number="16">year</token>
<token t_id="46" sentence="1" number="17">-</token>
<token t_id="47" sentence="1" number="18">end</token>
<token t_id="48" sentence="1" number="19">.</token>


<Markables>
<NARRATIVE m_id="1" Level="Primary" comment="" conversational-direct="FALSE" conversational-reported="FALSE"  >
<token_anchor t_id="1"/>
<token_anchor t_id="2"/>
<token_anchor t_id="3"/>
<token_anchor t_id="4"/>
<token_anchor t_id="5"/>
<token_anchor t_id="6"/>
</NARRATIVE>
<NARRATIVE m_id="2" Level="Primary" comment="" conversational-direct="FALSE" conversational-reported="TRUE"  >
<token_anchor t_id="7"/>
<token_anchor t_id="8"/>
<token_anchor t_id="9"/>
<token_anchor t_id="10"/>
<token_anchor t_id="11"/>
<token_anchor t_id="12"/>
<token_anchor t_id="13"/>
<token_anchor t_id="14"/>
<token_anchor t_id="15"/>
<token_anchor t_id="16"/>
<token_anchor t_id="17"/>
<token_anchor t_id="18"/>
<token_anchor t_id="19"/>
<token_anchor t_id="20"/>
<token_anchor t_id="21"/>
<token_anchor t_id="22"/>
<token_anchor t_id="23"/>
<token_anchor t_id="24"/>
<token_anchor t_id="25"/>
<token_anchor t_id="26"/>
<token_anchor t_id="27"/>
<token_anchor t_id="28"/>
</NARRATIVE>
<NARRATIVE m_id="3" Level="Primary" comment="" conversational-direct="FALSE" conversational-reported="FALSE"  >
<token_anchor t_id="29"/>
<token_anchor t_id="30"/>
<token_anchor t_id="31"/>
<token_anchor t_id="32"/>
<token_anchor t_id="33"/>
</NARRATIVE>
<NARRATIVE m_id="4" Level="Primary" comment="" conversational-direct="FALSE" conversational-reported="TRUE"  >
<token_anchor t_id="34"/>
<token_anchor t_id="35"/>
</NARRATIVE>
<NARRATIVE m_id="5" Level="Primary" comment="" conversational-direct="FALSE" conversational-reported="TRUE"  >
<token_anchor t_id="36"/>
<token_anchor t_id="37"/>
<token_anchor t_id="38"/>
<token_anchor t_id="39"/>
</NARRATIVE>
<NARRATIVE m_id="6" Level="Primary" comment="" conversational-direct="FALSE" conversational-reported="TRUE"  >
<token_anchor t_id="40"/>
<token_anchor t_id="41"/>
<token_anchor t_id="42"/>
<token_anchor t_id="43"/>
<token_anchor t_id="44"/>
<token_anchor t_id="45"/>
<token_anchor t_id="46"/>
<token_anchor t_id="47"/>
<token_anchor t_id="48"/>
</NARRATIVE>


</Markables>

<Relations>
</Relations>
</Document>
