<Document doc_name="wsj_1006.xml.conll.txt">
<token t_id="1" sentence="0" number="0">In</token>
<token t_id="2" sentence="0" number="1">a</token>
<token t_id="3" sentence="0" number="2">stunning</token>
<token t_id="4" sentence="0" number="3">shift</token>
<token t_id="5" sentence="0" number="4">in</token>
<token t_id="6" sentence="0" number="5">direction</token>
<token t_id="7" sentence="0" number="6">,</token>
<token t_id="8" sentence="0" number="7">Provigo</token>
<token t_id="9" sentence="0" number="8">Inc</token>
<token t_id="10" sentence="0" number="9">.</token>
<token t_id="11" sentence="0" number="10">said</token>
<token t_id="12" sentence="0" number="11">it</token>
<token t_id="13" sentence="0" number="12">will</token>
<token t_id="14" sentence="0" number="13">sell</token>
<token t_id="15" sentence="0" number="14">all</token>
<token t_id="16" sentence="0" number="15">its</token>
<token t_id="17" sentence="0" number="16">non</token>
<token t_id="18" sentence="0" number="17">-</token>
<token t_id="19" sentence="0" number="18">food</token>
<token t_id="20" sentence="0" number="19">operations</token>
<token t_id="21" sentence="0" number="20">to</token>
<token t_id="22" sentence="0" number="21">concentrate</token>
<token t_id="23" sentence="0" number="22">solely</token>
<token t_id="24" sentence="0" number="23">on</token>
<token t_id="25" sentence="0" number="24">its</token>
<token t_id="26" sentence="0" number="25">retail</token>
<token t_id="27" sentence="0" number="26">and</token>
<token t_id="28" sentence="0" number="27">wholesale</token>
<token t_id="29" sentence="0" number="28">grocery</token>
<token t_id="30" sentence="0" number="29">business</token>
<token t_id="31" sentence="0" number="30">.</token>
<token t_id="32" sentence="1" number="0">The</token>
<token t_id="33" sentence="1" number="1">non</token>
<token t_id="34" sentence="1" number="2">-</token>
<token t_id="35" sentence="1" number="3">food</token>
<token t_id="36" sentence="1" number="4">operations</token>
<token t_id="37" sentence="1" number="5">accounted</token>
<token t_id="38" sentence="1" number="6">for</token>
<token t_id="39" sentence="1" number="7">about</token>
<token t_id="40" sentence="1" number="8">27</token>
<token t_id="41" sentence="1" number="9">%</token>
<token t_id="42" sentence="1" number="10">of</token>
<token t_id="43" sentence="1" number="11">Provigo</token>
<token t_id="44" sentence="1" number="12">'s</token>
<token t_id="45" sentence="1" number="13">7</token>
<token t_id="46" sentence="1" number="14">.</token>
<token t_id="47" sentence="1" number="15">38</token>
<token t_id="48" sentence="1" number="16">billion</token>
<token t_id="49" sentence="1" number="17">Canadian</token>
<token t_id="50" sentence="1" number="18">dollars</token>
<token t_id="51" sentence="1" number="19">-</token>
<token t_id="52" sentence="1" number="20">LRB</token>
<token t_id="53" sentence="1" number="21">-</token>
<token t_id="54" sentence="1" number="22">US$</token>
<token t_id="55" sentence="1" number="23">6</token>
<token t_id="56" sentence="1" number="24">.</token>
<token t_id="57" sentence="1" number="25">3</token>
<token t_id="58" sentence="1" number="26">billion</token>
<token t_id="59" sentence="1" number="27">-</token>
<token t_id="60" sentence="1" number="28">RRB</token>
<token t_id="61" sentence="1" number="29">-</token>
<token t_id="62" sentence="1" number="30">in</token>
<token t_id="63" sentence="1" number="31">sales</token>
<token t_id="64" sentence="1" number="32">in</token>
<token t_id="65" sentence="1" number="33">the</token>
<token t_id="66" sentence="1" number="34">latest</token>
<token t_id="67" sentence="1" number="35">fiscal</token>
<token t_id="68" sentence="1" number="36">year</token>
<token t_id="69" sentence="1" number="37">.</token>
<token t_id="70" sentence="2" number="0">In</token>
<token t_id="71" sentence="2" number="1">a</token>
<token t_id="72" sentence="2" number="2">related</token>
<token t_id="73" sentence="2" number="3">move</token>
<token t_id="74" sentence="2" number="4">,</token>
<token t_id="75" sentence="2" number="5">Pierre</token>
<token t_id="76" sentence="2" number="6">Lortie</token>
<token t_id="77" sentence="2" number="7">,</token>
<token t_id="78" sentence="2" number="8">chairman</token>
<token t_id="79" sentence="2" number="9">and</token>
<token t_id="80" sentence="2" number="10">chief</token>
<token t_id="81" sentence="2" number="11">executive</token>
<token t_id="82" sentence="2" number="12">,</token>
<token t_id="83" sentence="2" number="13">resigned</token>
<token t_id="84" sentence="2" number="14">.</token>
<token t_id="85" sentence="3" number="0">Mr</token>
<token t_id="86" sentence="3" number="1">.</token>
<token t_id="87" sentence="3" number="2">Lortie</token>
<token t_id="88" sentence="3" number="3">joined</token>
<token t_id="89" sentence="3" number="4">Provigo</token>
<token t_id="90" sentence="3" number="5">in</token>
<token t_id="91" sentence="3" number="6">1985</token>
<token t_id="92" sentence="3" number="7">and</token>
<token t_id="93" sentence="3" number="8">spearheaded</token>
<token t_id="94" sentence="3" number="9">the</token>
<token t_id="95" sentence="3" number="10">company</token>
<token t_id="96" sentence="3" number="11">'s</token>
<token t_id="97" sentence="3" number="12">drive</token>
<token t_id="98" sentence="3" number="13">to</token>
<token t_id="99" sentence="3" number="14">grow</token>
<token t_id="100" sentence="3" number="15">outside</token>
<token t_id="101" sentence="3" number="16">its</token>
<token t_id="102" sentence="3" number="17">traditional</token>
<token t_id="103" sentence="3" number="18">food</token>
<token t_id="104" sentence="3" number="19">business</token>
<token t_id="105" sentence="3" number="20">.</token>
<token t_id="106" sentence="4" number="0">He</token>
<token t_id="107" sentence="4" number="1">could</token>
<token t_id="108" sentence="4" number="2">n't</token>
<token t_id="109" sentence="4" number="3">be</token>
<token t_id="110" sentence="4" number="4">reached</token>
<token t_id="111" sentence="4" number="5">for</token>
<token t_id="112" sentence="4" number="6">comment</token>
<token t_id="113" sentence="4" number="7">.</token>
<token t_id="114" sentence="5" number="0">Bertin</token>
<token t_id="115" sentence="5" number="1">Nadeau</token>
<token t_id="116" sentence="5" number="2">,</token>
<token t_id="117" sentence="5" number="3">newly</token>
<token t_id="118" sentence="5" number="4">appointed</token>
<token t_id="119" sentence="5" number="5">chairman</token>
<token t_id="120" sentence="5" number="6">and</token>
<token t_id="121" sentence="5" number="7">interim</token>
<token t_id="122" sentence="5" number="8">chief</token>
<token t_id="123" sentence="5" number="9">executive</token>
<token t_id="124" sentence="5" number="10">of</token>
<token t_id="125" sentence="5" number="11">Provigo</token>
<token t_id="126" sentence="5" number="12">,</token>
<token t_id="127" sentence="5" number="13">would</token>
<token t_id="128" sentence="5" number="14">n't</token>
<token t_id="129" sentence="5" number="15">say</token>
<token t_id="130" sentence="5" number="16">if</token>
<token t_id="131" sentence="5" number="17">Mr</token>
<token t_id="132" sentence="5" number="18">.</token>
<token t_id="133" sentence="5" number="19">Lortie</token>
<token t_id="134" sentence="5" number="20">was</token>
<token t_id="135" sentence="5" number="21">asked</token>
<token t_id="136" sentence="5" number="22">to</token>
<token t_id="137" sentence="5" number="23">leave</token>
<token t_id="138" sentence="5" number="24">.</token>
<token t_id="139" sentence="6" number="0">``</token>
<token t_id="140" sentence="6" number="1">Mr</token>
<token t_id="141" sentence="6" number="2">.</token>
<token t_id="142" sentence="6" number="3">Lortie</token>
<token t_id="143" sentence="6" number="4">felt</token>
<token t_id="144" sentence="6" number="5">less</token>
<token t_id="145" sentence="6" number="6">pertinent</token>
<token t_id="146" sentence="6" number="7">,</token>
<token t_id="147" sentence="6" number="8">''</token>
<token t_id="148" sentence="6" number="9">Mr</token>
<token t_id="149" sentence="6" number="10">.</token>
<token t_id="150" sentence="6" number="11">Nadeau</token>
<token t_id="151" sentence="6" number="12">said</token>
<token t_id="152" sentence="6" number="13">,</token>
<token t_id="153" sentence="6" number="14">given</token>
<token t_id="154" sentence="6" number="15">the</token>
<token t_id="155" sentence="6" number="16">decision</token>
<token t_id="156" sentence="6" number="17">to</token>
<token t_id="157" sentence="6" number="18">dump</token>
<token t_id="158" sentence="6" number="19">Provigo</token>
<token t_id="159" sentence="6" number="20">'s</token>
<token t_id="160" sentence="6" number="21">non</token>
<token t_id="161" sentence="6" number="22">-</token>
<token t_id="162" sentence="6" number="23">food</token>
<token t_id="163" sentence="6" number="24">operations</token>
<token t_id="164" sentence="6" number="25">.</token>
<token t_id="165" sentence="7" number="0">``</token>
<token t_id="166" sentence="7" number="1">At</token>
<token t_id="167" sentence="7" number="2">this</token>
<token t_id="168" sentence="7" number="3">stage</token>
<token t_id="169" sentence="7" number="4">it</token>
<token t_id="170" sentence="7" number="5">was</token>
<token t_id="171" sentence="7" number="6">felt</token>
<token t_id="172" sentence="7" number="7">I</token>
<token t_id="173" sentence="7" number="8">was</token>
<token t_id="174" sentence="7" number="9">perhaps</token>
<token t_id="175" sentence="7" number="10">more</token>
<token t_id="176" sentence="7" number="11">pertinent</token>
<token t_id="177" sentence="7" number="12">as</token>
<token t_id="178" sentence="7" number="13">chief</token>
<token t_id="179" sentence="7" number="14">executive</token>
<token t_id="180" sentence="7" number="15">.</token>
<token t_id="181" sentence="7" number="16">''</token>
<token t_id="182" sentence="8" number="0">Mr</token>
<token t_id="183" sentence="8" number="1">.</token>
<token t_id="184" sentence="8" number="2">Nadeau</token>
<token t_id="185" sentence="8" number="3">also</token>
<token t_id="186" sentence="8" number="4">is</token>
<token t_id="187" sentence="8" number="5">chairman</token>
<token t_id="188" sentence="8" number="6">and</token>
<token t_id="189" sentence="8" number="7">chief</token>
<token t_id="190" sentence="8" number="8">executive</token>
<token t_id="191" sentence="8" number="9">of</token>
<token t_id="192" sentence="8" number="10">Unigesco</token>
<token t_id="193" sentence="8" number="11">Inc</token>
<token t_id="194" sentence="8" number="12">.</token>
<token t_id="195" sentence="8" number="13">,</token>
<token t_id="196" sentence="8" number="14">Provigo</token>
<token t_id="197" sentence="8" number="15">'s</token>
<token t_id="198" sentence="8" number="16">controlling</token>
<token t_id="199" sentence="8" number="17">shareholder</token>
<token t_id="200" sentence="8" number="18">.</token>
<token t_id="201" sentence="9" number="0">At</token>
<token t_id="202" sentence="9" number="1">a</token>
<token t_id="203" sentence="9" number="2">news</token>
<token t_id="204" sentence="9" number="3">conference</token>
<token t_id="205" sentence="9" number="4">,</token>
<token t_id="206" sentence="9" number="5">Mr</token>
<token t_id="207" sentence="9" number="6">.</token>
<token t_id="208" sentence="9" number="7">Nadeau</token>
<token t_id="209" sentence="9" number="8">said</token>
<token t_id="210" sentence="9" number="9">the</token>
<token t_id="211" sentence="9" number="10">sale</token>
<token t_id="212" sentence="9" number="11">of</token>
<token t_id="213" sentence="9" number="12">the</token>
<token t_id="214" sentence="9" number="13">three</token>
<token t_id="215" sentence="9" number="14">non</token>
<token t_id="216" sentence="9" number="15">-</token>
<token t_id="217" sentence="9" number="16">food</token>
<token t_id="218" sentence="9" number="17">businesses</token>
<token t_id="219" sentence="9" number="18">,</token>
<token t_id="220" sentence="9" number="19">which</token>
<token t_id="221" sentence="9" number="20">account</token>
<token t_id="222" sentence="9" number="21">for</token>
<token t_id="223" sentence="9" number="22">nearly</token>
<token t_id="224" sentence="9" number="23">half</token>
<token t_id="225" sentence="9" number="24">the</token>
<token t_id="226" sentence="9" number="25">company</token>
<token t_id="227" sentence="9" number="26">'s</token>
<token t_id="228" sentence="9" number="27">C$</token>
<token t_id="229" sentence="9" number="28">900</token>
<token t_id="230" sentence="9" number="29">million</token>
<token t_id="231" sentence="9" number="30">in</token>
<token t_id="232" sentence="9" number="31">assets</token>
<token t_id="233" sentence="9" number="32">,</token>
<token t_id="234" sentence="9" number="33">should</token>
<token t_id="235" sentence="9" number="34">be</token>
<token t_id="236" sentence="9" number="35">completed</token>
<token t_id="237" sentence="9" number="36">in</token>
<token t_id="238" sentence="9" number="37">a</token>
<token t_id="239" sentence="9" number="38">``</token>
<token t_id="240" sentence="9" number="39">matter</token>
<token t_id="241" sentence="9" number="40">of</token>
<token t_id="242" sentence="9" number="41">months</token>
<token t_id="243" sentence="9" number="42">.</token>
<token t_id="244" sentence="9" number="43">''</token>
<token t_id="245" sentence="10" number="0">The</token>
<token t_id="246" sentence="10" number="1">three</token>
<token t_id="247" sentence="10" number="2">units</token>
<token t_id="248" sentence="10" number="3">are</token>
<token t_id="249" sentence="10" number="4">a</token>
<token t_id="250" sentence="10" number="5">nationwide</token>
<token t_id="251" sentence="10" number="6">pharmaceutical</token>
<token t_id="252" sentence="10" number="7">and</token>
<token t_id="253" sentence="10" number="8">health</token>
<token t_id="254" sentence="10" number="9">-</token>
<token t_id="255" sentence="10" number="10">products</token>
<token t_id="256" sentence="10" number="11">distributor</token>
<token t_id="257" sentence="10" number="12">,</token>
<token t_id="258" sentence="10" number="13">a</token>
<token t_id="259" sentence="10" number="14">small</token>
<token t_id="260" sentence="10" number="15">sporting</token>
<token t_id="261" sentence="10" number="16">-</token>
<token t_id="262" sentence="10" number="17">goods</token>
<token t_id="263" sentence="10" number="18">chain</token>
<token t_id="264" sentence="10" number="19">,</token>
<token t_id="265" sentence="10" number="20">and</token>
<token t_id="266" sentence="10" number="21">a</token>
<token t_id="267" sentence="10" number="22">combination</token>
<token t_id="268" sentence="10" number="23">catalog</token>
<token t_id="269" sentence="10" number="24">showroom</token>
<token t_id="270" sentence="10" number="25">and</token>
<token t_id="271" sentence="10" number="26">toy</token>
<token t_id="272" sentence="10" number="27">-</token>
<token t_id="273" sentence="10" number="28">store</token>
<token t_id="274" sentence="10" number="29">chain</token>
<token t_id="275" sentence="10" number="30">.</token>
<token t_id="276" sentence="11" number="0">Investors</token>
<token t_id="277" sentence="11" number="1">and</token>
<token t_id="278" sentence="11" number="2">analysts</token>
<token t_id="279" sentence="11" number="3">applauded</token>
<token t_id="280" sentence="11" number="4">the</token>
<token t_id="281" sentence="11" number="5">news</token>
<token t_id="282" sentence="11" number="6">.</token>
<token t_id="283" sentence="12" number="0">Provigo</token>
<token t_id="284" sentence="12" number="1">was</token>
<token t_id="285" sentence="12" number="2">the</token>
<token t_id="286" sentence="12" number="3">most</token>
<token t_id="287" sentence="12" number="4">active</token>
<token t_id="288" sentence="12" number="5">industrial</token>
<token t_id="289" sentence="12" number="6">stock</token>
<token t_id="290" sentence="12" number="7">on</token>
<token t_id="291" sentence="12" number="8">the</token>
<token t_id="292" sentence="12" number="9">Montreal</token>
<token t_id="293" sentence="12" number="10">Exchange</token>
<token t_id="294" sentence="12" number="11">,</token>
<token t_id="295" sentence="12" number="12">where</token>
<token t_id="296" sentence="12" number="13">it</token>
<token t_id="297" sentence="12" number="14">closed</token>
<token t_id="298" sentence="12" number="15">at</token>
<token t_id="299" sentence="12" number="16">C$</token>
<token t_id="300" sentence="12" number="17">9</token>
<token t_id="301" sentence="12" number="18">.</token>
<token t_id="302" sentence="12" number="19">75</token>
<token t_id="303" sentence="12" number="20">-</token>
<token t_id="304" sentence="12" number="21">LRB</token>
<token t_id="305" sentence="12" number="22">-</token>
<token t_id="306" sentence="12" number="23">US$</token>
<token t_id="307" sentence="12" number="24">8</token>
<token t_id="308" sentence="12" number="25">.</token>
<token t_id="309" sentence="12" number="26">32</token>
<token t_id="310" sentence="12" number="27">-</token>
<token t_id="311" sentence="12" number="28">RRB</token>
<token t_id="312" sentence="12" number="29">-</token>
<token t_id="313" sentence="12" number="30">,</token>
<token t_id="314" sentence="12" number="31">up</token>
<token t_id="315" sentence="12" number="32">75</token>
<token t_id="316" sentence="12" number="33">Canadian</token>
<token t_id="317" sentence="12" number="34">cents</token>
<token t_id="318" sentence="12" number="35">.</token>
<token t_id="319" sentence="13" number="0">``</token>
<token t_id="320" sentence="13" number="1">I</token>
<token t_id="321" sentence="13" number="2">think</token>
<token t_id="322" sentence="13" number="3">it</token>
<token t_id="323" sentence="13" number="4">'s</token>
<token t_id="324" sentence="13" number="5">a</token>
<token t_id="325" sentence="13" number="6">pretty</token>
<token t_id="326" sentence="13" number="7">positive</token>
<token t_id="327" sentence="13" number="8">development</token>
<token t_id="328" sentence="13" number="9">,</token>
<token t_id="329" sentence="13" number="10">''</token>
<token t_id="330" sentence="13" number="11">said</token>
<token t_id="331" sentence="13" number="12">Ross</token>
<token t_id="332" sentence="13" number="13">Cowan</token>
<token t_id="333" sentence="13" number="14">,</token>
<token t_id="334" sentence="13" number="15">a</token>
<token t_id="335" sentence="13" number="16">financial</token>
<token t_id="336" sentence="13" number="17">analyst</token>
<token t_id="337" sentence="13" number="18">with</token>
<token t_id="338" sentence="13" number="19">Levesque</token>
<token t_id="339" sentence="13" number="20">Beaubien</token>
<token t_id="340" sentence="13" number="21">Geoffrion</token>
<token t_id="341" sentence="13" number="22">Inc</token>
<token t_id="342" sentence="13" number="23">.</token>
<token t_id="343" sentence="13" number="24">,</token>
<token t_id="344" sentence="13" number="25">of</token>
<token t_id="345" sentence="13" number="26">the</token>
<token t_id="346" sentence="13" number="27">decision</token>
<token t_id="347" sentence="13" number="28">to</token>
<token t_id="348" sentence="13" number="29">concentrate</token>
<token t_id="349" sentence="13" number="30">on</token>
<token t_id="350" sentence="13" number="31">groceries</token>
<token t_id="351" sentence="13" number="32">.</token>
<token t_id="352" sentence="14" number="0">Mr</token>
<token t_id="353" sentence="14" number="1">.</token>
<token t_id="354" sentence="14" number="2">Lortie</token>
<token t_id="355" sentence="14" number="3">'s</token>
<token t_id="356" sentence="14" number="4">departure</token>
<token t_id="357" sentence="14" number="5">,</token>
<token t_id="358" sentence="14" number="6">while</token>
<token t_id="359" sentence="14" number="7">sudden</token>
<token t_id="360" sentence="14" number="8">,</token>
<token t_id="361" sentence="14" number="9">was</token>
<token t_id="362" sentence="14" number="10">seen</token>
<token t_id="363" sentence="14" number="11">as</token>
<token t_id="364" sentence="14" number="12">inevitable</token>
<token t_id="365" sentence="14" number="13">in</token>
<token t_id="366" sentence="14" number="14">light</token>
<token t_id="367" sentence="14" number="15">of</token>
<token t_id="368" sentence="14" number="16">the</token>
<token t_id="369" sentence="14" number="17">shift</token>
<token t_id="370" sentence="14" number="18">in</token>
<token t_id="371" sentence="14" number="19">strategy</token>
<token t_id="372" sentence="14" number="20">.</token>
<token t_id="373" sentence="15" number="0">``</token>
<token t_id="374" sentence="15" number="1">The</token>
<token t_id="375" sentence="15" number="2">non</token>
<token t_id="376" sentence="15" number="3">-</token>
<token t_id="377" sentence="15" number="4">food</token>
<token t_id="378" sentence="15" number="5">operations</token>
<token t_id="379" sentence="15" number="6">were</token>
<token t_id="380" sentence="15" number="7">largely</token>
<token t_id="381" sentence="15" number="8">Mr</token>
<token t_id="382" sentence="15" number="9">.</token>
<token t_id="383" sentence="15" number="10">Lortie</token>
<token t_id="384" sentence="15" number="11">'s</token>
<token t_id="385" sentence="15" number="12">creation</token>
<token t_id="386" sentence="15" number="13">-</token>
<token t_id="387" sentence="15" number="14">LCB</token>
<token t_id="388" sentence="15" number="15">-</token>
<token t_id="389" sentence="15" number="16">and</token>
<token t_id="390" sentence="15" number="17">-</token>
<token t_id="391" sentence="15" number="18">RCB</token>
<token t_id="392" sentence="15" number="19">-</token>
<token t_id="393" sentence="15" number="20">his</token>
<token t_id="394" sentence="15" number="21">strategy</token>
<token t_id="395" sentence="15" number="22">did</token>
<token t_id="396" sentence="15" number="23">n't</token>
<token t_id="397" sentence="15" number="24">work</token>
<token t_id="398" sentence="15" number="25">,</token>
<token t_id="399" sentence="15" number="26">''</token>
<token t_id="400" sentence="15" number="27">said</token>
<token t_id="401" sentence="15" number="28">Steven</token>
<token t_id="402" sentence="15" number="29">Holt</token>
<token t_id="403" sentence="15" number="30">,</token>
<token t_id="404" sentence="15" number="31">a</token>
<token t_id="405" sentence="15" number="32">financial</token>
<token t_id="406" sentence="15" number="33">analyst</token>
<token t_id="407" sentence="15" number="34">with</token>
<token t_id="408" sentence="15" number="35">Midland</token>
<token t_id="409" sentence="15" number="36">Doherty</token>
<token t_id="410" sentence="15" number="37">Ltd</token>
<token t_id="411" sentence="15" number="38">.</token>
<token t_id="412" sentence="16" number="0">Provigo</token>
<token t_id="413" sentence="16" number="1">'s</token>
<token t_id="414" sentence="16" number="2">profit</token>
<token t_id="415" sentence="16" number="3">record</token>
<token t_id="416" sentence="16" number="4">over</token>
<token t_id="417" sentence="16" number="5">the</token>
<token t_id="418" sentence="16" number="6">past</token>
<token t_id="419" sentence="16" number="7">two</token>
<token t_id="420" sentence="16" number="8">years</token>
<token t_id="421" sentence="16" number="9">tarnished</token>
<token t_id="422" sentence="16" number="10">the</token>
<token t_id="423" sentence="16" number="11">company</token>
<token t_id="424" sentence="16" number="12">'s</token>
<token t_id="425" sentence="16" number="13">and</token>
<token t_id="426" sentence="16" number="14">Mr</token>
<token t_id="427" sentence="16" number="15">.</token>
<token t_id="428" sentence="16" number="16">Lortie</token>
<token t_id="429" sentence="16" number="17">'s</token>
<token t_id="430" sentence="16" number="18">reputations</token>
<token t_id="431" sentence="16" number="19">.</token>
<token t_id="432" sentence="17" number="0">For</token>
<token t_id="433" sentence="17" number="1">the</token>
<token t_id="434" sentence="17" number="2">six</token>
<token t_id="435" sentence="17" number="3">months</token>
<token t_id="436" sentence="17" number="4">ended</token>
<token t_id="437" sentence="17" number="5">Aug</token>
<token t_id="438" sentence="17" number="6">.</token>
<token t_id="439" sentence="17" number="7">12</token>
<token t_id="440" sentence="17" number="8">,</token>
<token t_id="441" sentence="17" number="9">Provigo</token>
<token t_id="442" sentence="17" number="10">posted</token>
<token t_id="443" sentence="17" number="11">net</token>
<token t_id="444" sentence="17" number="12">income</token>
<token t_id="445" sentence="17" number="13">of</token>
<token t_id="446" sentence="17" number="14">C$</token>
<token t_id="447" sentence="17" number="15">6</token>
<token t_id="448" sentence="17" number="16">.</token>
<token t_id="449" sentence="17" number="17">5</token>
<token t_id="450" sentence="17" number="18">million</token>
<token t_id="451" sentence="17" number="19">,</token>
<token t_id="452" sentence="17" number="20">or</token>
<token t_id="453" sentence="17" number="21">eight</token>
<token t_id="454" sentence="17" number="22">Canadian</token>
<token t_id="455" sentence="17" number="23">cents</token>
<token t_id="456" sentence="17" number="24">a</token>
<token t_id="457" sentence="17" number="25">share</token>
<token t_id="458" sentence="17" number="26">,</token>
<token t_id="459" sentence="17" number="27">compared</token>
<token t_id="460" sentence="17" number="28">with</token>
<token t_id="461" sentence="17" number="29">C$</token>
<token t_id="462" sentence="17" number="30">18</token>
<token t_id="463" sentence="17" number="31">.</token>
<token t_id="464" sentence="17" number="32">1</token>
<token t_id="465" sentence="17" number="33">million</token>
<token t_id="466" sentence="17" number="34">,</token>
<token t_id="467" sentence="17" number="35">or</token>
<token t_id="468" sentence="17" number="36">21</token>
<token t_id="469" sentence="17" number="37">Canadian</token>
<token t_id="470" sentence="17" number="38">cents</token>
<token t_id="471" sentence="17" number="39">a</token>
<token t_id="472" sentence="17" number="40">share</token>
<token t_id="473" sentence="17" number="41">,</token>
<token t_id="474" sentence="17" number="42">a</token>
<token t_id="475" sentence="17" number="43">year</token>
<token t_id="476" sentence="17" number="44">earlier</token>
<token t_id="477" sentence="17" number="45">.</token>
<token t_id="478" sentence="18" number="0">Sales</token>
<token t_id="479" sentence="18" number="1">were</token>
<token t_id="480" sentence="18" number="2">C$</token>
<token t_id="481" sentence="18" number="3">4</token>
<token t_id="482" sentence="18" number="4">.</token>
<token t_id="483" sentence="18" number="5">2</token>
<token t_id="484" sentence="18" number="6">billion</token>
<token t_id="485" sentence="18" number="7">compared</token>
<token t_id="486" sentence="18" number="8">with</token>
<token t_id="487" sentence="18" number="9">C$</token>
<token t_id="488" sentence="18" number="10">3</token>
<token t_id="489" sentence="18" number="11">.</token>
<token t_id="490" sentence="18" number="12">7</token>
<token t_id="491" sentence="18" number="13">billion</token>
<token t_id="492" sentence="18" number="14">.</token>
<token t_id="493" sentence="19" number="0">Last</token>
<token t_id="494" sentence="19" number="1">month</token>
<token t_id="495" sentence="19" number="2">,</token>
<token t_id="496" sentence="19" number="3">Canadian</token>
<token t_id="497" sentence="19" number="4">Bond</token>
<token t_id="498" sentence="19" number="5">Rating</token>
<token t_id="499" sentence="19" number="6">Service</token>
<token t_id="500" sentence="19" number="7">downgraded</token>
<token t_id="501" sentence="19" number="8">Provigo</token>
<token t_id="502" sentence="19" number="9">'s</token>
<token t_id="503" sentence="19" number="10">commercial</token>
<token t_id="504" sentence="19" number="11">paper</token>
<token t_id="505" sentence="19" number="12">and</token>
<token t_id="506" sentence="19" number="13">debentures</token>
<token t_id="507" sentence="19" number="14">because</token>
<token t_id="508" sentence="19" number="15">of</token>
<token t_id="509" sentence="19" number="16">its</token>
<token t_id="510" sentence="19" number="17">lackluster</token>
<token t_id="511" sentence="19" number="18">performance</token>
<token t_id="512" sentence="19" number="19">.</token>
<token t_id="513" sentence="20" number="0">Analysts</token>
<token t_id="514" sentence="20" number="1">are</token>
<token t_id="515" sentence="20" number="2">skeptical</token>
<token t_id="516" sentence="20" number="3">Provigo</token>
<token t_id="517" sentence="20" number="4">will</token>
<token t_id="518" sentence="20" number="5">be</token>
<token t_id="519" sentence="20" number="6">able</token>
<token t_id="520" sentence="20" number="7">to</token>
<token t_id="521" sentence="20" number="8">sell</token>
<token t_id="522" sentence="20" number="9">the</token>
<token t_id="523" sentence="20" number="10">non</token>
<token t_id="524" sentence="20" number="11">-</token>
<token t_id="525" sentence="20" number="12">food</token>
<token t_id="526" sentence="20" number="13">businesses</token>
<token t_id="527" sentence="20" number="14">as</token>
<token t_id="528" sentence="20" number="15">a</token>
<token t_id="529" sentence="20" number="16">group</token>
<token t_id="530" sentence="20" number="17">for</token>
<token t_id="531" sentence="20" number="18">at</token>
<token t_id="532" sentence="20" number="19">least</token>
<token t_id="533" sentence="20" number="20">book</token>
<token t_id="534" sentence="20" number="21">value</token>
<token t_id="535" sentence="20" number="22">,</token>
<token t_id="536" sentence="20" number="23">and</token>
<token t_id="537" sentence="20" number="24">are</token>
<token t_id="538" sentence="20" number="25">expecting</token>
<token t_id="539" sentence="20" number="26">write</token>
<token t_id="540" sentence="20" number="27">-</token>
<token t_id="541" sentence="20" number="28">downs</token>
<token t_id="542" sentence="20" number="29">.</token>
<token t_id="543" sentence="21" number="0">Mr</token>
<token t_id="544" sentence="21" number="1">.</token>
<token t_id="545" sentence="21" number="2">Nadeau</token>
<token t_id="546" sentence="21" number="3">said</token>
<token t_id="547" sentence="21" number="4">he</token>
<token t_id="548" sentence="21" number="5">could</token>
<token t_id="549" sentence="21" number="6">n't</token>
<token t_id="550" sentence="21" number="7">yet</token>
<token t_id="551" sentence="21" number="8">say</token>
<token t_id="552" sentence="21" number="9">if</token>
<token t_id="553" sentence="21" number="10">the</token>
<token t_id="554" sentence="21" number="11">sale</token>
<token t_id="555" sentence="21" number="12">prices</token>
<token t_id="556" sentence="21" number="13">would</token>
<token t_id="557" sentence="21" number="14">match</token>
<token t_id="558" sentence="21" number="15">book</token>
<token t_id="559" sentence="21" number="16">values</token>
<token t_id="560" sentence="21" number="17">.</token>
<token t_id="561" sentence="22" number="0">He</token>
<token t_id="562" sentence="22" number="1">said</token>
<token t_id="563" sentence="22" number="2">all</token>
<token t_id="564" sentence="22" number="3">three</token>
<token t_id="565" sentence="22" number="4">non</token>
<token t_id="566" sentence="22" number="5">-</token>
<token t_id="567" sentence="22" number="6">food</token>
<token t_id="568" sentence="22" number="7">operations</token>
<token t_id="569" sentence="22" number="8">are</token>
<token t_id="570" sentence="22" number="9">profitable</token>
<token t_id="571" sentence="22" number="10">.</token>
<token t_id="572" sentence="23" number="0">Mr</token>
<token t_id="573" sentence="23" number="1">.</token>
<token t_id="574" sentence="23" number="2">Nadeau</token>
<token t_id="575" sentence="23" number="3">said</token>
<token t_id="576" sentence="23" number="4">discussions</token>
<token t_id="577" sentence="23" number="5">are</token>
<token t_id="578" sentence="23" number="6">under</token>
<token t_id="579" sentence="23" number="7">way</token>
<token t_id="580" sentence="23" number="8">with</token>
<token t_id="581" sentence="23" number="9">potential</token>
<token t_id="582" sentence="23" number="10">purchasers</token>
<token t_id="583" sentence="23" number="11">of</token>
<token t_id="584" sentence="23" number="12">each</token>
<token t_id="585" sentence="23" number="13">of</token>
<token t_id="586" sentence="23" number="14">the</token>
<token t_id="587" sentence="23" number="15">units</token>
<token t_id="588" sentence="23" number="16">.</token>
<token t_id="589" sentence="24" number="0">He</token>
<token t_id="590" sentence="24" number="1">declined</token>
<token t_id="591" sentence="24" number="2">to</token>
<token t_id="592" sentence="24" number="3">confirm</token>
<token t_id="593" sentence="24" number="4">or</token>
<token t_id="594" sentence="24" number="5">deny</token>
<token t_id="595" sentence="24" number="6">reports</token>
<token t_id="596" sentence="24" number="7">that</token>
<token t_id="597" sentence="24" number="8">Provigo</token>
<token t_id="598" sentence="24" number="9">executive</token>
<token t_id="599" sentence="24" number="10">Henri</token>
<token t_id="600" sentence="24" number="11">Roy</token>
<token t_id="601" sentence="24" number="12">is</token>
<token t_id="602" sentence="24" number="13">trying</token>
<token t_id="603" sentence="24" number="14">to</token>
<token t_id="604" sentence="24" number="15">put</token>
<token t_id="605" sentence="24" number="16">together</token>
<token t_id="606" sentence="24" number="17">a</token>
<token t_id="607" sentence="24" number="18">management</token>
<token t_id="608" sentence="24" number="19">buy</token>
<token t_id="609" sentence="24" number="20">-</token>
<token t_id="610" sentence="24" number="21">out</token>
<token t_id="611" sentence="24" number="22">of</token>
<token t_id="612" sentence="24" number="23">the</token>
<token t_id="613" sentence="24" number="24">catalogue</token>
<token t_id="614" sentence="24" number="25">showroom</token>
<token t_id="615" sentence="24" number="26">unit</token>
<token t_id="616" sentence="24" number="27">.</token>
<token t_id="617" sentence="25" number="0">Mr</token>
<token t_id="618" sentence="25" number="1">.</token>
<token t_id="619" sentence="25" number="2">Roy</token>
<token t_id="620" sentence="25" number="3">could</token>
<token t_id="621" sentence="25" number="4">n't</token>
<token t_id="622" sentence="25" number="5">be</token>
<token t_id="623" sentence="25" number="6">reached</token>
<token t_id="624" sentence="25" number="7">.</token>
<token t_id="625" sentence="26" number="0">Yvon</token>
<token t_id="626" sentence="26" number="1">Bussieres</token>
<token t_id="627" sentence="26" number="2">was</token>
<token t_id="628" sentence="26" number="3">named</token>
<token t_id="629" sentence="26" number="4">senior</token>
<token t_id="630" sentence="26" number="5">executive</token>
<token t_id="631" sentence="26" number="6">vice</token>
<token t_id="632" sentence="26" number="7">president</token>
<token t_id="633" sentence="26" number="8">and</token>
<token t_id="634" sentence="26" number="9">chief</token>
<token t_id="635" sentence="26" number="10">operating</token>
<token t_id="636" sentence="26" number="11">officer</token>
<token t_id="637" sentence="26" number="12">of</token>
<token t_id="638" sentence="26" number="13">Provigo</token>
<token t_id="639" sentence="26" number="14">,</token>
<token t_id="640" sentence="26" number="15">a</token>
<token t_id="641" sentence="26" number="16">new</token>
<token t_id="642" sentence="26" number="17">position</token>
<token t_id="643" sentence="26" number="18">.</token>
<token t_id="644" sentence="27" number="0">Mr</token>
<token t_id="645" sentence="27" number="1">.</token>
<token t_id="646" sentence="27" number="2">Bussieres</token>
<token t_id="647" sentence="27" number="3">was</token>
<token t_id="648" sentence="27" number="4">president</token>
<token t_id="649" sentence="27" number="5">and</token>
<token t_id="650" sentence="27" number="6">chief</token>
<token t_id="651" sentence="27" number="7">operating</token>
<token t_id="652" sentence="27" number="8">officer</token>
<token t_id="653" sentence="27" number="9">of</token>
<token t_id="654" sentence="27" number="10">Provigo</token>
<token t_id="655" sentence="27" number="11">'s</token>
<token t_id="656" sentence="27" number="12">Quebec</token>
<token t_id="657" sentence="27" number="13">retail</token>
<token t_id="658" sentence="27" number="14">and</token>
<token t_id="659" sentence="27" number="15">wholesale</token>
<token t_id="660" sentence="27" number="16">grocery</token>
<token t_id="661" sentence="27" number="17">unit</token>
<token t_id="662" sentence="27" number="18">.</token>
<token t_id="663" sentence="28" number="0">Mr</token>
<token t_id="664" sentence="28" number="1">.</token>
<token t_id="665" sentence="28" number="2">Nadeau</token>
<token t_id="666" sentence="28" number="3">said</token>
<token t_id="667" sentence="28" number="4">he</token>
<token t_id="668" sentence="28" number="5">intends</token>
<token t_id="669" sentence="28" number="6">to</token>
<token t_id="670" sentence="28" number="7">remain</token>
<token t_id="671" sentence="28" number="8">Provigo</token>
<token t_id="672" sentence="28" number="9">'s</token>
<token t_id="673" sentence="28" number="10">chief</token>
<token t_id="674" sentence="28" number="11">executive</token>
<token t_id="675" sentence="28" number="12">only</token>
<token t_id="676" sentence="28" number="13">until</token>
<token t_id="677" sentence="28" number="14">the</token>
<token t_id="678" sentence="28" number="15">non</token>
<token t_id="679" sentence="28" number="16">-</token>
<token t_id="680" sentence="28" number="17">food</token>
<token t_id="681" sentence="28" number="18">businesses</token>
<token t_id="682" sentence="28" number="19">are</token>
<token t_id="683" sentence="28" number="20">sold</token>
<token t_id="684" sentence="28" number="21">,</token>
<token t_id="685" sentence="28" number="22">after</token>
<token t_id="686" sentence="28" number="23">a</token>
<token t_id="687" sentence="28" number="24">which</token>
<token t_id="688" sentence="28" number="25">a</token>
<token t_id="689" sentence="28" number="26">new</token>
<token t_id="690" sentence="28" number="27">chief</token>
<token t_id="691" sentence="28" number="28">executive</token>
<token t_id="692" sentence="28" number="29">will</token>
<token t_id="693" sentence="28" number="30">be</token>
<token t_id="694" sentence="28" number="31">named</token>
<token t_id="695" sentence="28" number="32">.</token>


<Markables>
<ARGUMENTATIVE m_id="62" comment="" conversational-direct="TRUE" conversational-reported="FALSE"  >
<token_anchor t_id="322"/>
<token_anchor t_id="323"/>
<token_anchor t_id="324"/>
<token_anchor t_id="325"/>
<token_anchor t_id="326"/>
<token_anchor t_id="327"/>
<token_anchor t_id="328"/>
<token_anchor t_id="329"/>
</ARGUMENTATIVE>
<ARGUMENTATIVE m_id="63" comment="" conversational-direct="FALSE" conversational-reported="FALSE"  >
<token_anchor t_id="412"/>
<token_anchor t_id="413"/>
<token_anchor t_id="414"/>
<token_anchor t_id="415"/>
<token_anchor t_id="416"/>
<token_anchor t_id="417"/>
<token_anchor t_id="418"/>
<token_anchor t_id="419"/>
<token_anchor t_id="420"/>
<token_anchor t_id="421"/>
<token_anchor t_id="422"/>
<token_anchor t_id="423"/>
<token_anchor t_id="424"/>
<token_anchor t_id="425"/>
<token_anchor t_id="426"/>
<token_anchor t_id="427"/>
<token_anchor t_id="428"/>
<token_anchor t_id="429"/>
<token_anchor t_id="430"/>
<token_anchor t_id="431"/>
</ARGUMENTATIVE>
<ARGUMENTATIVE m_id="64" comment="" conversational-direct="FALSE" conversational-reported="FALSE"  >
<token_anchor t_id="516"/>
<token_anchor t_id="517"/>
<token_anchor t_id="518"/>
<token_anchor t_id="519"/>
</ARGUMENTATIVE>
<ARGUMENTATIVE m_id="1" comment="" conversational-direct="FALSE" conversational-reported="FALSE"  >
<token_anchor t_id="352"/>
<token_anchor t_id="353"/>
<token_anchor t_id="354"/>
<token_anchor t_id="355"/>
<token_anchor t_id="356"/>
<token_anchor t_id="357"/>
<token_anchor t_id="358"/>
<token_anchor t_id="359"/>
<token_anchor t_id="360"/>
<token_anchor t_id="361"/>
<token_anchor t_id="362"/>
<token_anchor t_id="363"/>
<token_anchor t_id="364"/>
<token_anchor t_id="365"/>
<token_anchor t_id="366"/>
<token_anchor t_id="367"/>
<token_anchor t_id="368"/>
<token_anchor t_id="369"/>
<token_anchor t_id="370"/>
<token_anchor t_id="371"/>
<token_anchor t_id="372"/>
</ARGUMENTATIVE>
<ARGUMENTATIVE m_id="2" comment="" conversational-direct="FALSE" conversational-reported="FALSE"  >
<token_anchor t_id="276"/>
<token_anchor t_id="277"/>
<token_anchor t_id="278"/>
<token_anchor t_id="279"/>
<token_anchor t_id="280"/>
<token_anchor t_id="281"/>
<token_anchor t_id="282"/>
</ARGUMENTATIVE>
<ARGUMENTATIVE m_id="3" comment="" conversational-direct="FALSE" conversational-reported="FALSE"  >
<token_anchor t_id="513"/>
<token_anchor t_id="514"/>
<token_anchor t_id="515"/>
</ARGUMENTATIVE>
<ARGUMENTATIVE m_id="4" comment="" conversational-direct="TRUE" conversational-reported="FALSE"  >
<token_anchor t_id="139"/>
<token_anchor t_id="140"/>
<token_anchor t_id="141"/>
<token_anchor t_id="142"/>
<token_anchor t_id="143"/>
<token_anchor t_id="144"/>
<token_anchor t_id="145"/>
<token_anchor t_id="146"/>
<token_anchor t_id="147"/>
</ARGUMENTATIVE>
<ARGUMENTATIVE m_id="5" comment="" conversational-direct="FALSE" conversational-reported="TRUE"  >
<token_anchor t_id="563"/>
<token_anchor t_id="564"/>
<token_anchor t_id="565"/>
<token_anchor t_id="566"/>
<token_anchor t_id="567"/>
<token_anchor t_id="568"/>
<token_anchor t_id="569"/>
<token_anchor t_id="570"/>
<token_anchor t_id="571"/>
</ARGUMENTATIVE>
<ARGUMENTATIVE m_id="6" comment="" conversational-direct="TRUE" conversational-reported="FALSE"  >
<token_anchor t_id="165"/>
<token_anchor t_id="166"/>
<token_anchor t_id="167"/>
<token_anchor t_id="168"/>
<token_anchor t_id="169"/>
<token_anchor t_id="170"/>
<token_anchor t_id="171"/>
</ARGUMENTATIVE>
<ARGUMENTATIVE m_id="7" comment="" conversational-direct="TRUE" conversational-reported="FALSE"  >
<token_anchor t_id="172"/>
<token_anchor t_id="173"/>
<token_anchor t_id="174"/>
<token_anchor t_id="175"/>
<token_anchor t_id="176"/>
<token_anchor t_id="177"/>
<token_anchor t_id="178"/>
<token_anchor t_id="179"/>
<token_anchor t_id="180"/>
<token_anchor t_id="181"/>
</ARGUMENTATIVE>
<ARGUMENTATIVE m_id="8" comment="" conversational-direct="FALSE" conversational-reported="FALSE"  >
<token_anchor t_id="283"/>
<token_anchor t_id="284"/>
<token_anchor t_id="285"/>
<token_anchor t_id="286"/>
<token_anchor t_id="287"/>
<token_anchor t_id="288"/>
<token_anchor t_id="289"/>
<token_anchor t_id="290"/>
<token_anchor t_id="291"/>
<token_anchor t_id="292"/>
<token_anchor t_id="293"/>
<token_anchor t_id="294"/>
</ARGUMENTATIVE>
<ARGUMENTATIVE m_id="9" comment="" conversational-direct="TRUE" conversational-reported="FALSE"  >
<token_anchor t_id="319"/>
<token_anchor t_id="320"/>
<token_anchor t_id="321"/>
</ARGUMENTATIVE>
<DESCRIPTIVE m_id="10" Type="" comment="" conversational-direct="FALSE" conversational-reported="FALSE"  >
<token_anchor t_id="644"/>
<token_anchor t_id="645"/>
<token_anchor t_id="646"/>
<token_anchor t_id="647"/>
<token_anchor t_id="648"/>
<token_anchor t_id="649"/>
<token_anchor t_id="650"/>
<token_anchor t_id="651"/>
<token_anchor t_id="652"/>
<token_anchor t_id="653"/>
<token_anchor t_id="654"/>
<token_anchor t_id="655"/>
<token_anchor t_id="656"/>
<token_anchor t_id="657"/>
<token_anchor t_id="658"/>
<token_anchor t_id="659"/>
<token_anchor t_id="660"/>
<token_anchor t_id="661"/>
<token_anchor t_id="662"/>
</DESCRIPTIVE>
<DESCRIPTIVE m_id="11" Type="Person" comment="" conversational-direct="FALSE" conversational-reported="FALSE"  >
<token_anchor t_id="182"/>
<token_anchor t_id="183"/>
<token_anchor t_id="184"/>
<token_anchor t_id="185"/>
<token_anchor t_id="186"/>
<token_anchor t_id="187"/>
<token_anchor t_id="188"/>
<token_anchor t_id="189"/>
<token_anchor t_id="190"/>
<token_anchor t_id="191"/>
<token_anchor t_id="192"/>
<token_anchor t_id="193"/>
<token_anchor t_id="194"/>
<token_anchor t_id="195"/>
<token_anchor t_id="196"/>
<token_anchor t_id="197"/>
<token_anchor t_id="198"/>
<token_anchor t_id="199"/>
<token_anchor t_id="200"/>
</DESCRIPTIVE>
<DESCRIPTIVE m_id="12" Type="Other" comment="" conversational-direct="FALSE" conversational-reported="FALSE"  >
<token_anchor t_id="220"/>
<token_anchor t_id="221"/>
<token_anchor t_id="222"/>
<token_anchor t_id="223"/>
<token_anchor t_id="224"/>
<token_anchor t_id="225"/>
<token_anchor t_id="226"/>
<token_anchor t_id="227"/>
<token_anchor t_id="228"/>
<token_anchor t_id="229"/>
<token_anchor t_id="230"/>
<token_anchor t_id="231"/>
<token_anchor t_id="232"/>
</DESCRIPTIVE>
<DESCRIPTIVE m_id="13" Type="Other" comment="" conversational-direct="FALSE" conversational-reported="FALSE"  >
<token_anchor t_id="245"/>
<token_anchor t_id="246"/>
<token_anchor t_id="247"/>
<token_anchor t_id="248"/>
<token_anchor t_id="249"/>
<token_anchor t_id="250"/>
<token_anchor t_id="251"/>
<token_anchor t_id="252"/>
<token_anchor t_id="253"/>
<token_anchor t_id="254"/>
<token_anchor t_id="255"/>
<token_anchor t_id="256"/>
<token_anchor t_id="257"/>
<token_anchor t_id="258"/>
<token_anchor t_id="259"/>
<token_anchor t_id="260"/>
<token_anchor t_id="261"/>
<token_anchor t_id="262"/>
<token_anchor t_id="263"/>
<token_anchor t_id="264"/>
<token_anchor t_id="265"/>
<token_anchor t_id="266"/>
<token_anchor t_id="267"/>
<token_anchor t_id="268"/>
<token_anchor t_id="269"/>
<token_anchor t_id="270"/>
<token_anchor t_id="271"/>
<token_anchor t_id="272"/>
<token_anchor t_id="273"/>
<token_anchor t_id="274"/>
<token_anchor t_id="275"/>
</DESCRIPTIVE>
<NARRATIVE m_id="25" Level="Primary" comment="" conversational-direct="FALSE" conversational-reported="FALSE"  >
<token_anchor t_id="432"/>
<token_anchor t_id="433"/>
<token_anchor t_id="434"/>
<token_anchor t_id="435"/>
<token_anchor t_id="436"/>
<token_anchor t_id="437"/>
<token_anchor t_id="438"/>
<token_anchor t_id="439"/>
<token_anchor t_id="440"/>
<token_anchor t_id="441"/>
<token_anchor t_id="442"/>
<token_anchor t_id="443"/>
<token_anchor t_id="444"/>
<token_anchor t_id="445"/>
<token_anchor t_id="446"/>
<token_anchor t_id="447"/>
<token_anchor t_id="448"/>
<token_anchor t_id="449"/>
<token_anchor t_id="450"/>
<token_anchor t_id="451"/>
<token_anchor t_id="452"/>
<token_anchor t_id="453"/>
<token_anchor t_id="454"/>
<token_anchor t_id="455"/>
<token_anchor t_id="456"/>
<token_anchor t_id="457"/>
<token_anchor t_id="458"/>
</NARRATIVE>
<NARRATIVE m_id="57" Level="Primary" comment="" conversational-direct="FALSE" conversational-reported="FALSE"  >
<token_anchor t_id="603"/>
<token_anchor t_id="604"/>
<token_anchor t_id="605"/>
<token_anchor t_id="606"/>
<token_anchor t_id="607"/>
<token_anchor t_id="608"/>
<token_anchor t_id="609"/>
<token_anchor t_id="610"/>
<token_anchor t_id="611"/>
<token_anchor t_id="612"/>
<token_anchor t_id="613"/>
<token_anchor t_id="614"/>
<token_anchor t_id="615"/>
<token_anchor t_id="616"/>
</NARRATIVE>
<NARRATIVE m_id="26" Level="Primary" comment="" conversational-direct="FALSE" conversational-reported="FALSE"  >
<token_anchor t_id="1"/>
<token_anchor t_id="2"/>
<token_anchor t_id="3"/>
<token_anchor t_id="4"/>
<token_anchor t_id="5"/>
<token_anchor t_id="6"/>
<token_anchor t_id="7"/>
<token_anchor t_id="8"/>
<token_anchor t_id="9"/>
<token_anchor t_id="10"/>
<token_anchor t_id="11"/>
</NARRATIVE>
<NARRATIVE m_id="58" Level="Primary" comment="" conversational-direct="FALSE" conversational-reported="FALSE"  >
<token_anchor t_id="617"/>
<token_anchor t_id="618"/>
<token_anchor t_id="619"/>
<token_anchor t_id="620"/>
<token_anchor t_id="621"/>
<token_anchor t_id="622"/>
<token_anchor t_id="623"/>
<token_anchor t_id="624"/>
</NARRATIVE>
<NARRATIVE m_id="27" Level="Primary" comment="" conversational-direct="FALSE" conversational-reported="FALSE"  >
<token_anchor t_id="459"/>
<token_anchor t_id="460"/>
<token_anchor t_id="461"/>
<token_anchor t_id="462"/>
<token_anchor t_id="463"/>
<token_anchor t_id="464"/>
<token_anchor t_id="465"/>
<token_anchor t_id="466"/>
<token_anchor t_id="467"/>
<token_anchor t_id="468"/>
<token_anchor t_id="469"/>
<token_anchor t_id="470"/>
<token_anchor t_id="471"/>
<token_anchor t_id="472"/>
<token_anchor t_id="473"/>
<token_anchor t_id="474"/>
<token_anchor t_id="475"/>
<token_anchor t_id="476"/>
<token_anchor t_id="477"/>
</NARRATIVE>
<NARRATIVE m_id="59" Level="Primary" comment="" conversational-direct="FALSE" conversational-reported="FALSE"  >
<token_anchor t_id="663"/>
<token_anchor t_id="664"/>
<token_anchor t_id="665"/>
<token_anchor t_id="666"/>
</NARRATIVE>
<NARRATIVE m_id="28" Level="Primary" comment="" conversational-direct="FALSE" conversational-reported="TRUE"  >
<token_anchor t_id="12"/>
<token_anchor t_id="13"/>
<token_anchor t_id="14"/>
<token_anchor t_id="15"/>
<token_anchor t_id="16"/>
<token_anchor t_id="17"/>
<token_anchor t_id="18"/>
<token_anchor t_id="19"/>
<token_anchor t_id="20"/>
</NARRATIVE>
<NARRATIVE m_id="60" Level="Primary" comment="" conversational-direct="FALSE" conversational-reported="FALSE"  >
<token_anchor t_id="295"/>
<token_anchor t_id="296"/>
<token_anchor t_id="297"/>
<token_anchor t_id="298"/>
<token_anchor t_id="299"/>
<token_anchor t_id="300"/>
<token_anchor t_id="301"/>
<token_anchor t_id="302"/>
<token_anchor t_id="303"/>
<token_anchor t_id="304"/>
<token_anchor t_id="305"/>
<token_anchor t_id="306"/>
<token_anchor t_id="307"/>
<token_anchor t_id="308"/>
<token_anchor t_id="309"/>
<token_anchor t_id="310"/>
<token_anchor t_id="311"/>
<token_anchor t_id="312"/>
<token_anchor t_id="313"/>
<token_anchor t_id="314"/>
<token_anchor t_id="315"/>
<token_anchor t_id="316"/>
<token_anchor t_id="317"/>
<token_anchor t_id="318"/>
</NARRATIVE>
<NARRATIVE m_id="29" Level="Primary" comment="" conversational-direct="FALSE" conversational-reported="FALSE"  >
<token_anchor t_id="478"/>
<token_anchor t_id="479"/>
<token_anchor t_id="480"/>
<token_anchor t_id="481"/>
<token_anchor t_id="482"/>
<token_anchor t_id="483"/>
<token_anchor t_id="484"/>
</NARRATIVE>
<NARRATIVE m_id="61" Level="Primary" comment="" conversational-direct="FALSE" conversational-reported="TRUE"  >
<token_anchor t_id="667"/>
<token_anchor t_id="668"/>
</NARRATIVE>
<NARRATIVE m_id="30" Level="Primary" comment="" conversational-direct="FALSE" conversational-reported="TRUE"  >
<token_anchor t_id="21"/>
<token_anchor t_id="22"/>
<token_anchor t_id="23"/>
<token_anchor t_id="24"/>
<token_anchor t_id="25"/>
<token_anchor t_id="26"/>
<token_anchor t_id="27"/>
<token_anchor t_id="28"/>
<token_anchor t_id="29"/>
<token_anchor t_id="30"/>
<token_anchor t_id="31"/>
</NARRATIVE>
<NARRATIVE m_id="31" Level="Primary" comment="" conversational-direct="FALSE" conversational-reported="FALSE"  >
<token_anchor t_id="485"/>
<token_anchor t_id="486"/>
<token_anchor t_id="487"/>
<token_anchor t_id="488"/>
<token_anchor t_id="489"/>
<token_anchor t_id="490"/>
<token_anchor t_id="491"/>
<token_anchor t_id="492"/>
</NARRATIVE>
<NARRATIVE m_id="32" Level="Primary" comment="" conversational-direct="FALSE" conversational-reported="FALSE"  >
<token_anchor t_id="32"/>
<token_anchor t_id="33"/>
<token_anchor t_id="34"/>
<token_anchor t_id="35"/>
<token_anchor t_id="36"/>
<token_anchor t_id="37"/>
<token_anchor t_id="38"/>
<token_anchor t_id="39"/>
<token_anchor t_id="40"/>
<token_anchor t_id="41"/>
<token_anchor t_id="42"/>
<token_anchor t_id="43"/>
<token_anchor t_id="44"/>
<token_anchor t_id="45"/>
<token_anchor t_id="46"/>
<token_anchor t_id="47"/>
<token_anchor t_id="48"/>
<token_anchor t_id="49"/>
<token_anchor t_id="50"/>
<token_anchor t_id="51"/>
<token_anchor t_id="52"/>
<token_anchor t_id="53"/>
<token_anchor t_id="54"/>
<token_anchor t_id="55"/>
<token_anchor t_id="56"/>
<token_anchor t_id="57"/>
<token_anchor t_id="58"/>
<token_anchor t_id="59"/>
<token_anchor t_id="60"/>
<token_anchor t_id="61"/>
<token_anchor t_id="62"/>
<token_anchor t_id="63"/>
<token_anchor t_id="64"/>
<token_anchor t_id="65"/>
<token_anchor t_id="66"/>
<token_anchor t_id="67"/>
<token_anchor t_id="68"/>
<token_anchor t_id="69"/>
</NARRATIVE>
<NARRATIVE m_id="33" Level="Primary" comment="" conversational-direct="FALSE" conversational-reported="FALSE"  >
<token_anchor t_id="493"/>
<token_anchor t_id="494"/>
<token_anchor t_id="495"/>
<token_anchor t_id="496"/>
<token_anchor t_id="497"/>
<token_anchor t_id="498"/>
<token_anchor t_id="499"/>
<token_anchor t_id="500"/>
<token_anchor t_id="501"/>
<token_anchor t_id="502"/>
<token_anchor t_id="503"/>
<token_anchor t_id="504"/>
<token_anchor t_id="505"/>
<token_anchor t_id="506"/>
<token_anchor t_id="507"/>
<token_anchor t_id="508"/>
<token_anchor t_id="509"/>
<token_anchor t_id="510"/>
<token_anchor t_id="511"/>
<token_anchor t_id="512"/>
</NARRATIVE>
<NARRATIVE m_id="34" Level="Primary" comment="" conversational-direct="FALSE" conversational-reported="FALSE"  >
<token_anchor t_id="70"/>
<token_anchor t_id="71"/>
<token_anchor t_id="72"/>
<token_anchor t_id="73"/>
<token_anchor t_id="74"/>
<token_anchor t_id="75"/>
<token_anchor t_id="76"/>
<token_anchor t_id="77"/>
<token_anchor t_id="78"/>
<token_anchor t_id="79"/>
<token_anchor t_id="80"/>
<token_anchor t_id="81"/>
<token_anchor t_id="82"/>
<token_anchor t_id="83"/>
<token_anchor t_id="84"/>
</NARRATIVE>
<NARRATIVE m_id="35" Level="Primary" comment="" conversational-direct="FALSE" conversational-reported="FALSE"  >
<token_anchor t_id="85"/>
<token_anchor t_id="86"/>
<token_anchor t_id="87"/>
<token_anchor t_id="88"/>
<token_anchor t_id="89"/>
<token_anchor t_id="90"/>
<token_anchor t_id="91"/>
</NARRATIVE>
<NARRATIVE m_id="36" Level="Primary" comment="" conversational-direct="FALSE" conversational-reported="FALSE"  >
<token_anchor t_id="106"/>
<token_anchor t_id="107"/>
<token_anchor t_id="108"/>
<token_anchor t_id="109"/>
<token_anchor t_id="110"/>
<token_anchor t_id="111"/>
<token_anchor t_id="112"/>
<token_anchor t_id="113"/>
</NARRATIVE>
<NARRATIVE m_id="37" Level="Primary" comment="" conversational-direct="FALSE" conversational-reported="FALSE"  >
<token_anchor t_id="114"/>
<token_anchor t_id="115"/>
<token_anchor t_id="116"/>
<token_anchor t_id="117"/>
<token_anchor t_id="118"/>
<token_anchor t_id="119"/>
<token_anchor t_id="120"/>
<token_anchor t_id="121"/>
<token_anchor t_id="122"/>
<token_anchor t_id="123"/>
<token_anchor t_id="124"/>
<token_anchor t_id="125"/>
<token_anchor t_id="126"/>
<token_anchor t_id="127"/>
<token_anchor t_id="128"/>
<token_anchor t_id="129"/>
</NARRATIVE>
<NARRATIVE m_id="38" Level="Primary" comment="" conversational-direct="FALSE" conversational-reported="FALSE"  >
<token_anchor t_id="520"/>
<token_anchor t_id="521"/>
<token_anchor t_id="522"/>
<token_anchor t_id="523"/>
<token_anchor t_id="524"/>
<token_anchor t_id="525"/>
<token_anchor t_id="526"/>
<token_anchor t_id="527"/>
<token_anchor t_id="528"/>
<token_anchor t_id="529"/>
<token_anchor t_id="530"/>
<token_anchor t_id="531"/>
<token_anchor t_id="532"/>
<token_anchor t_id="533"/>
<token_anchor t_id="534"/>
<token_anchor t_id="535"/>
</NARRATIVE>
<NARRATIVE m_id="39" Level="Primary" comment="" conversational-direct="FALSE" conversational-reported="TRUE"  >
<token_anchor t_id="130"/>
<token_anchor t_id="131"/>
<token_anchor t_id="132"/>
<token_anchor t_id="133"/>
<token_anchor t_id="134"/>
<token_anchor t_id="135"/>
</NARRATIVE>
<NARRATIVE m_id="40" Level="Primary" comment="" conversational-direct="FALSE" conversational-reported="FALSE"  >
<token_anchor t_id="536"/>
<token_anchor t_id="537"/>
<token_anchor t_id="538"/>
<token_anchor t_id="539"/>
<token_anchor t_id="540"/>
<token_anchor t_id="541"/>
<token_anchor t_id="542"/>
</NARRATIVE>
<NARRATIVE m_id="41" Level="Primary" comment="" conversational-direct="FALSE" conversational-reported="TRUE"  >
<token_anchor t_id="136"/>
<token_anchor t_id="137"/>
<token_anchor t_id="138"/>
</NARRATIVE>
<NARRATIVE m_id="42" Level="Primary" comment="" conversational-direct="FALSE" conversational-reported="FALSE"  >
<token_anchor t_id="543"/>
<token_anchor t_id="544"/>
<token_anchor t_id="545"/>
<token_anchor t_id="546"/>
</NARRATIVE>
<NARRATIVE m_id="43" Level="Primary" comment="" conversational-direct="FALSE" conversational-reported="FALSE"  >
<token_anchor t_id="547"/>
<token_anchor t_id="548"/>
<token_anchor t_id="549"/>
<token_anchor t_id="550"/>
<token_anchor t_id="551"/>
</NARRATIVE>
<NARRATIVE m_id="44" Level="Primary" comment="" conversational-direct="FALSE" conversational-reported="FALSE"  >
<token_anchor t_id="148"/>
<token_anchor t_id="149"/>
<token_anchor t_id="150"/>
<token_anchor t_id="151"/>
<token_anchor t_id="152"/>
</NARRATIVE>
<NARRATIVE m_id="45" Level="Primary" comment="" conversational-direct="FALSE" conversational-reported="TRUE"  >
<token_anchor t_id="552"/>
<token_anchor t_id="553"/>
<token_anchor t_id="554"/>
<token_anchor t_id="555"/>
<token_anchor t_id="556"/>
<token_anchor t_id="557"/>
<token_anchor t_id="558"/>
<token_anchor t_id="559"/>
<token_anchor t_id="560"/>
</NARRATIVE>
<NARRATIVE m_id="14" Level="Primary" comment="" conversational-direct="FALSE" conversational-reported="TRUE"  >
<token_anchor t_id="669"/>
<token_anchor t_id="670"/>
<token_anchor t_id="671"/>
<token_anchor t_id="672"/>
<token_anchor t_id="673"/>
<token_anchor t_id="674"/>
</NARRATIVE>
<NARRATIVE m_id="46" Level="Primary" comment="" conversational-direct="FALSE" conversational-reported="FALSE"  >
<token_anchor t_id="153"/>
<token_anchor t_id="154"/>
<token_anchor t_id="155"/>
</NARRATIVE>
<NARRATIVE m_id="15" Level="Primary" comment="" conversational-direct="FALSE" conversational-reported="FALSE"  >
<token_anchor t_id="330"/>
<token_anchor t_id="331"/>
<token_anchor t_id="332"/>
<token_anchor t_id="333"/>
<token_anchor t_id="334"/>
<token_anchor t_id="335"/>
<token_anchor t_id="336"/>
<token_anchor t_id="337"/>
<token_anchor t_id="338"/>
<token_anchor t_id="339"/>
<token_anchor t_id="340"/>
<token_anchor t_id="341"/>
<token_anchor t_id="342"/>
<token_anchor t_id="343"/>
<token_anchor t_id="344"/>
<token_anchor t_id="345"/>
<token_anchor t_id="346"/>
</NARRATIVE>
<NARRATIVE m_id="47" Level="Primary" comment="" conversational-direct="FALSE" conversational-reported="FALSE"  >
<token_anchor t_id="561"/>
<token_anchor t_id="562"/>
</NARRATIVE>
<NARRATIVE m_id="16" Level="Primary" comment="" conversational-direct="FALSE" conversational-reported="TRUE"  >
<token_anchor t_id="675"/>
<token_anchor t_id="676"/>
<token_anchor t_id="677"/>
<token_anchor t_id="678"/>
<token_anchor t_id="679"/>
<token_anchor t_id="680"/>
<token_anchor t_id="681"/>
<token_anchor t_id="682"/>
<token_anchor t_id="683"/>
<token_anchor t_id="684"/>
</NARRATIVE>
<NARRATIVE m_id="48" Level="Primary" comment="" conversational-direct="FALSE" conversational-reported="FALSE"  >
<token_anchor t_id="156"/>
<token_anchor t_id="157"/>
<token_anchor t_id="158"/>
<token_anchor t_id="159"/>
<token_anchor t_id="160"/>
<token_anchor t_id="161"/>
<token_anchor t_id="162"/>
<token_anchor t_id="163"/>
<token_anchor t_id="164"/>
</NARRATIVE>
<NARRATIVE m_id="17" Level="Primary" comment="" conversational-direct="FALSE" conversational-reported="FALSE"  >
<token_anchor t_id="347"/>
<token_anchor t_id="348"/>
<token_anchor t_id="349"/>
<token_anchor t_id="350"/>
<token_anchor t_id="351"/>
</NARRATIVE>
<NARRATIVE m_id="49" Level="Primary" comment="" conversational-direct="FALSE" conversational-reported="FALSE"  >
<token_anchor t_id="572"/>
<token_anchor t_id="573"/>
<token_anchor t_id="574"/>
<token_anchor t_id="575"/>
</NARRATIVE>
<NARRATIVE m_id="18" Level="" comment="" conversational-direct="FALSE" conversational-reported="TRUE"  >
<token_anchor t_id="685"/>
<token_anchor t_id="686"/>
<token_anchor t_id="687"/>
<token_anchor t_id="688"/>
<token_anchor t_id="689"/>
<token_anchor t_id="690"/>
<token_anchor t_id="691"/>
<token_anchor t_id="692"/>
<token_anchor t_id="693"/>
<token_anchor t_id="694"/>
<token_anchor t_id="695"/>
</NARRATIVE>
<NARRATIVE m_id="50" Level="Primary" comment="" conversational-direct="FALSE" conversational-reported="TRUE"  >
<token_anchor t_id="576"/>
<token_anchor t_id="577"/>
<token_anchor t_id="578"/>
<token_anchor t_id="579"/>
<token_anchor t_id="580"/>
<token_anchor t_id="581"/>
<token_anchor t_id="582"/>
<token_anchor t_id="583"/>
<token_anchor t_id="584"/>
<token_anchor t_id="585"/>
<token_anchor t_id="586"/>
<token_anchor t_id="587"/>
<token_anchor t_id="588"/>
</NARRATIVE>
<NARRATIVE m_id="19" Level="Primary" comment="" conversational-direct="FALSE" conversational-reported="FALSE"  >
<token_anchor t_id="92"/>
<token_anchor t_id="93"/>
<token_anchor t_id="94"/>
<token_anchor t_id="95"/>
<token_anchor t_id="96"/>
<token_anchor t_id="97"/>
</NARRATIVE>
<NARRATIVE m_id="51" Level="Primary" comment="" conversational-direct="FALSE" conversational-reported="FALSE"  >
<token_anchor t_id="589"/>
<token_anchor t_id="590"/>
</NARRATIVE>
<NARRATIVE m_id="20" Level="" comment="" conversational-direct="FALSE" conversational-reported="FALSE"  >
<token_anchor t_id="373"/>
<token_anchor t_id="374"/>
<token_anchor t_id="375"/>
<token_anchor t_id="376"/>
<token_anchor t_id="377"/>
<token_anchor t_id="378"/>
<token_anchor t_id="379"/>
<token_anchor t_id="380"/>
<token_anchor t_id="381"/>
<token_anchor t_id="382"/>
<token_anchor t_id="383"/>
<token_anchor t_id="384"/>
<token_anchor t_id="385"/>
</NARRATIVE>
<NARRATIVE m_id="52" Level="Primary" comment="" conversational-direct="FALSE" conversational-reported="FALSE"  >
<token_anchor t_id="591"/>
<token_anchor t_id="592"/>
</NARRATIVE>
<NARRATIVE m_id="21" Level="Primary" comment="" conversational-direct="FALSE" conversational-reported="FALSE"  >
<token_anchor t_id="98"/>
<token_anchor t_id="99"/>
<token_anchor t_id="100"/>
<token_anchor t_id="101"/>
<token_anchor t_id="102"/>
<token_anchor t_id="103"/>
<token_anchor t_id="104"/>
<token_anchor t_id="105"/>
</NARRATIVE>
<NARRATIVE m_id="53" Level="Primary" comment="" conversational-direct="FALSE" conversational-reported="FALSE"  >
<token_anchor t_id="201"/>
<token_anchor t_id="202"/>
<token_anchor t_id="203"/>
<token_anchor t_id="204"/>
<token_anchor t_id="205"/>
<token_anchor t_id="206"/>
<token_anchor t_id="207"/>
<token_anchor t_id="208"/>
<token_anchor t_id="209"/>
</NARRATIVE>
<NARRATIVE m_id="22" Level="Primary" comment="" conversational-direct="TRUE" conversational-reported="FALSE"  >
<token_anchor t_id="386"/>
<token_anchor t_id="387"/>
<token_anchor t_id="388"/>
<token_anchor t_id="389"/>
<token_anchor t_id="390"/>
<token_anchor t_id="391"/>
<token_anchor t_id="392"/>
<token_anchor t_id="393"/>
<token_anchor t_id="394"/>
<token_anchor t_id="395"/>
<token_anchor t_id="396"/>
<token_anchor t_id="397"/>
<token_anchor t_id="398"/>
<token_anchor t_id="399"/>
</NARRATIVE>
<NARRATIVE m_id="54" Level="Primary" comment="" conversational-direct="FALSE" conversational-reported="FALSE"  >
<token_anchor t_id="593"/>
<token_anchor t_id="594"/>
<token_anchor t_id="595"/>
</NARRATIVE>
<NARRATIVE m_id="23" Level="Primary" comment="" conversational-direct="FALSE" conversational-reported="FALSE"  >
<token_anchor t_id="400"/>
<token_anchor t_id="401"/>
<token_anchor t_id="402"/>
<token_anchor t_id="403"/>
<token_anchor t_id="404"/>
<token_anchor t_id="405"/>
<token_anchor t_id="406"/>
<token_anchor t_id="407"/>
<token_anchor t_id="408"/>
<token_anchor t_id="409"/>
<token_anchor t_id="410"/>
<token_anchor t_id="411"/>
</NARRATIVE>
<NARRATIVE m_id="55" Level="Primary" comment="" conversational-direct="FALSE" conversational-reported="TRUE"  >
<token_anchor t_id="210"/>
<token_anchor t_id="211"/>
<token_anchor t_id="212"/>
<token_anchor t_id="213"/>
<token_anchor t_id="214"/>
<token_anchor t_id="215"/>
<token_anchor t_id="216"/>
<token_anchor t_id="217"/>
<token_anchor t_id="218"/>
<token_anchor t_id="219"/>
<token_anchor t_id="233"/>
<token_anchor t_id="234"/>
<token_anchor t_id="235"/>
<token_anchor t_id="236"/>
<token_anchor t_id="237"/>
<token_anchor t_id="238"/>
<token_anchor t_id="239"/>
<token_anchor t_id="240"/>
<token_anchor t_id="241"/>
<token_anchor t_id="242"/>
<token_anchor t_id="243"/>
<token_anchor t_id="244"/>
</NARRATIVE>
<NARRATIVE m_id="24" Level="" comment="" conversational-direct="FALSE" conversational-reported="FALSE"  >
<token_anchor t_id="625"/>
<token_anchor t_id="626"/>
<token_anchor t_id="627"/>
<token_anchor t_id="628"/>
<token_anchor t_id="629"/>
<token_anchor t_id="630"/>
<token_anchor t_id="631"/>
<token_anchor t_id="632"/>
<token_anchor t_id="633"/>
<token_anchor t_id="634"/>
<token_anchor t_id="635"/>
<token_anchor t_id="636"/>
<token_anchor t_id="637"/>
<token_anchor t_id="638"/>
<token_anchor t_id="639"/>
<token_anchor t_id="640"/>
<token_anchor t_id="641"/>
<token_anchor t_id="642"/>
<token_anchor t_id="643"/>
</NARRATIVE>
<NARRATIVE m_id="56" Level="Primary" comment="" conversational-direct="FALSE" conversational-reported="FALSE"  >
<token_anchor t_id="596"/>
<token_anchor t_id="597"/>
<token_anchor t_id="598"/>
<token_anchor t_id="599"/>
<token_anchor t_id="600"/>
<token_anchor t_id="601"/>
<token_anchor t_id="602"/>
</NARRATIVE>


</Markables>

<Relations>
</Relations>
</Document>
