<Document doc_name="wsj_1014.xml.conll.txt">
<token t_id="1" sentence="0" number="0">Anheuser</token>
<token t_id="2" sentence="0" number="1">-</token>
<token t_id="3" sentence="0" number="2">Busch</token>
<token t_id="4" sentence="0" number="3">Cos</token>
<token t_id="5" sentence="0" number="4">.</token>
<token t_id="6" sentence="0" number="5">said</token>
<token t_id="7" sentence="0" number="6">it</token>
<token t_id="8" sentence="0" number="7">plans</token>
<token t_id="9" sentence="0" number="8">to</token>
<token t_id="10" sentence="0" number="9">aggressively</token>
<token t_id="11" sentence="0" number="10">discount</token>
<token t_id="12" sentence="0" number="11">its</token>
<token t_id="13" sentence="0" number="12">major</token>
<token t_id="14" sentence="0" number="13">beer</token>
<token t_id="15" sentence="0" number="14">brands</token>
<token t_id="16" sentence="0" number="15">,</token>
<token t_id="17" sentence="0" number="16">setting</token>
<token t_id="18" sentence="0" number="17">the</token>
<token t_id="19" sentence="0" number="18">stage</token>
<token t_id="20" sentence="0" number="19">for</token>
<token t_id="21" sentence="0" number="20">a</token>
<token t_id="22" sentence="0" number="21">potentially</token>
<token t_id="23" sentence="0" number="22">bruising</token>
<token t_id="24" sentence="0" number="23">price</token>
<token t_id="25" sentence="0" number="24">war</token>
<token t_id="26" sentence="0" number="25">as</token>
<token t_id="27" sentence="0" number="26">the</token>
<token t_id="28" sentence="0" number="27">maturing</token>
<token t_id="29" sentence="0" number="28">industry</token>
<token t_id="30" sentence="0" number="29">'s</token>
<token t_id="31" sentence="0" number="30">growth</token>
<token t_id="32" sentence="0" number="31">continues</token>
<token t_id="33" sentence="0" number="32">to</token>
<token t_id="34" sentence="0" number="33">slow</token>
<token t_id="35" sentence="0" number="34">.</token>
<token t_id="36" sentence="1" number="0">Anheuser</token>
<token t_id="37" sentence="1" number="1">,</token>
<token t_id="38" sentence="1" number="2">the</token>
<token t_id="39" sentence="1" number="3">world</token>
<token t_id="40" sentence="1" number="4">'s</token>
<token t_id="41" sentence="1" number="5">largest</token>
<token t_id="42" sentence="1" number="6">brewer</token>
<token t_id="43" sentence="1" number="7">and</token>
<token t_id="44" sentence="1" number="8">U</token>
<token t_id="45" sentence="1" number="9">.</token>
<token t_id="46" sentence="1" number="10">S</token>
<token t_id="47" sentence="1" number="11">.</token>
<token t_id="48" sentence="1" number="12">market</token>
<token t_id="49" sentence="1" number="13">leader</token>
<token t_id="50" sentence="1" number="14">,</token>
<token t_id="51" sentence="1" number="15">has</token>
<token t_id="52" sentence="1" number="16">historically</token>
<token t_id="53" sentence="1" number="17">been</token>
<token t_id="54" sentence="1" number="18">reluctant</token>
<token t_id="55" sentence="1" number="19">to</token>
<token t_id="56" sentence="1" number="20">engage</token>
<token t_id="57" sentence="1" number="21">in</token>
<token t_id="58" sentence="1" number="22">price</token>
<token t_id="59" sentence="1" number="23">-</token>
<token t_id="60" sentence="1" number="24">cutting</token>
<token t_id="61" sentence="1" number="25">as</token>
<token t_id="62" sentence="1" number="26">a</token>
<token t_id="63" sentence="1" number="27">means</token>
<token t_id="64" sentence="1" number="28">of</token>
<token t_id="65" sentence="1" number="29">boosting</token>
<token t_id="66" sentence="1" number="30">sales</token>
<token t_id="67" sentence="1" number="31">volume</token>
<token t_id="68" sentence="1" number="32">.</token>
<token t_id="69" sentence="2" number="0">With</token>
<token t_id="70" sentence="2" number="1">the</token>
<token t_id="71" sentence="2" number="2">passing</token>
<token t_id="72" sentence="2" number="3">of</token>
<token t_id="73" sentence="2" number="4">the</token>
<token t_id="74" sentence="2" number="5">heady</token>
<token t_id="75" sentence="2" number="6">days</token>
<token t_id="76" sentence="2" number="7">of</token>
<token t_id="77" sentence="2" number="8">swelling</token>
<token t_id="78" sentence="2" number="9">industry</token>
<token t_id="79" sentence="2" number="10">sales</token>
<token t_id="80" sentence="2" number="11">,</token>
<token t_id="81" sentence="2" number="12">however</token>
<token t_id="82" sentence="2" number="13">,</token>
<token t_id="83" sentence="2" number="14">the</token>
<token t_id="84" sentence="2" number="15">once</token>
<token t_id="85" sentence="2" number="16">-</token>
<token t_id="86" sentence="2" number="17">sporadic</token>
<token t_id="87" sentence="2" number="18">and</token>
<token t_id="88" sentence="2" number="19">brief</token>
<token t_id="89" sentence="2" number="20">forays</token>
<token t_id="90" sentence="2" number="21">into</token>
<token t_id="91" sentence="2" number="22">discounting</token>
<token t_id="92" sentence="2" number="23">are</token>
<token t_id="93" sentence="2" number="24">becoming</token>
<token t_id="94" sentence="2" number="25">standard</token>
<token t_id="95" sentence="2" number="26">competitive</token>
<token t_id="96" sentence="2" number="27">weapons</token>
<token t_id="97" sentence="2" number="28">in</token>
<token t_id="98" sentence="2" number="29">the</token>
<token t_id="99" sentence="2" number="30">beer</token>
<token t_id="100" sentence="2" number="31">industry</token>
<token t_id="101" sentence="2" number="32">.</token>
<token t_id="102" sentence="3" number="0">Over</token>
<token t_id="103" sentence="3" number="1">the</token>
<token t_id="104" sentence="3" number="2">summer</token>
<token t_id="105" sentence="3" number="3">,</token>
<token t_id="106" sentence="3" number="4">Anheuser</token>
<token t_id="107" sentence="3" number="5">competitors</token>
<token t_id="108" sentence="3" number="6">offered</token>
<token t_id="109" sentence="3" number="7">more</token>
<token t_id="110" sentence="3" number="8">and</token>
<token t_id="111" sentence="3" number="9">deeper</token>
<token t_id="112" sentence="3" number="10">discounts</token>
<token t_id="113" sentence="3" number="11">than</token>
<token t_id="114" sentence="3" number="12">industry</token>
<token t_id="115" sentence="3" number="13">observers</token>
<token t_id="116" sentence="3" number="14">have</token>
<token t_id="117" sentence="3" number="15">seen</token>
<token t_id="118" sentence="3" number="16">for</token>
<token t_id="119" sentence="3" number="17">a</token>
<token t_id="120" sentence="3" number="18">long</token>
<token t_id="121" sentence="3" number="19">time</token>
<token t_id="122" sentence="3" number="20">.</token>
<token t_id="123" sentence="4" number="0">Some</token>
<token t_id="124" sentence="4" number="1">experts</token>
<token t_id="125" sentence="4" number="2">now</token>
<token t_id="126" sentence="4" number="3">predict</token>
<token t_id="127" sentence="4" number="4">Anheuser</token>
<token t_id="128" sentence="4" number="5">'s</token>
<token t_id="129" sentence="4" number="6">entry</token>
<token t_id="130" sentence="4" number="7">into</token>
<token t_id="131" sentence="4" number="8">the</token>
<token t_id="132" sentence="4" number="9">fray</token>
<token t_id="133" sentence="4" number="10">means</token>
<token t_id="134" sentence="4" number="11">near</token>
<token t_id="135" sentence="4" number="12">-</token>
<token t_id="136" sentence="4" number="13">term</token>
<token t_id="137" sentence="4" number="14">earnings</token>
<token t_id="138" sentence="4" number="15">trouble</token>
<token t_id="139" sentence="4" number="16">for</token>
<token t_id="140" sentence="4" number="17">all</token>
<token t_id="141" sentence="4" number="18">the</token>
<token t_id="142" sentence="4" number="19">industry</token>
<token t_id="143" sentence="4" number="20">players</token>
<token t_id="144" sentence="4" number="21">.</token>
<token t_id="145" sentence="5" number="0">The</token>
<token t_id="146" sentence="5" number="1">St</token>
<token t_id="147" sentence="5" number="2">.</token>
<token t_id="148" sentence="5" number="3">Louis</token>
<token t_id="149" sentence="5" number="4">company</token>
<token t_id="150" sentence="5" number="5">said</token>
<token t_id="151" sentence="5" number="6">major</token>
<token t_id="152" sentence="5" number="7">rivals</token>
<token t_id="153" sentence="5" number="8">,</token>
<token t_id="154" sentence="5" number="9">Philip</token>
<token t_id="155" sentence="5" number="10">Morris</token>
<token t_id="156" sentence="5" number="11">Co</token>
<token t_id="157" sentence="5" number="12">.</token>
<token t_id="158" sentence="5" number="13">'s</token>
<token t_id="159" sentence="5" number="14">Miller</token>
<token t_id="160" sentence="5" number="15">Brewing</token>
<token t_id="161" sentence="5" number="16">unit</token>
<token t_id="162" sentence="5" number="17">and</token>
<token t_id="163" sentence="5" number="18">Adolph</token>
<token t_id="164" sentence="5" number="19">Coors</token>
<token t_id="165" sentence="5" number="20">Co</token>
<token t_id="166" sentence="5" number="21">.</token>
<token t_id="167" sentence="5" number="22">``</token>
<token t_id="168" sentence="5" number="23">have</token>
<token t_id="169" sentence="5" number="24">been</token>
<token t_id="170" sentence="5" number="25">following</token>
<token t_id="171" sentence="5" number="26">a</token>
<token t_id="172" sentence="5" number="27">policy</token>
<token t_id="173" sentence="5" number="28">of</token>
<token t_id="174" sentence="5" number="29">continuous</token>
<token t_id="175" sentence="5" number="30">and</token>
<token t_id="176" sentence="5" number="31">deep</token>
<token t_id="177" sentence="5" number="32">discounting</token>
<token t_id="178" sentence="5" number="33">for</token>
<token t_id="179" sentence="5" number="34">at</token>
<token t_id="180" sentence="5" number="35">least</token>
<token t_id="181" sentence="5" number="36">the</token>
<token t_id="182" sentence="5" number="37">past</token>
<token t_id="183" sentence="5" number="38">18</token>
<token t_id="184" sentence="5" number="39">months</token>
<token t_id="185" sentence="5" number="40">''</token>
<token t_id="186" sentence="5" number="41">on</token>
<token t_id="187" sentence="5" number="42">their</token>
<token t_id="188" sentence="5" number="43">premium</token>
<token t_id="189" sentence="5" number="44">brands</token>
<token t_id="190" sentence="5" number="45">,</token>
<token t_id="191" sentence="5" number="46">pricing</token>
<token t_id="192" sentence="5" number="47">their</token>
<token t_id="193" sentence="5" number="48">product</token>
<token t_id="194" sentence="5" number="49">as</token>
<token t_id="195" sentence="5" number="50">much</token>
<token t_id="196" sentence="5" number="51">as</token>
<token t_id="197" sentence="5" number="52">25</token>
<token t_id="198" sentence="5" number="53">cents</token>
<token t_id="199" sentence="5" number="54">a</token>
<token t_id="200" sentence="5" number="55">12</token>
<token t_id="201" sentence="5" number="56">-</token>
<token t_id="202" sentence="5" number="57">pack</token>
<token t_id="203" sentence="5" number="58">below</token>
<token t_id="204" sentence="5" number="59">Anheuser</token>
<token t_id="205" sentence="5" number="60">'s</token>
<token t_id="206" sentence="5" number="61">Budweiser</token>
<token t_id="207" sentence="5" number="62">label</token>
<token t_id="208" sentence="5" number="63">in</token>
<token t_id="209" sentence="5" number="64">many</token>
<token t_id="210" sentence="5" number="65">markets</token>
<token t_id="211" sentence="5" number="66">.</token>
<token t_id="212" sentence="6" number="0">Anheuser</token>
<token t_id="213" sentence="6" number="1">said</token>
<token t_id="214" sentence="6" number="2">it</token>
<token t_id="215" sentence="6" number="3">'s</token>
<token t_id="216" sentence="6" number="4">discounting</token>
<token t_id="217" sentence="6" number="5">policy</token>
<token t_id="218" sentence="6" number="6">basically</token>
<token t_id="219" sentence="6" number="7">would</token>
<token t_id="220" sentence="6" number="8">involve</token>
<token t_id="221" sentence="6" number="9">matching</token>
<token t_id="222" sentence="6" number="10">such</token>
<token t_id="223" sentence="6" number="11">moves</token>
<token t_id="224" sentence="6" number="12">by</token>
<token t_id="225" sentence="6" number="13">rivals</token>
<token t_id="226" sentence="6" number="14">on</token>
<token t_id="227" sentence="6" number="15">a</token>
<token t_id="228" sentence="6" number="16">market</token>
<token t_id="229" sentence="6" number="17">-</token>
<token t_id="230" sentence="6" number="18">by</token>
<token t_id="231" sentence="6" number="19">-</token>
<token t_id="232" sentence="6" number="20">market</token>
<token t_id="233" sentence="6" number="21">basis</token>
<token t_id="234" sentence="6" number="22">.</token>
<token t_id="235" sentence="7" number="0">Anheuser</token>
<token t_id="236" sentence="7" number="1">-</token>
<token t_id="237" sentence="7" number="2">Busch</token>
<token t_id="238" sentence="7" number="3">announced</token>
<token t_id="239" sentence="7" number="4">its</token>
<token t_id="240" sentence="7" number="5">plan</token>
<token t_id="241" sentence="7" number="6">at</token>
<token t_id="242" sentence="7" number="7">the</token>
<token t_id="243" sentence="7" number="8">same</token>
<token t_id="244" sentence="7" number="9">time</token>
<token t_id="245" sentence="7" number="10">it</token>
<token t_id="246" sentence="7" number="11">reported</token>
<token t_id="247" sentence="7" number="12">third</token>
<token t_id="248" sentence="7" number="13">-</token>
<token t_id="249" sentence="7" number="14">quarter</token>
<token t_id="250" sentence="7" number="15">net</token>
<token t_id="251" sentence="7" number="16">income</token>
<token t_id="252" sentence="7" number="17">rose</token>
<token t_id="253" sentence="7" number="18">a</token>
<token t_id="254" sentence="7" number="19">lower</token>
<token t_id="255" sentence="7" number="20">-</token>
<token t_id="256" sentence="7" number="21">than</token>
<token t_id="257" sentence="7" number="22">-</token>
<token t_id="258" sentence="7" number="23">anticipated</token>
<token t_id="259" sentence="7" number="24">5</token>
<token t_id="260" sentence="7" number="25">.</token>
<token t_id="261" sentence="7" number="26">2</token>
<token t_id="262" sentence="7" number="27">%</token>
<token t_id="263" sentence="7" number="28">to</token>
<token t_id="264" sentence="7" number="29">$</token>
<token t_id="265" sentence="7" number="30">238</token>
<token t_id="266" sentence="7" number="31">.</token>
<token t_id="267" sentence="7" number="32">3</token>
<token t_id="268" sentence="7" number="33">million</token>
<token t_id="269" sentence="7" number="34">,</token>
<token t_id="270" sentence="7" number="35">or</token>
<token t_id="271" sentence="7" number="36">83</token>
<token t_id="272" sentence="7" number="37">cents</token>
<token t_id="273" sentence="7" number="38">a</token>
<token t_id="274" sentence="7" number="39">share</token>
<token t_id="275" sentence="7" number="40">,</token>
<token t_id="276" sentence="7" number="41">from</token>
<token t_id="277" sentence="7" number="42">$</token>
<token t_id="278" sentence="7" number="43">226</token>
<token t_id="279" sentence="7" number="44">.</token>
<token t_id="280" sentence="7" number="45">5</token>
<token t_id="281" sentence="7" number="46">million</token>
<token t_id="282" sentence="7" number="47">,</token>
<token t_id="283" sentence="7" number="48">or</token>
<token t_id="284" sentence="7" number="49">78</token>
<token t_id="285" sentence="7" number="50">cents</token>
<token t_id="286" sentence="7" number="51">.</token>
<token t_id="287" sentence="8" number="0">Third</token>
<token t_id="288" sentence="8" number="1">-</token>
<token t_id="289" sentence="8" number="2">period</token>
<token t_id="290" sentence="8" number="3">sales</token>
<token t_id="291" sentence="8" number="4">were</token>
<token t_id="292" sentence="8" number="5">$</token>
<token t_id="293" sentence="8" number="6">2</token>
<token t_id="294" sentence="8" number="7">.</token>
<token t_id="295" sentence="8" number="8">49</token>
<token t_id="296" sentence="8" number="9">billion</token>
<token t_id="297" sentence="8" number="10">,</token>
<token t_id="298" sentence="8" number="11">up</token>
<token t_id="299" sentence="8" number="12">from</token>
<token t_id="300" sentence="8" number="13">last</token>
<token t_id="301" sentence="8" number="14">year</token>
<token t_id="302" sentence="8" number="15">'s</token>
<token t_id="303" sentence="8" number="16">$</token>
<token t_id="304" sentence="8" number="17">2</token>
<token t_id="305" sentence="8" number="18">.</token>
<token t_id="306" sentence="8" number="19">34</token>
<token t_id="307" sentence="8" number="20">billion</token>
<token t_id="308" sentence="8" number="21">.</token>
<token t_id="309" sentence="9" number="0">Anheuser</token>
<token t_id="310" sentence="9" number="1">said</token>
<token t_id="311" sentence="9" number="2">its</token>
<token t_id="312" sentence="9" number="3">new</token>
<token t_id="313" sentence="9" number="4">strategy</token>
<token t_id="314" sentence="9" number="5">-</token>
<token t_id="315" sentence="9" number="6">-</token>
<token t_id="316" sentence="9" number="7">started</token>
<token t_id="317" sentence="9" number="8">in</token>
<token t_id="318" sentence="9" number="9">some</token>
<token t_id="319" sentence="9" number="10">markets</token>
<token t_id="320" sentence="9" number="11">last</token>
<token t_id="321" sentence="9" number="12">month</token>
<token t_id="322" sentence="9" number="13">and</token>
<token t_id="323" sentence="9" number="14">expected</token>
<token t_id="324" sentence="9" number="15">to</token>
<token t_id="325" sentence="9" number="16">be</token>
<token t_id="326" sentence="9" number="17">applied</token>
<token t_id="327" sentence="9" number="18">soon</token>
<token t_id="328" sentence="9" number="19">in</token>
<token t_id="329" sentence="9" number="20">selected</token>
<token t_id="330" sentence="9" number="21">markets</token>
<token t_id="331" sentence="9" number="22">nationwide</token>
<token t_id="332" sentence="9" number="23">-</token>
<token t_id="333" sentence="9" number="24">-</token>
<token t_id="334" sentence="9" number="25">will</token>
<token t_id="335" sentence="9" number="26">mean</token>
<token t_id="336" sentence="9" number="27">lower</token>
<token t_id="337" sentence="9" number="28">-</token>
<token t_id="338" sentence="9" number="29">than</token>
<token t_id="339" sentence="9" number="30">-</token>
<token t_id="340" sentence="9" number="31">anticipated</token>
<token t_id="341" sentence="9" number="32">earnings</token>
<token t_id="342" sentence="9" number="33">for</token>
<token t_id="343" sentence="9" number="34">the</token>
<token t_id="344" sentence="9" number="35">last</token>
<token t_id="345" sentence="9" number="36">half</token>
<token t_id="346" sentence="9" number="37">of</token>
<token t_id="347" sentence="9" number="38">1989</token>
<token t_id="348" sentence="9" number="39">and</token>
<token t_id="349" sentence="9" number="40">for</token>
<token t_id="350" sentence="9" number="41">1990</token>
<token t_id="351" sentence="9" number="42">.</token>
<token t_id="352" sentence="10" number="0">The</token>
<token t_id="353" sentence="10" number="1">projection</token>
<token t_id="354" sentence="10" number="2">sent</token>
<token t_id="355" sentence="10" number="3">Anheuser</token>
<token t_id="356" sentence="10" number="4">shares</token>
<token t_id="357" sentence="10" number="5">plunging</token>
<token t_id="358" sentence="10" number="6">$</token>
<token t_id="359" sentence="10" number="7">4</token>
<token t_id="360" sentence="10" number="8">.</token>
<token t_id="361" sentence="10" number="9">375</token>
<token t_id="362" sentence="10" number="10">in</token>
<token t_id="363" sentence="10" number="11">New</token>
<token t_id="364" sentence="10" number="12">York</token>
<token t_id="365" sentence="10" number="13">Stock</token>
<token t_id="366" sentence="10" number="14">Exchange</token>
<token t_id="367" sentence="10" number="15">composite</token>
<token t_id="368" sentence="10" number="16">trading</token>
<token t_id="369" sentence="10" number="17">yesterday</token>
<token t_id="370" sentence="10" number="18">.</token>
<token t_id="371" sentence="11" number="0">The</token>
<token t_id="372" sentence="11" number="1">stock</token>
<token t_id="373" sentence="11" number="2">closed</token>
<token t_id="374" sentence="11" number="3">at</token>
<token t_id="375" sentence="11" number="4">$</token>
<token t_id="376" sentence="11" number="5">38</token>
<token t_id="377" sentence="11" number="6">.</token>
<token t_id="378" sentence="11" number="7">50</token>
<token t_id="379" sentence="11" number="8">on</token>
<token t_id="380" sentence="11" number="9">heavy</token>
<token t_id="381" sentence="11" number="10">volume</token>
<token t_id="382" sentence="11" number="11">of</token>
<token t_id="383" sentence="11" number="12">about</token>
<token t_id="384" sentence="11" number="13">3</token>
<token t_id="385" sentence="11" number="14">.</token>
<token t_id="386" sentence="11" number="15">5</token>
<token t_id="387" sentence="11" number="16">million</token>
<token t_id="388" sentence="11" number="17">shares</token>
<token t_id="389" sentence="11" number="18">.</token>
<token t_id="390" sentence="12" number="0">Shares</token>
<token t_id="391" sentence="12" number="1">of</token>
<token t_id="392" sentence="12" number="2">Coors</token>
<token t_id="393" sentence="12" number="3">,</token>
<token t_id="394" sentence="12" number="4">the</token>
<token t_id="395" sentence="12" number="5">company</token>
<token t_id="396" sentence="12" number="6">'s</token>
<token t_id="397" sentence="12" number="7">sole</token>
<token t_id="398" sentence="12" number="8">publicly</token>
<token t_id="399" sentence="12" number="9">traded</token>
<token t_id="400" sentence="12" number="10">major</token>
<token t_id="401" sentence="12" number="11">competitor</token>
<token t_id="402" sentence="12" number="12">,</token>
<token t_id="403" sentence="12" number="13">fell</token>
<token t_id="404" sentence="12" number="14">$</token>
<token t_id="405" sentence="12" number="15">1</token>
<token t_id="406" sentence="12" number="16">.</token>
<token t_id="407" sentence="12" number="17">50</token>
<token t_id="408" sentence="12" number="18">apiece</token>
<token t_id="409" sentence="12" number="19">to</token>
<token t_id="410" sentence="12" number="20">$</token>
<token t_id="411" sentence="12" number="21">19</token>
<token t_id="412" sentence="12" number="22">.</token>
<token t_id="413" sentence="12" number="23">125</token>
<token t_id="414" sentence="12" number="24">in</token>
<token t_id="415" sentence="12" number="25">national</token>
<token t_id="416" sentence="12" number="26">over</token>
<token t_id="417" sentence="12" number="27">-</token>
<token t_id="418" sentence="12" number="28">the</token>
<token t_id="419" sentence="12" number="29">-</token>
<token t_id="420" sentence="12" number="30">counter</token>
<token t_id="421" sentence="12" number="31">trading</token>
<token t_id="422" sentence="12" number="32">,</token>
<token t_id="423" sentence="12" number="33">apparently</token>
<token t_id="424" sentence="12" number="34">on</token>
<token t_id="425" sentence="12" number="35">investor</token>
<token t_id="426" sentence="12" number="36">concerns</token>
<token t_id="427" sentence="12" number="37">over</token>
<token t_id="428" sentence="12" number="38">potential</token>
<token t_id="429" sentence="12" number="39">fallout</token>
<token t_id="430" sentence="12" number="40">from</token>
<token t_id="431" sentence="12" number="41">the</token>
<token t_id="432" sentence="12" number="42">coming</token>
<token t_id="433" sentence="12" number="43">pricing</token>
<token t_id="434" sentence="12" number="44">struggle</token>
<token t_id="435" sentence="12" number="45">.</token>
<token t_id="436" sentence="13" number="0">Anheuser</token>
<token t_id="437" sentence="13" number="1">noted</token>
<token t_id="438" sentence="13" number="2">that</token>
<token t_id="439" sentence="13" number="3">``</token>
<token t_id="440" sentence="13" number="4">beer</token>
<token t_id="441" sentence="13" number="5">industry</token>
<token t_id="442" sentence="13" number="6">sales</token>
<token t_id="443" sentence="13" number="7">volume</token>
<token t_id="444" sentence="13" number="8">is</token>
<token t_id="445" sentence="13" number="9">1989</token>
<token t_id="446" sentence="13" number="10">is</token>
<token t_id="447" sentence="13" number="11">following</token>
<token t_id="448" sentence="13" number="12">the</token>
<token t_id="449" sentence="13" number="13">trend</token>
<token t_id="450" sentence="13" number="14">that</token>
<token t_id="451" sentence="13" number="15">has</token>
<token t_id="452" sentence="13" number="16">characterized</token>
<token t_id="453" sentence="13" number="17">the</token>
<token t_id="454" sentence="13" number="18">last</token>
<token t_id="455" sentence="13" number="19">half</token>
<token t_id="456" sentence="13" number="20">of</token>
<token t_id="457" sentence="13" number="21">the</token>
<token t_id="458" sentence="13" number="22">'80s</token>
<token t_id="459" sentence="13" number="23">,</token>
<token t_id="460" sentence="13" number="24">with</token>
<token t_id="461" sentence="13" number="25">sales</token>
<token t_id="462" sentence="13" number="26">volume</token>
<token t_id="463" sentence="13" number="27">being</token>
<token t_id="464" sentence="13" number="28">essentially</token>
<token t_id="465" sentence="13" number="29">flat</token>
<token t_id="466" sentence="13" number="30">''</token>
<token t_id="467" sentence="13" number="31">while</token>
<token t_id="468" sentence="13" number="32">consolidation</token>
<token t_id="469" sentence="13" number="33">creates</token>
<token t_id="470" sentence="13" number="34">fewer</token>
<token t_id="471" sentence="13" number="35">,</token>
<token t_id="472" sentence="13" number="36">bigger</token>
<token t_id="473" sentence="13" number="37">players</token>
<token t_id="474" sentence="13" number="38">.</token>
<token t_id="475" sentence="14" number="0">``</token>
<token t_id="476" sentence="14" number="1">We</token>
<token t_id="477" sentence="14" number="2">can</token>
<token t_id="478" sentence="14" number="3">not</token>
<token t_id="479" sentence="14" number="4">permit</token>
<token t_id="480" sentence="14" number="5">a</token>
<token t_id="481" sentence="14" number="6">further</token>
<token t_id="482" sentence="14" number="7">slowing</token>
<token t_id="483" sentence="14" number="8">in</token>
<token t_id="484" sentence="14" number="9">our</token>
<token t_id="485" sentence="14" number="10">volume</token>
<token t_id="486" sentence="14" number="11">trend</token>
<token t_id="487" sentence="14" number="12">,</token>
<token t_id="488" sentence="14" number="13">''</token>
<token t_id="489" sentence="14" number="14">Anheuser</token>
<token t_id="490" sentence="14" number="15">said</token>
<token t_id="491" sentence="14" number="16">,</token>
<token t_id="492" sentence="14" number="17">adding</token>
<token t_id="493" sentence="14" number="18">it</token>
<token t_id="494" sentence="14" number="19">will</token>
<token t_id="495" sentence="14" number="20">take</token>
<token t_id="496" sentence="14" number="21">``</token>
<token t_id="497" sentence="14" number="22">appropriate</token>
<token t_id="498" sentence="14" number="23">competitive</token>
<token t_id="499" sentence="14" number="24">pricing</token>
<token t_id="500" sentence="14" number="25">actions</token>
<token t_id="501" sentence="14" number="26">to</token>
<token t_id="502" sentence="14" number="27">support</token>
<token t_id="503" sentence="14" number="28">our</token>
<token t_id="504" sentence="14" number="29">long</token>
<token t_id="505" sentence="14" number="30">-</token>
<token t_id="506" sentence="14" number="31">term</token>
<token t_id="507" sentence="14" number="32">market</token>
<token t_id="508" sentence="14" number="33">share</token>
<token t_id="509" sentence="14" number="34">growth</token>
<token t_id="510" sentence="14" number="35">strategy</token>
<token t_id="511" sentence="14" number="36">''</token>
<token t_id="512" sentence="14" number="37">for</token>
<token t_id="513" sentence="14" number="38">the</token>
<token t_id="514" sentence="14" number="39">premium</token>
<token t_id="515" sentence="14" number="40">brands</token>
<token t_id="516" sentence="14" number="41">.</token>
<token t_id="517" sentence="15" number="0">Anheuser</token>
<token t_id="518" sentence="15" number="1">said</token>
<token t_id="519" sentence="15" number="2">it</token>
<token t_id="520" sentence="15" number="3">continues</token>
<token t_id="521" sentence="15" number="4">to</token>
<token t_id="522" sentence="15" number="5">hold</token>
<token t_id="523" sentence="15" number="6">to</token>
<token t_id="524" sentence="15" number="7">its</token>
<token t_id="525" sentence="15" number="8">earlier</token>
<token t_id="526" sentence="15" number="9">-</token>
<token t_id="527" sentence="15" number="10">announced</token>
<token t_id="528" sentence="15" number="11">goal</token>
<token t_id="529" sentence="15" number="12">of</token>
<token t_id="530" sentence="15" number="13">a</token>
<token t_id="531" sentence="15" number="14">50</token>
<token t_id="532" sentence="15" number="15">%</token>
<token t_id="533" sentence="15" number="16">U</token>
<token t_id="534" sentence="15" number="17">.</token>
<token t_id="535" sentence="15" number="18">S</token>
<token t_id="536" sentence="15" number="19">.</token>
<token t_id="537" sentence="15" number="20">market</token>
<token t_id="538" sentence="15" number="21">share</token>
<token t_id="539" sentence="15" number="22">by</token>
<token t_id="540" sentence="15" number="23">the</token>
<token t_id="541" sentence="15" number="24">mid</token>
<token t_id="542" sentence="15" number="25">-</token>
<token t_id="543" sentence="15" number="26">1990s</token>
<token t_id="544" sentence="15" number="27">.</token>
<token t_id="545" sentence="16" number="0">Beneath</token>
<token t_id="546" sentence="16" number="1">the</token>
<token t_id="547" sentence="16" number="2">tepid</token>
<token t_id="548" sentence="16" number="3">news</token>
<token t_id="549" sentence="16" number="4">-</token>
<token t_id="550" sentence="16" number="5">release</token>
<token t_id="551" sentence="16" number="6">jargon</token>
<token t_id="552" sentence="16" number="7">lies</token>
<token t_id="553" sentence="16" number="8">a</token>
<token t_id="554" sentence="16" number="9">powerful</token>
<token t_id="555" sentence="16" number="10">threat</token>
<token t_id="556" sentence="16" number="11">from</token>
<token t_id="557" sentence="16" number="12">the</token>
<token t_id="558" sentence="16" number="13">brewing</token>
<token t_id="559" sentence="16" number="14">giant</token>
<token t_id="560" sentence="16" number="15">,</token>
<token t_id="561" sentence="16" number="16">which</token>
<token t_id="562" sentence="16" number="17">last</token>
<token t_id="563" sentence="16" number="18">year</token>
<token t_id="564" sentence="16" number="19">accounted</token>
<token t_id="565" sentence="16" number="20">for</token>
<token t_id="566" sentence="16" number="21">about</token>
<token t_id="567" sentence="16" number="22">41</token>
<token t_id="568" sentence="16" number="23">%</token>
<token t_id="569" sentence="16" number="24">of</token>
<token t_id="570" sentence="16" number="25">all</token>
<token t_id="571" sentence="16" number="26">U</token>
<token t_id="572" sentence="16" number="27">.</token>
<token t_id="573" sentence="16" number="28">S</token>
<token t_id="574" sentence="16" number="29">.</token>
<token t_id="575" sentence="16" number="30">beer</token>
<token t_id="576" sentence="16" number="31">sales</token>
<token t_id="577" sentence="16" number="32">and</token>
<token t_id="578" sentence="16" number="33">is</token>
<token t_id="579" sentence="16" number="34">expected</token>
<token t_id="580" sentence="16" number="35">to</token>
<token t_id="581" sentence="16" number="36">see</token>
<token t_id="582" sentence="16" number="37">that</token>
<token t_id="583" sentence="16" number="38">grow</token>
<token t_id="584" sentence="16" number="39">to</token>
<token t_id="585" sentence="16" number="40">42</token>
<token t_id="586" sentence="16" number="41">.</token>
<token t_id="587" sentence="16" number="42">5</token>
<token t_id="588" sentence="16" number="43">%</token>
<token t_id="589" sentence="16" number="44">in</token>
<token t_id="590" sentence="16" number="45">the</token>
<token t_id="591" sentence="16" number="46">current</token>
<token t_id="592" sentence="16" number="47">year</token>
<token t_id="593" sentence="16" number="48">.</token>
<token t_id="594" sentence="17" number="0">``</token>
<token t_id="595" sentence="17" number="1">Anheuser</token>
<token t_id="596" sentence="17" number="2">is</token>
<token t_id="597" sentence="17" number="3">the</token>
<token t_id="598" sentence="17" number="4">biggest</token>
<token t_id="599" sentence="17" number="5">guy</token>
<token t_id="600" sentence="17" number="6">in</token>
<token t_id="601" sentence="17" number="7">the</token>
<token t_id="602" sentence="17" number="8">bar</token>
<token t_id="603" sentence="17" number="9">,</token>
<token t_id="604" sentence="17" number="10">and</token>
<token t_id="605" sentence="17" number="11">he</token>
<token t_id="606" sentence="17" number="12">just</token>
<token t_id="607" sentence="17" number="13">decided</token>
<token t_id="608" sentence="17" number="14">to</token>
<token t_id="609" sentence="17" number="15">join</token>
<token t_id="610" sentence="17" number="16">in</token>
<token t_id="611" sentence="17" number="17">the</token>
<token t_id="612" sentence="17" number="18">barroom</token>
<token t_id="613" sentence="17" number="19">brawl</token>
<token t_id="614" sentence="17" number="20">,</token>
<token t_id="615" sentence="17" number="21">''</token>
<token t_id="616" sentence="17" number="22">said</token>
<token t_id="617" sentence="17" number="23">Joseph</token>
<token t_id="618" sentence="17" number="24">J</token>
<token t_id="619" sentence="17" number="25">.</token>
<token t_id="620" sentence="17" number="26">Doyle</token>
<token t_id="621" sentence="17" number="27">,</token>
<token t_id="622" sentence="17" number="28">an</token>
<token t_id="623" sentence="17" number="29">analyst</token>
<token t_id="624" sentence="17" number="30">with</token>
<token t_id="625" sentence="17" number="31">Smith</token>
<token t_id="626" sentence="17" number="32">Barney</token>
<token t_id="627" sentence="17" number="33">,</token>
<token t_id="628" sentence="17" number="34">Harris</token>
<token t_id="629" sentence="17" number="35">Upham</token>
<token t_id="630" sentence="17" number="36">&amp;amp</token>
<token t_id="631" sentence="17" number="37">;</token>
<token t_id="632" sentence="17" number="38">Co</token>
<token t_id="633" sentence="17" number="39">.</token>
<token t_id="634" sentence="18" number="0">``</token>
<token t_id="635" sentence="18" number="1">It</token>
<token t_id="636" sentence="18" number="2">'s</token>
<token t_id="637" sentence="18" number="3">going</token>
<token t_id="638" sentence="18" number="4">to</token>
<token t_id="639" sentence="18" number="5">get</token>
<token t_id="640" sentence="18" number="6">bloody</token>
<token t_id="641" sentence="18" number="7">.</token>
<token t_id="642" sentence="18" number="8">''</token>
<token t_id="643" sentence="19" number="0">Jerry</token>
<token t_id="644" sentence="19" number="1">Steinman</token>
<token t_id="645" sentence="19" number="2">,</token>
<token t_id="646" sentence="19" number="3">publisher</token>
<token t_id="647" sentence="19" number="4">of</token>
<token t_id="648" sentence="19" number="5">Beer</token>
<token t_id="649" sentence="19" number="6">Marketers</token>
<token t_id="650" sentence="19" number="7">Insights</token>
<token t_id="651" sentence="19" number="8">,</token>
<token t_id="652" sentence="19" number="9">a</token>
<token t_id="653" sentence="19" number="10">trade</token>
<token t_id="654" sentence="19" number="11">newsletter</token>
<token t_id="655" sentence="19" number="12">,</token>
<token t_id="656" sentence="19" number="13">said</token>
<token t_id="657" sentence="19" number="14">Anheuser</token>
<token t_id="658" sentence="19" number="15">'s</token>
<token t_id="659" sentence="19" number="16">announcement</token>
<token t_id="660" sentence="19" number="17">means</token>
<token t_id="661" sentence="19" number="18">``</token>
<token t_id="662" sentence="19" number="19">everybody</token>
<token t_id="663" sentence="19" number="20">else</token>
<token t_id="664" sentence="19" number="21">in</token>
<token t_id="665" sentence="19" number="22">the</token>
<token t_id="666" sentence="19" number="23">industry</token>
<token t_id="667" sentence="19" number="24">is</token>
<token t_id="668" sentence="19" number="25">going</token>
<token t_id="669" sentence="19" number="26">to</token>
<token t_id="670" sentence="19" number="27">have</token>
<token t_id="671" sentence="19" number="28">a</token>
<token t_id="672" sentence="19" number="29">difficult</token>
<token t_id="673" sentence="19" number="30">time</token>
<token t_id="674" sentence="19" number="31">reaching</token>
<token t_id="675" sentence="19" number="32">their</token>
<token t_id="676" sentence="19" number="33">profit</token>
<token t_id="677" sentence="19" number="34">objectives</token>
<token t_id="678" sentence="19" number="35">.</token>
<token t_id="679" sentence="19" number="36">''</token>
<token t_id="680" sentence="20" number="0">Prudential</token>
<token t_id="681" sentence="20" number="1">-</token>
<token t_id="682" sentence="20" number="2">Bache</token>
<token t_id="683" sentence="20" number="3">Securities</token>
<token t_id="684" sentence="20" number="4">Inc</token>
<token t_id="685" sentence="20" number="5">.</token>
<token t_id="686" sentence="20" number="6">analyst</token>
<token t_id="687" sentence="20" number="7">George</token>
<token t_id="688" sentence="20" number="8">E</token>
<token t_id="689" sentence="20" number="9">.</token>
<token t_id="690" sentence="20" number="10">Thompson</token>
<token t_id="691" sentence="20" number="11">downplayed</token>
<token t_id="692" sentence="20" number="12">the</token>
<token t_id="693" sentence="20" number="13">importance</token>
<token t_id="694" sentence="20" number="14">of</token>
<token t_id="695" sentence="20" number="15">the</token>
<token t_id="696" sentence="20" number="16">announcement</token>
<token t_id="697" sentence="20" number="17">,</token>
<token t_id="698" sentence="20" number="18">and</token>
<token t_id="699" sentence="20" number="19">called</token>
<token t_id="700" sentence="20" number="20">any</token>
<token t_id="701" sentence="20" number="21">comparison</token>
<token t_id="702" sentence="20" number="22">between</token>
<token t_id="703" sentence="20" number="23">the</token>
<token t_id="704" sentence="20" number="24">coming</token>
<token t_id="705" sentence="20" number="25">beer</token>
<token t_id="706" sentence="20" number="26">-</token>
<token t_id="707" sentence="20" number="27">industry</token>
<token t_id="708" sentence="20" number="28">tiff</token>
<token t_id="709" sentence="20" number="29">and</token>
<token t_id="710" sentence="20" number="30">the</token>
<token t_id="711" sentence="20" number="31">seemingly</token>
<token t_id="712" sentence="20" number="32">unending</token>
<token t_id="713" sentence="20" number="33">``</token>
<token t_id="714" sentence="20" number="34">cola</token>
<token t_id="715" sentence="20" number="35">wars</token>
<token t_id="716" sentence="20" number="36">,</token>
<token t_id="717" sentence="20" number="37">''</token>
<token t_id="718" sentence="20" number="38">unwarranted</token>
<token t_id="719" sentence="20" number="39">.</token>
<token t_id="720" sentence="21" number="0">Mr</token>
<token t_id="721" sentence="21" number="1">.</token>
<token t_id="722" sentence="21" number="2">Thompson</token>
<token t_id="723" sentence="21" number="3">calls</token>
<token t_id="724" sentence="21" number="4">discounting</token>
<token t_id="725" sentence="21" number="5">``</token>
<token t_id="726" sentence="21" number="6">a</token>
<token t_id="727" sentence="21" number="7">loser</token>
<token t_id="728" sentence="21" number="8">'s</token>
<token t_id="729" sentence="21" number="9">game</token>
<token t_id="730" sentence="21" number="10">for</token>
<token t_id="731" sentence="21" number="11">anyone</token>
<token t_id="732" sentence="21" number="12">without</token>
<token t_id="733" sentence="21" number="13">a</token>
<token t_id="734" sentence="21" number="14">dominant</token>
<token t_id="735" sentence="21" number="15">market</token>
<token t_id="736" sentence="21" number="16">share</token>
<token t_id="737" sentence="21" number="17">,</token>
<token t_id="738" sentence="21" number="18">''</token>
<token t_id="739" sentence="21" number="19">and</token>
<token t_id="740" sentence="21" number="20">projected</token>
<token t_id="741" sentence="21" number="21">that</token>
<token t_id="742" sentence="21" number="22">Anheuser</token>
<token t_id="743" sentence="21" number="23">'s</token>
<token t_id="744" sentence="21" number="24">statement</token>
<token t_id="745" sentence="21" number="25">of</token>
<token t_id="746" sentence="21" number="26">intent</token>
<token t_id="747" sentence="21" number="27">could</token>
<token t_id="748" sentence="21" number="28">simply</token>
<token t_id="749" sentence="21" number="29">be</token>
<token t_id="750" sentence="21" number="30">a</token>
<token t_id="751" sentence="21" number="31">means</token>
<token t_id="752" sentence="21" number="32">of</token>
<token t_id="753" sentence="21" number="33">warning</token>
<token t_id="754" sentence="21" number="34">competitors</token>
<token t_id="755" sentence="21" number="35">to</token>
<token t_id="756" sentence="21" number="36">ease</token>
<token t_id="757" sentence="21" number="37">up</token>
<token t_id="758" sentence="21" number="38">on</token>
<token t_id="759" sentence="21" number="39">price</token>
<token t_id="760" sentence="21" number="40">-</token>
<token t_id="761" sentence="21" number="41">cutting</token>
<token t_id="762" sentence="21" number="42">or</token>
<token t_id="763" sentence="21" number="43">face</token>
<token t_id="764" sentence="21" number="44">a</token>
<token t_id="765" sentence="21" number="45">costly</token>
<token t_id="766" sentence="21" number="46">and</token>
<token t_id="767" sentence="21" number="47">fruitless</token>
<token t_id="768" sentence="21" number="48">battle</token>
<token t_id="769" sentence="21" number="49">.</token>
<token t_id="770" sentence="22" number="0">Mr</token>
<token t_id="771" sentence="22" number="1">.</token>
<token t_id="772" sentence="22" number="2">Thompson</token>
<token t_id="773" sentence="22" number="3">noted</token>
<token t_id="774" sentence="22" number="4">that</token>
<token t_id="775" sentence="22" number="5">the</token>
<token t_id="776" sentence="22" number="6">disappointing</token>
<token t_id="777" sentence="22" number="7">earnings</token>
<token t_id="778" sentence="22" number="8">,</token>
<token t_id="779" sentence="22" number="9">which</token>
<token t_id="780" sentence="22" number="10">fell</token>
<token t_id="781" sentence="22" number="11">five</token>
<token t_id="782" sentence="22" number="12">cents</token>
<token t_id="783" sentence="22" number="13">a</token>
<token t_id="784" sentence="22" number="14">share</token>
<token t_id="785" sentence="22" number="15">short</token>
<token t_id="786" sentence="22" number="16">of</token>
<token t_id="787" sentence="22" number="17">his</token>
<token t_id="788" sentence="22" number="18">own</token>
<token t_id="789" sentence="22" number="19">projections</token>
<token t_id="790" sentence="22" number="20">,</token>
<token t_id="791" sentence="22" number="21">contributed</token>
<token t_id="792" sentence="22" number="22">to</token>
<token t_id="793" sentence="22" number="23">the</token>
<token t_id="794" sentence="22" number="24">sell</token>
<token t_id="795" sentence="22" number="25">-</token>
<token t_id="796" sentence="22" number="26">off</token>
<token t_id="797" sentence="22" number="27">by</token>
<token t_id="798" sentence="22" number="28">an</token>
<token t_id="799" sentence="22" number="29">edgy</token>
<token t_id="800" sentence="22" number="30">and</token>
<token t_id="801" sentence="22" number="31">currently</token>
<token t_id="802" sentence="22" number="32">unforgiving</token>
<token t_id="803" sentence="22" number="33">investing</token>
<token t_id="804" sentence="22" number="34">public</token>
<token t_id="805" sentence="22" number="35">.</token>
<token t_id="806" sentence="23" number="0">But</token>
<token t_id="807" sentence="23" number="1">Smith</token>
<token t_id="808" sentence="23" number="2">Barney</token>
<token t_id="809" sentence="23" number="3">'s</token>
<token t_id="810" sentence="23" number="4">Mr</token>
<token t_id="811" sentence="23" number="5">.</token>
<token t_id="812" sentence="23" number="6">Doyle</token>
<token t_id="813" sentence="23" number="7">,</token>
<token t_id="814" sentence="23" number="8">who</token>
<token t_id="815" sentence="23" number="9">yesterday</token>
<token t_id="816" sentence="23" number="10">trimmed</token>
<token t_id="817" sentence="23" number="11">his</token>
<token t_id="818" sentence="23" number="12">1990</token>
<token t_id="819" sentence="23" number="13">Anheuser</token>
<token t_id="820" sentence="23" number="14">earnings</token>
<token t_id="821" sentence="23" number="15">projection</token>
<token t_id="822" sentence="23" number="16">to</token>
<token t_id="823" sentence="23" number="17">$</token>
<token t_id="824" sentence="23" number="18">2</token>
<token t_id="825" sentence="23" number="19">.</token>
<token t_id="826" sentence="23" number="20">95</token>
<token t_id="827" sentence="23" number="21">a</token>
<token t_id="828" sentence="23" number="22">share</token>
<token t_id="829" sentence="23" number="23">from</token>
<token t_id="830" sentence="23" number="24">$</token>
<token t_id="831" sentence="23" number="25">3</token>
<token t_id="832" sentence="23" number="26">.</token>
<token t_id="833" sentence="23" number="27">10</token>
<token t_id="834" sentence="23" number="28">,</token>
<token t_id="835" sentence="23" number="29">called</token>
<token t_id="836" sentence="23" number="30">the</token>
<token t_id="837" sentence="23" number="31">market</token>
<token t_id="838" sentence="23" number="32">'s</token>
<token t_id="839" sentence="23" number="33">reaction</token>
<token t_id="840" sentence="23" number="34">``</token>
<token t_id="841" sentence="23" number="35">justified</token>
<token t_id="842" sentence="23" number="36">.</token>
<token t_id="843" sentence="23" number="37">''</token>
<token t_id="844" sentence="24" number="0">While</token>
<token t_id="845" sentence="24" number="1">the</token>
<token t_id="846" sentence="24" number="2">third</token>
<token t_id="847" sentence="24" number="3">-</token>
<token t_id="848" sentence="24" number="4">quarter</token>
<token t_id="849" sentence="24" number="5">earnings</token>
<token t_id="850" sentence="24" number="6">were</token>
<token t_id="851" sentence="24" number="7">a</token>
<token t_id="852" sentence="24" number="8">``</token>
<token t_id="853" sentence="24" number="9">moderate</token>
<token t_id="854" sentence="24" number="10">disappointment</token>
<token t_id="855" sentence="24" number="11">,</token>
<token t_id="856" sentence="24" number="12">''</token>
<token t_id="857" sentence="24" number="13">he</token>
<token t_id="858" sentence="24" number="14">said</token>
<token t_id="859" sentence="24" number="15">,</token>
<token t_id="860" sentence="24" number="16">``</token>
<token t_id="861" sentence="24" number="17">the</token>
<token t_id="862" sentence="24" number="18">real</token>
<token t_id="863" sentence="24" number="19">bad</token>
<token t_id="864" sentence="24" number="20">news</token>
<token t_id="865" sentence="24" number="21">is</token>
<token t_id="866" sentence="24" number="22">the</token>
<token t_id="867" sentence="24" number="23">intensity</token>
<token t_id="868" sentence="24" number="24">of</token>
<token t_id="869" sentence="24" number="25">price</token>
<token t_id="870" sentence="24" number="26">competition</token>
<token t_id="871" sentence="24" number="27">''</token>
<token t_id="872" sentence="24" number="28">in</token>
<token t_id="873" sentence="24" number="29">the</token>
<token t_id="874" sentence="24" number="30">premium</token>
<token t_id="875" sentence="24" number="31">-</token>
<token t_id="876" sentence="24" number="32">beer</token>
<token t_id="877" sentence="24" number="33">sector</token>
<token t_id="878" sentence="24" number="34">.</token>
<token t_id="879" sentence="25" number="0">According</token>
<token t_id="880" sentence="25" number="1">to</token>
<token t_id="881" sentence="25" number="2">Mr</token>
<token t_id="882" sentence="25" number="3">.</token>
<token t_id="883" sentence="25" number="4">Steinman</token>
<token t_id="884" sentence="25" number="5">,</token>
<token t_id="885" sentence="25" number="6">the</token>
<token t_id="886" sentence="25" number="7">newsletter</token>
<token t_id="887" sentence="25" number="8">publisher</token>
<token t_id="888" sentence="25" number="9">,</token>
<token t_id="889" sentence="25" number="10">Anheuser</token>
<token t_id="890" sentence="25" number="11">'s</token>
<token t_id="891" sentence="25" number="12">market</token>
<token t_id="892" sentence="25" number="13">share</token>
<token t_id="893" sentence="25" number="14">is</token>
<token t_id="894" sentence="25" number="15">nearly</token>
<token t_id="895" sentence="25" number="16">twice</token>
<token t_id="896" sentence="25" number="17">that</token>
<token t_id="897" sentence="25" number="18">of</token>
<token t_id="898" sentence="25" number="19">its</token>
<token t_id="899" sentence="25" number="20">nearest</token>
<token t_id="900" sentence="25" number="21">competitor</token>
<token t_id="901" sentence="25" number="22">,</token>
<token t_id="902" sentence="25" number="23">Miller</token>
<token t_id="903" sentence="25" number="24">Brewing</token>
<token t_id="904" sentence="25" number="25">,</token>
<token t_id="905" sentence="25" number="26">which</token>
<token t_id="906" sentence="25" number="27">had</token>
<token t_id="907" sentence="25" number="28">a</token>
<token t_id="908" sentence="25" number="29">21</token>
<token t_id="909" sentence="25" number="30">.</token>
<token t_id="910" sentence="25" number="31">2</token>
<token t_id="911" sentence="25" number="32">%</token>
<token t_id="912" sentence="25" number="33">stake</token>
<token t_id="913" sentence="25" number="34">last</token>
<token t_id="914" sentence="25" number="35">year</token>
<token t_id="915" sentence="25" number="36">.</token>
<token t_id="916" sentence="26" number="0">It</token>
<token t_id="917" sentence="26" number="1">'s</token>
<token t_id="918" sentence="26" number="2">followed</token>
<token t_id="919" sentence="26" number="3">by</token>
<token t_id="920" sentence="26" number="4">Stroh</token>
<token t_id="921" sentence="26" number="5">Brewery</token>
<token t_id="922" sentence="26" number="6">Co</token>
<token t_id="923" sentence="26" number="7">.</token>
<token t_id="924" sentence="26" number="8">,</token>
<token t_id="925" sentence="26" number="9">which</token>
<token t_id="926" sentence="26" number="10">has</token>
<token t_id="927" sentence="26" number="11">agreed</token>
<token t_id="928" sentence="26" number="12">to</token>
<token t_id="929" sentence="26" number="13">sell</token>
<token t_id="930" sentence="26" number="14">its</token>
<token t_id="931" sentence="26" number="15">assets</token>
<token t_id="932" sentence="26" number="16">to</token>
<token t_id="933" sentence="26" number="17">Coors</token>
<token t_id="934" sentence="26" number="18">.</token>
<token t_id="935" sentence="27" number="0">Both</token>
<token t_id="936" sentence="27" number="1">Coors</token>
<token t_id="937" sentence="27" number="2">and</token>
<token t_id="938" sentence="27" number="3">Stroh</token>
<token t_id="939" sentence="27" number="4">have</token>
<token t_id="940" sentence="27" number="5">recently</token>
<token t_id="941" sentence="27" number="6">been</token>
<token t_id="942" sentence="27" number="7">ceding</token>
<token t_id="943" sentence="27" number="8">market</token>
<token t_id="944" sentence="27" number="9">share</token>
<token t_id="945" sentence="27" number="10">to</token>
<token t_id="946" sentence="27" number="11">Miller</token>
<token t_id="947" sentence="27" number="12">and</token>
<token t_id="948" sentence="27" number="13">Anheuser</token>
<token t_id="949" sentence="27" number="14">.</token>


<Markables>
<ARGUMENTATIVE m_id="33" comment="" conversational-direct="TRUE" conversational-reported="FALSE"  >
<token_anchor t_id="860"/>
<token_anchor t_id="861"/>
<token_anchor t_id="862"/>
<token_anchor t_id="863"/>
<token_anchor t_id="864"/>
<token_anchor t_id="865"/>
<token_anchor t_id="866"/>
<token_anchor t_id="867"/>
<token_anchor t_id="868"/>
<token_anchor t_id="869"/>
<token_anchor t_id="870"/>
<token_anchor t_id="871"/>
<token_anchor t_id="872"/>
<token_anchor t_id="873"/>
<token_anchor t_id="874"/>
<token_anchor t_id="875"/>
<token_anchor t_id="876"/>
<token_anchor t_id="877"/>
<token_anchor t_id="878"/>
</ARGUMENTATIVE>
<ARGUMENTATIVE m_id="65" comment="" conversational-direct="TRUE" conversational-reported="FALSE"  >
<token_anchor t_id="608"/>
<token_anchor t_id="609"/>
<token_anchor t_id="610"/>
<token_anchor t_id="611"/>
<token_anchor t_id="612"/>
<token_anchor t_id="613"/>
<token_anchor t_id="614"/>
<token_anchor t_id="615"/>
</ARGUMENTATIVE>
<ARGUMENTATIVE m_id="34" comment="" conversational-direct="TRUE" conversational-reported="FALSE"  >
<token_anchor t_id="475"/>
<token_anchor t_id="476"/>
<token_anchor t_id="477"/>
<token_anchor t_id="478"/>
<token_anchor t_id="479"/>
<token_anchor t_id="480"/>
<token_anchor t_id="481"/>
<token_anchor t_id="482"/>
<token_anchor t_id="483"/>
<token_anchor t_id="484"/>
<token_anchor t_id="485"/>
<token_anchor t_id="486"/>
<token_anchor t_id="487"/>
<token_anchor t_id="488"/>
</ARGUMENTATIVE>
<ARGUMENTATIVE m_id="66" comment="" conversational-direct="TRUE" conversational-reported="FALSE"  >
<token_anchor t_id="661"/>
<token_anchor t_id="662"/>
<token_anchor t_id="663"/>
<token_anchor t_id="664"/>
<token_anchor t_id="665"/>
<token_anchor t_id="666"/>
<token_anchor t_id="667"/>
<token_anchor t_id="668"/>
<token_anchor t_id="669"/>
<token_anchor t_id="670"/>
<token_anchor t_id="671"/>
<token_anchor t_id="672"/>
<token_anchor t_id="673"/>
</ARGUMENTATIVE>
<ARGUMENTATIVE m_id="35" comment="" conversational-direct="FALSE" conversational-reported="FALSE"  >
<token_anchor t_id="545"/>
<token_anchor t_id="546"/>
<token_anchor t_id="547"/>
<token_anchor t_id="548"/>
<token_anchor t_id="549"/>
<token_anchor t_id="550"/>
<token_anchor t_id="551"/>
<token_anchor t_id="552"/>
<token_anchor t_id="553"/>
<token_anchor t_id="554"/>
<token_anchor t_id="555"/>
<token_anchor t_id="556"/>
<token_anchor t_id="557"/>
<token_anchor t_id="558"/>
<token_anchor t_id="559"/>
<token_anchor t_id="560"/>
</ARGUMENTATIVE>
<ARGUMENTATIVE m_id="67" comment="" conversational-direct="FALSE" conversational-reported="FALSE"  >
<token_anchor t_id="674"/>
<token_anchor t_id="675"/>
<token_anchor t_id="676"/>
<token_anchor t_id="677"/>
<token_anchor t_id="678"/>
<token_anchor t_id="679"/>
</ARGUMENTATIVE>
<ARGUMENTATIVE m_id="36" comment="" conversational-direct="FALSE" conversational-reported="FALSE"  >
<token_anchor t_id="720"/>
<token_anchor t_id="721"/>
<token_anchor t_id="722"/>
<token_anchor t_id="723"/>
<token_anchor t_id="724"/>
<token_anchor t_id="725"/>
<token_anchor t_id="726"/>
<token_anchor t_id="727"/>
<token_anchor t_id="728"/>
<token_anchor t_id="729"/>
<token_anchor t_id="730"/>
<token_anchor t_id="731"/>
<token_anchor t_id="732"/>
<token_anchor t_id="733"/>
<token_anchor t_id="734"/>
<token_anchor t_id="735"/>
<token_anchor t_id="736"/>
<token_anchor t_id="737"/>
<token_anchor t_id="738"/>
</ARGUMENTATIVE>
<ARGUMENTATIVE m_id="69" comment="" conversational-direct="FALSE" conversational-reported="FALSE"  >
<token_anchor t_id="680"/>
<token_anchor t_id="681"/>
<token_anchor t_id="682"/>
<token_anchor t_id="683"/>
<token_anchor t_id="684"/>
<token_anchor t_id="685"/>
<token_anchor t_id="686"/>
<token_anchor t_id="687"/>
<token_anchor t_id="688"/>
<token_anchor t_id="689"/>
<token_anchor t_id="690"/>
<token_anchor t_id="691"/>
<token_anchor t_id="692"/>
<token_anchor t_id="693"/>
<token_anchor t_id="694"/>
<token_anchor t_id="695"/>
<token_anchor t_id="696"/>
<token_anchor t_id="697"/>
</ARGUMENTATIVE>
<ARGUMENTATIVE m_id="70" comment="" conversational-direct="FALSE" conversational-reported="FALSE"  >
<token_anchor t_id="698"/>
<token_anchor t_id="699"/>
<token_anchor t_id="700"/>
<token_anchor t_id="701"/>
<token_anchor t_id="702"/>
<token_anchor t_id="703"/>
<token_anchor t_id="704"/>
<token_anchor t_id="705"/>
<token_anchor t_id="706"/>
<token_anchor t_id="707"/>
<token_anchor t_id="708"/>
<token_anchor t_id="709"/>
<token_anchor t_id="710"/>
<token_anchor t_id="711"/>
<token_anchor t_id="712"/>
<token_anchor t_id="713"/>
<token_anchor t_id="714"/>
<token_anchor t_id="715"/>
<token_anchor t_id="716"/>
<token_anchor t_id="717"/>
<token_anchor t_id="718"/>
<token_anchor t_id="719"/>
</ARGUMENTATIVE>
<ARGUMENTATIVE m_id="71" comment="" conversational-direct="FALSE" conversational-reported="TRUE"  >
<token_anchor t_id="774"/>
<token_anchor t_id="775"/>
<token_anchor t_id="776"/>
<token_anchor t_id="777"/>
<token_anchor t_id="778"/>
<token_anchor t_id="791"/>
</ARGUMENTATIVE>
<ARGUMENTATIVE m_id="72" comment="" conversational-direct="FALSE" conversational-reported="TRUE"  >
<token_anchor t_id="792"/>
<token_anchor t_id="793"/>
<token_anchor t_id="794"/>
<token_anchor t_id="795"/>
<token_anchor t_id="796"/>
<token_anchor t_id="797"/>
<token_anchor t_id="798"/>
<token_anchor t_id="799"/>
<token_anchor t_id="800"/>
<token_anchor t_id="801"/>
<token_anchor t_id="802"/>
<token_anchor t_id="803"/>
<token_anchor t_id="804"/>
<token_anchor t_id="805"/>
</ARGUMENTATIVE>
<ARGUMENTATIVE m_id="49" comment="" conversational-direct="FALSE" conversational-reported="TRUE"  >
<token_anchor t_id="9"/>
<token_anchor t_id="10"/>
<token_anchor t_id="11"/>
<token_anchor t_id="12"/>
<token_anchor t_id="13"/>
<token_anchor t_id="14"/>
<token_anchor t_id="15"/>
<token_anchor t_id="16"/>
</ARGUMENTATIVE>
<ARGUMENTATIVE m_id="50" comment="" conversational-direct="FALSE" conversational-reported="TRUE"  >
<token_anchor t_id="17"/>
<token_anchor t_id="18"/>
<token_anchor t_id="19"/>
<token_anchor t_id="20"/>
<token_anchor t_id="21"/>
<token_anchor t_id="22"/>
<token_anchor t_id="23"/>
<token_anchor t_id="24"/>
<token_anchor t_id="25"/>
</ARGUMENTATIVE>
<ARGUMENTATIVE m_id="53" comment="" conversational-direct="FALSE" conversational-reported="TRUE"  >
<token_anchor t_id="127"/>
<token_anchor t_id="128"/>
<token_anchor t_id="129"/>
<token_anchor t_id="130"/>
<token_anchor t_id="131"/>
<token_anchor t_id="132"/>
<token_anchor t_id="133"/>
<token_anchor t_id="134"/>
<token_anchor t_id="135"/>
<token_anchor t_id="136"/>
<token_anchor t_id="137"/>
<token_anchor t_id="138"/>
<token_anchor t_id="139"/>
<token_anchor t_id="140"/>
<token_anchor t_id="141"/>
<token_anchor t_id="142"/>
<token_anchor t_id="143"/>
<token_anchor t_id="144"/>
</ARGUMENTATIVE>
<ARGUMENTATIVE m_id="63" comment="" conversational-direct="TRUE" conversational-reported="FALSE"  >
<token_anchor t_id="594"/>
<token_anchor t_id="595"/>
<token_anchor t_id="596"/>
<token_anchor t_id="597"/>
<token_anchor t_id="598"/>
<token_anchor t_id="599"/>
<token_anchor t_id="600"/>
<token_anchor t_id="601"/>
<token_anchor t_id="602"/>
<token_anchor t_id="603"/>
</ARGUMENTATIVE>
<ARGUMENTATIVE m_id="32" comment="" conversational-direct="TRUE" conversational-reported="FALSE"  >
<token_anchor t_id="844"/>
<token_anchor t_id="845"/>
<token_anchor t_id="846"/>
<token_anchor t_id="847"/>
<token_anchor t_id="848"/>
<token_anchor t_id="849"/>
<token_anchor t_id="850"/>
<token_anchor t_id="851"/>
<token_anchor t_id="852"/>
<token_anchor t_id="853"/>
<token_anchor t_id="854"/>
<token_anchor t_id="855"/>
<token_anchor t_id="856"/>
</ARGUMENTATIVE>
<ARGUMENTATIVE m_id="64" comment="" conversational-direct="TRUE" conversational-reported="FALSE"  >
<token_anchor t_id="634"/>
<token_anchor t_id="635"/>
<token_anchor t_id="636"/>
<token_anchor t_id="637"/>
<token_anchor t_id="638"/>
<token_anchor t_id="639"/>
<token_anchor t_id="640"/>
<token_anchor t_id="641"/>
<token_anchor t_id="642"/>
</ARGUMENTATIVE>
<DESCRIPTIVE m_id="56" Type="Other" comment="" conversational-direct="TRUE" conversational-reported="FALSE"  >
<token_anchor t_id="460"/>
<token_anchor t_id="461"/>
<token_anchor t_id="462"/>
<token_anchor t_id="463"/>
<token_anchor t_id="464"/>
<token_anchor t_id="465"/>
<token_anchor t_id="466"/>
</DESCRIPTIVE>
<NARRATIVE m_id="1" Level="Primary" comment="" conversational-direct="FALSE" conversational-reported="FALSE"  >
<token_anchor t_id="212"/>
<token_anchor t_id="213"/>
</NARRATIVE>
<NARRATIVE m_id="2" Level="" comment="" conversational-direct="FALSE" conversational-reported="FALSE"  >
<token_anchor t_id="309"/>
<token_anchor t_id="310"/>
</NARRATIVE>
<NARRATIVE m_id="3" Level="Primary" comment="" conversational-direct="FALSE" conversational-reported="FALSE"  >
<token_anchor t_id="436"/>
<token_anchor t_id="437"/>
</NARRATIVE>
<NARRATIVE m_id="4" Level="Primary" comment="" conversational-direct="FALSE" conversational-reported="FALSE"  >
<token_anchor t_id="489"/>
<token_anchor t_id="490"/>
<token_anchor t_id="491"/>
</NARRATIVE>
<NARRATIVE m_id="5" Level="Primary" comment="" conversational-direct="FALSE" conversational-reported="FALSE"  >
<token_anchor t_id="492"/>
</NARRATIVE>
<NARRATIVE m_id="37" Level="Primary" comment="" conversational-direct="FALSE" conversational-reported="FALSE"  >
<token_anchor t_id="814"/>
<token_anchor t_id="815"/>
<token_anchor t_id="816"/>
<token_anchor t_id="817"/>
<token_anchor t_id="818"/>
<token_anchor t_id="819"/>
<token_anchor t_id="820"/>
<token_anchor t_id="821"/>
<token_anchor t_id="822"/>
<token_anchor t_id="823"/>
<token_anchor t_id="824"/>
<token_anchor t_id="825"/>
<token_anchor t_id="826"/>
<token_anchor t_id="827"/>
<token_anchor t_id="828"/>
<token_anchor t_id="829"/>
<token_anchor t_id="830"/>
<token_anchor t_id="831"/>
<token_anchor t_id="832"/>
<token_anchor t_id="833"/>
<token_anchor t_id="834"/>
</NARRATIVE>
<NARRATIVE m_id="6" Level="Primary" comment="" conversational-direct="FALSE" conversational-reported="TRUE"  >
<token_anchor t_id="241"/>
<token_anchor t_id="242"/>
<token_anchor t_id="243"/>
<token_anchor t_id="244"/>
<token_anchor t_id="245"/>
<token_anchor t_id="246"/>
</NARRATIVE>
<NARRATIVE m_id="38" Level="Primary" comment="" conversational-direct="FALSE" conversational-reported="TRUE"  >
<token_anchor t_id="311"/>
<token_anchor t_id="312"/>
<token_anchor t_id="313"/>
<token_anchor t_id="334"/>
<token_anchor t_id="335"/>
<token_anchor t_id="336"/>
<token_anchor t_id="337"/>
<token_anchor t_id="338"/>
<token_anchor t_id="339"/>
<token_anchor t_id="340"/>
<token_anchor t_id="341"/>
<token_anchor t_id="342"/>
<token_anchor t_id="343"/>
<token_anchor t_id="344"/>
<token_anchor t_id="345"/>
<token_anchor t_id="346"/>
<token_anchor t_id="347"/>
<token_anchor t_id="348"/>
<token_anchor t_id="349"/>
<token_anchor t_id="350"/>
<token_anchor t_id="351"/>
</NARRATIVE>
<NARRATIVE m_id="7" Level="Primary" comment="" conversational-direct="FALSE" conversational-reported="FALSE"  >
<token_anchor t_id="517"/>
<token_anchor t_id="518"/>
</NARRATIVE>
<NARRATIVE m_id="39" Level="Primary" comment="" conversational-direct="FALSE" conversational-reported="FALSE"  >
<token_anchor t_id="352"/>
<token_anchor t_id="353"/>
<token_anchor t_id="354"/>
<token_anchor t_id="355"/>
<token_anchor t_id="356"/>
<token_anchor t_id="357"/>
<token_anchor t_id="358"/>
<token_anchor t_id="359"/>
<token_anchor t_id="360"/>
<token_anchor t_id="361"/>
<token_anchor t_id="362"/>
<token_anchor t_id="363"/>
<token_anchor t_id="364"/>
<token_anchor t_id="365"/>
<token_anchor t_id="366"/>
<token_anchor t_id="367"/>
<token_anchor t_id="368"/>
<token_anchor t_id="369"/>
<token_anchor t_id="370"/>
</NARRATIVE>
<NARRATIVE m_id="8" Level="Primary" comment="" conversational-direct="FALSE" conversational-reported="FALSE"  >
<token_anchor t_id="616"/>
<token_anchor t_id="617"/>
<token_anchor t_id="618"/>
<token_anchor t_id="619"/>
<token_anchor t_id="620"/>
<token_anchor t_id="621"/>
<token_anchor t_id="622"/>
<token_anchor t_id="623"/>
<token_anchor t_id="624"/>
<token_anchor t_id="625"/>
<token_anchor t_id="626"/>
<token_anchor t_id="627"/>
<token_anchor t_id="628"/>
<token_anchor t_id="629"/>
<token_anchor t_id="630"/>
<token_anchor t_id="631"/>
<token_anchor t_id="632"/>
</NARRATIVE>
<NARRATIVE m_id="40" Level="" comment="" conversational-direct="FALSE" conversational-reported="FALSE"  >
<token_anchor t_id="371"/>
<token_anchor t_id="372"/>
<token_anchor t_id="373"/>
<token_anchor t_id="374"/>
<token_anchor t_id="375"/>
<token_anchor t_id="376"/>
<token_anchor t_id="377"/>
<token_anchor t_id="378"/>
<token_anchor t_id="379"/>
<token_anchor t_id="380"/>
<token_anchor t_id="381"/>
<token_anchor t_id="382"/>
<token_anchor t_id="383"/>
<token_anchor t_id="384"/>
<token_anchor t_id="385"/>
<token_anchor t_id="386"/>
<token_anchor t_id="387"/>
<token_anchor t_id="388"/>
<token_anchor t_id="389"/>
</NARRATIVE>
<NARRATIVE m_id="73" Level="Primary" comment="" conversational-direct="FALSE" conversational-reported="TRUE"  >
<token_anchor t_id="889"/>
<token_anchor t_id="890"/>
<token_anchor t_id="891"/>
<token_anchor t_id="892"/>
<token_anchor t_id="893"/>
<token_anchor t_id="894"/>
<token_anchor t_id="895"/>
<token_anchor t_id="896"/>
<token_anchor t_id="897"/>
<token_anchor t_id="898"/>
<token_anchor t_id="899"/>
<token_anchor t_id="900"/>
<token_anchor t_id="901"/>
<token_anchor t_id="902"/>
<token_anchor t_id="903"/>
<token_anchor t_id="904"/>
</NARRATIVE>
<NARRATIVE m_id="9" Level="Primary" comment="" conversational-direct="FALSE" conversational-reported="FALSE"  >
<token_anchor t_id="643"/>
<token_anchor t_id="644"/>
<token_anchor t_id="645"/>
<token_anchor t_id="646"/>
<token_anchor t_id="647"/>
<token_anchor t_id="648"/>
<token_anchor t_id="649"/>
<token_anchor t_id="650"/>
<token_anchor t_id="651"/>
<token_anchor t_id="652"/>
<token_anchor t_id="653"/>
<token_anchor t_id="654"/>
<token_anchor t_id="655"/>
<token_anchor t_id="656"/>
</NARRATIVE>
<NARRATIVE m_id="41" Level="Primary" comment="" conversational-direct="FALSE" conversational-reported="FALSE"  >
<token_anchor t_id="390"/>
<token_anchor t_id="391"/>
<token_anchor t_id="392"/>
<token_anchor t_id="393"/>
<token_anchor t_id="394"/>
<token_anchor t_id="395"/>
<token_anchor t_id="396"/>
<token_anchor t_id="397"/>
<token_anchor t_id="398"/>
<token_anchor t_id="399"/>
<token_anchor t_id="400"/>
<token_anchor t_id="401"/>
<token_anchor t_id="402"/>
<token_anchor t_id="403"/>
<token_anchor t_id="404"/>
<token_anchor t_id="405"/>
<token_anchor t_id="406"/>
<token_anchor t_id="407"/>
<token_anchor t_id="408"/>
<token_anchor t_id="409"/>
<token_anchor t_id="410"/>
<token_anchor t_id="411"/>
<token_anchor t_id="412"/>
<token_anchor t_id="413"/>
<token_anchor t_id="414"/>
<token_anchor t_id="415"/>
<token_anchor t_id="416"/>
<token_anchor t_id="417"/>
<token_anchor t_id="418"/>
<token_anchor t_id="419"/>
<token_anchor t_id="420"/>
<token_anchor t_id="421"/>
<token_anchor t_id="422"/>
<token_anchor t_id="423"/>
<token_anchor t_id="424"/>
<token_anchor t_id="425"/>
<token_anchor t_id="426"/>
<token_anchor t_id="427"/>
<token_anchor t_id="428"/>
<token_anchor t_id="429"/>
<token_anchor t_id="430"/>
<token_anchor t_id="431"/>
<token_anchor t_id="432"/>
<token_anchor t_id="433"/>
<token_anchor t_id="434"/>
<token_anchor t_id="435"/>
</NARRATIVE>
<NARRATIVE m_id="74" Level="Primary" comment="" conversational-direct="FALSE" conversational-reported="FALSE"  >
<token_anchor t_id="916"/>
<token_anchor t_id="917"/>
<token_anchor t_id="918"/>
<token_anchor t_id="919"/>
<token_anchor t_id="920"/>
<token_anchor t_id="921"/>
<token_anchor t_id="922"/>
<token_anchor t_id="923"/>
<token_anchor t_id="924"/>
</NARRATIVE>
<NARRATIVE m_id="10" Level="Primary" comment="" conversational-direct="FALSE" conversational-reported="FALSE"  >
<token_anchor t_id="1"/>
<token_anchor t_id="2"/>
<token_anchor t_id="3"/>
<token_anchor t_id="4"/>
<token_anchor t_id="5"/>
<token_anchor t_id="6"/>
</NARRATIVE>
<NARRATIVE m_id="42" Level="Primary" comment="" conversational-direct="FALSE" conversational-reported="TRUE"  >
<token_anchor t_id="214"/>
<token_anchor t_id="215"/>
<token_anchor t_id="216"/>
<token_anchor t_id="217"/>
<token_anchor t_id="218"/>
<token_anchor t_id="219"/>
<token_anchor t_id="220"/>
</NARRATIVE>
<NARRATIVE m_id="75" Level="Primary" comment="" conversational-direct="FALSE" conversational-reported="FALSE"  >
<token_anchor t_id="806"/>
<token_anchor t_id="807"/>
<token_anchor t_id="808"/>
<token_anchor t_id="809"/>
<token_anchor t_id="810"/>
<token_anchor t_id="811"/>
<token_anchor t_id="812"/>
<token_anchor t_id="813"/>
<token_anchor t_id="835"/>
<token_anchor t_id="836"/>
<token_anchor t_id="837"/>
<token_anchor t_id="838"/>
<token_anchor t_id="839"/>
<token_anchor t_id="840"/>
<token_anchor t_id="841"/>
<token_anchor t_id="842"/>
<token_anchor t_id="843"/>
</NARRATIVE>
<NARRATIVE m_id="11" Level="Primary" comment="" conversational-direct="FALSE" conversational-reported="FALSE"  >
<token_anchor t_id="739"/>
<token_anchor t_id="740"/>
</NARRATIVE>
<NARRATIVE m_id="43" Level="Primary" comment="" conversational-direct="FALSE" conversational-reported="TRUE"  >
<token_anchor t_id="221"/>
<token_anchor t_id="222"/>
<token_anchor t_id="223"/>
<token_anchor t_id="224"/>
<token_anchor t_id="225"/>
<token_anchor t_id="226"/>
<token_anchor t_id="227"/>
<token_anchor t_id="228"/>
<token_anchor t_id="229"/>
<token_anchor t_id="230"/>
<token_anchor t_id="231"/>
<token_anchor t_id="232"/>
<token_anchor t_id="233"/>
<token_anchor t_id="234"/>
</NARRATIVE>
<NARRATIVE m_id="76" Level="Primary" comment="" conversational-direct="FALSE" conversational-reported="FALSE"  >
<token_anchor t_id="69"/>
<token_anchor t_id="70"/>
<token_anchor t_id="71"/>
<token_anchor t_id="72"/>
<token_anchor t_id="73"/>
<token_anchor t_id="74"/>
<token_anchor t_id="75"/>
<token_anchor t_id="76"/>
<token_anchor t_id="77"/>
<token_anchor t_id="78"/>
<token_anchor t_id="79"/>
<token_anchor t_id="80"/>
<token_anchor t_id="81"/>
<token_anchor t_id="82"/>
<token_anchor t_id="83"/>
<token_anchor t_id="84"/>
<token_anchor t_id="85"/>
<token_anchor t_id="86"/>
<token_anchor t_id="87"/>
<token_anchor t_id="88"/>
<token_anchor t_id="89"/>
<token_anchor t_id="90"/>
<token_anchor t_id="91"/>
<token_anchor t_id="92"/>
<token_anchor t_id="93"/>
<token_anchor t_id="94"/>
<token_anchor t_id="95"/>
<token_anchor t_id="96"/>
<token_anchor t_id="97"/>
<token_anchor t_id="98"/>
<token_anchor t_id="99"/>
<token_anchor t_id="100"/>
<token_anchor t_id="101"/>
</NARRATIVE>
<NARRATIVE m_id="12" Level="" comment="" conversational-direct="FALSE" conversational-reported="FALSE"  >
<token_anchor t_id="770"/>
<token_anchor t_id="771"/>
<token_anchor t_id="772"/>
<token_anchor t_id="773"/>
</NARRATIVE>
<NARRATIVE m_id="44" Level="Primary" comment="" conversational-direct="FALSE" conversational-reported="FALSE"  >
<token_anchor t_id="324"/>
<token_anchor t_id="325"/>
<token_anchor t_id="326"/>
<token_anchor t_id="327"/>
<token_anchor t_id="328"/>
<token_anchor t_id="329"/>
<token_anchor t_id="330"/>
<token_anchor t_id="331"/>
<token_anchor t_id="332"/>
<token_anchor t_id="333"/>
</NARRATIVE>
<NARRATIVE m_id="77" Level="Primary" comment="" conversational-direct="FALSE" conversational-reported="FALSE"  >
<token_anchor t_id="741"/>
<token_anchor t_id="742"/>
<token_anchor t_id="743"/>
<token_anchor t_id="744"/>
<token_anchor t_id="745"/>
<token_anchor t_id="746"/>
<token_anchor t_id="747"/>
<token_anchor t_id="748"/>
<token_anchor t_id="749"/>
<token_anchor t_id="750"/>
<token_anchor t_id="751"/>
<token_anchor t_id="752"/>
<token_anchor t_id="753"/>
<token_anchor t_id="754"/>
</NARRATIVE>
<NARRATIVE m_id="13" Level="Primary" comment="" conversational-direct="FALSE" conversational-reported="FALSE"  >
<token_anchor t_id="857"/>
<token_anchor t_id="858"/>
<token_anchor t_id="859"/>
</NARRATIVE>
<NARRATIVE m_id="45" Level="Primary" comment="" conversational-direct="FALSE" conversational-reported="FALSE"  >
<token_anchor t_id="928"/>
<token_anchor t_id="929"/>
<token_anchor t_id="930"/>
<token_anchor t_id="931"/>
<token_anchor t_id="932"/>
<token_anchor t_id="933"/>
</NARRATIVE>
<NARRATIVE m_id="78" Level="Primary" comment="" conversational-direct="FALSE" conversational-reported="FALSE"  >
<token_anchor t_id="755"/>
<token_anchor t_id="756"/>
<token_anchor t_id="757"/>
<token_anchor t_id="758"/>
<token_anchor t_id="759"/>
<token_anchor t_id="760"/>
<token_anchor t_id="761"/>
</NARRATIVE>
<NARRATIVE m_id="14" Level="Primary" comment="" conversational-direct="FALSE" conversational-reported="FALSE"  >
<token_anchor t_id="879"/>
<token_anchor t_id="880"/>
<token_anchor t_id="881"/>
<token_anchor t_id="882"/>
<token_anchor t_id="883"/>
<token_anchor t_id="884"/>
<token_anchor t_id="885"/>
<token_anchor t_id="886"/>
<token_anchor t_id="887"/>
<token_anchor t_id="888"/>
</NARRATIVE>
<NARRATIVE m_id="46" Level="Primary" comment="" conversational-direct="FALSE" conversational-reported="FALSE"  >
<token_anchor t_id="235"/>
<token_anchor t_id="236"/>
<token_anchor t_id="237"/>
<token_anchor t_id="238"/>
<token_anchor t_id="239"/>
<token_anchor t_id="240"/>
</NARRATIVE>
<NARRATIVE m_id="79" Level="Primary" comment="" conversational-direct="FALSE" conversational-reported="FALSE"  >
<token_anchor t_id="762"/>
<token_anchor t_id="763"/>
<token_anchor t_id="764"/>
<token_anchor t_id="765"/>
<token_anchor t_id="766"/>
<token_anchor t_id="767"/>
<token_anchor t_id="768"/>
<token_anchor t_id="769"/>
</NARRATIVE>
<NARRATIVE m_id="15" Level="Primary" comment="" conversational-direct="FALSE" conversational-reported="FALSE"  >
<token_anchor t_id="123"/>
<token_anchor t_id="124"/>
<token_anchor t_id="125"/>
<token_anchor t_id="126"/>
</NARRATIVE>
<NARRATIVE m_id="47" Level="Primary" comment="" conversational-direct="TRUE" conversational-reported="FALSE"  >
<token_anchor t_id="493"/>
<token_anchor t_id="494"/>
<token_anchor t_id="495"/>
<token_anchor t_id="496"/>
<token_anchor t_id="497"/>
<token_anchor t_id="498"/>
<token_anchor t_id="499"/>
<token_anchor t_id="500"/>
</NARRATIVE>
<NARRATIVE m_id="16" Level="Primary" comment="" conversational-direct="FALSE" conversational-reported="FALSE"  >
<token_anchor t_id="925"/>
<token_anchor t_id="926"/>
<token_anchor t_id="927"/>
</NARRATIVE>
<NARRATIVE m_id="48" Level="Primary" comment="" conversational-direct="FALSE" conversational-reported="TRUE"  >
<token_anchor t_id="7"/>
<token_anchor t_id="8"/>
</NARRATIVE>
<NARRATIVE m_id="17" Level="Primary" comment="" conversational-direct="FALSE" conversational-reported="FALSE"  >
<token_anchor t_id="145"/>
<token_anchor t_id="146"/>
<token_anchor t_id="147"/>
<token_anchor t_id="148"/>
<token_anchor t_id="149"/>
<token_anchor t_id="150"/>
</NARRATIVE>
<NARRATIVE m_id="18" Level="Primary" comment="" conversational-direct="FALSE" conversational-reported="TRUE"  >
<token_anchor t_id="151"/>
<token_anchor t_id="152"/>
<token_anchor t_id="153"/>
<token_anchor t_id="154"/>
<token_anchor t_id="155"/>
<token_anchor t_id="156"/>
<token_anchor t_id="157"/>
<token_anchor t_id="158"/>
<token_anchor t_id="159"/>
<token_anchor t_id="160"/>
<token_anchor t_id="161"/>
<token_anchor t_id="162"/>
<token_anchor t_id="163"/>
<token_anchor t_id="164"/>
<token_anchor t_id="165"/>
<token_anchor t_id="166"/>
<token_anchor t_id="167"/>
<token_anchor t_id="168"/>
<token_anchor t_id="169"/>
<token_anchor t_id="170"/>
<token_anchor t_id="171"/>
<token_anchor t_id="172"/>
<token_anchor t_id="173"/>
<token_anchor t_id="174"/>
<token_anchor t_id="175"/>
<token_anchor t_id="176"/>
<token_anchor t_id="177"/>
<token_anchor t_id="178"/>
<token_anchor t_id="179"/>
<token_anchor t_id="180"/>
<token_anchor t_id="181"/>
<token_anchor t_id="182"/>
<token_anchor t_id="183"/>
<token_anchor t_id="184"/>
<token_anchor t_id="185"/>
<token_anchor t_id="186"/>
<token_anchor t_id="187"/>
<token_anchor t_id="188"/>
<token_anchor t_id="189"/>
<token_anchor t_id="190"/>
</NARRATIVE>
<NARRATIVE m_id="19" Level="Primary" comment="" conversational-direct="FALSE" conversational-reported="FALSE"  >
<token_anchor t_id="935"/>
<token_anchor t_id="936"/>
<token_anchor t_id="937"/>
<token_anchor t_id="938"/>
<token_anchor t_id="939"/>
<token_anchor t_id="940"/>
<token_anchor t_id="941"/>
<token_anchor t_id="942"/>
<token_anchor t_id="943"/>
<token_anchor t_id="944"/>
<token_anchor t_id="945"/>
<token_anchor t_id="946"/>
<token_anchor t_id="947"/>
<token_anchor t_id="948"/>
<token_anchor t_id="949"/>
</NARRATIVE>
<NARRATIVE m_id="51" Level="Primary" comment="" conversational-direct="FALSE" conversational-reported="FALSE"  >
<token_anchor t_id="26"/>
<token_anchor t_id="27"/>
<token_anchor t_id="28"/>
<token_anchor t_id="29"/>
<token_anchor t_id="30"/>
<token_anchor t_id="31"/>
<token_anchor t_id="32"/>
</NARRATIVE>
<NARRATIVE m_id="20" Level="Primary" comment="" conversational-direct="FALSE" conversational-reported="FALSE"  >
<token_anchor t_id="287"/>
<token_anchor t_id="288"/>
<token_anchor t_id="289"/>
<token_anchor t_id="290"/>
<token_anchor t_id="291"/>
<token_anchor t_id="292"/>
<token_anchor t_id="293"/>
<token_anchor t_id="294"/>
<token_anchor t_id="295"/>
<token_anchor t_id="296"/>
<token_anchor t_id="297"/>
<token_anchor t_id="298"/>
<token_anchor t_id="299"/>
<token_anchor t_id="300"/>
<token_anchor t_id="301"/>
<token_anchor t_id="302"/>
<token_anchor t_id="303"/>
<token_anchor t_id="304"/>
<token_anchor t_id="305"/>
<token_anchor t_id="306"/>
<token_anchor t_id="307"/>
<token_anchor t_id="308"/>
</NARRATIVE>
<NARRATIVE m_id="52" Level="Primary" comment="" conversational-direct="FALSE" conversational-reported="FALSE"  >
<token_anchor t_id="33"/>
<token_anchor t_id="34"/>
<token_anchor t_id="35"/>
</NARRATIVE>
<NARRATIVE m_id="21" Level="Primary" comment="" conversational-direct="FALSE" conversational-reported="FALSE"  >
<token_anchor t_id="779"/>
<token_anchor t_id="780"/>
<token_anchor t_id="781"/>
<token_anchor t_id="782"/>
<token_anchor t_id="783"/>
<token_anchor t_id="784"/>
<token_anchor t_id="785"/>
<token_anchor t_id="786"/>
<token_anchor t_id="787"/>
<token_anchor t_id="788"/>
<token_anchor t_id="789"/>
<token_anchor t_id="790"/>
</NARRATIVE>
<NARRATIVE m_id="22" Level="Primary" comment="" conversational-direct="FALSE" conversational-reported="TRUE"  >
<token_anchor t_id="191"/>
<token_anchor t_id="192"/>
<token_anchor t_id="193"/>
<token_anchor t_id="194"/>
<token_anchor t_id="195"/>
<token_anchor t_id="196"/>
<token_anchor t_id="197"/>
<token_anchor t_id="198"/>
<token_anchor t_id="199"/>
<token_anchor t_id="200"/>
<token_anchor t_id="201"/>
<token_anchor t_id="202"/>
<token_anchor t_id="203"/>
<token_anchor t_id="204"/>
<token_anchor t_id="205"/>
<token_anchor t_id="206"/>
<token_anchor t_id="207"/>
<token_anchor t_id="208"/>
<token_anchor t_id="209"/>
<token_anchor t_id="210"/>
<token_anchor t_id="211"/>
</NARRATIVE>
<NARRATIVE m_id="54" Level="Primary" comment="" conversational-direct="FALSE" conversational-reported="FALSE"  >
<token_anchor t_id="322"/>
<token_anchor t_id="323"/>
</NARRATIVE>
<NARRATIVE m_id="23" Level="Primary" comment="" conversational-direct="FALSE" conversational-reported="FALSE"  >
<token_anchor t_id="314"/>
<token_anchor t_id="315"/>
<token_anchor t_id="316"/>
<token_anchor t_id="317"/>
<token_anchor t_id="318"/>
<token_anchor t_id="319"/>
<token_anchor t_id="320"/>
<token_anchor t_id="321"/>
</NARRATIVE>
<NARRATIVE m_id="55" Level="Primary" comment="" conversational-direct="FALSE" conversational-reported="TRUE"  >
<token_anchor t_id="438"/>
<token_anchor t_id="439"/>
<token_anchor t_id="440"/>
<token_anchor t_id="441"/>
<token_anchor t_id="442"/>
<token_anchor t_id="443"/>
<token_anchor t_id="444"/>
<token_anchor t_id="445"/>
<token_anchor t_id="446"/>
<token_anchor t_id="447"/>
<token_anchor t_id="448"/>
<token_anchor t_id="449"/>
<token_anchor t_id="450"/>
<token_anchor t_id="451"/>
<token_anchor t_id="452"/>
<token_anchor t_id="453"/>
<token_anchor t_id="454"/>
<token_anchor t_id="455"/>
<token_anchor t_id="456"/>
<token_anchor t_id="457"/>
<token_anchor t_id="458"/>
<token_anchor t_id="459"/>
</NARRATIVE>
<NARRATIVE m_id="24" Level="Primary" comment="" conversational-direct="FALSE" conversational-reported="FALSE"  >
<token_anchor t_id="561"/>
<token_anchor t_id="562"/>
<token_anchor t_id="563"/>
<token_anchor t_id="564"/>
<token_anchor t_id="565"/>
<token_anchor t_id="566"/>
<token_anchor t_id="567"/>
<token_anchor t_id="568"/>
<token_anchor t_id="569"/>
<token_anchor t_id="570"/>
<token_anchor t_id="571"/>
<token_anchor t_id="572"/>
<token_anchor t_id="573"/>
<token_anchor t_id="574"/>
<token_anchor t_id="575"/>
<token_anchor t_id="576"/>
</NARRATIVE>
<NARRATIVE m_id="25" Level="Primary" comment="" conversational-direct="TRUE" conversational-reported="FALSE"  >
<token_anchor t_id="604"/>
<token_anchor t_id="605"/>
<token_anchor t_id="606"/>
<token_anchor t_id="607"/>
</NARRATIVE>
<NARRATIVE m_id="57" Level="Primary" comment="" conversational-direct="FALSE" conversational-reported="FALSE"  >
<token_anchor t_id="467"/>
<token_anchor t_id="468"/>
<token_anchor t_id="469"/>
<token_anchor t_id="470"/>
<token_anchor t_id="471"/>
<token_anchor t_id="472"/>
<token_anchor t_id="473"/>
<token_anchor t_id="474"/>
</NARRATIVE>
<NARRATIVE m_id="26" Level="Primary" comment="" conversational-direct="FALSE" conversational-reported="FALSE"  >
<token_anchor t_id="36"/>
<token_anchor t_id="37"/>
<token_anchor t_id="38"/>
<token_anchor t_id="39"/>
<token_anchor t_id="40"/>
<token_anchor t_id="41"/>
<token_anchor t_id="42"/>
<token_anchor t_id="43"/>
<token_anchor t_id="44"/>
<token_anchor t_id="45"/>
<token_anchor t_id="46"/>
<token_anchor t_id="47"/>
<token_anchor t_id="48"/>
<token_anchor t_id="49"/>
<token_anchor t_id="50"/>
<token_anchor t_id="51"/>
<token_anchor t_id="52"/>
<token_anchor t_id="53"/>
<token_anchor t_id="54"/>
</NARRATIVE>
<NARRATIVE m_id="58" Level="Primary" comment="" conversational-direct="TRUE" conversational-reported="FALSE"  >
<token_anchor t_id="501"/>
<token_anchor t_id="502"/>
<token_anchor t_id="503"/>
<token_anchor t_id="504"/>
<token_anchor t_id="505"/>
<token_anchor t_id="506"/>
<token_anchor t_id="507"/>
<token_anchor t_id="508"/>
<token_anchor t_id="509"/>
<token_anchor t_id="510"/>
<token_anchor t_id="511"/>
<token_anchor t_id="512"/>
<token_anchor t_id="513"/>
<token_anchor t_id="514"/>
<token_anchor t_id="515"/>
<token_anchor t_id="516"/>
</NARRATIVE>
<NARRATIVE m_id="27" Level="Primary" comment="" conversational-direct="FALSE" conversational-reported="TRUE"  >
<token_anchor t_id="247"/>
<token_anchor t_id="248"/>
<token_anchor t_id="249"/>
<token_anchor t_id="250"/>
<token_anchor t_id="251"/>
<token_anchor t_id="252"/>
<token_anchor t_id="253"/>
<token_anchor t_id="254"/>
<token_anchor t_id="255"/>
<token_anchor t_id="256"/>
<token_anchor t_id="257"/>
<token_anchor t_id="258"/>
<token_anchor t_id="259"/>
<token_anchor t_id="260"/>
<token_anchor t_id="261"/>
<token_anchor t_id="262"/>
<token_anchor t_id="263"/>
<token_anchor t_id="264"/>
<token_anchor t_id="265"/>
<token_anchor t_id="266"/>
<token_anchor t_id="267"/>
<token_anchor t_id="268"/>
<token_anchor t_id="269"/>
<token_anchor t_id="270"/>
<token_anchor t_id="271"/>
<token_anchor t_id="272"/>
<token_anchor t_id="273"/>
<token_anchor t_id="274"/>
<token_anchor t_id="275"/>
<token_anchor t_id="276"/>
<token_anchor t_id="277"/>
<token_anchor t_id="278"/>
<token_anchor t_id="279"/>
<token_anchor t_id="280"/>
<token_anchor t_id="281"/>
<token_anchor t_id="282"/>
<token_anchor t_id="283"/>
<token_anchor t_id="284"/>
<token_anchor t_id="285"/>
<token_anchor t_id="286"/>
</NARRATIVE>
<NARRATIVE m_id="59" Level="Primary" comment="" conversational-direct="FALSE" conversational-reported="TRUE"  >
<token_anchor t_id="519"/>
<token_anchor t_id="520"/>
</NARRATIVE>
<NARRATIVE m_id="28" Level="Primary" comment="" conversational-direct="FALSE" conversational-reported="FALSE"  >
<token_anchor t_id="55"/>
<token_anchor t_id="56"/>
<token_anchor t_id="57"/>
<token_anchor t_id="58"/>
<token_anchor t_id="59"/>
<token_anchor t_id="60"/>
<token_anchor t_id="61"/>
<token_anchor t_id="62"/>
<token_anchor t_id="63"/>
<token_anchor t_id="64"/>
<token_anchor t_id="65"/>
<token_anchor t_id="66"/>
<token_anchor t_id="67"/>
<token_anchor t_id="68"/>
</NARRATIVE>
<NARRATIVE m_id="60" Level="Primary" comment="" conversational-direct="FALSE" conversational-reported="TRUE"  >
<token_anchor t_id="521"/>
<token_anchor t_id="522"/>
<token_anchor t_id="523"/>
<token_anchor t_id="524"/>
<token_anchor t_id="525"/>
<token_anchor t_id="526"/>
<token_anchor t_id="527"/>
<token_anchor t_id="528"/>
<token_anchor t_id="529"/>
<token_anchor t_id="530"/>
<token_anchor t_id="531"/>
<token_anchor t_id="532"/>
<token_anchor t_id="533"/>
<token_anchor t_id="534"/>
<token_anchor t_id="535"/>
<token_anchor t_id="536"/>
<token_anchor t_id="537"/>
<token_anchor t_id="538"/>
<token_anchor t_id="539"/>
<token_anchor t_id="540"/>
<token_anchor t_id="541"/>
<token_anchor t_id="542"/>
<token_anchor t_id="543"/>
<token_anchor t_id="544"/>
</NARRATIVE>
<NARRATIVE m_id="29" Level="Primary" comment="" conversational-direct="FALSE" conversational-reported="FALSE"  >
<token_anchor t_id="102"/>
<token_anchor t_id="103"/>
<token_anchor t_id="104"/>
<token_anchor t_id="105"/>
<token_anchor t_id="106"/>
<token_anchor t_id="107"/>
<token_anchor t_id="108"/>
<token_anchor t_id="109"/>
<token_anchor t_id="110"/>
<token_anchor t_id="111"/>
<token_anchor t_id="112"/>
</NARRATIVE>
<NARRATIVE m_id="61" Level="Primary" comment="" conversational-direct="FALSE" conversational-reported="FALSE"  >
<token_anchor t_id="577"/>
<token_anchor t_id="578"/>
<token_anchor t_id="579"/>
</NARRATIVE>
<NARRATIVE m_id="30" Level="Primary" comment="" conversational-direct="FALSE" conversational-reported="FALSE"  >
<token_anchor t_id="113"/>
<token_anchor t_id="114"/>
<token_anchor t_id="115"/>
<token_anchor t_id="116"/>
<token_anchor t_id="117"/>
<token_anchor t_id="118"/>
<token_anchor t_id="119"/>
<token_anchor t_id="120"/>
<token_anchor t_id="121"/>
<token_anchor t_id="122"/>
</NARRATIVE>
<NARRATIVE m_id="62" Level="Primary" comment="" conversational-direct="FALSE" conversational-reported="FALSE"  >
<token_anchor t_id="580"/>
<token_anchor t_id="581"/>
<token_anchor t_id="582"/>
<token_anchor t_id="583"/>
<token_anchor t_id="584"/>
<token_anchor t_id="585"/>
<token_anchor t_id="586"/>
<token_anchor t_id="587"/>
<token_anchor t_id="588"/>
<token_anchor t_id="589"/>
<token_anchor t_id="590"/>
<token_anchor t_id="591"/>
<token_anchor t_id="592"/>
<token_anchor t_id="593"/>
</NARRATIVE>
<NARRATIVE m_id="31" Level="Primary" comment="" conversational-direct="FALSE" conversational-reported="FALSE"  >
<token_anchor t_id="905"/>
<token_anchor t_id="906"/>
<token_anchor t_id="907"/>
<token_anchor t_id="908"/>
<token_anchor t_id="909"/>
<token_anchor t_id="910"/>
<token_anchor t_id="911"/>
<token_anchor t_id="912"/>
<token_anchor t_id="913"/>
<token_anchor t_id="914"/>
<token_anchor t_id="915"/>
</NARRATIVE>
<OTHER m_id="68" comment="" type="na" conversational-direct="FALSE" conversational-reported="TRUE"  >
<token_anchor t_id="657"/>
<token_anchor t_id="658"/>
<token_anchor t_id="659"/>
<token_anchor t_id="660"/>
</OTHER>


</Markables>

<Relations>
</Relations>
</Document>
