<Document doc_name="wsj_1008.xml.conll.txt">
<token t_id="1" sentence="0" number="0">Lawrence</token>
<token t_id="2" sentence="0" number="1">Insurance</token>
<token t_id="3" sentence="0" number="2">Group</token>
<token t_id="4" sentence="0" number="3">Inc</token>
<token t_id="5" sentence="0" number="4">.</token>
<token t_id="6" sentence="0" number="5">said</token>
<token t_id="7" sentence="0" number="6">it</token>
<token t_id="8" sentence="0" number="7">acquired</token>
<token t_id="9" sentence="0" number="8">United</token>
<token t_id="10" sentence="0" number="9">Republic</token>
<token t_id="11" sentence="0" number="10">Reinsurance</token>
<token t_id="12" sentence="0" number="11">Co</token>
<token t_id="13" sentence="0" number="12">.</token>
<token t_id="14" sentence="0" number="13">,</token>
<token t_id="15" sentence="0" number="14">a</token>
<token t_id="16" sentence="0" number="15">Houston</token>
<token t_id="17" sentence="0" number="16">property</token>
<token t_id="18" sentence="0" number="17">and</token>
<token t_id="19" sentence="0" number="18">casualty</token>
<token t_id="20" sentence="0" number="19">reinsurance</token>
<token t_id="21" sentence="0" number="20">company</token>
<token t_id="22" sentence="0" number="21">,</token>
<token t_id="23" sentence="0" number="22">from</token>
<token t_id="24" sentence="0" number="23">United</token>
<token t_id="25" sentence="0" number="24">Savings</token>
<token t_id="26" sentence="0" number="25">Association</token>
<token t_id="27" sentence="0" number="26">of</token>
<token t_id="28" sentence="0" number="27">Texas</token>
<token t_id="29" sentence="0" number="28">for</token>
<token t_id="30" sentence="0" number="29">$</token>
<token t_id="31" sentence="0" number="30">28</token>
<token t_id="32" sentence="0" number="31">million</token>
<token t_id="33" sentence="0" number="32">.</token>
<token t_id="34" sentence="1" number="0">Lawrence</token>
<token t_id="35" sentence="1" number="1">Insurance</token>
<token t_id="36" sentence="1" number="2">also</token>
<token t_id="37" sentence="1" number="3">sold</token>
<token t_id="38" sentence="1" number="4">3</token>
<token t_id="39" sentence="1" number="5">.</token>
<token t_id="40" sentence="1" number="6">2</token>
<token t_id="41" sentence="1" number="7">million</token>
<token t_id="42" sentence="1" number="8">of</token>
<token t_id="43" sentence="1" number="9">its</token>
<token t_id="44" sentence="1" number="10">shares</token>
<token t_id="45" sentence="1" number="11">for</token>
<token t_id="46" sentence="1" number="12">$</token>
<token t_id="47" sentence="1" number="13">7</token>
<token t_id="48" sentence="1" number="14">.</token>
<token t_id="49" sentence="1" number="15">125</token>
<token t_id="50" sentence="1" number="16">each</token>
<token t_id="51" sentence="1" number="17">to</token>
<token t_id="52" sentence="1" number="18">its</token>
<token t_id="53" sentence="1" number="19">parent</token>
<token t_id="54" sentence="1" number="20">,</token>
<token t_id="55" sentence="1" number="21">Lawrence</token>
<token t_id="56" sentence="1" number="22">Group</token>
<token t_id="57" sentence="1" number="23">Inc</token>
<token t_id="58" sentence="1" number="24">.</token>
<token t_id="59" sentence="2" number="0">Lawrence</token>
<token t_id="60" sentence="2" number="1">Insurance</token>
<token t_id="61" sentence="2" number="2">,</token>
<token t_id="62" sentence="2" number="3">based</token>
<token t_id="63" sentence="2" number="4">in</token>
<token t_id="64" sentence="2" number="5">Albany</token>
<token t_id="65" sentence="2" number="6">,</token>
<token t_id="66" sentence="2" number="7">N</token>
<token t_id="67" sentence="2" number="8">.</token>
<token t_id="68" sentence="2" number="9">Y</token>
<token t_id="69" sentence="2" number="10">.</token>
<token t_id="70" sentence="2" number="11">,</token>
<token t_id="71" sentence="2" number="12">plans</token>
<token t_id="72" sentence="2" number="13">to</token>
<token t_id="73" sentence="2" number="14">use</token>
<token t_id="74" sentence="2" number="15">the</token>
<token t_id="75" sentence="2" number="16">$</token>
<token t_id="76" sentence="2" number="17">22</token>
<token t_id="77" sentence="2" number="18">.</token>
<token t_id="78" sentence="2" number="19">5</token>
<token t_id="79" sentence="2" number="20">million</token>
<token t_id="80" sentence="2" number="21">in</token>
<token t_id="81" sentence="2" number="22">proceeds</token>
<token t_id="82" sentence="2" number="23">to</token>
<token t_id="83" sentence="2" number="24">help</token>
<token t_id="84" sentence="2" number="25">finance</token>
<token t_id="85" sentence="2" number="26">the</token>
<token t_id="86" sentence="2" number="27">acquisition</token>
<token t_id="87" sentence="2" number="28">of</token>
<token t_id="88" sentence="2" number="29">United</token>
<token t_id="89" sentence="2" number="30">Republic</token>
<token t_id="90" sentence="2" number="31">.</token>
<token t_id="91" sentence="3" number="0">By</token>
<token t_id="92" sentence="3" number="1">acquiring</token>
<token t_id="93" sentence="3" number="2">the</token>
<token t_id="94" sentence="3" number="3">shares</token>
<token t_id="95" sentence="3" number="4">,</token>
<token t_id="96" sentence="3" number="5">Lawrence</token>
<token t_id="97" sentence="3" number="6">Group</token>
<token t_id="98" sentence="3" number="7">increased</token>
<token t_id="99" sentence="3" number="8">its</token>
<token t_id="100" sentence="3" number="9">stake</token>
<token t_id="101" sentence="3" number="10">in</token>
<token t_id="102" sentence="3" number="11">Lawrence</token>
<token t_id="103" sentence="3" number="12">Insurance</token>
<token t_id="104" sentence="3" number="13">to</token>
<token t_id="105" sentence="3" number="14">93</token>
<token t_id="106" sentence="3" number="15">.</token>
<token t_id="107" sentence="3" number="16">2</token>
<token t_id="108" sentence="3" number="17">%</token>
<token t_id="109" sentence="3" number="18">from</token>
<token t_id="110" sentence="3" number="19">91</token>
<token t_id="111" sentence="3" number="20">.</token>
<token t_id="112" sentence="3" number="21">2</token>
<token t_id="113" sentence="3" number="22">%</token>
<token t_id="114" sentence="3" number="23">.</token>
<token t_id="115" sentence="4" number="0">Lawrence</token>
<token t_id="116" sentence="4" number="1">Insurance</token>
<token t_id="117" sentence="4" number="2">underwrites</token>
<token t_id="118" sentence="4" number="3">mostly</token>
<token t_id="119" sentence="4" number="4">primary</token>
<token t_id="120" sentence="4" number="5">insurance</token>
<token t_id="121" sentence="4" number="6">,</token>
<token t_id="122" sentence="4" number="7">a</token>
<token t_id="123" sentence="4" number="8">company</token>
<token t_id="124" sentence="4" number="9">spokesman</token>
<token t_id="125" sentence="4" number="10">said</token>
<token t_id="126" sentence="4" number="11">.</token>
<token t_id="127" sentence="5" number="0">A</token>
<token t_id="128" sentence="5" number="1">reinsurance</token>
<token t_id="129" sentence="5" number="2">company</token>
<token t_id="130" sentence="5" number="3">effectively</token>
<token t_id="131" sentence="5" number="4">insures</token>
<token t_id="132" sentence="5" number="5">insurance</token>
<token t_id="133" sentence="5" number="6">companies</token>
<token t_id="134" sentence="5" number="7">that</token>
<token t_id="135" sentence="5" number="8">wish</token>
<token t_id="136" sentence="5" number="9">to</token>
<token t_id="137" sentence="5" number="10">spread</token>
<token t_id="138" sentence="5" number="11">the</token>
<token t_id="139" sentence="5" number="12">risk</token>
<token t_id="140" sentence="5" number="13">of</token>
<token t_id="141" sentence="5" number="14">a</token>
<token t_id="142" sentence="5" number="15">particular</token>
<token t_id="143" sentence="5" number="16">policy</token>
<token t_id="144" sentence="5" number="17">.</token>
<token t_id="145" sentence="6" number="0">Lawrence</token>
<token t_id="146" sentence="6" number="1">Group</token>
<token t_id="147" sentence="6" number="2">also</token>
<token t_id="148" sentence="6" number="3">owns</token>
<token t_id="149" sentence="6" number="4">Lawrence</token>
<token t_id="150" sentence="6" number="5">Agency</token>
<token t_id="151" sentence="6" number="6">Corp</token>
<token t_id="152" sentence="6" number="7">.</token>
<token t_id="153" sentence="6" number="8">,</token>
<token t_id="154" sentence="6" number="9">Schenectady</token>
<token t_id="155" sentence="6" number="10">,</token>
<token t_id="156" sentence="6" number="11">N</token>
<token t_id="157" sentence="6" number="12">.</token>
<token t_id="158" sentence="6" number="13">Y</token>
<token t_id="159" sentence="6" number="14">.</token>
<token t_id="160" sentence="6" number="15">,</token>
<token t_id="161" sentence="6" number="16">an</token>
<token t_id="162" sentence="6" number="17">insurance</token>
<token t_id="163" sentence="6" number="18">agency</token>
<token t_id="164" sentence="6" number="19">and</token>
<token t_id="165" sentence="6" number="20">brokerage</token>
<token t_id="166" sentence="6" number="21">.</token>


<Markables>
<DESCRIPTIVE m_id="14" Type="Other" comment="" conversational-direct="FALSE" conversational-reported="TRUE"  >
<token_anchor t_id="115"/>
<token_anchor t_id="116"/>
<token_anchor t_id="117"/>
<token_anchor t_id="118"/>
<token_anchor t_id="119"/>
<token_anchor t_id="120"/>
<token_anchor t_id="121"/>
</DESCRIPTIVE>
<DESCRIPTIVE m_id="15" Type="Other" comment="" conversational-direct="FALSE" conversational-reported="FALSE"  >
<token_anchor t_id="145"/>
<token_anchor t_id="146"/>
<token_anchor t_id="147"/>
<token_anchor t_id="148"/>
<token_anchor t_id="149"/>
<token_anchor t_id="150"/>
<token_anchor t_id="151"/>
<token_anchor t_id="152"/>
<token_anchor t_id="153"/>
<token_anchor t_id="154"/>
<token_anchor t_id="155"/>
<token_anchor t_id="156"/>
<token_anchor t_id="157"/>
<token_anchor t_id="158"/>
<token_anchor t_id="159"/>
<token_anchor t_id="160"/>
<token_anchor t_id="161"/>
<token_anchor t_id="162"/>
<token_anchor t_id="163"/>
<token_anchor t_id="164"/>
<token_anchor t_id="165"/>
<token_anchor t_id="166"/>
</DESCRIPTIVE>
<EXPOSITORY m_id="4" comment="TC:Check if correct" conversational-direct="FALSE" conversational-reported="FALSE"  >
<token_anchor t_id="136"/>
<token_anchor t_id="137"/>
<token_anchor t_id="138"/>
<token_anchor t_id="139"/>
<token_anchor t_id="140"/>
<token_anchor t_id="141"/>
<token_anchor t_id="142"/>
<token_anchor t_id="143"/>
<token_anchor t_id="144"/>
</EXPOSITORY>
<EXPOSITORY m_id="5" comment="TC:Check if correct" conversational-direct="FALSE" conversational-reported="FALSE"  >
<token_anchor t_id="127"/>
<token_anchor t_id="128"/>
<token_anchor t_id="129"/>
<token_anchor t_id="130"/>
<token_anchor t_id="131"/>
<token_anchor t_id="132"/>
<token_anchor t_id="133"/>
</EXPOSITORY>
<EXPOSITORY m_id="13" comment="" conversational-direct="FALSE" conversational-reported="FALSE"  >
<token_anchor t_id="134"/>
<token_anchor t_id="135"/>
</EXPOSITORY>
<NARRATIVE m_id="1" Level="Primary" comment="" conversational-direct="FALSE" conversational-reported="FALSE"  >
<token_anchor t_id="1"/>
<token_anchor t_id="2"/>
<token_anchor t_id="3"/>
<token_anchor t_id="4"/>
<token_anchor t_id="5"/>
<token_anchor t_id="6"/>
</NARRATIVE>
<NARRATIVE m_id="2" Level="Primary" comment="" conversational-direct="FALSE" conversational-reported="FALSE"  >
<token_anchor t_id="59"/>
<token_anchor t_id="60"/>
<token_anchor t_id="61"/>
<token_anchor t_id="62"/>
<token_anchor t_id="63"/>
<token_anchor t_id="64"/>
<token_anchor t_id="65"/>
<token_anchor t_id="66"/>
<token_anchor t_id="67"/>
<token_anchor t_id="68"/>
<token_anchor t_id="69"/>
<token_anchor t_id="70"/>
<token_anchor t_id="71"/>
</NARRATIVE>
<NARRATIVE m_id="3" Level="Primary" comment="" conversational-direct="FALSE" conversational-reported="FALSE"  >
<token_anchor t_id="122"/>
<token_anchor t_id="123"/>
<token_anchor t_id="124"/>
<token_anchor t_id="125"/>
<token_anchor t_id="126"/>
</NARRATIVE>
<NARRATIVE m_id="6" Level="Primary" comment="" conversational-direct="FALSE" conversational-reported="FALSE"  >
<token_anchor t_id="96"/>
<token_anchor t_id="97"/>
<token_anchor t_id="98"/>
<token_anchor t_id="99"/>
<token_anchor t_id="100"/>
<token_anchor t_id="101"/>
<token_anchor t_id="102"/>
<token_anchor t_id="103"/>
<token_anchor t_id="104"/>
<token_anchor t_id="105"/>
<token_anchor t_id="106"/>
<token_anchor t_id="107"/>
<token_anchor t_id="108"/>
<token_anchor t_id="109"/>
<token_anchor t_id="110"/>
<token_anchor t_id="111"/>
<token_anchor t_id="112"/>
<token_anchor t_id="113"/>
<token_anchor t_id="114"/>
</NARRATIVE>
<NARRATIVE m_id="7" Level="Primary" comment="" conversational-direct="FALSE" conversational-reported="TRUE"  >
<token_anchor t_id="72"/>
<token_anchor t_id="73"/>
<token_anchor t_id="74"/>
<token_anchor t_id="75"/>
<token_anchor t_id="76"/>
<token_anchor t_id="77"/>
<token_anchor t_id="78"/>
<token_anchor t_id="79"/>
<token_anchor t_id="80"/>
<token_anchor t_id="81"/>
</NARRATIVE>
<NARRATIVE m_id="8" Level="Primary" comment="" conversational-direct="FALSE" conversational-reported="TRUE"  >
<token_anchor t_id="82"/>
<token_anchor t_id="83"/>
</NARRATIVE>
<NARRATIVE m_id="9" Level="Primary" comment="" conversational-direct="FALSE" conversational-reported="TRUE"  >
<token_anchor t_id="84"/>
<token_anchor t_id="85"/>
<token_anchor t_id="86"/>
<token_anchor t_id="87"/>
<token_anchor t_id="88"/>
<token_anchor t_id="89"/>
<token_anchor t_id="90"/>
</NARRATIVE>
<NARRATIVE m_id="10" Level="Primary" comment="" conversational-direct="FALSE" conversational-reported="TRUE"  >
<token_anchor t_id="7"/>
<token_anchor t_id="8"/>
<token_anchor t_id="9"/>
<token_anchor t_id="10"/>
<token_anchor t_id="11"/>
<token_anchor t_id="12"/>
<token_anchor t_id="13"/>
<token_anchor t_id="14"/>
<token_anchor t_id="15"/>
<token_anchor t_id="16"/>
<token_anchor t_id="17"/>
<token_anchor t_id="18"/>
<token_anchor t_id="19"/>
<token_anchor t_id="20"/>
<token_anchor t_id="21"/>
<token_anchor t_id="22"/>
<token_anchor t_id="23"/>
<token_anchor t_id="24"/>
<token_anchor t_id="25"/>
<token_anchor t_id="26"/>
<token_anchor t_id="27"/>
<token_anchor t_id="28"/>
<token_anchor t_id="29"/>
<token_anchor t_id="30"/>
<token_anchor t_id="31"/>
<token_anchor t_id="32"/>
<token_anchor t_id="33"/>
</NARRATIVE>
<NARRATIVE m_id="11" Level="Primary" comment="" conversational-direct="FALSE" conversational-reported="FALSE"  >
<token_anchor t_id="34"/>
<token_anchor t_id="35"/>
<token_anchor t_id="36"/>
<token_anchor t_id="37"/>
<token_anchor t_id="38"/>
<token_anchor t_id="39"/>
<token_anchor t_id="40"/>
<token_anchor t_id="41"/>
<token_anchor t_id="42"/>
<token_anchor t_id="43"/>
<token_anchor t_id="44"/>
<token_anchor t_id="45"/>
<token_anchor t_id="46"/>
<token_anchor t_id="47"/>
<token_anchor t_id="48"/>
<token_anchor t_id="49"/>
<token_anchor t_id="50"/>
<token_anchor t_id="51"/>
<token_anchor t_id="52"/>
<token_anchor t_id="53"/>
<token_anchor t_id="54"/>
<token_anchor t_id="55"/>
<token_anchor t_id="56"/>
<token_anchor t_id="57"/>
<token_anchor t_id="58"/>
</NARRATIVE>
<NARRATIVE m_id="12" Level="Primary" comment="" conversational-direct="FALSE" conversational-reported="FALSE"  >
<token_anchor t_id="91"/>
<token_anchor t_id="92"/>
<token_anchor t_id="93"/>
<token_anchor t_id="94"/>
<token_anchor t_id="95"/>
</NARRATIVE>


</Markables>

<Relations>
</Relations>
</Document>
