<Document doc_name="wsj_0165.xml.conll.txt">
<token t_id="1" sentence="0" number="0">Heritage</token>
<token t_id="2" sentence="0" number="1">Media</token>
<token t_id="3" sentence="0" number="2">Corp</token>
<token t_id="4" sentence="0" number="3">.</token>
<token t_id="5" sentence="0" number="4">,</token>
<token t_id="6" sentence="0" number="5">New</token>
<token t_id="7" sentence="0" number="6">York</token>
<token t_id="8" sentence="0" number="7">,</token>
<token t_id="9" sentence="0" number="8">said</token>
<token t_id="10" sentence="0" number="9">it</token>
<token t_id="11" sentence="0" number="10">offered</token>
<token t_id="12" sentence="0" number="11">to</token>
<token t_id="13" sentence="0" number="12">buy</token>
<token t_id="14" sentence="0" number="13">the</token>
<token t_id="15" sentence="0" number="14">shares</token>
<token t_id="16" sentence="0" number="15">of</token>
<token t_id="17" sentence="0" number="16">POP</token>
<token t_id="18" sentence="0" number="17">Radio</token>
<token t_id="19" sentence="0" number="18">Corp</token>
<token t_id="20" sentence="0" number="19">.</token>
<token t_id="21" sentence="0" number="20">it</token>
<token t_id="22" sentence="0" number="21">does</token>
<token t_id="23" sentence="0" number="22">n't</token>
<token t_id="24" sentence="0" number="23">already</token>
<token t_id="25" sentence="0" number="24">own</token>
<token t_id="26" sentence="0" number="25">in</token>
<token t_id="27" sentence="0" number="26">a</token>
<token t_id="28" sentence="0" number="27">stock</token>
<token t_id="29" sentence="0" number="28">swap</token>
<token t_id="30" sentence="0" number="29">.</token>
<token t_id="31" sentence="1" number="0">Heritage</token>
<token t_id="32" sentence="1" number="1">,</token>
<token t_id="33" sentence="1" number="2">which</token>
<token t_id="34" sentence="1" number="3">owns</token>
<token t_id="35" sentence="1" number="4">51</token>
<token t_id="36" sentence="1" number="5">%</token>
<token t_id="37" sentence="1" number="6">of</token>
<token t_id="38" sentence="1" number="7">POP</token>
<token t_id="39" sentence="1" number="8">'s</token>
<token t_id="40" sentence="1" number="9">3</token>
<token t_id="41" sentence="1" number="10">.</token>
<token t_id="42" sentence="1" number="11">6</token>
<token t_id="43" sentence="1" number="12">million</token>
<token t_id="44" sentence="1" number="13">shares</token>
<token t_id="45" sentence="1" number="14">outstanding</token>
<token t_id="46" sentence="1" number="15">,</token>
<token t_id="47" sentence="1" number="16">said</token>
<token t_id="48" sentence="1" number="17">it</token>
<token t_id="49" sentence="1" number="18">will</token>
<token t_id="50" sentence="1" number="19">exchange</token>
<token t_id="51" sentence="1" number="20">one</token>
<token t_id="52" sentence="1" number="21">share</token>
<token t_id="53" sentence="1" number="22">of</token>
<token t_id="54" sentence="1" number="23">a</token>
<token t_id="55" sentence="1" number="24">new</token>
<token t_id="56" sentence="1" number="25">preferred</token>
<token t_id="57" sentence="1" number="26">stock</token>
<token t_id="58" sentence="1" number="27">for</token>
<token t_id="59" sentence="1" number="28">each</token>
<token t_id="60" sentence="1" number="29">POP</token>
<token t_id="61" sentence="1" number="30">common</token>
<token t_id="62" sentence="1" number="31">share</token>
<token t_id="63" sentence="1" number="32">it</token>
<token t_id="64" sentence="1" number="33">does</token>
<token t_id="65" sentence="1" number="34">n't</token>
<token t_id="66" sentence="1" number="35">already</token>
<token t_id="67" sentence="1" number="36">own</token>
<token t_id="68" sentence="1" number="37">.</token>
<token t_id="69" sentence="2" number="0">Depending</token>
<token t_id="70" sentence="2" number="1">upon</token>
<token t_id="71" sentence="2" number="2">how</token>
<token t_id="72" sentence="2" number="3">many</token>
<token t_id="73" sentence="2" number="4">warrants</token>
<token t_id="74" sentence="2" number="5">and</token>
<token t_id="75" sentence="2" number="6">options</token>
<token t_id="76" sentence="2" number="7">are</token>
<token t_id="77" sentence="2" number="8">exercised</token>
<token t_id="78" sentence="2" number="9">prior</token>
<token t_id="79" sentence="2" number="10">to</token>
<token t_id="80" sentence="2" number="11">completion</token>
<token t_id="81" sentence="2" number="12">of</token>
<token t_id="82" sentence="2" number="13">the</token>
<token t_id="83" sentence="2" number="14">transaction</token>
<token t_id="84" sentence="2" number="15">,</token>
<token t_id="85" sentence="2" number="16">Heritage</token>
<token t_id="86" sentence="2" number="17">would</token>
<token t_id="87" sentence="2" number="18">issue</token>
<token t_id="88" sentence="2" number="19">between</token>
<token t_id="89" sentence="2" number="20">1</token>
<token t_id="90" sentence="2" number="21">.</token>
<token t_id="91" sentence="2" number="22">8</token>
<token t_id="92" sentence="2" number="23">million</token>
<token t_id="93" sentence="2" number="24">and</token>
<token t_id="94" sentence="2" number="25">2</token>
<token t_id="95" sentence="2" number="26">.</token>
<token t_id="96" sentence="2" number="27">35</token>
<token t_id="97" sentence="2" number="28">million</token>
<token t_id="98" sentence="2" number="29">preferred</token>
<token t_id="99" sentence="2" number="30">shares</token>
<token t_id="100" sentence="2" number="31">,</token>
<token t_id="101" sentence="2" number="32">a</token>
<token t_id="102" sentence="2" number="33">Heritage</token>
<token t_id="103" sentence="2" number="34">spokesman</token>
<token t_id="104" sentence="2" number="35">estimated</token>
<token t_id="105" sentence="2" number="36">.</token>
<token t_id="106" sentence="3" number="0">In</token>
<token t_id="107" sentence="3" number="1">national</token>
<token t_id="108" sentence="3" number="2">over</token>
<token t_id="109" sentence="3" number="3">-</token>
<token t_id="110" sentence="3" number="4">the</token>
<token t_id="111" sentence="3" number="5">-</token>
<token t_id="112" sentence="3" number="6">counter</token>
<token t_id="113" sentence="3" number="7">trading</token>
<token t_id="114" sentence="3" number="8">yesterday</token>
<token t_id="115" sentence="3" number="9">,</token>
<token t_id="116" sentence="3" number="10">POP</token>
<token t_id="117" sentence="3" number="11">plunged</token>
<token t_id="118" sentence="3" number="12">$</token>
<token t_id="119" sentence="3" number="13">4</token>
<token t_id="120" sentence="3" number="14">to</token>
<token t_id="121" sentence="3" number="15">$</token>
<token t_id="122" sentence="3" number="16">14</token>
<token t_id="123" sentence="3" number="17">.</token>
<token t_id="124" sentence="3" number="18">75</token>
<token t_id="125" sentence="3" number="19">.</token>
<token t_id="126" sentence="4" number="0">The</token>
<token t_id="127" sentence="4" number="1">preferred</token>
<token t_id="128" sentence="4" number="2">stock</token>
<token t_id="129" sentence="4" number="3">,</token>
<token t_id="130" sentence="4" number="4">which</token>
<token t_id="131" sentence="4" number="5">would</token>
<token t_id="132" sentence="4" number="6">have</token>
<token t_id="133" sentence="4" number="7">a</token>
<token t_id="134" sentence="4" number="8">dividend</token>
<token t_id="135" sentence="4" number="9">rate</token>
<token t_id="136" sentence="4" number="10">of</token>
<token t_id="137" sentence="4" number="11">$</token>
<token t_id="138" sentence="4" number="12">1</token>
<token t_id="139" sentence="4" number="13">.</token>
<token t_id="140" sentence="4" number="14">76</token>
<token t_id="141" sentence="4" number="15">a</token>
<token t_id="142" sentence="4" number="16">year</token>
<token t_id="143" sentence="4" number="17">,</token>
<token t_id="144" sentence="4" number="18">would</token>
<token t_id="145" sentence="4" number="19">be</token>
<token t_id="146" sentence="4" number="20">convertible</token>
<token t_id="147" sentence="4" number="21">into</token>
<token t_id="148" sentence="4" number="22">Heritage</token>
<token t_id="149" sentence="4" number="23">common</token>
<token t_id="150" sentence="4" number="24">at</token>
<token t_id="151" sentence="4" number="25">a</token>
<token t_id="152" sentence="4" number="26">rate</token>
<token t_id="153" sentence="4" number="27">of</token>
<token t_id="154" sentence="4" number="28">four</token>
<token t_id="155" sentence="4" number="29">common</token>
<token t_id="156" sentence="4" number="30">shares</token>
<token t_id="157" sentence="4" number="31">for</token>
<token t_id="158" sentence="4" number="32">each</token>
<token t_id="159" sentence="4" number="33">preferred</token>
<token t_id="160" sentence="4" number="34">.</token>
<token t_id="161" sentence="5" number="0">New</token>
<token t_id="162" sentence="5" number="1">York</token>
<token t_id="163" sentence="5" number="2">-</token>
<token t_id="164" sentence="5" number="3">based</token>
<token t_id="165" sentence="5" number="4">POP</token>
<token t_id="166" sentence="5" number="5">Radio</token>
<token t_id="167" sentence="5" number="6">provides</token>
<token t_id="168" sentence="5" number="7">,</token>
<token t_id="169" sentence="5" number="8">through</token>
<token t_id="170" sentence="5" number="9">a</token>
<token t_id="171" sentence="5" number="10">national</token>
<token t_id="172" sentence="5" number="11">,</token>
<token t_id="173" sentence="5" number="12">in</token>
<token t_id="174" sentence="5" number="13">-</token>
<token t_id="175" sentence="5" number="14">store</token>
<token t_id="176" sentence="5" number="15">network</token>
<token t_id="177" sentence="5" number="16">,</token>
<token t_id="178" sentence="5" number="17">a</token>
<token t_id="179" sentence="5" number="18">customized</token>
<token t_id="180" sentence="5" number="19">music</token>
<token t_id="181" sentence="5" number="20">,</token>
<token t_id="182" sentence="5" number="21">information</token>
<token t_id="183" sentence="5" number="22">and</token>
<token t_id="184" sentence="5" number="23">advertising</token>
<token t_id="185" sentence="5" number="24">service</token>
<token t_id="186" sentence="5" number="25">which</token>
<token t_id="187" sentence="5" number="26">simulates</token>
<token t_id="188" sentence="5" number="27">live</token>
<token t_id="189" sentence="5" number="28">radio</token>
<token t_id="190" sentence="5" number="29">.</token>
<token t_id="191" sentence="6" number="0">Heritage</token>
<token t_id="192" sentence="6" number="1">owns</token>
<token t_id="193" sentence="6" number="2">and</token>
<token t_id="194" sentence="6" number="3">operates</token>
<token t_id="195" sentence="6" number="4">television</token>
<token t_id="196" sentence="6" number="5">and</token>
<token t_id="197" sentence="6" number="6">radio</token>
<token t_id="198" sentence="6" number="7">stations</token>
<token t_id="199" sentence="6" number="8">and</token>
<token t_id="200" sentence="6" number="9">in</token>
<token t_id="201" sentence="6" number="10">-</token>
<token t_id="202" sentence="6" number="11">store</token>
<token t_id="203" sentence="6" number="12">advertising</token>
<token t_id="204" sentence="6" number="13">and</token>
<token t_id="205" sentence="6" number="14">promotion</token>
<token t_id="206" sentence="6" number="15">programs</token>
<token t_id="207" sentence="6" number="16">.</token>


<Markables>
<DESCRIPTIVE m_id="1" Type="Other" comment="" conversational-direct="FALSE" conversational-reported="FALSE"  >
<token_anchor t_id="161"/>
<token_anchor t_id="162"/>
<token_anchor t_id="163"/>
<token_anchor t_id="164"/>
<token_anchor t_id="165"/>
<token_anchor t_id="166"/>
<token_anchor t_id="167"/>
<token_anchor t_id="168"/>
<token_anchor t_id="169"/>
<token_anchor t_id="170"/>
<token_anchor t_id="171"/>
<token_anchor t_id="172"/>
<token_anchor t_id="173"/>
<token_anchor t_id="174"/>
<token_anchor t_id="175"/>
<token_anchor t_id="176"/>
<token_anchor t_id="177"/>
<token_anchor t_id="178"/>
<token_anchor t_id="179"/>
<token_anchor t_id="180"/>
<token_anchor t_id="181"/>
<token_anchor t_id="182"/>
<token_anchor t_id="183"/>
<token_anchor t_id="184"/>
<token_anchor t_id="185"/>
<token_anchor t_id="186"/>
<token_anchor t_id="187"/>
<token_anchor t_id="188"/>
<token_anchor t_id="189"/>
<token_anchor t_id="190"/>
</DESCRIPTIVE>
<DESCRIPTIVE m_id="2" Type="Other" comment="" conversational-direct="FALSE" conversational-reported="FALSE"  >
<token_anchor t_id="191"/>
<token_anchor t_id="192"/>
</DESCRIPTIVE>
<DESCRIPTIVE m_id="3" Type="Other" comment="" conversational-direct="FALSE" conversational-reported="FALSE"  >
<token_anchor t_id="193"/>
<token_anchor t_id="194"/>
<token_anchor t_id="195"/>
<token_anchor t_id="196"/>
<token_anchor t_id="197"/>
<token_anchor t_id="198"/>
<token_anchor t_id="199"/>
<token_anchor t_id="200"/>
<token_anchor t_id="201"/>
<token_anchor t_id="202"/>
<token_anchor t_id="203"/>
<token_anchor t_id="204"/>
<token_anchor t_id="205"/>
<token_anchor t_id="206"/>
<token_anchor t_id="207"/>
</DESCRIPTIVE>
<DESCRIPTIVE m_id="4" Type="Other" comment="" conversational-direct="FALSE" conversational-reported="FALSE"  >
<token_anchor t_id="33"/>
<token_anchor t_id="34"/>
<token_anchor t_id="35"/>
<token_anchor t_id="36"/>
<token_anchor t_id="37"/>
<token_anchor t_id="38"/>
<token_anchor t_id="39"/>
<token_anchor t_id="40"/>
<token_anchor t_id="41"/>
<token_anchor t_id="42"/>
<token_anchor t_id="43"/>
<token_anchor t_id="44"/>
<token_anchor t_id="45"/>
</DESCRIPTIVE>
<NARRATIVE m_id="5" Level="Primary" comment="" conversational-direct="FALSE" conversational-reported="FALSE"  >
<token_anchor t_id="106"/>
<token_anchor t_id="107"/>
<token_anchor t_id="108"/>
<token_anchor t_id="109"/>
<token_anchor t_id="110"/>
<token_anchor t_id="111"/>
<token_anchor t_id="112"/>
<token_anchor t_id="113"/>
<token_anchor t_id="114"/>
<token_anchor t_id="115"/>
<token_anchor t_id="116"/>
<token_anchor t_id="117"/>
<token_anchor t_id="118"/>
<token_anchor t_id="119"/>
<token_anchor t_id="120"/>
<token_anchor t_id="121"/>
<token_anchor t_id="122"/>
<token_anchor t_id="123"/>
<token_anchor t_id="124"/>
<token_anchor t_id="125"/>
</NARRATIVE>
<NARRATIVE m_id="6" Level="Primary" comment="" conversational-direct="FALSE" conversational-reported="FALSE"  >
<token_anchor t_id="69"/>
<token_anchor t_id="70"/>
</NARRATIVE>
<NARRATIVE m_id="7" Level="Primary" comment="" conversational-direct="FALSE" conversational-reported="FALSE"  >
<token_anchor t_id="71"/>
<token_anchor t_id="72"/>
<token_anchor t_id="73"/>
<token_anchor t_id="74"/>
<token_anchor t_id="75"/>
<token_anchor t_id="76"/>
<token_anchor t_id="77"/>
<token_anchor t_id="78"/>
<token_anchor t_id="79"/>
<token_anchor t_id="80"/>
<token_anchor t_id="81"/>
<token_anchor t_id="82"/>
<token_anchor t_id="83"/>
<token_anchor t_id="84"/>
</NARRATIVE>
<NARRATIVE m_id="8" Level="Primary" comment="" conversational-direct="FALSE" conversational-reported="FALSE"  >
<token_anchor t_id="1"/>
<token_anchor t_id="2"/>
<token_anchor t_id="3"/>
<token_anchor t_id="4"/>
<token_anchor t_id="5"/>
<token_anchor t_id="6"/>
<token_anchor t_id="7"/>
<token_anchor t_id="8"/>
<token_anchor t_id="9"/>
</NARRATIVE>
<NARRATIVE m_id="9" Level="Primary" comment="" conversational-direct="FALSE" conversational-reported="TRUE"  >
<token_anchor t_id="10"/>
<token_anchor t_id="11"/>
</NARRATIVE>
<NARRATIVE m_id="10" Level="Primary" comment="" conversational-direct="FALSE" conversational-reported="TRUE"  >
<token_anchor t_id="12"/>
<token_anchor t_id="13"/>
<token_anchor t_id="14"/>
<token_anchor t_id="15"/>
<token_anchor t_id="16"/>
<token_anchor t_id="17"/>
<token_anchor t_id="18"/>
<token_anchor t_id="19"/>
<token_anchor t_id="20"/>
</NARRATIVE>
<NARRATIVE m_id="11" Level="Primary" comment="" conversational-direct="FALSE" conversational-reported="FALSE"  >
<token_anchor t_id="31"/>
<token_anchor t_id="32"/>
<token_anchor t_id="46"/>
<token_anchor t_id="47"/>
</NARRATIVE>
<NARRATIVE m_id="12" Level="Primary" comment="" conversational-direct="FALSE" conversational-reported="TRUE"  >
<token_anchor t_id="48"/>
<token_anchor t_id="49"/>
<token_anchor t_id="50"/>
<token_anchor t_id="51"/>
<token_anchor t_id="52"/>
<token_anchor t_id="53"/>
<token_anchor t_id="54"/>
<token_anchor t_id="55"/>
<token_anchor t_id="56"/>
<token_anchor t_id="57"/>
<token_anchor t_id="58"/>
<token_anchor t_id="59"/>
<token_anchor t_id="60"/>
<token_anchor t_id="61"/>
<token_anchor t_id="62"/>
</NARRATIVE>
<NARRATIVE m_id="13" Level="Primary" comment="" conversational-direct="FALSE" conversational-reported="TRUE"  >
<token_anchor t_id="63"/>
<token_anchor t_id="64"/>
<token_anchor t_id="65"/>
<token_anchor t_id="66"/>
<token_anchor t_id="67"/>
<token_anchor t_id="68"/>
</NARRATIVE>
<NARRATIVE m_id="14" Level="Primary" comment="" conversational-direct="FALSE" conversational-reported="TRUE"  >
<token_anchor t_id="21"/>
<token_anchor t_id="22"/>
<token_anchor t_id="23"/>
<token_anchor t_id="24"/>
<token_anchor t_id="25"/>
<token_anchor t_id="26"/>
<token_anchor t_id="27"/>
<token_anchor t_id="28"/>
<token_anchor t_id="29"/>
<token_anchor t_id="30"/>
</NARRATIVE>
<NARRATIVE m_id="15" Level="Primary" comment="" conversational-direct="FALSE" conversational-reported="TRUE"  >
<token_anchor t_id="85"/>
<token_anchor t_id="86"/>
<token_anchor t_id="87"/>
<token_anchor t_id="88"/>
<token_anchor t_id="89"/>
<token_anchor t_id="90"/>
<token_anchor t_id="91"/>
<token_anchor t_id="92"/>
<token_anchor t_id="93"/>
<token_anchor t_id="94"/>
<token_anchor t_id="95"/>
<token_anchor t_id="96"/>
<token_anchor t_id="97"/>
<token_anchor t_id="98"/>
<token_anchor t_id="99"/>
<token_anchor t_id="100"/>
</NARRATIVE>
<NARRATIVE m_id="16" Level="Primary" comment="" conversational-direct="FALSE" conversational-reported="FALSE"  >
<token_anchor t_id="101"/>
<token_anchor t_id="102"/>
<token_anchor t_id="103"/>
<token_anchor t_id="104"/>
<token_anchor t_id="105"/>
</NARRATIVE>
<NARRATIVE m_id="17" Level="Primary" comment="" conversational-direct="FALSE" conversational-reported="FALSE"  >
<token_anchor t_id="126"/>
<token_anchor t_id="127"/>
<token_anchor t_id="128"/>
<token_anchor t_id="129"/>
<token_anchor t_id="144"/>
<token_anchor t_id="145"/>
<token_anchor t_id="146"/>
<token_anchor t_id="147"/>
<token_anchor t_id="148"/>
<token_anchor t_id="149"/>
<token_anchor t_id="150"/>
<token_anchor t_id="151"/>
<token_anchor t_id="152"/>
<token_anchor t_id="153"/>
<token_anchor t_id="154"/>
<token_anchor t_id="155"/>
<token_anchor t_id="156"/>
<token_anchor t_id="157"/>
<token_anchor t_id="158"/>
<token_anchor t_id="159"/>
<token_anchor t_id="160"/>
</NARRATIVE>
<NARRATIVE m_id="18" Level="Primary" comment="" conversational-direct="FALSE" conversational-reported="FALSE"  >
<token_anchor t_id="130"/>
<token_anchor t_id="131"/>
<token_anchor t_id="132"/>
<token_anchor t_id="133"/>
<token_anchor t_id="134"/>
<token_anchor t_id="135"/>
<token_anchor t_id="136"/>
<token_anchor t_id="137"/>
<token_anchor t_id="138"/>
<token_anchor t_id="139"/>
<token_anchor t_id="140"/>
<token_anchor t_id="141"/>
<token_anchor t_id="142"/>
<token_anchor t_id="143"/>
</NARRATIVE>


</Markables>

<Relations>
</Relations>
</Document>
