<Document doc_name="wsj_0346.xml.conll.txt">
<token t_id="1" sentence="0" number="0">Cilcorp</token>
<token t_id="2" sentence="0" number="1">Inc</token>
<token t_id="3" sentence="0" number="2">.</token>
<token t_id="4" sentence="0" number="3">,</token>
<token t_id="5" sentence="0" number="4">Peoria</token>
<token t_id="6" sentence="0" number="5">,</token>
<token t_id="7" sentence="0" number="6">Ill</token>
<token t_id="8" sentence="0" number="7">.</token>
<token t_id="9" sentence="0" number="8">,</token>
<token t_id="10" sentence="0" number="9">said</token>
<token t_id="11" sentence="0" number="10">it</token>
<token t_id="12" sentence="0" number="11">agreed</token>
<token t_id="13" sentence="0" number="12">to</token>
<token t_id="14" sentence="0" number="13">acquire</token>
<token t_id="15" sentence="0" number="14">the</token>
<token t_id="16" sentence="0" number="15">environmental</token>
<token t_id="17" sentence="0" number="16">consulting</token>
<token t_id="18" sentence="0" number="17">and</token>
<token t_id="19" sentence="0" number="18">analytical</token>
<token t_id="20" sentence="0" number="19">service</token>
<token t_id="21" sentence="0" number="20">businesses</token>
<token t_id="22" sentence="0" number="21">of</token>
<token t_id="23" sentence="0" number="22">Hunter</token>
<token t_id="24" sentence="0" number="23">Environmental</token>
<token t_id="25" sentence="0" number="24">Services</token>
<token t_id="26" sentence="0" number="25">Inc</token>
<token t_id="27" sentence="0" number="26">.</token>
<token t_id="28" sentence="0" number="27">of</token>
<token t_id="29" sentence="0" number="28">Southport</token>
<token t_id="30" sentence="0" number="29">,</token>
<token t_id="31" sentence="0" number="30">Conn</token>
<token t_id="32" sentence="0" number="31">.</token>
<token t_id="33" sentence="1" number="0">The</token>
<token t_id="34" sentence="1" number="1">utility</token>
<token t_id="35" sentence="1" number="2">holding</token>
<token t_id="36" sentence="1" number="3">company</token>
<token t_id="37" sentence="1" number="4">said</token>
<token t_id="38" sentence="1" number="5">Hunter</token>
<token t_id="39" sentence="1" number="6">will</token>
<token t_id="40" sentence="1" number="7">receive</token>
<token t_id="41" sentence="1" number="8">390</token>
<token t_id="42" sentence="1" number="9">,</token>
<token t_id="43" sentence="1" number="10">000</token>
<token t_id="44" sentence="1" number="11">shares</token>
<token t_id="45" sentence="1" number="12">of</token>
<token t_id="46" sentence="1" number="13">a</token>
<token t_id="47" sentence="1" number="14">new</token>
<token t_id="48" sentence="1" number="15">series</token>
<token t_id="49" sentence="1" number="16">of</token>
<token t_id="50" sentence="1" number="17">Cilcorp</token>
<token t_id="51" sentence="1" number="18">convertible</token>
<token t_id="52" sentence="1" number="19">preferred</token>
<token t_id="53" sentence="1" number="20">stock</token>
<token t_id="54" sentence="1" number="21">with</token>
<token t_id="55" sentence="1" number="22">a</token>
<token t_id="56" sentence="1" number="23">face</token>
<token t_id="57" sentence="1" number="24">value</token>
<token t_id="58" sentence="1" number="25">of</token>
<token t_id="59" sentence="1" number="26">$</token>
<token t_id="60" sentence="1" number="27">39</token>
<token t_id="61" sentence="1" number="28">million</token>
<token t_id="62" sentence="1" number="29">for</token>
<token t_id="63" sentence="1" number="30">the</token>
<token t_id="64" sentence="1" number="31">businesses</token>
<token t_id="65" sentence="1" number="32">.</token>
<token t_id="66" sentence="2" number="0">Cilcorp</token>
<token t_id="67" sentence="2" number="1">will</token>
<token t_id="68" sentence="2" number="2">also</token>
<token t_id="69" sentence="2" number="3">assume</token>
<token t_id="70" sentence="2" number="4">$</token>
<token t_id="71" sentence="2" number="5">22</token>
<token t_id="72" sentence="2" number="6">million</token>
<token t_id="73" sentence="2" number="7">of</token>
<token t_id="74" sentence="2" number="8">Hunter</token>
<token t_id="75" sentence="2" number="9">'s</token>
<token t_id="76" sentence="2" number="10">existing</token>
<token t_id="77" sentence="2" number="11">debt</token>
<token t_id="78" sentence="2" number="12">.</token>
<token t_id="79" sentence="3" number="0">As</token>
<token t_id="80" sentence="3" number="1">part</token>
<token t_id="81" sentence="3" number="2">of</token>
<token t_id="82" sentence="3" number="3">the</token>
<token t_id="83" sentence="3" number="4">agreement</token>
<token t_id="84" sentence="3" number="5">,</token>
<token t_id="85" sentence="3" number="6">Cilcorp</token>
<token t_id="86" sentence="3" number="7">said</token>
<token t_id="87" sentence="3" number="8">it</token>
<token t_id="88" sentence="3" number="9">will</token>
<token t_id="89" sentence="3" number="10">pay</token>
<token t_id="90" sentence="3" number="11">Hunter</token>
<token t_id="91" sentence="3" number="12">$</token>
<token t_id="92" sentence="3" number="13">4</token>
<token t_id="93" sentence="3" number="14">million</token>
<token t_id="94" sentence="3" number="15">in</token>
<token t_id="95" sentence="3" number="16">exchange</token>
<token t_id="96" sentence="3" number="17">for</token>
<token t_id="97" sentence="3" number="18">agreements</token>
<token t_id="98" sentence="3" number="19">not</token>
<token t_id="99" sentence="3" number="20">to</token>
<token t_id="100" sentence="3" number="21">compete</token>
<token t_id="101" sentence="3" number="22">.</token>
<token t_id="102" sentence="4" number="0">Cilcorp</token>
<token t_id="103" sentence="4" number="1">said</token>
<token t_id="104" sentence="4" number="2">the</token>
<token t_id="105" sentence="4" number="3">businesses</token>
<token t_id="106" sentence="4" number="4">to</token>
<token t_id="107" sentence="4" number="5">be</token>
<token t_id="108" sentence="4" number="6">acquired</token>
<token t_id="109" sentence="4" number="7">had</token>
<token t_id="110" sentence="4" number="8">revenue</token>
<token t_id="111" sentence="4" number="9">of</token>
<token t_id="112" sentence="4" number="10">$</token>
<token t_id="113" sentence="4" number="11">76</token>
<token t_id="114" sentence="4" number="12">million</token>
<token t_id="115" sentence="4" number="13">for</token>
<token t_id="116" sentence="4" number="14">the</token>
<token t_id="117" sentence="4" number="15">year</token>
<token t_id="118" sentence="4" number="16">ended</token>
<token t_id="119" sentence="4" number="17">March</token>
<token t_id="120" sentence="4" number="18">31</token>
<token t_id="121" sentence="4" number="19">.</token>
<token t_id="122" sentence="5" number="0">Separately</token>
<token t_id="123" sentence="5" number="1">,</token>
<token t_id="124" sentence="5" number="2">Cilcorp</token>
<token t_id="125" sentence="5" number="3">said</token>
<token t_id="126" sentence="5" number="4">it</token>
<token t_id="127" sentence="5" number="5">plans</token>
<token t_id="128" sentence="5" number="6">to</token>
<token t_id="129" sentence="5" number="7">purchase</token>
<token t_id="130" sentence="5" number="8">as</token>
<token t_id="131" sentence="5" number="9">many</token>
<token t_id="132" sentence="5" number="10">as</token>
<token t_id="133" sentence="5" number="11">1</token>
<token t_id="134" sentence="5" number="12">.</token>
<token t_id="135" sentence="5" number="13">4</token>
<token t_id="136" sentence="5" number="14">million</token>
<token t_id="137" sentence="5" number="15">shares</token>
<token t_id="138" sentence="5" number="16">,</token>
<token t_id="139" sentence="5" number="17">or</token>
<token t_id="140" sentence="5" number="18">10</token>
<token t_id="141" sentence="5" number="19">%</token>
<token t_id="142" sentence="5" number="20">of</token>
<token t_id="143" sentence="5" number="21">its</token>
<token t_id="144" sentence="5" number="22">common</token>
<token t_id="145" sentence="5" number="23">stock</token>
<token t_id="146" sentence="5" number="24">outstanding</token>
<token t_id="147" sentence="5" number="25">from</token>
<token t_id="148" sentence="5" number="26">time</token>
<token t_id="149" sentence="5" number="27">to</token>
<token t_id="150" sentence="5" number="28">time</token>
<token t_id="151" sentence="5" number="29">on</token>
<token t_id="152" sentence="5" number="30">the</token>
<token t_id="153" sentence="5" number="31">open</token>
<token t_id="154" sentence="5" number="32">market</token>
<token t_id="155" sentence="5" number="33">and</token>
<token t_id="156" sentence="5" number="34">through</token>
<token t_id="157" sentence="5" number="35">privately</token>
<token t_id="158" sentence="5" number="36">negotiated</token>
<token t_id="159" sentence="5" number="37">transactions</token>
<token t_id="160" sentence="5" number="38">.</token>
<token t_id="161" sentence="6" number="0">The</token>
<token t_id="162" sentence="6" number="1">company</token>
<token t_id="163" sentence="6" number="2">,</token>
<token t_id="164" sentence="6" number="3">which</token>
<token t_id="165" sentence="6" number="4">currently</token>
<token t_id="166" sentence="6" number="5">has</token>
<token t_id="167" sentence="6" number="6">13</token>
<token t_id="168" sentence="6" number="7">.</token>
<token t_id="169" sentence="6" number="8">5</token>
<token t_id="170" sentence="6" number="9">million</token>
<token t_id="171" sentence="6" number="10">common</token>
<token t_id="172" sentence="6" number="11">shares</token>
<token t_id="173" sentence="6" number="12">outstanding</token>
<token t_id="174" sentence="6" number="13">,</token>
<token t_id="175" sentence="6" number="14">said</token>
<token t_id="176" sentence="6" number="15">it</token>
<token t_id="177" sentence="6" number="16">has</token>
<token t_id="178" sentence="6" number="17">no</token>
<token t_id="179" sentence="6" number="18">specific</token>
<token t_id="180" sentence="6" number="19">plans</token>
<token t_id="181" sentence="6" number="20">for</token>
<token t_id="182" sentence="6" number="21">the</token>
<token t_id="183" sentence="6" number="22">shares</token>
<token t_id="184" sentence="6" number="23">.</token>


<Markables>
<NARRATIVE m_id="1" Level="Primary" comment="" conversational-direct="FALSE" conversational-reported="FALSE"  >
<token_anchor t_id="1"/>
<token_anchor t_id="2"/>
<token_anchor t_id="3"/>
<token_anchor t_id="4"/>
<token_anchor t_id="5"/>
<token_anchor t_id="6"/>
<token_anchor t_id="7"/>
<token_anchor t_id="8"/>
<token_anchor t_id="9"/>
<token_anchor t_id="10"/>
</NARRATIVE>
<NARRATIVE m_id="2" Level="Primary" comment="" conversational-direct="FALSE" conversational-reported="TRUE"  >
<token_anchor t_id="11"/>
<token_anchor t_id="12"/>
</NARRATIVE>
<NARRATIVE m_id="3" Level="Primary" comment="" conversational-direct="FALSE" conversational-reported="TRUE"  >
<token_anchor t_id="13"/>
<token_anchor t_id="14"/>
<token_anchor t_id="15"/>
<token_anchor t_id="16"/>
<token_anchor t_id="17"/>
<token_anchor t_id="18"/>
<token_anchor t_id="19"/>
<token_anchor t_id="20"/>
<token_anchor t_id="21"/>
<token_anchor t_id="22"/>
<token_anchor t_id="23"/>
<token_anchor t_id="24"/>
<token_anchor t_id="25"/>
<token_anchor t_id="26"/>
<token_anchor t_id="27"/>
<token_anchor t_id="28"/>
<token_anchor t_id="29"/>
<token_anchor t_id="30"/>
<token_anchor t_id="31"/>
<token_anchor t_id="32"/>
</NARRATIVE>
<NARRATIVE m_id="4" Level="Primary" comment="" conversational-direct="FALSE" conversational-reported="FALSE"  >
<token_anchor t_id="66"/>
<token_anchor t_id="67"/>
<token_anchor t_id="68"/>
<token_anchor t_id="69"/>
<token_anchor t_id="70"/>
<token_anchor t_id="71"/>
<token_anchor t_id="72"/>
<token_anchor t_id="73"/>
<token_anchor t_id="74"/>
<token_anchor t_id="75"/>
<token_anchor t_id="76"/>
<token_anchor t_id="77"/>
<token_anchor t_id="78"/>
</NARRATIVE>
<NARRATIVE m_id="5" Level="Primary" comment="" conversational-direct="FALSE" conversational-reported="FALSE"  >
<token_anchor t_id="79"/>
<token_anchor t_id="80"/>
<token_anchor t_id="81"/>
<token_anchor t_id="82"/>
<token_anchor t_id="83"/>
<token_anchor t_id="84"/>
<token_anchor t_id="85"/>
<token_anchor t_id="86"/>
</NARRATIVE>
<NARRATIVE m_id="6" Level="" comment="" conversational-direct="FALSE" conversational-reported="FALSE"  >
<token_anchor t_id="87"/>
<token_anchor t_id="88"/>
<token_anchor t_id="89"/>
<token_anchor t_id="90"/>
<token_anchor t_id="91"/>
<token_anchor t_id="92"/>
<token_anchor t_id="93"/>
<token_anchor t_id="94"/>
<token_anchor t_id="95"/>
<token_anchor t_id="96"/>
<token_anchor t_id="97"/>
</NARRATIVE>
<NARRATIVE m_id="7" Level="Primary" comment="" conversational-direct="FALSE" conversational-reported="TRUE"  >
<token_anchor t_id="98"/>
<token_anchor t_id="99"/>
<token_anchor t_id="100"/>
<token_anchor t_id="101"/>
</NARRATIVE>
<NARRATIVE m_id="8" Level="Primary" comment="" conversational-direct="FALSE" conversational-reported="FALSE"  >
<token_anchor t_id="102"/>
<token_anchor t_id="103"/>
</NARRATIVE>
<NARRATIVE m_id="9" Level="Primary" comment="" conversational-direct="FALSE" conversational-reported="TRUE"  >
<token_anchor t_id="104"/>
<token_anchor t_id="105"/>
<token_anchor t_id="106"/>
<token_anchor t_id="107"/>
<token_anchor t_id="108"/>
<token_anchor t_id="109"/>
<token_anchor t_id="110"/>
<token_anchor t_id="111"/>
<token_anchor t_id="112"/>
<token_anchor t_id="113"/>
<token_anchor t_id="114"/>
<token_anchor t_id="115"/>
<token_anchor t_id="116"/>
<token_anchor t_id="117"/>
<token_anchor t_id="118"/>
<token_anchor t_id="119"/>
<token_anchor t_id="120"/>
<token_anchor t_id="121"/>
</NARRATIVE>
<NARRATIVE m_id="10" Level="Primary" comment="" conversational-direct="FALSE" conversational-reported="FALSE"  >
<token_anchor t_id="122"/>
<token_anchor t_id="123"/>
<token_anchor t_id="124"/>
<token_anchor t_id="125"/>
</NARRATIVE>
<NARRATIVE m_id="11" Level="Primary" comment="" conversational-direct="FALSE" conversational-reported="TRUE"  >
<token_anchor t_id="126"/>
<token_anchor t_id="127"/>
</NARRATIVE>
<NARRATIVE m_id="12" Level="Primary" comment="" conversational-direct="FALSE" conversational-reported="TRUE"  >
<token_anchor t_id="128"/>
<token_anchor t_id="129"/>
<token_anchor t_id="130"/>
<token_anchor t_id="131"/>
<token_anchor t_id="132"/>
<token_anchor t_id="133"/>
<token_anchor t_id="134"/>
<token_anchor t_id="135"/>
<token_anchor t_id="136"/>
<token_anchor t_id="137"/>
<token_anchor t_id="138"/>
<token_anchor t_id="139"/>
<token_anchor t_id="140"/>
<token_anchor t_id="141"/>
<token_anchor t_id="142"/>
<token_anchor t_id="143"/>
<token_anchor t_id="144"/>
<token_anchor t_id="145"/>
<token_anchor t_id="146"/>
<token_anchor t_id="147"/>
<token_anchor t_id="148"/>
<token_anchor t_id="149"/>
<token_anchor t_id="150"/>
<token_anchor t_id="151"/>
<token_anchor t_id="152"/>
<token_anchor t_id="153"/>
<token_anchor t_id="154"/>
<token_anchor t_id="155"/>
<token_anchor t_id="156"/>
<token_anchor t_id="157"/>
<token_anchor t_id="158"/>
<token_anchor t_id="159"/>
<token_anchor t_id="160"/>
</NARRATIVE>
<NARRATIVE m_id="13" Level="Primary" comment="" conversational-direct="FALSE" conversational-reported="FALSE"  >
<token_anchor t_id="164"/>
<token_anchor t_id="165"/>
<token_anchor t_id="166"/>
<token_anchor t_id="167"/>
<token_anchor t_id="168"/>
<token_anchor t_id="169"/>
<token_anchor t_id="170"/>
<token_anchor t_id="171"/>
<token_anchor t_id="172"/>
<token_anchor t_id="173"/>
</NARRATIVE>
<NARRATIVE m_id="14" Level="Primary" comment="" conversational-direct="FALSE" conversational-reported="TRUE"  >
<token_anchor t_id="176"/>
<token_anchor t_id="177"/>
<token_anchor t_id="178"/>
<token_anchor t_id="179"/>
<token_anchor t_id="180"/>
<token_anchor t_id="181"/>
<token_anchor t_id="182"/>
<token_anchor t_id="183"/>
<token_anchor t_id="184"/>
</NARRATIVE>
<NARRATIVE m_id="15" Level="Primary" comment="" conversational-direct="FALSE" conversational-reported="FALSE"  >
<token_anchor t_id="161"/>
<token_anchor t_id="162"/>
<token_anchor t_id="163"/>
<token_anchor t_id="174"/>
<token_anchor t_id="175"/>
</NARRATIVE>
<NARRATIVE m_id="16" Level="Primary" comment="" conversational-direct="FALSE" conversational-reported="FALSE"  >
<token_anchor t_id="33"/>
<token_anchor t_id="34"/>
<token_anchor t_id="35"/>
<token_anchor t_id="36"/>
<token_anchor t_id="37"/>
</NARRATIVE>
<NARRATIVE m_id="17" Level="Primary" comment="" conversational-direct="FALSE" conversational-reported="TRUE"  >
<token_anchor t_id="38"/>
<token_anchor t_id="39"/>
<token_anchor t_id="40"/>
<token_anchor t_id="41"/>
<token_anchor t_id="42"/>
<token_anchor t_id="43"/>
<token_anchor t_id="44"/>
<token_anchor t_id="45"/>
<token_anchor t_id="46"/>
<token_anchor t_id="47"/>
<token_anchor t_id="48"/>
<token_anchor t_id="49"/>
<token_anchor t_id="50"/>
<token_anchor t_id="51"/>
<token_anchor t_id="52"/>
<token_anchor t_id="53"/>
<token_anchor t_id="54"/>
<token_anchor t_id="55"/>
<token_anchor t_id="56"/>
<token_anchor t_id="57"/>
<token_anchor t_id="58"/>
<token_anchor t_id="59"/>
<token_anchor t_id="60"/>
<token_anchor t_id="61"/>
<token_anchor t_id="62"/>
<token_anchor t_id="63"/>
<token_anchor t_id="64"/>
<token_anchor t_id="65"/>
</NARRATIVE>


</Markables>

<Relations>
</Relations>
</Document>
