<Document doc_name="wsj_0677.xml.conll.txt">
<token t_id="1" sentence="0" number="0">Whittle</token>
<token t_id="2" sentence="0" number="1">Communications</token>
<token t_id="3" sentence="0" number="2">L</token>
<token t_id="4" sentence="0" number="3">.</token>
<token t_id="5" sentence="0" number="4">P</token>
<token t_id="6" sentence="0" number="5">.</token>
<token t_id="7" sentence="0" number="6">,</token>
<token t_id="8" sentence="0" number="7">which</token>
<token t_id="9" sentence="0" number="8">for</token>
<token t_id="10" sentence="0" number="9">months</token>
<token t_id="11" sentence="0" number="10">has</token>
<token t_id="12" sentence="0" number="11">fought</token>
<token t_id="13" sentence="0" number="12">a</token>
<token t_id="14" sentence="0" number="13">public</token>
<token t_id="15" sentence="0" number="14">relations</token>
<token t_id="16" sentence="0" number="15">battle</token>
<token t_id="17" sentence="0" number="16">with</token>
<token t_id="18" sentence="0" number="17">education</token>
<token t_id="19" sentence="0" number="18">leaders</token>
<token t_id="20" sentence="0" number="19">,</token>
<token t_id="21" sentence="0" number="20">said</token>
<token t_id="22" sentence="0" number="21">it</token>
<token t_id="23" sentence="0" number="22">has</token>
<token t_id="24" sentence="0" number="23">signed</token>
<token t_id="25" sentence="0" number="24">500</token>
<token t_id="26" sentence="0" number="25">schools</token>
<token t_id="27" sentence="0" number="26">in</token>
<token t_id="28" sentence="0" number="27">24</token>
<token t_id="29" sentence="0" number="28">states</token>
<token t_id="30" sentence="0" number="29">to</token>
<token t_id="31" sentence="0" number="30">subscribe</token>
<token t_id="32" sentence="0" number="31">to</token>
<token t_id="33" sentence="0" number="32">the</token>
<token t_id="34" sentence="0" number="33">controversial</token>
<token t_id="35" sentence="0" number="34">Channel</token>
<token t_id="36" sentence="0" number="35">One</token>
<token t_id="37" sentence="0" number="36">news</token>
<token t_id="38" sentence="0" number="37">program</token>
<token t_id="39" sentence="0" number="38">and</token>
<token t_id="40" sentence="0" number="39">its</token>
<token t_id="41" sentence="0" number="40">sister</token>
<token t_id="42" sentence="0" number="41">programs</token>
<token t_id="43" sentence="0" number="42">.</token>
<token t_id="44" sentence="1" number="0">Channel</token>
<token t_id="45" sentence="1" number="1">One</token>
<token t_id="46" sentence="1" number="2">,</token>
<token t_id="47" sentence="1" number="3">a</token>
<token t_id="48" sentence="1" number="4">satellite</token>
<token t_id="49" sentence="1" number="5">-</token>
<token t_id="50" sentence="1" number="6">delivered</token>
<token t_id="51" sentence="1" number="7">daily</token>
<token t_id="52" sentence="1" number="8">program</token>
<token t_id="53" sentence="1" number="9">supported</token>
<token t_id="54" sentence="1" number="10">by</token>
<token t_id="55" sentence="1" number="11">advertising</token>
<token t_id="56" sentence="1" number="12">,</token>
<token t_id="57" sentence="1" number="13">is</token>
<token t_id="58" sentence="1" number="14">scheduled</token>
<token t_id="59" sentence="1" number="15">to</token>
<token t_id="60" sentence="1" number="16">be</token>
<token t_id="61" sentence="1" number="17">launched</token>
<token t_id="62" sentence="1" number="18">next</token>
<token t_id="63" sentence="1" number="19">March</token>
<token t_id="64" sentence="1" number="20">.</token>
<token t_id="65" sentence="2" number="0">Whittle</token>
<token t_id="66" sentence="2" number="1">said</token>
<token t_id="67" sentence="2" number="2">its</token>
<token t_id="68" sentence="2" number="3">field</token>
<token t_id="69" sentence="2" number="4">staff</token>
<token t_id="70" sentence="2" number="5">signed</token>
<token t_id="71" sentence="2" number="6">up</token>
<token t_id="72" sentence="2" number="7">the</token>
<token t_id="73" sentence="2" number="8">500</token>
<token t_id="74" sentence="2" number="9">schools</token>
<token t_id="75" sentence="2" number="10">in</token>
<token t_id="76" sentence="2" number="11">238</token>
<token t_id="77" sentence="2" number="12">school</token>
<token t_id="78" sentence="2" number="13">districts</token>
<token t_id="79" sentence="2" number="14">after</token>
<token t_id="80" sentence="2" number="15">only</token>
<token t_id="81" sentence="2" number="16">eight</token>
<token t_id="82" sentence="2" number="17">weeks</token>
<token t_id="83" sentence="2" number="18">and</token>
<token t_id="84" sentence="2" number="19">company</token>
<token t_id="85" sentence="2" number="20">executives</token>
<token t_id="86" sentence="2" number="21">now</token>
<token t_id="87" sentence="2" number="22">expect</token>
<token t_id="88" sentence="2" number="23">to</token>
<token t_id="89" sentence="2" number="24">reach</token>
<token t_id="90" sentence="2" number="25">their</token>
<token t_id="91" sentence="2" number="26">start</token>
<token t_id="92" sentence="2" number="27">-</token>
<token t_id="93" sentence="2" number="28">up</token>
<token t_id="94" sentence="2" number="29">goal</token>
<token t_id="95" sentence="2" number="30">of</token>
<token t_id="96" sentence="2" number="31">1</token>
<token t_id="97" sentence="2" number="32">,</token>
<token t_id="98" sentence="2" number="33">000</token>
<token t_id="99" sentence="2" number="34">schools</token>
<token t_id="100" sentence="2" number="35">before</token>
<token t_id="101" sentence="2" number="36">the</token>
<token t_id="102" sentence="2" number="37">end</token>
<token t_id="103" sentence="2" number="38">of</token>
<token t_id="104" sentence="2" number="39">this</token>
<token t_id="105" sentence="2" number="40">year</token>
<token t_id="106" sentence="2" number="41">.</token>
<token t_id="107" sentence="3" number="0">Christopher</token>
<token t_id="108" sentence="3" number="1">Whittle</token>
<token t_id="109" sentence="3" number="2">,</token>
<token t_id="110" sentence="3" number="3">chairman</token>
<token t_id="111" sentence="3" number="4">of</token>
<token t_id="112" sentence="3" number="5">the</token>
<token t_id="113" sentence="3" number="6">Knoxville</token>
<token t_id="114" sentence="3" number="7">,</token>
<token t_id="115" sentence="3" number="8">Tenn</token>
<token t_id="116" sentence="3" number="9">.</token>
<token t_id="117" sentence="3" number="10">,</token>
<token t_id="118" sentence="3" number="11">media</token>
<token t_id="119" sentence="3" number="12">company</token>
<token t_id="120" sentence="3" number="13">that</token>
<token t_id="121" sentence="3" number="14">is</token>
<token t_id="122" sentence="3" number="15">50</token>
<token t_id="123" sentence="3" number="16">%</token>
<token t_id="124" sentence="3" number="17">owned</token>
<token t_id="125" sentence="3" number="18">by</token>
<token t_id="126" sentence="3" number="19">Time</token>
<token t_id="127" sentence="3" number="20">Warner</token>
<token t_id="128" sentence="3" number="21">Inc</token>
<token t_id="129" sentence="3" number="22">.</token>
<token t_id="130" sentence="3" number="23">,</token>
<token t_id="131" sentence="3" number="24">said</token>
<token t_id="132" sentence="3" number="25">that</token>
<token t_id="133" sentence="3" number="26">by</token>
<token t_id="134" sentence="3" number="27">December</token>
<token t_id="135" sentence="3" number="28">1990</token>
<token t_id="136" sentence="3" number="29">he</token>
<token t_id="137" sentence="3" number="30">expects</token>
<token t_id="138" sentence="3" number="31">to</token>
<token t_id="139" sentence="3" number="32">have</token>
<token t_id="140" sentence="3" number="33">Channel</token>
<token t_id="141" sentence="3" number="34">One</token>
<token t_id="142" sentence="3" number="35">installed</token>
<token t_id="143" sentence="3" number="36">in</token>
<token t_id="144" sentence="3" number="37">about</token>
<token t_id="145" sentence="3" number="38">8</token>
<token t_id="146" sentence="3" number="39">,</token>
<token t_id="147" sentence="3" number="40">000</token>
<token t_id="148" sentence="3" number="41">schools</token>
<token t_id="149" sentence="3" number="42">with</token>
<token t_id="150" sentence="3" number="43">a</token>
<token t_id="151" sentence="3" number="44">potential</token>
<token t_id="152" sentence="3" number="45">audience</token>
<token t_id="153" sentence="3" number="46">of</token>
<token t_id="154" sentence="3" number="47">six</token>
<token t_id="155" sentence="3" number="48">million</token>
<token t_id="156" sentence="3" number="49">.</token>
<token t_id="157" sentence="4" number="0">Installation</token>
<token t_id="158" sentence="4" number="1">of</token>
<token t_id="159" sentence="4" number="2">the</token>
<token t_id="160" sentence="4" number="3">TV</token>
<token t_id="161" sentence="4" number="4">system</token>
<token t_id="162" sentence="4" number="5">,</token>
<token t_id="163" sentence="4" number="6">which</token>
<token t_id="164" sentence="4" number="7">includes</token>
<token t_id="165" sentence="4" number="8">providing</token>
<token t_id="166" sentence="4" number="9">free</token>
<token t_id="167" sentence="4" number="10">19</token>
<token t_id="168" sentence="4" number="11">-</token>
<token t_id="169" sentence="4" number="12">inch</token>
<token t_id="170" sentence="4" number="13">TV</token>
<token t_id="171" sentence="4" number="14">sets</token>
<token t_id="172" sentence="4" number="15">in</token>
<token t_id="173" sentence="4" number="16">classrooms</token>
<token t_id="174" sentence="4" number="17">,</token>
<token t_id="175" sentence="4" number="18">begins</token>
<token t_id="176" sentence="4" number="19">in</token>
<token t_id="177" sentence="4" number="20">January</token>
<token t_id="178" sentence="4" number="21">.</token>
<token t_id="179" sentence="5" number="0">``</token>
<token t_id="180" sentence="5" number="1">What</token>
<token t_id="181" sentence="5" number="2">we</token>
<token t_id="182" sentence="5" number="3">'ve</token>
<token t_id="183" sentence="5" number="4">done</token>
<token t_id="184" sentence="5" number="5">in</token>
<token t_id="185" sentence="5" number="6">eight</token>
<token t_id="186" sentence="5" number="7">weeks</token>
<token t_id="187" sentence="5" number="8">shows</token>
<token t_id="188" sentence="5" number="9">we</token>
<token t_id="189" sentence="5" number="10">wo</token>
<token t_id="190" sentence="5" number="11">n't</token>
<token t_id="191" sentence="5" number="12">have</token>
<token t_id="192" sentence="5" number="13">enormous</token>
<token t_id="193" sentence="5" number="14">difficulties</token>
<token t_id="194" sentence="5" number="15">getting</token>
<token t_id="195" sentence="5" number="16">to</token>
<token t_id="196" sentence="5" number="17">the</token>
<token t_id="197" sentence="5" number="18">place</token>
<token t_id="198" sentence="5" number="19">we</token>
<token t_id="199" sentence="5" number="20">want</token>
<token t_id="200" sentence="5" number="21">to</token>
<token t_id="201" sentence="5" number="22">be</token>
<token t_id="202" sentence="5" number="23">,</token>
<token t_id="203" sentence="5" number="24">''</token>
<token t_id="204" sentence="5" number="25">said</token>
<token t_id="205" sentence="5" number="26">Mr</token>
<token t_id="206" sentence="5" number="27">.</token>
<token t_id="207" sentence="5" number="28">Whittle</token>
<token t_id="208" sentence="5" number="29">.</token>
<token t_id="209" sentence="6" number="0">He</token>
<token t_id="210" sentence="6" number="1">said</token>
<token t_id="211" sentence="6" number="2">his</token>
<token t_id="212" sentence="6" number="3">sales</token>
<token t_id="213" sentence="6" number="4">force</token>
<token t_id="214" sentence="6" number="5">is</token>
<token t_id="215" sentence="6" number="6">signing</token>
<token t_id="216" sentence="6" number="7">up</token>
<token t_id="217" sentence="6" number="8">schools</token>
<token t_id="218" sentence="6" number="9">at</token>
<token t_id="219" sentence="6" number="10">the</token>
<token t_id="220" sentence="6" number="11">rate</token>
<token t_id="221" sentence="6" number="12">of</token>
<token t_id="222" sentence="6" number="13">25</token>
<token t_id="223" sentence="6" number="14">a</token>
<token t_id="224" sentence="6" number="15">day</token>
<token t_id="225" sentence="6" number="16">.</token>
<token t_id="226" sentence="7" number="0">In</token>
<token t_id="227" sentence="7" number="1">California</token>
<token t_id="228" sentence="7" number="2">and</token>
<token t_id="229" sentence="7" number="3">New</token>
<token t_id="230" sentence="7" number="4">York</token>
<token t_id="231" sentence="7" number="5">,</token>
<token t_id="232" sentence="7" number="6">state</token>
<token t_id="233" sentence="7" number="7">officials</token>
<token t_id="234" sentence="7" number="8">have</token>
<token t_id="235" sentence="7" number="9">opposed</token>
<token t_id="236" sentence="7" number="10">Channel</token>
<token t_id="237" sentence="7" number="11">One</token>
<token t_id="238" sentence="7" number="12">.</token>
<token t_id="239" sentence="8" number="0">Mr</token>
<token t_id="240" sentence="8" number="1">.</token>
<token t_id="241" sentence="8" number="2">Whittle</token>
<token t_id="242" sentence="8" number="3">said</token>
<token t_id="243" sentence="8" number="4">private</token>
<token t_id="244" sentence="8" number="5">and</token>
<token t_id="245" sentence="8" number="6">parochial</token>
<token t_id="246" sentence="8" number="7">schools</token>
<token t_id="247" sentence="8" number="8">in</token>
<token t_id="248" sentence="8" number="9">both</token>
<token t_id="249" sentence="8" number="10">states</token>
<token t_id="250" sentence="8" number="11">will</token>
<token t_id="251" sentence="8" number="12">be</token>
<token t_id="252" sentence="8" number="13">canvassed</token>
<token t_id="253" sentence="8" number="14">to</token>
<token t_id="254" sentence="8" number="15">see</token>
<token t_id="255" sentence="8" number="16">if</token>
<token t_id="256" sentence="8" number="17">they</token>
<token t_id="257" sentence="8" number="18">are</token>
<token t_id="258" sentence="8" number="19">interested</token>
<token t_id="259" sentence="8" number="20">in</token>
<token t_id="260" sentence="8" number="21">getting</token>
<token t_id="261" sentence="8" number="22">the</token>
<token t_id="262" sentence="8" number="23">programs</token>
<token t_id="263" sentence="8" number="24">.</token>
<token t_id="264" sentence="9" number="0">Subscribing</token>
<token t_id="265" sentence="9" number="1">schools</token>
<token t_id="266" sentence="9" number="2">get</token>
<token t_id="267" sentence="9" number="3">the</token>
<token t_id="268" sentence="9" number="4">12</token>
<token t_id="269" sentence="9" number="5">-</token>
<token t_id="270" sentence="9" number="6">minute</token>
<token t_id="271" sentence="9" number="7">daily</token>
<token t_id="272" sentence="9" number="8">Channel</token>
<token t_id="273" sentence="9" number="9">One</token>
<token t_id="274" sentence="9" number="10">news</token>
<token t_id="275" sentence="9" number="11">program</token>
<token t_id="276" sentence="9" number="12">,</token>
<token t_id="277" sentence="9" number="13">whose</token>
<token t_id="278" sentence="9" number="14">four</token>
<token t_id="279" sentence="9" number="15">30</token>
<token t_id="280" sentence="9" number="16">-</token>
<token t_id="281" sentence="9" number="17">second</token>
<token t_id="282" sentence="9" number="18">TV</token>
<token t_id="283" sentence="9" number="19">ads</token>
<token t_id="284" sentence="9" number="20">during</token>
<token t_id="285" sentence="9" number="21">each</token>
<token t_id="286" sentence="9" number="22">show</token>
<token t_id="287" sentence="9" number="23">have</token>
<token t_id="288" sentence="9" number="24">drawn</token>
<token t_id="289" sentence="9" number="25">protests</token>
<token t_id="290" sentence="9" number="26">from</token>
<token t_id="291" sentence="9" number="27">educators</token>
<token t_id="292" sentence="9" number="28">.</token>
<token t_id="293" sentence="10" number="0">Subscribers</token>
<token t_id="294" sentence="10" number="1">also</token>
<token t_id="295" sentence="10" number="2">get</token>
<token t_id="296" sentence="10" number="3">the</token>
<token t_id="297" sentence="10" number="4">Classroom</token>
<token t_id="298" sentence="10" number="5">Channel</token>
<token t_id="299" sentence="10" number="6">,</token>
<token t_id="300" sentence="10" number="7">which</token>
<token t_id="301" sentence="10" number="8">will</token>
<token t_id="302" sentence="10" number="9">feature</token>
<token t_id="303" sentence="10" number="10">ad</token>
<token t_id="304" sentence="10" number="11">-</token>
<token t_id="305" sentence="10" number="12">free</token>
<token t_id="306" sentence="10" number="13">educational</token>
<token t_id="307" sentence="10" number="14">programming</token>
<token t_id="308" sentence="10" number="15">similar</token>
<token t_id="309" sentence="10" number="16">to</token>
<token t_id="310" sentence="10" number="17">some</token>
<token t_id="311" sentence="10" number="18">public</token>
<token t_id="312" sentence="10" number="19">-</token>
<token t_id="313" sentence="10" number="20">TV</token>
<token t_id="314" sentence="10" number="21">shows</token>
<token t_id="315" sentence="10" number="22">,</token>
<token t_id="316" sentence="10" number="23">and</token>
<token t_id="317" sentence="10" number="24">the</token>
<token t_id="318" sentence="10" number="25">Educator</token>
<token t_id="319" sentence="10" number="26">'s</token>
<token t_id="320" sentence="10" number="27">Channel</token>
<token t_id="321" sentence="10" number="28">,</token>
<token t_id="322" sentence="10" number="29">which</token>
<token t_id="323" sentence="10" number="30">will</token>
<token t_id="324" sentence="10" number="31">offer</token>
<token t_id="325" sentence="10" number="32">instructional</token>
<token t_id="326" sentence="10" number="33">programming</token>
<token t_id="327" sentence="10" number="34">for</token>
<token t_id="328" sentence="10" number="35">teachers</token>
<token t_id="329" sentence="10" number="36">and</token>
<token t_id="330" sentence="10" number="37">school</token>
<token t_id="331" sentence="10" number="38">administrators</token>
<token t_id="332" sentence="10" number="39">and</token>
<token t_id="333" sentence="10" number="40">will</token>
<token t_id="334" sentence="10" number="41">be</token>
<token t_id="335" sentence="10" number="42">supported</token>
<token t_id="336" sentence="10" number="43">by</token>
<token t_id="337" sentence="10" number="44">advertising</token>
<token t_id="338" sentence="10" number="45">.</token>
<token t_id="339" sentence="11" number="0">Whittle</token>
<token t_id="340" sentence="11" number="1">has</token>
<token t_id="341" sentence="11" number="2">met</token>
<token t_id="342" sentence="11" number="3">some</token>
<token t_id="343" sentence="11" number="4">resistance</token>
<token t_id="344" sentence="11" number="5">.</token>
<token t_id="345" sentence="12" number="0">The</token>
<token t_id="346" sentence="12" number="1">Educational</token>
<token t_id="347" sentence="12" number="2">Network</token>
<token t_id="348" sentence="12" number="3">,</token>
<token t_id="349" sentence="12" number="4">as</token>
<token t_id="350" sentence="12" number="5">Mr</token>
<token t_id="351" sentence="12" number="6">.</token>
<token t_id="352" sentence="12" number="7">Whittle</token>
<token t_id="353" sentence="12" number="8">has</token>
<token t_id="354" sentence="12" number="9">named</token>
<token t_id="355" sentence="12" number="10">the</token>
<token t_id="356" sentence="12" number="11">three</token>
<token t_id="357" sentence="12" number="12">programs</token>
<token t_id="358" sentence="12" number="13">,</token>
<token t_id="359" sentence="12" number="14">has</token>
<token t_id="360" sentence="12" number="15">been</token>
<token t_id="361" sentence="12" number="16">offered</token>
<token t_id="362" sentence="12" number="17">to</token>
<token t_id="363" sentence="12" number="18">1</token>
<token t_id="364" sentence="12" number="19">,</token>
<token t_id="365" sentence="12" number="20">290</token>
<token t_id="366" sentence="12" number="21">school</token>
<token t_id="367" sentence="12" number="22">districts</token>
<token t_id="368" sentence="12" number="23">and</token>
<token t_id="369" sentence="12" number="24">Whittle</token>
<token t_id="370" sentence="12" number="25">continues</token>
<token t_id="371" sentence="12" number="26">to</token>
<token t_id="372" sentence="12" number="27">negotiate</token>
<token t_id="373" sentence="12" number="28">with</token>
<token t_id="374" sentence="12" number="29">919</token>
<token t_id="375" sentence="12" number="30">districts</token>
<token t_id="376" sentence="12" number="31">.</token>
<token t_id="377" sentence="13" number="0">About</token>
<token t_id="378" sentence="13" number="1">10</token>
<token t_id="379" sentence="13" number="2">%</token>
<token t_id="380" sentence="13" number="3">of</token>
<token t_id="381" sentence="13" number="4">the</token>
<token t_id="382" sentence="13" number="5">school</token>
<token t_id="383" sentence="13" number="6">districts</token>
<token t_id="384" sentence="13" number="7">approached</token>
<token t_id="385" sentence="13" number="8">have</token>
<token t_id="386" sentence="13" number="9">rejected</token>
<token t_id="387" sentence="13" number="10">the</token>
<token t_id="388" sentence="13" number="11">network</token>
<token t_id="389" sentence="13" number="12">.</token>
<token t_id="390" sentence="14" number="0">Mr</token>
<token t_id="391" sentence="14" number="1">.</token>
<token t_id="392" sentence="14" number="2">Whittle</token>
<token t_id="393" sentence="14" number="3">said</token>
<token t_id="394" sentence="14" number="4">that</token>
<token t_id="395" sentence="14" number="5">so</token>
<token t_id="396" sentence="14" number="6">far</token>
<token t_id="397" sentence="14" number="7">,</token>
<token t_id="398" sentence="14" number="8">three</token>
<token t_id="399" sentence="14" number="9">of</token>
<token t_id="400" sentence="14" number="10">the</token>
<token t_id="401" sentence="14" number="11">six</token>
<token t_id="402" sentence="14" number="12">schools</token>
<token t_id="403" sentence="14" number="13">that</token>
<token t_id="404" sentence="14" number="14">carried</token>
<token t_id="405" sentence="14" number="15">the</token>
<token t_id="406" sentence="14" number="16">program</token>
<token t_id="407" sentence="14" number="17">in</token>
<token t_id="408" sentence="14" number="18">a</token>
<token t_id="409" sentence="14" number="19">five</token>
<token t_id="410" sentence="14" number="20">-</token>
<token t_id="411" sentence="14" number="21">week</token>
<token t_id="412" sentence="14" number="22">test</token>
<token t_id="413" sentence="14" number="23">last</token>
<token t_id="414" sentence="14" number="24">spring</token>
<token t_id="415" sentence="14" number="25">have</token>
<token t_id="416" sentence="14" number="26">subscribed</token>
<token t_id="417" sentence="14" number="27">to</token>
<token t_id="418" sentence="14" number="28">the</token>
<token t_id="419" sentence="14" number="29">program</token>
<token t_id="420" sentence="14" number="30">.</token>
<token t_id="421" sentence="15" number="0">One</token>
<token t_id="422" sentence="15" number="1">of</token>
<token t_id="423" sentence="15" number="2">the</token>
<token t_id="424" sentence="15" number="3">test</token>
<token t_id="425" sentence="15" number="4">schools</token>
<token t_id="426" sentence="15" number="5">,</token>
<token t_id="427" sentence="15" number="6">Withrow</token>
<token t_id="428" sentence="15" number="7">High</token>
<token t_id="429" sentence="15" number="8">School</token>
<token t_id="430" sentence="15" number="9">in</token>
<token t_id="431" sentence="15" number="10">Cincinnati</token>
<token t_id="432" sentence="15" number="11">,</token>
<token t_id="433" sentence="15" number="12">rejected</token>
<token t_id="434" sentence="15" number="13">the</token>
<token t_id="435" sentence="15" number="14">project</token>
<token t_id="436" sentence="15" number="15">.</token>
<token t_id="437" sentence="16" number="0">John</token>
<token t_id="438" sentence="16" number="1">Bruner</token>
<token t_id="439" sentence="16" number="2">,</token>
<token t_id="440" sentence="16" number="3">associate</token>
<token t_id="441" sentence="16" number="4">director</token>
<token t_id="442" sentence="16" number="5">of</token>
<token t_id="443" sentence="16" number="6">communications</token>
<token t_id="444" sentence="16" number="7">for</token>
<token t_id="445" sentence="16" number="8">Cincinnati</token>
<token t_id="446" sentence="16" number="9">Public</token>
<token t_id="447" sentence="16" number="10">Schools</token>
<token t_id="448" sentence="16" number="11">,</token>
<token t_id="449" sentence="16" number="12">said</token>
<token t_id="450" sentence="16" number="13">Channel</token>
<token t_id="451" sentence="16" number="14">One</token>
<token t_id="452" sentence="16" number="15">was</token>
<token t_id="453" sentence="16" number="16">rejected</token>
<token t_id="454" sentence="16" number="17">because</token>
<token t_id="455" sentence="16" number="18">students</token>
<token t_id="456" sentence="16" number="19">watching</token>
<token t_id="457" sentence="16" number="20">the</token>
<token t_id="458" sentence="16" number="21">program</token>
<token t_id="459" sentence="16" number="22">did</token>
<token t_id="460" sentence="16" number="23">n't</token>
<token t_id="461" sentence="16" number="24">fare</token>
<token t_id="462" sentence="16" number="25">particularly</token>
<token t_id="463" sentence="16" number="26">better</token>
<token t_id="464" sentence="16" number="27">on</token>
<token t_id="465" sentence="16" number="28">a</token>
<token t_id="466" sentence="16" number="29">28</token>
<token t_id="467" sentence="16" number="30">-</token>
<token t_id="468" sentence="16" number="31">question</token>
<token t_id="469" sentence="16" number="32">current</token>
<token t_id="470" sentence="16" number="33">events</token>
<token t_id="471" sentence="16" number="34">quiz</token>
<token t_id="472" sentence="16" number="35">than</token>
<token t_id="473" sentence="16" number="36">a</token>
<token t_id="474" sentence="16" number="37">control</token>
<token t_id="475" sentence="16" number="38">school</token>
<token t_id="476" sentence="16" number="39">without</token>
<token t_id="477" sentence="16" number="40">the</token>
<token t_id="478" sentence="16" number="41">program</token>
<token t_id="479" sentence="16" number="42">and</token>
<token t_id="480" sentence="16" number="43">school</token>
<token t_id="481" sentence="16" number="44">absences</token>
<token t_id="482" sentence="16" number="45">were</token>
<token t_id="483" sentence="16" number="46">almost</token>
<token t_id="484" sentence="16" number="47">unchanged</token>
<token t_id="485" sentence="16" number="48">during</token>
<token t_id="486" sentence="16" number="49">the</token>
<token t_id="487" sentence="16" number="50">period</token>
<token t_id="488" sentence="16" number="51">when</token>
<token t_id="489" sentence="16" number="52">the</token>
<token t_id="490" sentence="16" number="53">program</token>
<token t_id="491" sentence="16" number="54">was</token>
<token t_id="492" sentence="16" number="55">being</token>
<token t_id="493" sentence="16" number="56">aired</token>
<token t_id="494" sentence="16" number="57">.</token>
<token t_id="495" sentence="17" number="0">``</token>
<token t_id="496" sentence="17" number="1">The</token>
<token t_id="497" sentence="17" number="2">number</token>
<token t_id="498" sentence="17" number="3">of</token>
<token t_id="499" sentence="17" number="4">correct</token>
<token t_id="500" sentence="17" number="5">responses</token>
<token t_id="501" sentence="17" number="6">was</token>
<token t_id="502" sentence="17" number="7">45</token>
<token t_id="503" sentence="17" number="8">%</token>
<token t_id="504" sentence="17" number="9">on</token>
<token t_id="505" sentence="17" number="10">the</token>
<token t_id="506" sentence="17" number="11">test</token>
<token t_id="507" sentence="17" number="12">and</token>
<token t_id="508" sentence="17" number="13">school</token>
<token t_id="509" sentence="17" number="14">absences</token>
<token t_id="510" sentence="17" number="15">did</token>
<token t_id="511" sentence="17" number="16">n't</token>
<token t_id="512" sentence="17" number="17">change</token>
<token t_id="513" sentence="17" number="18">much</token>
<token t_id="514" sentence="17" number="19">,</token>
<token t_id="515" sentence="17" number="20">''</token>
<token t_id="516" sentence="17" number="21">said</token>
<token t_id="517" sentence="17" number="22">Mr</token>
<token t_id="518" sentence="17" number="23">.</token>
<token t_id="519" sentence="17" number="24">Bruner</token>
<token t_id="520" sentence="17" number="25">.</token>
<token t_id="521" sentence="18" number="0">``</token>
<token t_id="522" sentence="18" number="1">The</token>
<token t_id="523" sentence="18" number="2">pilot</token>
<token t_id="524" sentence="18" number="3">program</token>
<token t_id="525" sentence="18" number="4">was</token>
<token t_id="526" sentence="18" number="5">received</token>
<token t_id="527" sentence="18" number="6">well</token>
<token t_id="528" sentence="18" number="7">-</token>
<token t_id="529" sentence="18" number="8">LRB</token>
<token t_id="530" sentence="18" number="9">-</token>
<token t_id="531" sentence="18" number="10">by</token>
<token t_id="532" sentence="18" number="11">teachers</token>
<token t_id="533" sentence="18" number="12">and</token>
<token t_id="534" sentence="18" number="13">students</token>
<token t_id="535" sentence="18" number="14">-</token>
<token t_id="536" sentence="18" number="15">RRB</token>
<token t_id="537" sentence="18" number="16">-</token>
<token t_id="538" sentence="18" number="17">,</token>
<token t_id="539" sentence="18" number="18">but</token>
<token t_id="540" sentence="18" number="19">there</token>
<token t_id="541" sentence="18" number="20">was</token>
<token t_id="542" sentence="18" number="21">n't</token>
<token t_id="543" sentence="18" number="22">reason</token>
<token t_id="544" sentence="18" number="23">enough</token>
<token t_id="545" sentence="18" number="24">to</token>
<token t_id="546" sentence="18" number="25">sign</token>
<token t_id="547" sentence="18" number="26">up</token>
<token t_id="548" sentence="18" number="27">.</token>
<token t_id="549" sentence="19" number="0">We</token>
<token t_id="550" sentence="19" number="1">even</token>
<token t_id="551" sentence="19" number="2">invited</token>
<token t_id="552" sentence="19" number="3">the</token>
<token t_id="553" sentence="19" number="4">public</token>
<token t_id="554" sentence="19" number="5">to</token>
<token t_id="555" sentence="19" number="6">stop</token>
<token t_id="556" sentence="19" number="7">by</token>
<token t_id="557" sentence="19" number="8">and</token>
<token t_id="558" sentence="19" number="9">see</token>
<token t_id="559" sentence="19" number="10">the</token>
<token t_id="560" sentence="19" number="11">program</token>
<token t_id="561" sentence="19" number="12">,</token>
<token t_id="562" sentence="19" number="13">but</token>
<token t_id="563" sentence="19" number="14">there</token>
<token t_id="564" sentence="19" number="15">was</token>
<token t_id="565" sentence="19" number="16">n't</token>
<token t_id="566" sentence="19" number="17">much</token>
<token t_id="567" sentence="19" number="18">interest</token>
<token t_id="568" sentence="19" number="19">.</token>
<token t_id="569" sentence="19" number="20">''</token>
<token t_id="570" sentence="20" number="0">Advertisers</token>
<token t_id="571" sentence="20" number="1">are</token>
<token t_id="572" sentence="20" number="2">showing</token>
<token t_id="573" sentence="20" number="3">interest</token>
<token t_id="574" sentence="20" number="4">.</token>
<token t_id="575" sentence="21" number="0">Last</token>
<token t_id="576" sentence="21" number="1">month</token>
<token t_id="577" sentence="21" number="2">,</token>
<token t_id="578" sentence="21" number="3">Whittle</token>
<token t_id="579" sentence="21" number="4">announced</token>
<token t_id="580" sentence="21" number="5">it</token>
<token t_id="581" sentence="21" number="6">had</token>
<token t_id="582" sentence="21" number="7">sold</token>
<token t_id="583" sentence="21" number="8">$</token>
<token t_id="584" sentence="21" number="9">150</token>
<token t_id="585" sentence="21" number="10">million</token>
<token t_id="586" sentence="21" number="11">in</token>
<token t_id="587" sentence="21" number="12">advertising</token>
<token t_id="588" sentence="21" number="13">time</token>
<token t_id="589" sentence="21" number="14">on</token>
<token t_id="590" sentence="21" number="15">the</token>
<token t_id="591" sentence="21" number="16">network</token>
<token t_id="592" sentence="21" number="17">to</token>
<token t_id="593" sentence="21" number="18">national</token>
<token t_id="594" sentence="21" number="19">advertisers</token>
<token t_id="595" sentence="21" number="20">.</token>
<token t_id="596" sentence="22" number="0">Mr</token>
<token t_id="597" sentence="22" number="1">.</token>
<token t_id="598" sentence="22" number="2">Whittle</token>
<token t_id="599" sentence="22" number="3">Friday</token>
<token t_id="600" sentence="22" number="4">said</token>
<token t_id="601" sentence="22" number="5">several</token>
<token t_id="602" sentence="22" number="6">more</token>
<token t_id="603" sentence="22" number="7">advertisers</token>
<token t_id="604" sentence="22" number="8">have</token>
<token t_id="605" sentence="22" number="9">been</token>
<token t_id="606" sentence="22" number="10">added</token>
<token t_id="607" sentence="22" number="11">.</token>
<token t_id="608" sentence="23" number="0">Whittle</token>
<token t_id="609" sentence="23" number="1">is</token>
<token t_id="610" sentence="23" number="2">spending</token>
<token t_id="611" sentence="23" number="3">$</token>
<token t_id="612" sentence="23" number="4">150</token>
<token t_id="613" sentence="23" number="5">million</token>
<token t_id="614" sentence="23" number="6">initially</token>
<token t_id="615" sentence="23" number="7">to</token>
<token t_id="616" sentence="23" number="8">launch</token>
<token t_id="617" sentence="23" number="9">the</token>
<token t_id="618" sentence="23" number="10">network</token>
<token t_id="619" sentence="23" number="11">.</token>
<token t_id="620" sentence="24" number="0">Installation</token>
<token t_id="621" sentence="24" number="1">of</token>
<token t_id="622" sentence="24" number="2">satellite</token>
<token t_id="623" sentence="24" number="3">dishes</token>
<token t_id="624" sentence="24" number="4">,</token>
<token t_id="625" sentence="24" number="5">TVs</token>
<token t_id="626" sentence="24" number="6">and</token>
<token t_id="627" sentence="24" number="7">videocassette</token>
<token t_id="628" sentence="24" number="8">equipment</token>
<token t_id="629" sentence="24" number="9">will</token>
<token t_id="630" sentence="24" number="10">cost</token>
<token t_id="631" sentence="24" number="11">the</token>
<token t_id="632" sentence="24" number="12">company</token>
<token t_id="633" sentence="24" number="13">about</token>
<token t_id="634" sentence="24" number="14">$</token>
<token t_id="635" sentence="24" number="15">20</token>
<token t_id="636" sentence="24" number="16">,</token>
<token t_id="637" sentence="24" number="17">000</token>
<token t_id="638" sentence="24" number="18">per</token>
<token t_id="639" sentence="24" number="19">school</token>
<token t_id="640" sentence="24" number="20">,</token>
<token t_id="641" sentence="24" number="21">Mr</token>
<token t_id="642" sentence="24" number="22">.</token>
<token t_id="643" sentence="24" number="23">Whittle</token>
<token t_id="644" sentence="24" number="24">said</token>
<token t_id="645" sentence="24" number="25">.</token>


<Markables>
<ARGUMENTATIVE m_id="15" comment="" conversational-direct="TRUE" conversational-reported="FALSE"  >
<token_anchor t_id="539"/>
<token_anchor t_id="540"/>
<token_anchor t_id="541"/>
<token_anchor t_id="542"/>
<token_anchor t_id="543"/>
<token_anchor t_id="544"/>
</ARGUMENTATIVE>
<ARGUMENTATIVE m_id="48" comment="" conversational-direct="TRUE" conversational-reported="FALSE"  >
<token_anchor t_id="188"/>
<token_anchor t_id="189"/>
<token_anchor t_id="190"/>
<token_anchor t_id="191"/>
<token_anchor t_id="192"/>
<token_anchor t_id="193"/>
<token_anchor t_id="194"/>
<token_anchor t_id="195"/>
<token_anchor t_id="196"/>
<token_anchor t_id="197"/>
</ARGUMENTATIVE>
<ARGUMENTATIVE m_id="49" comment="" conversational-direct="TRUE" conversational-reported="FALSE"  >
<token_anchor t_id="198"/>
<token_anchor t_id="199"/>
</ARGUMENTATIVE>
<ARGUMENTATIVE m_id="50" comment="" conversational-direct="TRUE" conversational-reported="FALSE"  >
<token_anchor t_id="200"/>
<token_anchor t_id="201"/>
<token_anchor t_id="202"/>
<token_anchor t_id="203"/>
</ARGUMENTATIVE>
<ARGUMENTATIVE m_id="22" comment="" conversational-direct="FALSE" conversational-reported="TRUE"  >
<token_anchor t_id="454"/>
<token_anchor t_id="455"/>
<token_anchor t_id="456"/>
<token_anchor t_id="457"/>
<token_anchor t_id="458"/>
<token_anchor t_id="459"/>
<token_anchor t_id="460"/>
<token_anchor t_id="461"/>
<token_anchor t_id="462"/>
<token_anchor t_id="463"/>
<token_anchor t_id="464"/>
<token_anchor t_id="465"/>
<token_anchor t_id="466"/>
<token_anchor t_id="467"/>
<token_anchor t_id="468"/>
<token_anchor t_id="469"/>
<token_anchor t_id="470"/>
<token_anchor t_id="471"/>
<token_anchor t_id="472"/>
<token_anchor t_id="473"/>
<token_anchor t_id="474"/>
<token_anchor t_id="475"/>
<token_anchor t_id="476"/>
<token_anchor t_id="477"/>
<token_anchor t_id="478"/>
</ARGUMENTATIVE>
<DESCRIPTIVE m_id="63" Type="Other" comment="" conversational-direct="FALSE" conversational-reported="FALSE"  >
<token_anchor t_id="47"/>
<token_anchor t_id="48"/>
<token_anchor t_id="49"/>
<token_anchor t_id="50"/>
<token_anchor t_id="51"/>
<token_anchor t_id="52"/>
<token_anchor t_id="53"/>
<token_anchor t_id="54"/>
<token_anchor t_id="55"/>
<token_anchor t_id="56"/>
</DESCRIPTIVE>
<NARRATIVE m_id="41" Level="Primary" comment="" conversational-direct="FALSE" conversational-reported="TRUE"  >
<token_anchor t_id="243"/>
<token_anchor t_id="244"/>
<token_anchor t_id="245"/>
<token_anchor t_id="246"/>
<token_anchor t_id="247"/>
<token_anchor t_id="248"/>
<token_anchor t_id="249"/>
<token_anchor t_id="250"/>
<token_anchor t_id="251"/>
<token_anchor t_id="252"/>
</NARRATIVE>
<NARRATIVE m_id="9" Level="Primary" comment="" conversational-direct="FALSE" conversational-reported="FALSE"  >
<token_anchor t_id="570"/>
<token_anchor t_id="571"/>
<token_anchor t_id="572"/>
<token_anchor t_id="573"/>
<token_anchor t_id="574"/>
</NARRATIVE>
<NARRATIVE m_id="42" Level="Primary" comment="" conversational-direct="FALSE" conversational-reported="TRUE"  >
<token_anchor t_id="253"/>
<token_anchor t_id="254"/>
</NARRATIVE>
<NARRATIVE m_id="10" Level="Primary" comment="" conversational-direct="TRUE" conversational-reported="FALSE"  >
<token_anchor t_id="549"/>
<token_anchor t_id="550"/>
<token_anchor t_id="551"/>
<token_anchor t_id="552"/>
<token_anchor t_id="553"/>
</NARRATIVE>
<NARRATIVE m_id="43" Level="Primary" comment="" conversational-direct="FALSE" conversational-reported="TRUE"  >
<token_anchor t_id="255"/>
<token_anchor t_id="256"/>
<token_anchor t_id="257"/>
<token_anchor t_id="258"/>
<token_anchor t_id="259"/>
<token_anchor t_id="260"/>
<token_anchor t_id="261"/>
<token_anchor t_id="262"/>
<token_anchor t_id="263"/>
</NARRATIVE>
<NARRATIVE m_id="11" Level="Primary" comment="" conversational-direct="TRUE" conversational-reported="FALSE"  >
<token_anchor t_id="554"/>
<token_anchor t_id="555"/>
<token_anchor t_id="556"/>
</NARRATIVE>
<NARRATIVE m_id="44" Level="Primary" comment="" conversational-direct="FALSE" conversational-reported="FALSE"  >
<token_anchor t_id="226"/>
<token_anchor t_id="227"/>
<token_anchor t_id="228"/>
<token_anchor t_id="229"/>
<token_anchor t_id="230"/>
<token_anchor t_id="231"/>
<token_anchor t_id="232"/>
<token_anchor t_id="233"/>
<token_anchor t_id="234"/>
<token_anchor t_id="235"/>
<token_anchor t_id="236"/>
<token_anchor t_id="237"/>
<token_anchor t_id="238"/>
</NARRATIVE>
<NARRATIVE m_id="12" Level="Primary" comment="" conversational-direct="TRUE" conversational-reported="FALSE"  >
<token_anchor t_id="557"/>
<token_anchor t_id="558"/>
<token_anchor t_id="559"/>
<token_anchor t_id="560"/>
<token_anchor t_id="561"/>
</NARRATIVE>
<NARRATIVE m_id="45" Level="Primary" comment="" conversational-direct="FALSE" conversational-reported="FALSE"  >
<token_anchor t_id="209"/>
<token_anchor t_id="210"/>
</NARRATIVE>
<NARRATIVE m_id="13" Level="Primary" comment="" conversational-direct="TRUE" conversational-reported="FALSE"  >
<token_anchor t_id="562"/>
<token_anchor t_id="563"/>
<token_anchor t_id="564"/>
<token_anchor t_id="565"/>
<token_anchor t_id="566"/>
<token_anchor t_id="567"/>
<token_anchor t_id="568"/>
<token_anchor t_id="569"/>
</NARRATIVE>
<NARRATIVE m_id="46" Level="Primary" comment="" conversational-direct="FALSE" conversational-reported="TRUE"  >
<token_anchor t_id="211"/>
<token_anchor t_id="212"/>
<token_anchor t_id="213"/>
<token_anchor t_id="214"/>
<token_anchor t_id="215"/>
<token_anchor t_id="216"/>
<token_anchor t_id="217"/>
<token_anchor t_id="218"/>
<token_anchor t_id="219"/>
<token_anchor t_id="220"/>
<token_anchor t_id="221"/>
<token_anchor t_id="222"/>
<token_anchor t_id="223"/>
<token_anchor t_id="224"/>
<token_anchor t_id="225"/>
</NARRATIVE>
<NARRATIVE m_id="14" Level="Primary" comment="" conversational-direct="TRUE" conversational-reported="FALSE"  >
<token_anchor t_id="521"/>
<token_anchor t_id="522"/>
<token_anchor t_id="523"/>
<token_anchor t_id="524"/>
<token_anchor t_id="525"/>
<token_anchor t_id="526"/>
<token_anchor t_id="527"/>
<token_anchor t_id="528"/>
<token_anchor t_id="529"/>
<token_anchor t_id="530"/>
<token_anchor t_id="531"/>
<token_anchor t_id="532"/>
<token_anchor t_id="533"/>
<token_anchor t_id="534"/>
<token_anchor t_id="535"/>
<token_anchor t_id="536"/>
<token_anchor t_id="537"/>
<token_anchor t_id="538"/>
</NARRATIVE>
<NARRATIVE m_id="47" Level="Primary" comment="" conversational-direct="TRUE" conversational-reported="FALSE"  >
<token_anchor t_id="179"/>
<token_anchor t_id="180"/>
<token_anchor t_id="181"/>
<token_anchor t_id="182"/>
<token_anchor t_id="183"/>
<token_anchor t_id="184"/>
<token_anchor t_id="185"/>
<token_anchor t_id="186"/>
<token_anchor t_id="187"/>
</NARRATIVE>
<NARRATIVE m_id="16" Level="Primary" comment="" conversational-direct="TRUE" conversational-reported="FALSE"  >
<token_anchor t_id="545"/>
<token_anchor t_id="546"/>
<token_anchor t_id="547"/>
<token_anchor t_id="548"/>
</NARRATIVE>
<NARRATIVE m_id="17" Level="Primary" comment="" conversational-direct="TRUE" conversational-reported="FALSE"  >
<token_anchor t_id="495"/>
<token_anchor t_id="496"/>
<token_anchor t_id="497"/>
<token_anchor t_id="498"/>
<token_anchor t_id="499"/>
<token_anchor t_id="500"/>
<token_anchor t_id="501"/>
<token_anchor t_id="502"/>
<token_anchor t_id="503"/>
<token_anchor t_id="504"/>
<token_anchor t_id="505"/>
<token_anchor t_id="506"/>
</NARRATIVE>
<NARRATIVE m_id="18" Level="Primary" comment="" conversational-direct="TRUE" conversational-reported="FALSE"  >
<token_anchor t_id="507"/>
<token_anchor t_id="508"/>
<token_anchor t_id="509"/>
<token_anchor t_id="510"/>
<token_anchor t_id="511"/>
<token_anchor t_id="512"/>
<token_anchor t_id="513"/>
<token_anchor t_id="514"/>
<token_anchor t_id="515"/>
</NARRATIVE>
<NARRATIVE m_id="51" Level="Primary" comment="" conversational-direct="FALSE" conversational-reported="FALSE"  >
<token_anchor t_id="204"/>
<token_anchor t_id="205"/>
<token_anchor t_id="206"/>
<token_anchor t_id="207"/>
<token_anchor t_id="208"/>
</NARRATIVE>
<NARRATIVE m_id="19" Level="Primary" comment="" conversational-direct="FALSE" conversational-reported="FALSE"  >
<token_anchor t_id="516"/>
<token_anchor t_id="517"/>
<token_anchor t_id="518"/>
<token_anchor t_id="519"/>
<token_anchor t_id="520"/>
</NARRATIVE>
<NARRATIVE m_id="52" Level="Primary" comment="" conversational-direct="FALSE" conversational-reported="FALSE"  >
<token_anchor t_id="157"/>
<token_anchor t_id="158"/>
<token_anchor t_id="159"/>
<token_anchor t_id="160"/>
<token_anchor t_id="161"/>
<token_anchor t_id="162"/>
<token_anchor t_id="175"/>
<token_anchor t_id="176"/>
<token_anchor t_id="177"/>
<token_anchor t_id="178"/>
</NARRATIVE>
<NARRATIVE m_id="20" Level="Primary" comment="" conversational-direct="FALSE" conversational-reported="FALSE"  >
<token_anchor t_id="437"/>
<token_anchor t_id="438"/>
<token_anchor t_id="439"/>
<token_anchor t_id="440"/>
<token_anchor t_id="441"/>
<token_anchor t_id="442"/>
<token_anchor t_id="443"/>
<token_anchor t_id="444"/>
<token_anchor t_id="445"/>
<token_anchor t_id="446"/>
<token_anchor t_id="447"/>
<token_anchor t_id="448"/>
<token_anchor t_id="449"/>
</NARRATIVE>
<NARRATIVE m_id="53" Level="Primary" comment="" conversational-direct="FALSE" conversational-reported="FALSE"  >
<token_anchor t_id="163"/>
<token_anchor t_id="164"/>
</NARRATIVE>
<NARRATIVE m_id="21" Level="" comment="" conversational-direct="FALSE" conversational-reported="FALSE"  >
<token_anchor t_id="450"/>
<token_anchor t_id="451"/>
<token_anchor t_id="452"/>
<token_anchor t_id="453"/>
</NARRATIVE>
<NARRATIVE m_id="54" Level="Primary" comment="" conversational-direct="FALSE" conversational-reported="FALSE"  >
<token_anchor t_id="165"/>
<token_anchor t_id="166"/>
<token_anchor t_id="167"/>
<token_anchor t_id="168"/>
<token_anchor t_id="169"/>
<token_anchor t_id="170"/>
<token_anchor t_id="171"/>
<token_anchor t_id="172"/>
<token_anchor t_id="173"/>
<token_anchor t_id="174"/>
</NARRATIVE>
<NARRATIVE m_id="55" Level="Primary" comment="" conversational-direct="FALSE" conversational-reported="FALSE"  >
<token_anchor t_id="107"/>
<token_anchor t_id="108"/>
<token_anchor t_id="109"/>
<token_anchor t_id="110"/>
<token_anchor t_id="111"/>
<token_anchor t_id="112"/>
<token_anchor t_id="113"/>
<token_anchor t_id="114"/>
<token_anchor t_id="115"/>
<token_anchor t_id="116"/>
<token_anchor t_id="117"/>
<token_anchor t_id="118"/>
<token_anchor t_id="119"/>
<token_anchor t_id="120"/>
<token_anchor t_id="121"/>
<token_anchor t_id="122"/>
<token_anchor t_id="123"/>
<token_anchor t_id="124"/>
<token_anchor t_id="125"/>
<token_anchor t_id="126"/>
<token_anchor t_id="127"/>
<token_anchor t_id="128"/>
<token_anchor t_id="129"/>
<token_anchor t_id="130"/>
<token_anchor t_id="131"/>
</NARRATIVE>
<NARRATIVE m_id="23" Level="Primary" comment="" conversational-direct="FALSE" conversational-reported="TRUE"  >
<token_anchor t_id="479"/>
<token_anchor t_id="480"/>
<token_anchor t_id="481"/>
<token_anchor t_id="482"/>
<token_anchor t_id="483"/>
<token_anchor t_id="484"/>
<token_anchor t_id="485"/>
<token_anchor t_id="486"/>
<token_anchor t_id="487"/>
</NARRATIVE>
<NARRATIVE m_id="56" Level="Primary" comment="" conversational-direct="FALSE" conversational-reported="TRUE"  >
<token_anchor t_id="132"/>
<token_anchor t_id="133"/>
<token_anchor t_id="134"/>
<token_anchor t_id="135"/>
<token_anchor t_id="136"/>
<token_anchor t_id="137"/>
</NARRATIVE>
<NARRATIVE m_id="24" Level="Primary" comment="" conversational-direct="FALSE" conversational-reported="TRUE"  >
<token_anchor t_id="488"/>
<token_anchor t_id="489"/>
<token_anchor t_id="490"/>
<token_anchor t_id="491"/>
<token_anchor t_id="492"/>
<token_anchor t_id="493"/>
<token_anchor t_id="494"/>
</NARRATIVE>
<NARRATIVE m_id="57" Level="Primary" comment="" conversational-direct="FALSE" conversational-reported="TRUE"  >
<token_anchor t_id="138"/>
<token_anchor t_id="139"/>
<token_anchor t_id="140"/>
<token_anchor t_id="141"/>
<token_anchor t_id="142"/>
<token_anchor t_id="143"/>
<token_anchor t_id="144"/>
<token_anchor t_id="145"/>
<token_anchor t_id="146"/>
<token_anchor t_id="147"/>
<token_anchor t_id="148"/>
<token_anchor t_id="149"/>
<token_anchor t_id="150"/>
<token_anchor t_id="151"/>
<token_anchor t_id="152"/>
<token_anchor t_id="153"/>
<token_anchor t_id="154"/>
<token_anchor t_id="155"/>
<token_anchor t_id="156"/>
</NARRATIVE>
<NARRATIVE m_id="25" Level="Primary" comment="" conversational-direct="FALSE" conversational-reported="FALSE"  >
<token_anchor t_id="421"/>
<token_anchor t_id="422"/>
<token_anchor t_id="423"/>
<token_anchor t_id="424"/>
<token_anchor t_id="425"/>
<token_anchor t_id="426"/>
<token_anchor t_id="427"/>
<token_anchor t_id="428"/>
<token_anchor t_id="429"/>
<token_anchor t_id="430"/>
<token_anchor t_id="431"/>
<token_anchor t_id="432"/>
<token_anchor t_id="433"/>
<token_anchor t_id="434"/>
<token_anchor t_id="435"/>
<token_anchor t_id="436"/>
</NARRATIVE>
<NARRATIVE m_id="58" Level="Primary" comment="" conversational-direct="FALSE" conversational-reported="FALSE"  >
<token_anchor t_id="65"/>
<token_anchor t_id="66"/>
</NARRATIVE>
<NARRATIVE m_id="26" Level="Primary" comment="" conversational-direct="FALSE" conversational-reported="FALSE"  >
<token_anchor t_id="390"/>
<token_anchor t_id="391"/>
<token_anchor t_id="392"/>
<token_anchor t_id="393"/>
</NARRATIVE>
<NARRATIVE m_id="59" Level="Primary" comment="" conversational-direct="FALSE" conversational-reported="TRUE"  >
<token_anchor t_id="67"/>
<token_anchor t_id="68"/>
<token_anchor t_id="69"/>
<token_anchor t_id="70"/>
<token_anchor t_id="71"/>
<token_anchor t_id="72"/>
<token_anchor t_id="73"/>
<token_anchor t_id="74"/>
<token_anchor t_id="75"/>
<token_anchor t_id="76"/>
<token_anchor t_id="77"/>
<token_anchor t_id="78"/>
<token_anchor t_id="79"/>
<token_anchor t_id="80"/>
<token_anchor t_id="81"/>
<token_anchor t_id="82"/>
</NARRATIVE>
<NARRATIVE m_id="27" Level="Primary" comment="" conversational-direct="FALSE" conversational-reported="TRUE"  >
<token_anchor t_id="394"/>
<token_anchor t_id="395"/>
<token_anchor t_id="396"/>
<token_anchor t_id="397"/>
<token_anchor t_id="398"/>
<token_anchor t_id="399"/>
<token_anchor t_id="400"/>
<token_anchor t_id="401"/>
<token_anchor t_id="402"/>
<token_anchor t_id="403"/>
<token_anchor t_id="404"/>
<token_anchor t_id="405"/>
<token_anchor t_id="406"/>
<token_anchor t_id="407"/>
<token_anchor t_id="408"/>
<token_anchor t_id="409"/>
<token_anchor t_id="410"/>
<token_anchor t_id="411"/>
<token_anchor t_id="412"/>
<token_anchor t_id="413"/>
<token_anchor t_id="414"/>
<token_anchor t_id="415"/>
<token_anchor t_id="416"/>
<token_anchor t_id="417"/>
<token_anchor t_id="418"/>
<token_anchor t_id="419"/>
<token_anchor t_id="420"/>
</NARRATIVE>
<NARRATIVE m_id="60" Level="Primary" comment="" conversational-direct="FALSE" conversational-reported="TRUE"  >
<token_anchor t_id="83"/>
<token_anchor t_id="84"/>
<token_anchor t_id="85"/>
<token_anchor t_id="86"/>
<token_anchor t_id="87"/>
</NARRATIVE>
<NARRATIVE m_id="28" Level="Primary" comment="" conversational-direct="FALSE" conversational-reported="FALSE"  >
<token_anchor t_id="377"/>
<token_anchor t_id="378"/>
<token_anchor t_id="379"/>
<token_anchor t_id="380"/>
<token_anchor t_id="381"/>
<token_anchor t_id="382"/>
<token_anchor t_id="383"/>
<token_anchor t_id="384"/>
<token_anchor t_id="385"/>
<token_anchor t_id="386"/>
<token_anchor t_id="387"/>
<token_anchor t_id="388"/>
<token_anchor t_id="389"/>
</NARRATIVE>
<NARRATIVE m_id="61" Level="Primary" comment="" conversational-direct="FALSE" conversational-reported="TRUE"  >
<token_anchor t_id="88"/>
<token_anchor t_id="89"/>
<token_anchor t_id="90"/>
<token_anchor t_id="91"/>
<token_anchor t_id="92"/>
<token_anchor t_id="93"/>
<token_anchor t_id="94"/>
<token_anchor t_id="95"/>
<token_anchor t_id="96"/>
<token_anchor t_id="97"/>
<token_anchor t_id="98"/>
<token_anchor t_id="99"/>
<token_anchor t_id="100"/>
<token_anchor t_id="101"/>
<token_anchor t_id="102"/>
<token_anchor t_id="103"/>
<token_anchor t_id="104"/>
<token_anchor t_id="105"/>
<token_anchor t_id="106"/>
</NARRATIVE>
<NARRATIVE m_id="29" Level="Primary" comment="" conversational-direct="FALSE" conversational-reported="FALSE"  >
<token_anchor t_id="349"/>
<token_anchor t_id="350"/>
<token_anchor t_id="351"/>
<token_anchor t_id="352"/>
<token_anchor t_id="353"/>
<token_anchor t_id="354"/>
<token_anchor t_id="355"/>
<token_anchor t_id="356"/>
<token_anchor t_id="357"/>
<token_anchor t_id="358"/>
</NARRATIVE>
<NARRATIVE m_id="62" Level="Primary" comment="" conversational-direct="FALSE" conversational-reported="FALSE"  >
<token_anchor t_id="44"/>
<token_anchor t_id="45"/>
<token_anchor t_id="46"/>
<token_anchor t_id="57"/>
<token_anchor t_id="58"/>
<token_anchor t_id="59"/>
<token_anchor t_id="60"/>
<token_anchor t_id="61"/>
<token_anchor t_id="62"/>
<token_anchor t_id="63"/>
<token_anchor t_id="64"/>
</NARRATIVE>
<NARRATIVE m_id="30" Level="Primary" comment="" conversational-direct="FALSE" conversational-reported="FALSE"  >
<token_anchor t_id="345"/>
<token_anchor t_id="346"/>
<token_anchor t_id="347"/>
<token_anchor t_id="348"/>
<token_anchor t_id="359"/>
<token_anchor t_id="360"/>
<token_anchor t_id="361"/>
<token_anchor t_id="362"/>
<token_anchor t_id="363"/>
<token_anchor t_id="364"/>
<token_anchor t_id="365"/>
<token_anchor t_id="366"/>
<token_anchor t_id="367"/>
</NARRATIVE>
<NARRATIVE m_id="31" Level="Primary" comment="" conversational-direct="FALSE" conversational-reported="FALSE"  >
<token_anchor t_id="368"/>
<token_anchor t_id="369"/>
<token_anchor t_id="370"/>
</NARRATIVE>
<NARRATIVE m_id="64" Level="Primary" comment="" conversational-direct="FALSE" conversational-reported="FALSE"  >
<token_anchor t_id="1"/>
<token_anchor t_id="2"/>
<token_anchor t_id="3"/>
<token_anchor t_id="4"/>
<token_anchor t_id="5"/>
<token_anchor t_id="6"/>
<token_anchor t_id="7"/>
<token_anchor t_id="21"/>
</NARRATIVE>
<NARRATIVE m_id="32" Level="Primary" comment="" conversational-direct="FALSE" conversational-reported="FALSE"  >
<token_anchor t_id="371"/>
<token_anchor t_id="372"/>
<token_anchor t_id="373"/>
<token_anchor t_id="374"/>
<token_anchor t_id="375"/>
<token_anchor t_id="376"/>
</NARRATIVE>
<NARRATIVE m_id="65" Level="Primary" comment="" conversational-direct="FALSE" conversational-reported="TRUE"  >
<token_anchor t_id="22"/>
<token_anchor t_id="23"/>
<token_anchor t_id="24"/>
<token_anchor t_id="25"/>
<token_anchor t_id="26"/>
<token_anchor t_id="27"/>
<token_anchor t_id="28"/>
<token_anchor t_id="29"/>
</NARRATIVE>
<NARRATIVE m_id="1" Level="Primary" comment="" conversational-direct="FALSE" conversational-reported="TRUE"  >
<token_anchor t_id="620"/>
<token_anchor t_id="621"/>
<token_anchor t_id="622"/>
<token_anchor t_id="623"/>
<token_anchor t_id="624"/>
<token_anchor t_id="625"/>
<token_anchor t_id="626"/>
<token_anchor t_id="627"/>
<token_anchor t_id="628"/>
<token_anchor t_id="629"/>
<token_anchor t_id="630"/>
<token_anchor t_id="631"/>
<token_anchor t_id="632"/>
<token_anchor t_id="633"/>
<token_anchor t_id="634"/>
<token_anchor t_id="635"/>
<token_anchor t_id="636"/>
<token_anchor t_id="637"/>
<token_anchor t_id="638"/>
<token_anchor t_id="639"/>
<token_anchor t_id="640"/>
</NARRATIVE>
<NARRATIVE m_id="33" Level="Primary" comment="" conversational-direct="FALSE" conversational-reported="FALSE"  >
<token_anchor t_id="339"/>
<token_anchor t_id="340"/>
<token_anchor t_id="341"/>
<token_anchor t_id="342"/>
<token_anchor t_id="343"/>
<token_anchor t_id="344"/>
</NARRATIVE>
<NARRATIVE m_id="66" Level="Primary" comment="" conversational-direct="FALSE" conversational-reported="TRUE"  >
<token_anchor t_id="30"/>
<token_anchor t_id="31"/>
<token_anchor t_id="32"/>
<token_anchor t_id="33"/>
<token_anchor t_id="34"/>
<token_anchor t_id="35"/>
<token_anchor t_id="36"/>
<token_anchor t_id="37"/>
<token_anchor t_id="38"/>
<token_anchor t_id="39"/>
<token_anchor t_id="40"/>
<token_anchor t_id="41"/>
<token_anchor t_id="42"/>
<token_anchor t_id="43"/>
</NARRATIVE>
<NARRATIVE m_id="2" Level="" comment="" conversational-direct="FALSE" conversational-reported="FALSE"  >
<token_anchor t_id="641"/>
<token_anchor t_id="642"/>
<token_anchor t_id="643"/>
<token_anchor t_id="644"/>
<token_anchor t_id="645"/>
</NARRATIVE>
<NARRATIVE m_id="34" Level="Primary" comment="" conversational-direct="FALSE" conversational-reported="FALSE"  >
<token_anchor t_id="300"/>
<token_anchor t_id="301"/>
<token_anchor t_id="302"/>
<token_anchor t_id="303"/>
<token_anchor t_id="304"/>
<token_anchor t_id="305"/>
<token_anchor t_id="306"/>
<token_anchor t_id="307"/>
<token_anchor t_id="308"/>
<token_anchor t_id="309"/>
<token_anchor t_id="310"/>
<token_anchor t_id="311"/>
<token_anchor t_id="312"/>
<token_anchor t_id="313"/>
<token_anchor t_id="314"/>
<token_anchor t_id="315"/>
</NARRATIVE>
<NARRATIVE m_id="67" Level="Secondary" comment="" conversational-direct="FALSE" conversational-reported="FALSE"  >
<token_anchor t_id="8"/>
<token_anchor t_id="9"/>
<token_anchor t_id="10"/>
<token_anchor t_id="11"/>
<token_anchor t_id="12"/>
<token_anchor t_id="13"/>
<token_anchor t_id="14"/>
<token_anchor t_id="15"/>
<token_anchor t_id="16"/>
<token_anchor t_id="17"/>
<token_anchor t_id="18"/>
<token_anchor t_id="19"/>
<token_anchor t_id="20"/>
</NARRATIVE>
<NARRATIVE m_id="3" Level="Primary" comment="" conversational-direct="FALSE" conversational-reported="FALSE"  >
<token_anchor t_id="608"/>
<token_anchor t_id="609"/>
<token_anchor t_id="610"/>
<token_anchor t_id="611"/>
<token_anchor t_id="612"/>
<token_anchor t_id="613"/>
<token_anchor t_id="614"/>
</NARRATIVE>
<NARRATIVE m_id="35" Level="Primary" comment="" conversational-direct="FALSE" conversational-reported="FALSE"  >
<token_anchor t_id="293"/>
<token_anchor t_id="294"/>
<token_anchor t_id="295"/>
<token_anchor t_id="296"/>
<token_anchor t_id="297"/>
<token_anchor t_id="298"/>
<token_anchor t_id="299"/>
<token_anchor t_id="316"/>
<token_anchor t_id="317"/>
<token_anchor t_id="318"/>
<token_anchor t_id="319"/>
<token_anchor t_id="320"/>
<token_anchor t_id="321"/>
</NARRATIVE>
<NARRATIVE m_id="4" Level="Primary" comment="" conversational-direct="FALSE" conversational-reported="FALSE"  >
<token_anchor t_id="615"/>
<token_anchor t_id="616"/>
<token_anchor t_id="617"/>
<token_anchor t_id="618"/>
<token_anchor t_id="619"/>
</NARRATIVE>
<NARRATIVE m_id="36" Level="Primary" comment="" conversational-direct="FALSE" conversational-reported="FALSE"  >
<token_anchor t_id="322"/>
<token_anchor t_id="323"/>
<token_anchor t_id="324"/>
<token_anchor t_id="325"/>
<token_anchor t_id="326"/>
<token_anchor t_id="327"/>
<token_anchor t_id="328"/>
<token_anchor t_id="329"/>
<token_anchor t_id="330"/>
<token_anchor t_id="331"/>
</NARRATIVE>
<NARRATIVE m_id="5" Level="" comment="" conversational-direct="FALSE" conversational-reported="FALSE"  >
<token_anchor t_id="596"/>
<token_anchor t_id="597"/>
<token_anchor t_id="598"/>
<token_anchor t_id="599"/>
<token_anchor t_id="600"/>
</NARRATIVE>
<NARRATIVE m_id="37" Level="Primary" comment="" conversational-direct="FALSE" conversational-reported="FALSE"  >
<token_anchor t_id="332"/>
<token_anchor t_id="333"/>
<token_anchor t_id="334"/>
<token_anchor t_id="335"/>
<token_anchor t_id="336"/>
<token_anchor t_id="337"/>
<token_anchor t_id="338"/>
</NARRATIVE>
<NARRATIVE m_id="6" Level="Primary" comment="" conversational-direct="FALSE" conversational-reported="TRUE"  >
<token_anchor t_id="601"/>
<token_anchor t_id="602"/>
<token_anchor t_id="603"/>
<token_anchor t_id="604"/>
<token_anchor t_id="605"/>
<token_anchor t_id="606"/>
<token_anchor t_id="607"/>
</NARRATIVE>
<NARRATIVE m_id="38" Level="Primary" comment="" conversational-direct="FALSE" conversational-reported="FALSE"  >
<token_anchor t_id="264"/>
<token_anchor t_id="265"/>
<token_anchor t_id="266"/>
<token_anchor t_id="267"/>
<token_anchor t_id="268"/>
<token_anchor t_id="269"/>
<token_anchor t_id="270"/>
<token_anchor t_id="271"/>
<token_anchor t_id="272"/>
<token_anchor t_id="273"/>
<token_anchor t_id="274"/>
<token_anchor t_id="275"/>
<token_anchor t_id="276"/>
</NARRATIVE>
<NARRATIVE m_id="7" Level="Primary" comment="" conversational-direct="FALSE" conversational-reported="FALSE"  >
<token_anchor t_id="575"/>
<token_anchor t_id="576"/>
<token_anchor t_id="577"/>
<token_anchor t_id="578"/>
<token_anchor t_id="579"/>
</NARRATIVE>
<NARRATIVE m_id="39" Level="Primary" comment="" conversational-direct="FALSE" conversational-reported="FALSE"  >
<token_anchor t_id="277"/>
<token_anchor t_id="278"/>
<token_anchor t_id="279"/>
<token_anchor t_id="280"/>
<token_anchor t_id="281"/>
<token_anchor t_id="282"/>
<token_anchor t_id="283"/>
<token_anchor t_id="284"/>
<token_anchor t_id="285"/>
<token_anchor t_id="286"/>
<token_anchor t_id="287"/>
<token_anchor t_id="288"/>
<token_anchor t_id="289"/>
<token_anchor t_id="290"/>
<token_anchor t_id="291"/>
<token_anchor t_id="292"/>
</NARRATIVE>
<NARRATIVE m_id="40" Level="Primary" comment="" conversational-direct="FALSE" conversational-reported="FALSE"  >
<token_anchor t_id="239"/>
<token_anchor t_id="240"/>
<token_anchor t_id="241"/>
<token_anchor t_id="242"/>
</NARRATIVE>
<NARRATIVE m_id="8" Level="Primary" comment="" conversational-direct="FALSE" conversational-reported="TRUE"  >
<token_anchor t_id="580"/>
<token_anchor t_id="581"/>
<token_anchor t_id="582"/>
<token_anchor t_id="583"/>
<token_anchor t_id="584"/>
<token_anchor t_id="585"/>
<token_anchor t_id="586"/>
<token_anchor t_id="587"/>
<token_anchor t_id="588"/>
<token_anchor t_id="589"/>
<token_anchor t_id="590"/>
<token_anchor t_id="591"/>
<token_anchor t_id="592"/>
<token_anchor t_id="593"/>
<token_anchor t_id="594"/>
<token_anchor t_id="595"/>
</NARRATIVE>


</Markables>

<Relations>
</Relations>
</Document>
