<Document doc_name="wsj_0184.xml.conll.txt">
<token t_id="1" sentence="0" number="0">Upjohn</token>
<token t_id="2" sentence="0" number="1">Co</token>
<token t_id="3" sentence="0" number="2">.</token>
<token t_id="4" sentence="0" number="3">said</token>
<token t_id="5" sentence="0" number="4">it</token>
<token t_id="6" sentence="0" number="5">will</token>
<token t_id="7" sentence="0" number="6">offer</token>
<token t_id="8" sentence="0" number="7">an</token>
<token t_id="9" sentence="0" number="8">early</token>
<token t_id="10" sentence="0" number="9">retirement</token>
<token t_id="11" sentence="0" number="10">package</token>
<token t_id="12" sentence="0" number="11">to</token>
<token t_id="13" sentence="0" number="12">as</token>
<token t_id="14" sentence="0" number="13">many</token>
<token t_id="15" sentence="0" number="14">as</token>
<token t_id="16" sentence="0" number="15">1</token>
<token t_id="17" sentence="0" number="16">,</token>
<token t_id="18" sentence="0" number="17">100</token>
<token t_id="19" sentence="0" number="18">employees</token>
<token t_id="20" sentence="0" number="19">in</token>
<token t_id="21" sentence="0" number="20">a</token>
<token t_id="22" sentence="0" number="21">cost</token>
<token t_id="23" sentence="0" number="22">-</token>
<token t_id="24" sentence="0" number="23">cutting</token>
<token t_id="25" sentence="0" number="24">move</token>
<token t_id="26" sentence="0" number="25">expected</token>
<token t_id="27" sentence="0" number="26">to</token>
<token t_id="28" sentence="0" number="27">result</token>
<token t_id="29" sentence="0" number="28">in</token>
<token t_id="30" sentence="0" number="29">a</token>
<token t_id="31" sentence="0" number="30">fourth</token>
<token t_id="32" sentence="0" number="31">-</token>
<token t_id="33" sentence="0" number="32">quarter</token>
<token t_id="34" sentence="0" number="33">charge</token>
<token t_id="35" sentence="0" number="34">.</token>
<token t_id="36" sentence="1" number="0">Upjohn</token>
<token t_id="37" sentence="1" number="1">officials</token>
<token t_id="38" sentence="1" number="2">said</token>
<token t_id="39" sentence="1" number="3">they</token>
<token t_id="40" sentence="1" number="4">could</token>
<token t_id="41" sentence="1" number="5">n't</token>
<token t_id="42" sentence="1" number="6">estimate</token>
<token t_id="43" sentence="1" number="7">the</token>
<token t_id="44" sentence="1" number="8">size</token>
<token t_id="45" sentence="1" number="9">of</token>
<token t_id="46" sentence="1" number="10">the</token>
<token t_id="47" sentence="1" number="11">charge</token>
<token t_id="48" sentence="1" number="12">until</token>
<token t_id="49" sentence="1" number="13">they</token>
<token t_id="50" sentence="1" number="14">determine</token>
<token t_id="51" sentence="1" number="15">which</token>
<token t_id="52" sentence="1" number="16">employees</token>
<token t_id="53" sentence="1" number="17">,</token>
<token t_id="54" sentence="1" number="18">and</token>
<token t_id="55" sentence="1" number="19">how</token>
<token t_id="56" sentence="1" number="20">many</token>
<token t_id="57" sentence="1" number="21">,</token>
<token t_id="58" sentence="1" number="22">will</token>
<token t_id="59" sentence="1" number="23">participate</token>
<token t_id="60" sentence="1" number="24">in</token>
<token t_id="61" sentence="1" number="25">the</token>
<token t_id="62" sentence="1" number="26">retirement</token>
<token t_id="63" sentence="1" number="27">plan</token>
<token t_id="64" sentence="1" number="28">.</token>
<token t_id="65" sentence="2" number="0">But</token>
<token t_id="66" sentence="2" number="1">the</token>
<token t_id="67" sentence="2" number="2">pharmaceutical</token>
<token t_id="68" sentence="2" number="3">company</token>
<token t_id="69" sentence="2" number="4">said</token>
<token t_id="70" sentence="2" number="5">it</token>
<token t_id="71" sentence="2" number="6">``</token>
<token t_id="72" sentence="2" number="7">anticipates</token>
<token t_id="73" sentence="2" number="8">the</token>
<token t_id="74" sentence="2" number="9">long</token>
<token t_id="75" sentence="2" number="10">-</token>
<token t_id="76" sentence="2" number="11">term</token>
<token t_id="77" sentence="2" number="12">savings</token>
<token t_id="78" sentence="2" number="13">resulting</token>
<token t_id="79" sentence="2" number="14">from</token>
<token t_id="80" sentence="2" number="15">the</token>
<token t_id="81" sentence="2" number="16">plan</token>
<token t_id="82" sentence="2" number="17">'s</token>
<token t_id="83" sentence="2" number="18">implementation</token>
<token t_id="84" sentence="2" number="19">will</token>
<token t_id="85" sentence="2" number="20">more</token>
<token t_id="86" sentence="2" number="21">than</token>
<token t_id="87" sentence="2" number="22">offset</token>
<token t_id="88" sentence="2" number="23">short</token>
<token t_id="89" sentence="2" number="24">-</token>
<token t_id="90" sentence="2" number="25">term</token>
<token t_id="91" sentence="2" number="26">costs</token>
<token t_id="92" sentence="2" number="27">.</token>
<token t_id="93" sentence="2" number="28">''</token>
<token t_id="94" sentence="3" number="0">The</token>
<token t_id="95" sentence="3" number="1">program</token>
<token t_id="96" sentence="3" number="2">,</token>
<token t_id="97" sentence="3" number="3">available</token>
<token t_id="98" sentence="3" number="4">to</token>
<token t_id="99" sentence="3" number="5">Upjohn</token>
<token t_id="100" sentence="3" number="6">employees</token>
<token t_id="101" sentence="3" number="7">55</token>
<token t_id="102" sentence="3" number="8">years</token>
<token t_id="103" sentence="3" number="9">old</token>
<token t_id="104" sentence="3" number="10">or</token>
<token t_id="105" sentence="3" number="11">older</token>
<token t_id="106" sentence="3" number="12">,</token>
<token t_id="107" sentence="3" number="13">could</token>
<token t_id="108" sentence="3" number="14">increase</token>
<token t_id="109" sentence="3" number="15">an</token>
<token t_id="110" sentence="3" number="16">individual</token>
<token t_id="111" sentence="3" number="17">'s</token>
<token t_id="112" sentence="3" number="18">retirement</token>
<token t_id="113" sentence="3" number="19">benefits</token>
<token t_id="114" sentence="3" number="20">10</token>
<token t_id="115" sentence="3" number="21">%</token>
<token t_id="116" sentence="3" number="22">to</token>
<token t_id="117" sentence="3" number="23">20</token>
<token t_id="118" sentence="3" number="24">%</token>
<token t_id="119" sentence="3" number="25">.</token>
<token t_id="120" sentence="4" number="0">In</token>
<token t_id="121" sentence="4" number="1">addition</token>
<token t_id="122" sentence="4" number="2">,</token>
<token t_id="123" sentence="4" number="3">Upjohn</token>
<token t_id="124" sentence="4" number="4">is</token>
<token t_id="125" sentence="4" number="5">offering</token>
<token t_id="126" sentence="4" number="6">a</token>
<token t_id="127" sentence="4" number="7">one</token>
<token t_id="128" sentence="4" number="8">-</token>
<token t_id="129" sentence="4" number="9">time</token>
<token t_id="130" sentence="4" number="10">retirement</token>
<token t_id="131" sentence="4" number="11">bonus</token>
<token t_id="132" sentence="4" number="12">equal</token>
<token t_id="133" sentence="4" number="13">to</token>
<token t_id="134" sentence="4" number="14">six</token>
<token t_id="135" sentence="4" number="15">months</token>
<token t_id="136" sentence="4" number="16">of</token>
<token t_id="137" sentence="4" number="17">base</token>
<token t_id="138" sentence="4" number="18">pay</token>
<token t_id="139" sentence="4" number="19">.</token>
<token t_id="140" sentence="5" number="0">Chairman</token>
<token t_id="141" sentence="5" number="1">Theodore</token>
<token t_id="142" sentence="5" number="2">Cooper</token>
<token t_id="143" sentence="5" number="3">called</token>
<token t_id="144" sentence="5" number="4">the</token>
<token t_id="145" sentence="5" number="5">program</token>
<token t_id="146" sentence="5" number="6">part</token>
<token t_id="147" sentence="5" number="7">of</token>
<token t_id="148" sentence="5" number="8">the</token>
<token t_id="149" sentence="5" number="9">company</token>
<token t_id="150" sentence="5" number="10">'s</token>
<token t_id="151" sentence="5" number="11">two</token>
<token t_id="152" sentence="5" number="12">-</token>
<token t_id="153" sentence="5" number="13">year</token>
<token t_id="154" sentence="5" number="14">strategy</token>
<token t_id="155" sentence="5" number="15">to</token>
<token t_id="156" sentence="5" number="16">implement</token>
<token t_id="157" sentence="5" number="17">budget</token>
<token t_id="158" sentence="5" number="18">constraints</token>
<token t_id="159" sentence="5" number="19">and</token>
<token t_id="160" sentence="5" number="20">``</token>
<token t_id="161" sentence="5" number="21">an</token>
<token t_id="162" sentence="5" number="22">effective</token>
<token t_id="163" sentence="5" number="23">headcount</token>
<token t_id="164" sentence="5" number="24">-</token>
<token t_id="165" sentence="5" number="25">control</token>
<token t_id="166" sentence="5" number="26">program</token>
<token t_id="167" sentence="5" number="27">.</token>
<token t_id="168" sentence="5" number="28">''</token>
<token t_id="169" sentence="6" number="0">But</token>
<token t_id="170" sentence="6" number="1">some</token>
<token t_id="171" sentence="6" number="2">analysts</token>
<token t_id="172" sentence="6" number="3">questioned</token>
<token t_id="173" sentence="6" number="4">how</token>
<token t_id="174" sentence="6" number="5">much</token>
<token t_id="175" sentence="6" number="6">of</token>
<token t_id="176" sentence="6" number="7">an</token>
<token t_id="177" sentence="6" number="8">impact</token>
<token t_id="178" sentence="6" number="9">the</token>
<token t_id="179" sentence="6" number="10">retirement</token>
<token t_id="180" sentence="6" number="11">package</token>
<token t_id="181" sentence="6" number="12">will</token>
<token t_id="182" sentence="6" number="13">have</token>
<token t_id="183" sentence="6" number="14">,</token>
<token t_id="184" sentence="6" number="15">because</token>
<token t_id="185" sentence="6" number="16">few</token>
<token t_id="186" sentence="6" number="17">jobs</token>
<token t_id="187" sentence="6" number="18">will</token>
<token t_id="188" sentence="6" number="19">end</token>
<token t_id="189" sentence="6" number="20">up</token>
<token t_id="190" sentence="6" number="21">being</token>
<token t_id="191" sentence="6" number="22">eliminated</token>
<token t_id="192" sentence="6" number="23">.</token>
<token t_id="193" sentence="7" number="0">``</token>
<token t_id="194" sentence="7" number="1">It</token>
<token t_id="195" sentence="7" number="2">'s</token>
<token t_id="196" sentence="7" number="3">a</token>
<token t_id="197" sentence="7" number="4">cosmetic</token>
<token t_id="198" sentence="7" number="5">move</token>
<token t_id="199" sentence="7" number="6">,</token>
<token t_id="200" sentence="7" number="7">''</token>
<token t_id="201" sentence="7" number="8">said</token>
<token t_id="202" sentence="7" number="9">Jonathan</token>
<token t_id="203" sentence="7" number="10">S</token>
<token t_id="204" sentence="7" number="11">.</token>
<token t_id="205" sentence="7" number="12">Gelles</token>
<token t_id="206" sentence="7" number="13">of</token>
<token t_id="207" sentence="7" number="14">Wertheim</token>
<token t_id="208" sentence="7" number="15">Schroder</token>
<token t_id="209" sentence="7" number="16">&amp;amp</token>
<token t_id="210" sentence="7" number="17">;</token>
<token t_id="211" sentence="7" number="18">Co</token>
<token t_id="212" sentence="7" number="19">.</token>
<token t_id="213" sentence="8" number="0">According</token>
<token t_id="214" sentence="8" number="1">to</token>
<token t_id="215" sentence="8" number="2">Upjohn</token>
<token t_id="216" sentence="8" number="3">'s</token>
<token t_id="217" sentence="8" number="4">estimates</token>
<token t_id="218" sentence="8" number="5">,</token>
<token t_id="219" sentence="8" number="6">only</token>
<token t_id="220" sentence="8" number="7">50</token>
<token t_id="221" sentence="8" number="8">%</token>
<token t_id="222" sentence="8" number="9">to</token>
<token t_id="223" sentence="8" number="10">60</token>
<token t_id="224" sentence="8" number="11">%</token>
<token t_id="225" sentence="8" number="12">of</token>
<token t_id="226" sentence="8" number="13">the</token>
<token t_id="227" sentence="8" number="14">1</token>
<token t_id="228" sentence="8" number="15">,</token>
<token t_id="229" sentence="8" number="16">100</token>
<token t_id="230" sentence="8" number="17">eligible</token>
<token t_id="231" sentence="8" number="18">employees</token>
<token t_id="232" sentence="8" number="19">will</token>
<token t_id="233" sentence="8" number="20">take</token>
<token t_id="234" sentence="8" number="21">advantage</token>
<token t_id="235" sentence="8" number="22">of</token>
<token t_id="236" sentence="8" number="23">the</token>
<token t_id="237" sentence="8" number="24">plan</token>
<token t_id="238" sentence="8" number="25">.</token>
<token t_id="239" sentence="9" number="0">Upjohn</token>
<token t_id="240" sentence="9" number="1">further</token>
<token t_id="241" sentence="9" number="2">estimated</token>
<token t_id="242" sentence="9" number="3">that</token>
<token t_id="243" sentence="9" number="4">about</token>
<token t_id="244" sentence="9" number="5">50</token>
<token t_id="245" sentence="9" number="6">%</token>
<token t_id="246" sentence="9" number="7">of</token>
<token t_id="247" sentence="9" number="8">the</token>
<token t_id="248" sentence="9" number="9">employees</token>
<token t_id="249" sentence="9" number="10">who</token>
<token t_id="250" sentence="9" number="11">leave</token>
<token t_id="251" sentence="9" number="12">for</token>
<token t_id="252" sentence="9" number="13">early</token>
<token t_id="253" sentence="9" number="14">retirement</token>
<token t_id="254" sentence="9" number="15">may</token>
<token t_id="255" sentence="9" number="16">be</token>
<token t_id="256" sentence="9" number="17">replaced</token>
<token t_id="257" sentence="9" number="18">.</token>
<token t_id="258" sentence="10" number="0">As</token>
<token t_id="259" sentence="10" number="1">a</token>
<token t_id="260" sentence="10" number="2">result</token>
<token t_id="261" sentence="10" number="3">,</token>
<token t_id="262" sentence="10" number="4">Upjohn</token>
<token t_id="263" sentence="10" number="5">will</token>
<token t_id="264" sentence="10" number="6">likely</token>
<token t_id="265" sentence="10" number="7">trim</token>
<token t_id="266" sentence="10" number="8">only</token>
<token t_id="267" sentence="10" number="9">about</token>
<token t_id="268" sentence="10" number="10">275</token>
<token t_id="269" sentence="10" number="11">to</token>
<token t_id="270" sentence="10" number="12">350</token>
<token t_id="271" sentence="10" number="13">of</token>
<token t_id="272" sentence="10" number="14">its</token>
<token t_id="273" sentence="10" number="15">more</token>
<token t_id="274" sentence="10" number="16">than</token>
<token t_id="275" sentence="10" number="17">21</token>
<token t_id="276" sentence="10" number="18">,</token>
<token t_id="277" sentence="10" number="19">000</token>
<token t_id="278" sentence="10" number="20">jobs</token>
<token t_id="279" sentence="10" number="21">world</token>
<token t_id="280" sentence="10" number="22">-</token>
<token t_id="281" sentence="10" number="23">wide</token>
<token t_id="282" sentence="10" number="24">.</token>
<token t_id="283" sentence="11" number="0">In</token>
<token t_id="284" sentence="11" number="1">composite</token>
<token t_id="285" sentence="11" number="2">trading</token>
<token t_id="286" sentence="11" number="3">on</token>
<token t_id="287" sentence="11" number="4">the</token>
<token t_id="288" sentence="11" number="5">New</token>
<token t_id="289" sentence="11" number="6">York</token>
<token t_id="290" sentence="11" number="7">Stock</token>
<token t_id="291" sentence="11" number="8">Exchange</token>
<token t_id="292" sentence="11" number="9">yesterday</token>
<token t_id="293" sentence="11" number="10">,</token>
<token t_id="294" sentence="11" number="11">Upjohn</token>
<token t_id="295" sentence="11" number="12">shares</token>
<token t_id="296" sentence="11" number="13">rose</token>
<token t_id="297" sentence="11" number="14">87</token>
<token t_id="298" sentence="11" number="15">.</token>
<token t_id="299" sentence="11" number="16">5</token>
<token t_id="300" sentence="11" number="17">cents</token>
<token t_id="301" sentence="11" number="18">to</token>
<token t_id="302" sentence="11" number="19">$</token>
<token t_id="303" sentence="11" number="20">38</token>
<token t_id="304" sentence="11" number="21">.</token>
<token t_id="305" sentence="11" number="22">875</token>
<token t_id="306" sentence="11" number="23">apiece</token>
<token t_id="307" sentence="11" number="24">.</token>
<token t_id="308" sentence="12" number="0">An</token>
<token t_id="309" sentence="12" number="1">Upjohn</token>
<token t_id="310" sentence="12" number="2">spokesman</token>
<token t_id="311" sentence="12" number="3">said</token>
<token t_id="312" sentence="12" number="4">he</token>
<token t_id="313" sentence="12" number="5">had</token>
<token t_id="314" sentence="12" number="6">``</token>
<token t_id="315" sentence="12" number="7">heard</token>
<token t_id="316" sentence="12" number="8">nothing</token>
<token t_id="317" sentence="12" number="9">''</token>
<token t_id="318" sentence="12" number="10">to</token>
<token t_id="319" sentence="12" number="11">suggest</token>
<token t_id="320" sentence="12" number="12">the</token>
<token t_id="321" sentence="12" number="13">early</token>
<token t_id="322" sentence="12" number="14">retirement</token>
<token t_id="323" sentence="12" number="15">package</token>
<token t_id="324" sentence="12" number="16">was</token>
<token t_id="325" sentence="12" number="17">spurred</token>
<token t_id="326" sentence="12" number="18">by</token>
<token t_id="327" sentence="12" number="19">shareholder</token>
<token t_id="328" sentence="12" number="20">pressure</token>
<token t_id="329" sentence="12" number="21">or</token>
<token t_id="330" sentence="12" number="22">a</token>
<token t_id="331" sentence="12" number="23">potential</token>
<token t_id="332" sentence="12" number="24">bidder</token>
<token t_id="333" sentence="12" number="25">for</token>
<token t_id="334" sentence="12" number="26">the</token>
<token t_id="335" sentence="12" number="27">company</token>
<token t_id="336" sentence="12" number="28">,</token>
<token t_id="337" sentence="12" number="29">which</token>
<token t_id="338" sentence="12" number="30">occasionally</token>
<token t_id="339" sentence="12" number="31">has</token>
<token t_id="340" sentence="12" number="32">been</token>
<token t_id="341" sentence="12" number="33">the</token>
<token t_id="342" sentence="12" number="34">target</token>
<token t_id="343" sentence="12" number="35">of</token>
<token t_id="344" sentence="12" number="36">takeover</token>
<token t_id="345" sentence="12" number="37">speculation</token>
<token t_id="346" sentence="12" number="38">.</token>
<token t_id="347" sentence="13" number="0">The</token>
<token t_id="348" sentence="13" number="1">company</token>
<token t_id="349" sentence="13" number="2">earlier</token>
<token t_id="350" sentence="13" number="3">this</token>
<token t_id="351" sentence="13" number="4">year</token>
<token t_id="352" sentence="13" number="5">adopted</token>
<token t_id="353" sentence="13" number="6">a</token>
<token t_id="354" sentence="13" number="7">shareholder</token>
<token t_id="355" sentence="13" number="8">-</token>
<token t_id="356" sentence="13" number="9">rights</token>
<token t_id="357" sentence="13" number="10">plan</token>
<token t_id="358" sentence="13" number="11">to</token>
<token t_id="359" sentence="13" number="12">ward</token>
<token t_id="360" sentence="13" number="13">off</token>
<token t_id="361" sentence="13" number="14">unwanted</token>
<token t_id="362" sentence="13" number="15">suitors</token>
<token t_id="363" sentence="13" number="16">.</token>
<token t_id="364" sentence="14" number="0">The</token>
<token t_id="365" sentence="14" number="1">spokesman</token>
<token t_id="366" sentence="14" number="2">said</token>
<token t_id="367" sentence="14" number="3">it</token>
<token t_id="368" sentence="14" number="4">is</token>
<token t_id="369" sentence="14" number="5">the</token>
<token t_id="370" sentence="14" number="6">first</token>
<token t_id="371" sentence="14" number="7">early</token>
<token t_id="372" sentence="14" number="8">retirement</token>
<token t_id="373" sentence="14" number="9">plan</token>
<token t_id="374" sentence="14" number="10">offered</token>
<token t_id="375" sentence="14" number="11">under</token>
<token t_id="376" sentence="14" number="12">its</token>
<token t_id="377" sentence="14" number="13">two</token>
<token t_id="378" sentence="14" number="14">-</token>
<token t_id="379" sentence="14" number="15">year</token>
<token t_id="380" sentence="14" number="16">cost</token>
<token t_id="381" sentence="14" number="17">-</token>
<token t_id="382" sentence="14" number="18">control</token>
<token t_id="383" sentence="14" number="19">strategy</token>
<token t_id="384" sentence="14" number="20">.</token>
<token t_id="385" sentence="15" number="0">Earlier</token>
<token t_id="386" sentence="15" number="1">staff</token>
<token t_id="387" sentence="15" number="2">-</token>
<token t_id="388" sentence="15" number="3">reduction</token>
<token t_id="389" sentence="15" number="4">moves</token>
<token t_id="390" sentence="15" number="5">have</token>
<token t_id="391" sentence="15" number="6">trimmed</token>
<token t_id="392" sentence="15" number="7">about</token>
<token t_id="393" sentence="15" number="8">300</token>
<token t_id="394" sentence="15" number="9">jobs</token>
<token t_id="395" sentence="15" number="10">,</token>
<token t_id="396" sentence="15" number="11">the</token>
<token t_id="397" sentence="15" number="12">spokesman</token>
<token t_id="398" sentence="15" number="13">said</token>
<token t_id="399" sentence="15" number="14">.</token>


<Markables>
<ARGUMENTATIVE m_id="1" comment="" conversational-direct="TRUE" conversational-reported="FALSE"  >
<token_anchor t_id="193"/>
<token_anchor t_id="194"/>
<token_anchor t_id="195"/>
<token_anchor t_id="196"/>
<token_anchor t_id="197"/>
<token_anchor t_id="198"/>
<token_anchor t_id="199"/>
<token_anchor t_id="200"/>
</ARGUMENTATIVE>
<ARGUMENTATIVE m_id="39" comment="" conversational-direct="FALSE" conversational-reported="FALSE"  >
<token_anchor t_id="146"/>
<token_anchor t_id="147"/>
<token_anchor t_id="148"/>
<token_anchor t_id="149"/>
<token_anchor t_id="150"/>
<token_anchor t_id="151"/>
<token_anchor t_id="152"/>
<token_anchor t_id="153"/>
<token_anchor t_id="154"/>
<token_anchor t_id="155"/>
<token_anchor t_id="156"/>
<token_anchor t_id="157"/>
<token_anchor t_id="158"/>
<token_anchor t_id="159"/>
<token_anchor t_id="160"/>
<token_anchor t_id="161"/>
<token_anchor t_id="162"/>
<token_anchor t_id="163"/>
<token_anchor t_id="164"/>
<token_anchor t_id="165"/>
<token_anchor t_id="166"/>
<token_anchor t_id="167"/>
<token_anchor t_id="168"/>
</ARGUMENTATIVE>
<NARRATIVE m_id="25" Level="Primary" comment="" conversational-direct="FALSE" conversational-reported="TRUE"  >
<token_anchor t_id="367"/>
<token_anchor t_id="368"/>
<token_anchor t_id="369"/>
<token_anchor t_id="370"/>
<token_anchor t_id="371"/>
<token_anchor t_id="372"/>
<token_anchor t_id="373"/>
</NARRATIVE>
<NARRATIVE m_id="26" Level="Primary" comment="" conversational-direct="FALSE" conversational-reported="TRUE"  >
<token_anchor t_id="27"/>
<token_anchor t_id="28"/>
<token_anchor t_id="29"/>
<token_anchor t_id="30"/>
<token_anchor t_id="31"/>
<token_anchor t_id="32"/>
<token_anchor t_id="33"/>
<token_anchor t_id="34"/>
<token_anchor t_id="35"/>
</NARRATIVE>
<NARRATIVE m_id="27" Level="Primary" comment="" conversational-direct="FALSE" conversational-reported="TRUE"  >
<token_anchor t_id="374"/>
<token_anchor t_id="375"/>
<token_anchor t_id="376"/>
<token_anchor t_id="377"/>
<token_anchor t_id="378"/>
<token_anchor t_id="379"/>
<token_anchor t_id="380"/>
<token_anchor t_id="381"/>
<token_anchor t_id="382"/>
<token_anchor t_id="383"/>
<token_anchor t_id="384"/>
</NARRATIVE>
<NARRATIVE m_id="28" Level="Primary" comment="" conversational-direct="FALSE" conversational-reported="FALSE"  >
<token_anchor t_id="36"/>
<token_anchor t_id="37"/>
<token_anchor t_id="38"/>
</NARRATIVE>
<NARRATIVE m_id="29" Level="Primary" comment="" conversational-direct="FALSE" conversational-reported="TRUE"  >
<token_anchor t_id="385"/>
<token_anchor t_id="386"/>
<token_anchor t_id="387"/>
<token_anchor t_id="388"/>
<token_anchor t_id="389"/>
<token_anchor t_id="390"/>
<token_anchor t_id="391"/>
<token_anchor t_id="392"/>
<token_anchor t_id="393"/>
<token_anchor t_id="394"/>
<token_anchor t_id="395"/>
</NARRATIVE>
<NARRATIVE m_id="30" Level="Primary" comment="" conversational-direct="FALSE" conversational-reported="TRUE"  >
<token_anchor t_id="39"/>
<token_anchor t_id="40"/>
<token_anchor t_id="41"/>
<token_anchor t_id="42"/>
<token_anchor t_id="43"/>
<token_anchor t_id="44"/>
<token_anchor t_id="45"/>
<token_anchor t_id="46"/>
<token_anchor t_id="47"/>
</NARRATIVE>
<NARRATIVE m_id="31" Level="Primary" comment="" conversational-direct="FALSE" conversational-reported="FALSE"  >
<token_anchor t_id="396"/>
<token_anchor t_id="397"/>
<token_anchor t_id="398"/>
<token_anchor t_id="399"/>
</NARRATIVE>
<NARRATIVE m_id="32" Level="Primary" comment="" conversational-direct="FALSE" conversational-reported="TRUE"  >
<token_anchor t_id="48"/>
<token_anchor t_id="49"/>
<token_anchor t_id="50"/>
</NARRATIVE>
<NARRATIVE m_id="33" Level="Primary" comment="" conversational-direct="FALSE" conversational-reported="FALSE"  >
<token_anchor t_id="94"/>
<token_anchor t_id="95"/>
<token_anchor t_id="96"/>
<token_anchor t_id="97"/>
<token_anchor t_id="98"/>
<token_anchor t_id="99"/>
<token_anchor t_id="100"/>
<token_anchor t_id="101"/>
<token_anchor t_id="102"/>
<token_anchor t_id="103"/>
<token_anchor t_id="104"/>
<token_anchor t_id="105"/>
<token_anchor t_id="106"/>
<token_anchor t_id="107"/>
<token_anchor t_id="108"/>
<token_anchor t_id="109"/>
<token_anchor t_id="110"/>
<token_anchor t_id="111"/>
<token_anchor t_id="112"/>
<token_anchor t_id="113"/>
<token_anchor t_id="114"/>
<token_anchor t_id="115"/>
<token_anchor t_id="116"/>
<token_anchor t_id="117"/>
<token_anchor t_id="118"/>
<token_anchor t_id="119"/>
</NARRATIVE>
<NARRATIVE m_id="2" Level="Primary" comment="" conversational-direct="TRUE" conversational-reported="FALSE"  >
<token_anchor t_id="78"/>
<token_anchor t_id="79"/>
<token_anchor t_id="80"/>
<token_anchor t_id="81"/>
<token_anchor t_id="82"/>
<token_anchor t_id="83"/>
</NARRATIVE>
<NARRATIVE m_id="34" Level="Primary" comment="" conversational-direct="FALSE" conversational-reported="TRUE"  >
<token_anchor t_id="51"/>
<token_anchor t_id="52"/>
<token_anchor t_id="53"/>
<token_anchor t_id="54"/>
<token_anchor t_id="55"/>
<token_anchor t_id="56"/>
<token_anchor t_id="57"/>
<token_anchor t_id="58"/>
<token_anchor t_id="59"/>
<token_anchor t_id="60"/>
<token_anchor t_id="61"/>
<token_anchor t_id="62"/>
<token_anchor t_id="63"/>
<token_anchor t_id="64"/>
</NARRATIVE>
<NARRATIVE m_id="3" Level="Primary" comment="" conversational-direct="TRUE" conversational-reported="FALSE"  >
<token_anchor t_id="84"/>
<token_anchor t_id="85"/>
<token_anchor t_id="86"/>
<token_anchor t_id="87"/>
<token_anchor t_id="88"/>
<token_anchor t_id="89"/>
<token_anchor t_id="90"/>
<token_anchor t_id="91"/>
<token_anchor t_id="92"/>
<token_anchor t_id="93"/>
</NARRATIVE>
<NARRATIVE m_id="35" Level="Primary" comment="" conversational-direct="FALSE" conversational-reported="FALSE"  >
<token_anchor t_id="190"/>
<token_anchor t_id="191"/>
<token_anchor t_id="192"/>
</NARRATIVE>
<NARRATIVE m_id="4" Level="Primary" comment="" conversational-direct="FALSE" conversational-reported="FALSE"  >
<token_anchor t_id="120"/>
<token_anchor t_id="121"/>
<token_anchor t_id="122"/>
<token_anchor t_id="123"/>
<token_anchor t_id="124"/>
<token_anchor t_id="125"/>
<token_anchor t_id="126"/>
<token_anchor t_id="127"/>
<token_anchor t_id="128"/>
<token_anchor t_id="129"/>
<token_anchor t_id="130"/>
<token_anchor t_id="131"/>
<token_anchor t_id="132"/>
<token_anchor t_id="133"/>
<token_anchor t_id="134"/>
<token_anchor t_id="135"/>
<token_anchor t_id="136"/>
<token_anchor t_id="137"/>
<token_anchor t_id="138"/>
<token_anchor t_id="139"/>
</NARRATIVE>
<NARRATIVE m_id="36" Level="Primary" comment="" conversational-direct="FALSE" conversational-reported="FALSE"  >
<token_anchor t_id="65"/>
<token_anchor t_id="66"/>
<token_anchor t_id="67"/>
<token_anchor t_id="68"/>
<token_anchor t_id="69"/>
</NARRATIVE>
<NARRATIVE m_id="5" Level="Primary" comment="" conversational-direct="FALSE" conversational-reported="FALSE"  >
<token_anchor t_id="140"/>
<token_anchor t_id="141"/>
<token_anchor t_id="142"/>
<token_anchor t_id="143"/>
<token_anchor t_id="144"/>
<token_anchor t_id="145"/>
</NARRATIVE>
<NARRATIVE m_id="37" Level="Primary" comment="" conversational-direct="TRUE" conversational-reported="FALSE"  >
<token_anchor t_id="70"/>
<token_anchor t_id="71"/>
<token_anchor t_id="72"/>
<token_anchor t_id="73"/>
<token_anchor t_id="74"/>
<token_anchor t_id="75"/>
<token_anchor t_id="76"/>
<token_anchor t_id="77"/>
</NARRATIVE>
<NARRATIVE m_id="6" Level="Primary" comment="" conversational-direct="FALSE" conversational-reported="FALSE"  >
<token_anchor t_id="169"/>
<token_anchor t_id="170"/>
<token_anchor t_id="171"/>
<token_anchor t_id="172"/>
</NARRATIVE>
<NARRATIVE m_id="7" Level="Primary" comment="" conversational-direct="FALSE" conversational-reported="FALSE"  >
<token_anchor t_id="184"/>
<token_anchor t_id="185"/>
<token_anchor t_id="186"/>
<token_anchor t_id="187"/>
<token_anchor t_id="188"/>
<token_anchor t_id="189"/>
</NARRATIVE>
<NARRATIVE m_id="8" Level="Primary" comment="" conversational-direct="FALSE" conversational-reported="FALSE"  >
<token_anchor t_id="201"/>
<token_anchor t_id="202"/>
<token_anchor t_id="203"/>
<token_anchor t_id="204"/>
<token_anchor t_id="205"/>
<token_anchor t_id="206"/>
<token_anchor t_id="207"/>
<token_anchor t_id="208"/>
<token_anchor t_id="209"/>
<token_anchor t_id="210"/>
<token_anchor t_id="211"/>
<token_anchor t_id="212"/>
</NARRATIVE>
<NARRATIVE m_id="9" Level="Primary" comment="" conversational-direct="FALSE" conversational-reported="FALSE"  >
<token_anchor t_id="213"/>
<token_anchor t_id="214"/>
<token_anchor t_id="215"/>
<token_anchor t_id="216"/>
<token_anchor t_id="217"/>
<token_anchor t_id="218"/>
<token_anchor t_id="219"/>
<token_anchor t_id="220"/>
<token_anchor t_id="221"/>
<token_anchor t_id="222"/>
<token_anchor t_id="223"/>
<token_anchor t_id="224"/>
<token_anchor t_id="225"/>
<token_anchor t_id="226"/>
<token_anchor t_id="227"/>
<token_anchor t_id="228"/>
<token_anchor t_id="229"/>
<token_anchor t_id="230"/>
<token_anchor t_id="231"/>
<token_anchor t_id="232"/>
<token_anchor t_id="233"/>
<token_anchor t_id="234"/>
<token_anchor t_id="235"/>
<token_anchor t_id="236"/>
<token_anchor t_id="237"/>
<token_anchor t_id="238"/>
</NARRATIVE>
<NARRATIVE m_id="10" Level="Primary" comment="" conversational-direct="FALSE" conversational-reported="FALSE"  >
<token_anchor t_id="239"/>
<token_anchor t_id="240"/>
<token_anchor t_id="241"/>
</NARRATIVE>
<NARRATIVE m_id="11" Level="Primary" comment="" conversational-direct="FALSE" conversational-reported="FALSE"  >
<token_anchor t_id="242"/>
<token_anchor t_id="243"/>
<token_anchor t_id="244"/>
<token_anchor t_id="245"/>
<token_anchor t_id="246"/>
<token_anchor t_id="247"/>
<token_anchor t_id="248"/>
<token_anchor t_id="249"/>
<token_anchor t_id="250"/>
<token_anchor t_id="251"/>
<token_anchor t_id="252"/>
<token_anchor t_id="253"/>
<token_anchor t_id="254"/>
<token_anchor t_id="255"/>
<token_anchor t_id="256"/>
<token_anchor t_id="257"/>
</NARRATIVE>
<NARRATIVE m_id="12" Level="Primary" comment="" conversational-direct="FALSE" conversational-reported="FALSE"  >
<token_anchor t_id="258"/>
<token_anchor t_id="259"/>
<token_anchor t_id="260"/>
<token_anchor t_id="261"/>
<token_anchor t_id="262"/>
<token_anchor t_id="263"/>
<token_anchor t_id="264"/>
<token_anchor t_id="265"/>
<token_anchor t_id="266"/>
<token_anchor t_id="267"/>
<token_anchor t_id="268"/>
<token_anchor t_id="269"/>
<token_anchor t_id="270"/>
<token_anchor t_id="271"/>
<token_anchor t_id="272"/>
<token_anchor t_id="273"/>
<token_anchor t_id="274"/>
<token_anchor t_id="275"/>
<token_anchor t_id="276"/>
<token_anchor t_id="277"/>
<token_anchor t_id="278"/>
<token_anchor t_id="279"/>
<token_anchor t_id="280"/>
<token_anchor t_id="281"/>
<token_anchor t_id="282"/>
</NARRATIVE>
<NARRATIVE m_id="13" Level="Primary" comment="" conversational-direct="FALSE" conversational-reported="FALSE"  >
<token_anchor t_id="283"/>
<token_anchor t_id="284"/>
<token_anchor t_id="285"/>
<token_anchor t_id="286"/>
<token_anchor t_id="287"/>
<token_anchor t_id="288"/>
<token_anchor t_id="289"/>
<token_anchor t_id="290"/>
<token_anchor t_id="291"/>
<token_anchor t_id="292"/>
<token_anchor t_id="293"/>
<token_anchor t_id="294"/>
<token_anchor t_id="295"/>
<token_anchor t_id="296"/>
<token_anchor t_id="297"/>
<token_anchor t_id="298"/>
<token_anchor t_id="299"/>
<token_anchor t_id="300"/>
<token_anchor t_id="301"/>
<token_anchor t_id="302"/>
<token_anchor t_id="303"/>
<token_anchor t_id="304"/>
<token_anchor t_id="305"/>
<token_anchor t_id="306"/>
<token_anchor t_id="307"/>
</NARRATIVE>
<NARRATIVE m_id="14" Level="Primary" comment="" conversational-direct="FALSE" conversational-reported="FALSE"  >
<token_anchor t_id="308"/>
<token_anchor t_id="309"/>
<token_anchor t_id="310"/>
<token_anchor t_id="311"/>
</NARRATIVE>
<NARRATIVE m_id="15" Level="Primary" comment="" conversational-direct="TRUE" conversational-reported="FALSE"  >
<token_anchor t_id="312"/>
<token_anchor t_id="313"/>
<token_anchor t_id="314"/>
<token_anchor t_id="315"/>
<token_anchor t_id="316"/>
<token_anchor t_id="317"/>
</NARRATIVE>
<NARRATIVE m_id="16" Level="Primary" comment="" conversational-direct="FALSE" conversational-reported="FALSE"  >
<token_anchor t_id="318"/>
<token_anchor t_id="319"/>
</NARRATIVE>
<NARRATIVE m_id="17" Level="Primary" comment="" conversational-direct="FALSE" conversational-reported="FALSE"  >
<token_anchor t_id="320"/>
<token_anchor t_id="321"/>
<token_anchor t_id="322"/>
<token_anchor t_id="323"/>
<token_anchor t_id="324"/>
<token_anchor t_id="325"/>
<token_anchor t_id="326"/>
<token_anchor t_id="327"/>
<token_anchor t_id="328"/>
<token_anchor t_id="329"/>
<token_anchor t_id="330"/>
<token_anchor t_id="331"/>
<token_anchor t_id="332"/>
<token_anchor t_id="333"/>
<token_anchor t_id="334"/>
<token_anchor t_id="335"/>
<token_anchor t_id="336"/>
</NARRATIVE>
<NARRATIVE m_id="18" Level="Primary" comment="" conversational-direct="FALSE" conversational-reported="FALSE"  >
<token_anchor t_id="337"/>
<token_anchor t_id="338"/>
<token_anchor t_id="339"/>
<token_anchor t_id="340"/>
<token_anchor t_id="341"/>
<token_anchor t_id="342"/>
<token_anchor t_id="343"/>
<token_anchor t_id="344"/>
<token_anchor t_id="345"/>
<token_anchor t_id="346"/>
</NARRATIVE>
<NARRATIVE m_id="19" Level="Primary" comment="" conversational-direct="FALSE" conversational-reported="FALSE"  >
<token_anchor t_id="347"/>
<token_anchor t_id="348"/>
<token_anchor t_id="349"/>
<token_anchor t_id="350"/>
<token_anchor t_id="351"/>
<token_anchor t_id="352"/>
<token_anchor t_id="353"/>
<token_anchor t_id="354"/>
<token_anchor t_id="355"/>
<token_anchor t_id="356"/>
<token_anchor t_id="357"/>
</NARRATIVE>
<NARRATIVE m_id="20" Level="Primary" comment="" conversational-direct="FALSE" conversational-reported="FALSE"  >
<token_anchor t_id="1"/>
<token_anchor t_id="2"/>
<token_anchor t_id="3"/>
<token_anchor t_id="4"/>
</NARRATIVE>
<NARRATIVE m_id="21" Level="Primary" comment="" conversational-direct="FALSE" conversational-reported="FALSE"  >
<token_anchor t_id="358"/>
<token_anchor t_id="359"/>
<token_anchor t_id="360"/>
<token_anchor t_id="361"/>
<token_anchor t_id="362"/>
<token_anchor t_id="363"/>
</NARRATIVE>
<NARRATIVE m_id="22" Level="Primary" comment="" conversational-direct="FALSE" conversational-reported="TRUE"  >
<token_anchor t_id="5"/>
<token_anchor t_id="6"/>
<token_anchor t_id="7"/>
<token_anchor t_id="8"/>
<token_anchor t_id="9"/>
<token_anchor t_id="10"/>
<token_anchor t_id="11"/>
<token_anchor t_id="12"/>
<token_anchor t_id="13"/>
<token_anchor t_id="14"/>
<token_anchor t_id="15"/>
<token_anchor t_id="16"/>
<token_anchor t_id="17"/>
<token_anchor t_id="18"/>
<token_anchor t_id="19"/>
<token_anchor t_id="20"/>
<token_anchor t_id="21"/>
<token_anchor t_id="22"/>
<token_anchor t_id="23"/>
<token_anchor t_id="24"/>
<token_anchor t_id="25"/>
</NARRATIVE>
<NARRATIVE m_id="23" Level="Primary" comment="" conversational-direct="FALSE" conversational-reported="FALSE"  >
<token_anchor t_id="364"/>
<token_anchor t_id="365"/>
<token_anchor t_id="366"/>
</NARRATIVE>
<NARRATIVE m_id="24" Level="Primary" comment="" conversational-direct="FALSE" conversational-reported="TRUE"  >
<token_anchor t_id="26"/>
</NARRATIVE>
<OTHER m_id="38" comment="" type="na" conversational-direct="FALSE" conversational-reported="TRUE"  >
<token_anchor t_id="173"/>
<token_anchor t_id="174"/>
<token_anchor t_id="175"/>
<token_anchor t_id="176"/>
<token_anchor t_id="177"/>
<token_anchor t_id="178"/>
<token_anchor t_id="179"/>
<token_anchor t_id="180"/>
<token_anchor t_id="181"/>
<token_anchor t_id="182"/>
<token_anchor t_id="183"/>
</OTHER>


</Markables>

<Relations>
</Relations>
</Document>
