<Document doc_name="wsj_0427.xml.conll.txt">
<token t_id="1" sentence="0" number="0">A</token>
<token t_id="2" sentence="0" number="1">state</token>
<token t_id="3" sentence="0" number="2">judge</token>
<token t_id="4" sentence="0" number="3">postponed</token>
<token t_id="5" sentence="0" number="4">a</token>
<token t_id="6" sentence="0" number="5">decision</token>
<token t_id="7" sentence="0" number="6">on</token>
<token t_id="8" sentence="0" number="7">a</token>
<token t_id="9" sentence="0" number="8">move</token>
<token t_id="10" sentence="0" number="9">by</token>
<token t_id="11" sentence="0" number="10">holders</token>
<token t_id="12" sentence="0" number="11">of</token>
<token t_id="13" sentence="0" number="12">Telerate</token>
<token t_id="14" sentence="0" number="13">Inc</token>
<token t_id="15" sentence="0" number="14">.</token>
<token t_id="16" sentence="0" number="15">to</token>
<token t_id="17" sentence="0" number="16">block</token>
<token t_id="18" sentence="0" number="17">the</token>
<token t_id="19" sentence="0" number="18">tender</token>
<token t_id="20" sentence="0" number="19">offer</token>
<token t_id="21" sentence="0" number="20">of</token>
<token t_id="22" sentence="0" number="21">Dow</token>
<token t_id="23" sentence="0" number="22">Jones</token>
<token t_id="24" sentence="0" number="23">&amp;amp</token>
<token t_id="25" sentence="0" number="24">;</token>
<token t_id="26" sentence="0" number="25">Co</token>
<token t_id="27" sentence="0" number="26">.</token>
<token t_id="28" sentence="0" number="27">for</token>
<token t_id="29" sentence="0" number="28">the</token>
<token t_id="30" sentence="0" number="29">33</token>
<token t_id="31" sentence="0" number="30">%</token>
<token t_id="32" sentence="0" number="31">of</token>
<token t_id="33" sentence="0" number="32">Telerate</token>
<token t_id="34" sentence="0" number="33">it</token>
<token t_id="35" sentence="0" number="34">does</token>
<token t_id="36" sentence="0" number="35">n't</token>
<token t_id="37" sentence="0" number="36">already</token>
<token t_id="38" sentence="0" number="37">own</token>
<token t_id="39" sentence="0" number="38">.</token>
<token t_id="40" sentence="1" number="0">Vice</token>
<token t_id="41" sentence="1" number="1">Chancellor</token>
<token t_id="42" sentence="1" number="2">Maurice</token>
<token t_id="43" sentence="1" number="3">A</token>
<token t_id="44" sentence="1" number="4">.</token>
<token t_id="45" sentence="1" number="5">Hartnett</token>
<token t_id="46" sentence="1" number="6">III</token>
<token t_id="47" sentence="1" number="7">of</token>
<token t_id="48" sentence="1" number="8">Delaware</token>
<token t_id="49" sentence="1" number="9">'s</token>
<token t_id="50" sentence="1" number="10">Court</token>
<token t_id="51" sentence="1" number="11">of</token>
<token t_id="52" sentence="1" number="12">Chancery</token>
<token t_id="53" sentence="1" number="13">heard</token>
<token t_id="54" sentence="1" number="14">arguments</token>
<token t_id="55" sentence="1" number="15">for</token>
<token t_id="56" sentence="1" number="16">more</token>
<token t_id="57" sentence="1" number="17">than</token>
<token t_id="58" sentence="1" number="18">two</token>
<token t_id="59" sentence="1" number="19">hours</token>
<token t_id="60" sentence="1" number="20">here</token>
<token t_id="61" sentence="1" number="21">,</token>
<token t_id="62" sentence="1" number="22">but</token>
<token t_id="63" sentence="1" number="23">he</token>
<token t_id="64" sentence="1" number="24">made</token>
<token t_id="65" sentence="1" number="25">no</token>
<token t_id="66" sentence="1" number="26">comment</token>
<token t_id="67" sentence="1" number="27">and</token>
<token t_id="68" sentence="1" number="28">asked</token>
<token t_id="69" sentence="1" number="29">no</token>
<token t_id="70" sentence="1" number="30">questions</token>
<token t_id="71" sentence="1" number="31">.</token>
<token t_id="72" sentence="2" number="0">He</token>
<token t_id="73" sentence="2" number="1">could</token>
<token t_id="74" sentence="2" number="2">rule</token>
<token t_id="75" sentence="2" number="3">as</token>
<token t_id="76" sentence="2" number="4">early</token>
<token t_id="77" sentence="2" number="5">as</token>
<token t_id="78" sentence="2" number="6">today</token>
<token t_id="79" sentence="2" number="7">on</token>
<token t_id="80" sentence="2" number="8">the</token>
<token t_id="81" sentence="2" number="9">motion</token>
<token t_id="82" sentence="2" number="10">seeking</token>
<token t_id="83" sentence="2" number="11">a</token>
<token t_id="84" sentence="2" number="12">temporary</token>
<token t_id="85" sentence="2" number="13">injunction</token>
<token t_id="86" sentence="2" number="14">against</token>
<token t_id="87" sentence="2" number="15">the</token>
<token t_id="88" sentence="2" number="16">Dow</token>
<token t_id="89" sentence="2" number="17">Jones</token>
<token t_id="90" sentence="2" number="18">offer</token>
<token t_id="91" sentence="2" number="19">.</token>
<token t_id="92" sentence="3" number="0">Dow</token>
<token t_id="93" sentence="3" number="1">Jones</token>
<token t_id="94" sentence="3" number="2">has</token>
<token t_id="95" sentence="3" number="3">offered</token>
<token t_id="96" sentence="3" number="4">to</token>
<token t_id="97" sentence="3" number="5">pay</token>
<token t_id="98" sentence="3" number="6">$</token>
<token t_id="99" sentence="3" number="7">18</token>
<token t_id="100" sentence="3" number="8">a</token>
<token t_id="101" sentence="3" number="9">share</token>
<token t_id="102" sentence="3" number="10">,</token>
<token t_id="103" sentence="3" number="11">or</token>
<token t_id="104" sentence="3" number="12">about</token>
<token t_id="105" sentence="3" number="13">$</token>
<token t_id="106" sentence="3" number="14">576</token>
<token t_id="107" sentence="3" number="15">million</token>
<token t_id="108" sentence="3" number="16">,</token>
<token t_id="109" sentence="3" number="17">for</token>
<token t_id="110" sentence="3" number="18">the</token>
<token t_id="111" sentence="3" number="19">remaining</token>
<token t_id="112" sentence="3" number="20">Telerate</token>
<token t_id="113" sentence="3" number="21">stake</token>
<token t_id="114" sentence="3" number="22">.</token>
<token t_id="115" sentence="4" number="0">The</token>
<token t_id="116" sentence="4" number="1">offer</token>
<token t_id="117" sentence="4" number="2">will</token>
<token t_id="118" sentence="4" number="3">expire</token>
<token t_id="119" sentence="4" number="4">at</token>
<token t_id="120" sentence="4" number="5">5</token>
<token t_id="121" sentence="4" number="6">p</token>
<token t_id="122" sentence="4" number="7">.</token>
<token t_id="123" sentence="4" number="8">m</token>
<token t_id="124" sentence="4" number="9">.</token>
<token t_id="125" sentence="4" number="10">EST</token>
<token t_id="126" sentence="4" number="11">on</token>
<token t_id="127" sentence="4" number="12">Nov</token>
<token t_id="128" sentence="4" number="13">.</token>
<token t_id="129" sentence="4" number="14">6</token>
<token t_id="130" sentence="4" number="15">,</token>
<token t_id="131" sentence="4" number="16">unless</token>
<token t_id="132" sentence="4" number="17">extended</token>
<token t_id="133" sentence="4" number="18">again</token>
<token t_id="134" sentence="4" number="19">.</token>
<token t_id="135" sentence="5" number="0">Robert</token>
<token t_id="136" sentence="5" number="1">Kornreich</token>
<token t_id="137" sentence="5" number="2">,</token>
<token t_id="138" sentence="5" number="3">an</token>
<token t_id="139" sentence="5" number="4">attorney</token>
<token t_id="140" sentence="5" number="5">for</token>
<token t_id="141" sentence="5" number="6">the</token>
<token t_id="142" sentence="5" number="7">Telerate</token>
<token t_id="143" sentence="5" number="8">holders</token>
<token t_id="144" sentence="5" number="9">,</token>
<token t_id="145" sentence="5" number="10">told</token>
<token t_id="146" sentence="5" number="11">Judge</token>
<token t_id="147" sentence="5" number="12">Hartnett</token>
<token t_id="148" sentence="5" number="13">the</token>
<token t_id="149" sentence="5" number="14">Dow</token>
<token t_id="150" sentence="5" number="15">Jones</token>
<token t_id="151" sentence="5" number="16">offer</token>
<token t_id="152" sentence="5" number="17">is</token>
<token t_id="153" sentence="5" number="18">``</token>
<token t_id="154" sentence="5" number="19">arrogant</token>
<token t_id="155" sentence="5" number="20">''</token>
<token t_id="156" sentence="5" number="21">and</token>
<token t_id="157" sentence="5" number="22">``</token>
<token t_id="158" sentence="5" number="23">hostile</token>
<token t_id="159" sentence="5" number="24">.</token>
<token t_id="160" sentence="5" number="25">''</token>
<token t_id="161" sentence="6" number="0">He</token>
<token t_id="162" sentence="6" number="1">accused</token>
<token t_id="163" sentence="6" number="2">Dow</token>
<token t_id="164" sentence="6" number="3">Jones</token>
<token t_id="165" sentence="6" number="4">of</token>
<token t_id="166" sentence="6" number="5">``</token>
<token t_id="167" sentence="6" number="6">using</token>
<token t_id="168" sentence="6" number="7">unfair</token>
<token t_id="169" sentence="6" number="8">means</token>
<token t_id="170" sentence="6" number="9">to</token>
<token t_id="171" sentence="6" number="10">obtain</token>
<token t_id="172" sentence="6" number="11">the</token>
<token t_id="173" sentence="6" number="12">stock</token>
<token t_id="174" sentence="6" number="13">at</token>
<token t_id="175" sentence="6" number="14">an</token>
<token t_id="176" sentence="6" number="15">unfair</token>
<token t_id="177" sentence="6" number="16">price</token>
<token t_id="178" sentence="6" number="17">.</token>
<token t_id="179" sentence="6" number="18">''</token>
<token t_id="180" sentence="7" number="0">Michael</token>
<token t_id="181" sentence="7" number="1">Rauch</token>
<token t_id="182" sentence="7" number="2">,</token>
<token t_id="183" sentence="7" number="3">an</token>
<token t_id="184" sentence="7" number="4">attorney</token>
<token t_id="185" sentence="7" number="5">for</token>
<token t_id="186" sentence="7" number="6">Dow</token>
<token t_id="187" sentence="7" number="7">Jones</token>
<token t_id="188" sentence="7" number="8">,</token>
<token t_id="189" sentence="7" number="9">defended</token>
<token t_id="190" sentence="7" number="10">the</token>
<token t_id="191" sentence="7" number="11">offer</token>
<token t_id="192" sentence="7" number="12">as</token>
<token t_id="193" sentence="7" number="13">adequate</token>
<token t_id="194" sentence="7" number="14">,</token>
<token t_id="195" sentence="7" number="15">based</token>
<token t_id="196" sentence="7" number="16">on</token>
<token t_id="197" sentence="7" number="17">what</token>
<token t_id="198" sentence="7" number="18">the</token>
<token t_id="199" sentence="7" number="19">company</token>
<token t_id="200" sentence="7" number="20">considers</token>
<token t_id="201" sentence="7" number="21">realistic</token>
<token t_id="202" sentence="7" number="22">projections</token>
<token t_id="203" sentence="7" number="23">of</token>
<token t_id="204" sentence="7" number="24">Telerate</token>
<token t_id="205" sentence="7" number="25">'s</token>
<token t_id="206" sentence="7" number="26">revenue</token>
<token t_id="207" sentence="7" number="27">growth</token>
<token t_id="208" sentence="7" number="28">,</token>
<token t_id="209" sentence="7" number="29">in</token>
<token t_id="210" sentence="7" number="30">the</token>
<token t_id="211" sentence="7" number="31">range</token>
<token t_id="212" sentence="7" number="32">of</token>
<token t_id="213" sentence="7" number="33">12</token>
<token t_id="214" sentence="7" number="34">%</token>
<token t_id="215" sentence="7" number="35">.</token>
<token t_id="216" sentence="8" number="0">He</token>
<token t_id="217" sentence="8" number="1">also</token>
<token t_id="218" sentence="8" number="2">contended</token>
<token t_id="219" sentence="8" number="3">that</token>
<token t_id="220" sentence="8" number="4">the</token>
<token t_id="221" sentence="8" number="5">plaintiffs</token>
<token t_id="222" sentence="8" number="6">failed</token>
<token t_id="223" sentence="8" number="7">to</token>
<token t_id="224" sentence="8" number="8">cite</token>
<token t_id="225" sentence="8" number="9">any</token>
<token t_id="226" sentence="8" number="10">legal</token>
<token t_id="227" sentence="8" number="11">authority</token>
<token t_id="228" sentence="8" number="12">that</token>
<token t_id="229" sentence="8" number="13">would</token>
<token t_id="230" sentence="8" number="14">justify</token>
<token t_id="231" sentence="8" number="15">such</token>
<token t_id="232" sentence="8" number="16">an</token>
<token t_id="233" sentence="8" number="17">injunction</token>
<token t_id="234" sentence="8" number="18">.</token>
<token t_id="235" sentence="9" number="0">Telerate</token>
<token t_id="236" sentence="9" number="1">provides</token>
<token t_id="237" sentence="9" number="2">information</token>
<token t_id="238" sentence="9" number="3">about</token>
<token t_id="239" sentence="9" number="4">financial</token>
<token t_id="240" sentence="9" number="5">markets</token>
<token t_id="241" sentence="9" number="6">through</token>
<token t_id="242" sentence="9" number="7">an</token>
<token t_id="243" sentence="9" number="8">electronic</token>
<token t_id="244" sentence="9" number="9">network</token>
<token t_id="245" sentence="9" number="10">.</token>
<token t_id="246" sentence="10" number="0">Dow</token>
<token t_id="247" sentence="10" number="1">Jones</token>
<token t_id="248" sentence="10" number="2">publishes</token>
<token t_id="249" sentence="10" number="3">The</token>
<token t_id="250" sentence="10" number="4">Wall</token>
<token t_id="251" sentence="10" number="5">Street</token>
<token t_id="252" sentence="10" number="6">Journal</token>
<token t_id="253" sentence="10" number="7">,</token>
<token t_id="254" sentence="10" number="8">Barron</token>
<token t_id="255" sentence="10" number="9">'s</token>
<token t_id="256" sentence="10" number="10">magazine</token>
<token t_id="257" sentence="10" number="11">,</token>
<token t_id="258" sentence="10" number="12">other</token>
<token t_id="259" sentence="10" number="13">periodicals</token>
<token t_id="260" sentence="10" number="14">and</token>
<token t_id="261" sentence="10" number="15">community</token>
<token t_id="262" sentence="10" number="16">newspapers</token>
<token t_id="263" sentence="10" number="17">and</token>
<token t_id="264" sentence="10" number="18">operates</token>
<token t_id="265" sentence="10" number="19">electronic</token>
<token t_id="266" sentence="10" number="20">business</token>
<token t_id="267" sentence="10" number="21">information</token>
<token t_id="268" sentence="10" number="22">services</token>
<token t_id="269" sentence="10" number="23">.</token>


<Markables>
<ARGUMENTATIVE m_id="1" comment="" conversational-direct="TRUE" conversational-reported="FALSE"  >
<token_anchor t_id="151"/>
<token_anchor t_id="152"/>
<token_anchor t_id="153"/>
<token_anchor t_id="154"/>
<token_anchor t_id="155"/>
<token_anchor t_id="156"/>
<token_anchor t_id="157"/>
<token_anchor t_id="158"/>
<token_anchor t_id="159"/>
<token_anchor t_id="160"/>
</ARGUMENTATIVE>
<ARGUMENTATIVE m_id="2" comment="" conversational-direct="FALSE" conversational-reported="FALSE"  >
<token_anchor t_id="161"/>
<token_anchor t_id="162"/>
<token_anchor t_id="163"/>
<token_anchor t_id="164"/>
</ARGUMENTATIVE>
<ARGUMENTATIVE m_id="3" comment="" conversational-direct="TRUE" conversational-reported="FALSE"  >
<token_anchor t_id="165"/>
<token_anchor t_id="166"/>
<token_anchor t_id="167"/>
<token_anchor t_id="168"/>
<token_anchor t_id="169"/>
<token_anchor t_id="170"/>
<token_anchor t_id="171"/>
<token_anchor t_id="172"/>
<token_anchor t_id="173"/>
<token_anchor t_id="174"/>
<token_anchor t_id="175"/>
<token_anchor t_id="176"/>
<token_anchor t_id="177"/>
<token_anchor t_id="178"/>
<token_anchor t_id="179"/>
</ARGUMENTATIVE>
<ARGUMENTATIVE m_id="4" comment="" conversational-direct="FALSE" conversational-reported="FALSE"  >
<token_anchor t_id="180"/>
<token_anchor t_id="181"/>
<token_anchor t_id="182"/>
<token_anchor t_id="183"/>
<token_anchor t_id="184"/>
<token_anchor t_id="185"/>
<token_anchor t_id="186"/>
<token_anchor t_id="187"/>
<token_anchor t_id="188"/>
<token_anchor t_id="189"/>
<token_anchor t_id="190"/>
<token_anchor t_id="191"/>
<token_anchor t_id="192"/>
<token_anchor t_id="193"/>
<token_anchor t_id="194"/>
</ARGUMENTATIVE>
<DESCRIPTIVE m_id="5" Type="Other" comment="" conversational-direct="FALSE" conversational-reported="FALSE"  >
<token_anchor t_id="235"/>
<token_anchor t_id="236"/>
<token_anchor t_id="237"/>
<token_anchor t_id="238"/>
<token_anchor t_id="239"/>
<token_anchor t_id="240"/>
<token_anchor t_id="241"/>
<token_anchor t_id="242"/>
<token_anchor t_id="243"/>
<token_anchor t_id="244"/>
<token_anchor t_id="245"/>
</DESCRIPTIVE>
<DESCRIPTIVE m_id="6" Type="Other" comment="" conversational-direct="FALSE" conversational-reported="FALSE"  >
<token_anchor t_id="246"/>
<token_anchor t_id="247"/>
<token_anchor t_id="248"/>
<token_anchor t_id="249"/>
<token_anchor t_id="250"/>
<token_anchor t_id="251"/>
<token_anchor t_id="252"/>
<token_anchor t_id="253"/>
<token_anchor t_id="254"/>
<token_anchor t_id="255"/>
<token_anchor t_id="256"/>
<token_anchor t_id="257"/>
<token_anchor t_id="258"/>
<token_anchor t_id="259"/>
<token_anchor t_id="260"/>
<token_anchor t_id="261"/>
<token_anchor t_id="262"/>
<token_anchor t_id="263"/>
<token_anchor t_id="264"/>
<token_anchor t_id="265"/>
<token_anchor t_id="266"/>
<token_anchor t_id="267"/>
<token_anchor t_id="268"/>
<token_anchor t_id="269"/>
</DESCRIPTIVE>
<NARRATIVE m_id="9" Level="Primary" comment="" conversational-direct="FALSE" conversational-reported="TRUE"  >
<token_anchor t_id="228"/>
<token_anchor t_id="229"/>
<token_anchor t_id="230"/>
<token_anchor t_id="231"/>
<token_anchor t_id="232"/>
<token_anchor t_id="233"/>
<token_anchor t_id="234"/>
</NARRATIVE>
<NARRATIVE m_id="10" Level="Primary" comment="" conversational-direct="FALSE" conversational-reported="FALSE"  >
<token_anchor t_id="195"/>
<token_anchor t_id="196"/>
<token_anchor t_id="197"/>
<token_anchor t_id="198"/>
<token_anchor t_id="199"/>
<token_anchor t_id="200"/>
<token_anchor t_id="201"/>
<token_anchor t_id="202"/>
<token_anchor t_id="203"/>
<token_anchor t_id="204"/>
<token_anchor t_id="205"/>
<token_anchor t_id="206"/>
<token_anchor t_id="207"/>
<token_anchor t_id="208"/>
<token_anchor t_id="209"/>
<token_anchor t_id="210"/>
<token_anchor t_id="211"/>
<token_anchor t_id="212"/>
<token_anchor t_id="213"/>
<token_anchor t_id="214"/>
<token_anchor t_id="215"/>
</NARRATIVE>
<NARRATIVE m_id="11" Level="Primary" comment="" conversational-direct="FALSE" conversational-reported="FALSE"  >
<token_anchor t_id="135"/>
<token_anchor t_id="136"/>
<token_anchor t_id="137"/>
<token_anchor t_id="138"/>
<token_anchor t_id="139"/>
<token_anchor t_id="140"/>
<token_anchor t_id="141"/>
<token_anchor t_id="142"/>
<token_anchor t_id="143"/>
<token_anchor t_id="144"/>
<token_anchor t_id="145"/>
<token_anchor t_id="146"/>
<token_anchor t_id="147"/>
<token_anchor t_id="148"/>
<token_anchor t_id="149"/>
<token_anchor t_id="150"/>
</NARRATIVE>
<NARRATIVE m_id="12" Level="Primary" comment="" conversational-direct="FALSE" conversational-reported="FALSE"  >
<token_anchor t_id="115"/>
<token_anchor t_id="116"/>
<token_anchor t_id="117"/>
<token_anchor t_id="118"/>
<token_anchor t_id="119"/>
<token_anchor t_id="120"/>
<token_anchor t_id="121"/>
<token_anchor t_id="122"/>
<token_anchor t_id="123"/>
<token_anchor t_id="124"/>
<token_anchor t_id="125"/>
<token_anchor t_id="126"/>
<token_anchor t_id="127"/>
<token_anchor t_id="128"/>
<token_anchor t_id="129"/>
<token_anchor t_id="130"/>
<token_anchor t_id="131"/>
<token_anchor t_id="132"/>
<token_anchor t_id="133"/>
<token_anchor t_id="134"/>
</NARRATIVE>
<NARRATIVE m_id="13" Level="Primary" comment="" conversational-direct="FALSE" conversational-reported="FALSE"  >
<token_anchor t_id="92"/>
<token_anchor t_id="93"/>
<token_anchor t_id="94"/>
<token_anchor t_id="95"/>
<token_anchor t_id="96"/>
<token_anchor t_id="97"/>
<token_anchor t_id="98"/>
<token_anchor t_id="99"/>
<token_anchor t_id="100"/>
<token_anchor t_id="101"/>
<token_anchor t_id="102"/>
<token_anchor t_id="103"/>
<token_anchor t_id="104"/>
<token_anchor t_id="105"/>
<token_anchor t_id="106"/>
<token_anchor t_id="107"/>
<token_anchor t_id="108"/>
<token_anchor t_id="109"/>
<token_anchor t_id="110"/>
<token_anchor t_id="111"/>
<token_anchor t_id="112"/>
<token_anchor t_id="113"/>
<token_anchor t_id="114"/>
</NARRATIVE>
<NARRATIVE m_id="14" Level="Primary" comment="" conversational-direct="FALSE" conversational-reported="FALSE"  >
<token_anchor t_id="72"/>
<token_anchor t_id="73"/>
<token_anchor t_id="74"/>
<token_anchor t_id="75"/>
<token_anchor t_id="76"/>
<token_anchor t_id="77"/>
<token_anchor t_id="78"/>
<token_anchor t_id="79"/>
<token_anchor t_id="80"/>
<token_anchor t_id="81"/>
</NARRATIVE>
<NARRATIVE m_id="15" Level="Primary" comment="" conversational-direct="FALSE" conversational-reported="FALSE"  >
<token_anchor t_id="82"/>
<token_anchor t_id="83"/>
<token_anchor t_id="84"/>
<token_anchor t_id="85"/>
<token_anchor t_id="86"/>
<token_anchor t_id="87"/>
<token_anchor t_id="88"/>
<token_anchor t_id="89"/>
<token_anchor t_id="90"/>
<token_anchor t_id="91"/>
</NARRATIVE>
<NARRATIVE m_id="16" Level="Primary" comment="" conversational-direct="FALSE" conversational-reported="FALSE"  >
<token_anchor t_id="40"/>
<token_anchor t_id="41"/>
<token_anchor t_id="42"/>
<token_anchor t_id="43"/>
<token_anchor t_id="44"/>
<token_anchor t_id="45"/>
<token_anchor t_id="46"/>
<token_anchor t_id="47"/>
<token_anchor t_id="48"/>
<token_anchor t_id="49"/>
<token_anchor t_id="50"/>
<token_anchor t_id="51"/>
<token_anchor t_id="52"/>
<token_anchor t_id="53"/>
<token_anchor t_id="54"/>
<token_anchor t_id="55"/>
<token_anchor t_id="56"/>
<token_anchor t_id="57"/>
<token_anchor t_id="58"/>
<token_anchor t_id="59"/>
<token_anchor t_id="60"/>
<token_anchor t_id="61"/>
</NARRATIVE>
<NARRATIVE m_id="17" Level="Primary" comment="" conversational-direct="FALSE" conversational-reported="FALSE"  >
<token_anchor t_id="62"/>
<token_anchor t_id="63"/>
<token_anchor t_id="64"/>
<token_anchor t_id="65"/>
<token_anchor t_id="66"/>
</NARRATIVE>
<NARRATIVE m_id="18" Level="Primary" comment="" conversational-direct="FALSE" conversational-reported="FALSE"  >
<token_anchor t_id="67"/>
<token_anchor t_id="68"/>
<token_anchor t_id="69"/>
<token_anchor t_id="70"/>
<token_anchor t_id="71"/>
</NARRATIVE>
<NARRATIVE m_id="19" Level="Primary" comment="" conversational-direct="FALSE" conversational-reported="FALSE"  >
<token_anchor t_id="1"/>
<token_anchor t_id="2"/>
<token_anchor t_id="3"/>
<token_anchor t_id="4"/>
<token_anchor t_id="5"/>
<token_anchor t_id="6"/>
<token_anchor t_id="7"/>
<token_anchor t_id="8"/>
<token_anchor t_id="9"/>
<token_anchor t_id="10"/>
<token_anchor t_id="11"/>
<token_anchor t_id="12"/>
<token_anchor t_id="13"/>
<token_anchor t_id="14"/>
<token_anchor t_id="15"/>
</NARRATIVE>
<NARRATIVE m_id="20" Level="Primary" comment="" conversational-direct="FALSE" conversational-reported="FALSE"  >
<token_anchor t_id="16"/>
<token_anchor t_id="17"/>
<token_anchor t_id="18"/>
<token_anchor t_id="19"/>
<token_anchor t_id="20"/>
<token_anchor t_id="21"/>
<token_anchor t_id="22"/>
<token_anchor t_id="23"/>
<token_anchor t_id="24"/>
<token_anchor t_id="25"/>
<token_anchor t_id="26"/>
<token_anchor t_id="27"/>
<token_anchor t_id="28"/>
<token_anchor t_id="29"/>
<token_anchor t_id="30"/>
<token_anchor t_id="31"/>
<token_anchor t_id="32"/>
<token_anchor t_id="33"/>
<token_anchor t_id="34"/>
<token_anchor t_id="35"/>
<token_anchor t_id="36"/>
<token_anchor t_id="37"/>
<token_anchor t_id="38"/>
<token_anchor t_id="39"/>
</NARRATIVE>
<NARRATIVE m_id="7" Level="" comment="" conversational-direct="FALSE" conversational-reported="FALSE"  >
<token_anchor t_id="216"/>
<token_anchor t_id="217"/>
<token_anchor t_id="218"/>
</NARRATIVE>
<NARRATIVE m_id="8" Level="Primary" comment="" conversational-direct="FALSE" conversational-reported="TRUE"  >
<token_anchor t_id="219"/>
<token_anchor t_id="220"/>
<token_anchor t_id="221"/>
<token_anchor t_id="222"/>
<token_anchor t_id="223"/>
<token_anchor t_id="224"/>
<token_anchor t_id="225"/>
<token_anchor t_id="226"/>
<token_anchor t_id="227"/>
</NARRATIVE>


</Markables>

<Relations>
</Relations>
</Document>
