<Document doc_name="wsj_0902.xml.conll.txt">
<token t_id="1" sentence="0" number="0">Furukawa</token>
<token t_id="2" sentence="0" number="1">Electric</token>
<token t_id="3" sentence="0" number="2">Co</token>
<token t_id="4" sentence="0" number="3">.</token>
<token t_id="5" sentence="0" number="4">said</token>
<token t_id="6" sentence="0" number="5">it</token>
<token t_id="7" sentence="0" number="6">plans</token>
<token t_id="8" sentence="0" number="7">to</token>
<token t_id="9" sentence="0" number="8">increase</token>
<token t_id="10" sentence="0" number="9">production</token>
<token t_id="11" sentence="0" number="10">of</token>
<token t_id="12" sentence="0" number="11">computer</token>
<token t_id="13" sentence="0" number="12">memory</token>
<token t_id="14" sentence="0" number="13">devices</token>
<token t_id="15" sentence="0" number="14">on</token>
<token t_id="16" sentence="0" number="15">a</token>
<token t_id="17" sentence="0" number="16">large</token>
<token t_id="18" sentence="0" number="17">scale</token>
<token t_id="19" sentence="0" number="18">in</token>
<token t_id="20" sentence="0" number="19">the</token>
<token t_id="21" sentence="0" number="20">U</token>
<token t_id="22" sentence="0" number="21">.</token>
<token t_id="23" sentence="0" number="22">S</token>
<token t_id="24" sentence="0" number="23">.</token>
<token t_id="25" sentence="0" number="24">and</token>
<token t_id="26" sentence="0" number="25">Japan</token>
<token t_id="27" sentence="0" number="26">.</token>
<token t_id="28" sentence="1" number="0">As</token>
<token t_id="29" sentence="1" number="1">part</token>
<token t_id="30" sentence="1" number="2">of</token>
<token t_id="31" sentence="1" number="3">the</token>
<token t_id="32" sentence="1" number="4">move</token>
<token t_id="33" sentence="1" number="5">,</token>
<token t_id="34" sentence="1" number="6">its</token>
<token t_id="35" sentence="1" number="7">affiliated</token>
<token t_id="36" sentence="1" number="8">U</token>
<token t_id="37" sentence="1" number="9">.</token>
<token t_id="38" sentence="1" number="10">S</token>
<token t_id="39" sentence="1" number="11">.</token>
<token t_id="40" sentence="1" number="12">company</token>
<token t_id="41" sentence="1" number="13">,</token>
<token t_id="42" sentence="1" number="14">International</token>
<token t_id="43" sentence="1" number="15">Components</token>
<token t_id="44" sentence="1" number="16">Technology</token>
<token t_id="45" sentence="1" number="17">Corp</token>
<token t_id="46" sentence="1" number="18">.</token>
<token t_id="47" sentence="1" number="19">,</token>
<token t_id="48" sentence="1" number="20">purchased</token>
<token t_id="49" sentence="1" number="21">a</token>
<token t_id="50" sentence="1" number="22">Mexican</token>
<token t_id="51" sentence="1" number="23">plant</token>
<token t_id="52" sentence="1" number="24">formerly</token>
<token t_id="53" sentence="1" number="25">belonging</token>
<token t_id="54" sentence="1" number="26">to</token>
<token t_id="55" sentence="1" number="27">KSI</token>
<token t_id="56" sentence="1" number="28">Disc</token>
<token t_id="57" sentence="1" number="29">Products</token>
<token t_id="58" sentence="1" number="30">Inc</token>
<token t_id="59" sentence="1" number="31">.</token>
<token t_id="60" sentence="2" number="0">The</token>
<token t_id="61" sentence="2" number="1">price</token>
<token t_id="62" sentence="2" number="2">was</token>
<token t_id="63" sentence="2" number="3">n't</token>
<token t_id="64" sentence="2" number="4">disclosed</token>
<token t_id="65" sentence="2" number="5">.</token>
<token t_id="66" sentence="3" number="0">Together</token>
<token t_id="67" sentence="3" number="1">with</token>
<token t_id="68" sentence="3" number="2">two</token>
<token t_id="69" sentence="3" number="3">existing</token>
<token t_id="70" sentence="3" number="4">plants</token>
<token t_id="71" sentence="3" number="5">in</token>
<token t_id="72" sentence="3" number="6">the</token>
<token t_id="73" sentence="3" number="7">U</token>
<token t_id="74" sentence="3" number="8">.</token>
<token t_id="75" sentence="3" number="9">S</token>
<token t_id="76" sentence="3" number="10">.</token>
<token t_id="77" sentence="3" number="11">,</token>
<token t_id="78" sentence="3" number="12">Furukawa</token>
<token t_id="79" sentence="3" number="13">said</token>
<token t_id="80" sentence="3" number="14">it</token>
<token t_id="81" sentence="3" number="15">will</token>
<token t_id="82" sentence="3" number="16">expand</token>
<token t_id="83" sentence="3" number="17">its</token>
<token t_id="84" sentence="3" number="18">current</token>
<token t_id="85" sentence="3" number="19">local</token>
<token t_id="86" sentence="3" number="20">monthly</token>
<token t_id="87" sentence="3" number="21">production</token>
<token t_id="88" sentence="3" number="22">of</token>
<token t_id="89" sentence="3" number="23">memory</token>
<token t_id="90" sentence="3" number="24">disks</token>
<token t_id="91" sentence="3" number="25">to</token>
<token t_id="92" sentence="3" number="26">1</token>
<token t_id="93" sentence="3" number="27">.</token>
<token t_id="94" sentence="3" number="28">4</token>
<token t_id="95" sentence="3" number="29">million</token>
<token t_id="96" sentence="3" number="30">sheets</token>
<token t_id="97" sentence="3" number="31">from</token>
<token t_id="98" sentence="3" number="32">800</token>
<token t_id="99" sentence="3" number="33">,</token>
<token t_id="100" sentence="3" number="34">000</token>
<token t_id="101" sentence="3" number="35">.</token>
<token t_id="102" sentence="4" number="0">In</token>
<token t_id="103" sentence="4" number="1">Japan</token>
<token t_id="104" sentence="4" number="2">,</token>
<token t_id="105" sentence="4" number="3">Furukawa</token>
<token t_id="106" sentence="4" number="4">said</token>
<token t_id="107" sentence="4" number="5">it</token>
<token t_id="108" sentence="4" number="6">will</token>
<token t_id="109" sentence="4" number="7">raise</token>
<token t_id="110" sentence="4" number="8">production</token>
<token t_id="111" sentence="4" number="9">at</token>
<token t_id="112" sentence="4" number="10">a</token>
<token t_id="113" sentence="4" number="11">plant</token>
<token t_id="114" sentence="4" number="12">outside</token>
<token t_id="115" sentence="4" number="13">Tokyo</token>
<token t_id="116" sentence="4" number="14">to</token>
<token t_id="117" sentence="4" number="15">300</token>
<token t_id="118" sentence="4" number="16">,</token>
<token t_id="119" sentence="4" number="17">000</token>
<token t_id="120" sentence="4" number="18">sheets</token>
<token t_id="121" sentence="4" number="19">monthly</token>
<token t_id="122" sentence="4" number="20">from</token>
<token t_id="123" sentence="4" number="21">100</token>
<token t_id="124" sentence="4" number="22">,</token>
<token t_id="125" sentence="4" number="23">000</token>
<token t_id="126" sentence="4" number="24">.</token>
<token t_id="127" sentence="5" number="0">Furukawa</token>
<token t_id="128" sentence="5" number="1">said</token>
<token t_id="129" sentence="5" number="2">the</token>
<token t_id="130" sentence="5" number="3">U</token>
<token t_id="131" sentence="5" number="4">.</token>
<token t_id="132" sentence="5" number="5">S</token>
<token t_id="133" sentence="5" number="6">.</token>
<token t_id="134" sentence="5" number="7">market</token>
<token t_id="135" sentence="5" number="8">is</token>
<token t_id="136" sentence="5" number="9">strengthening</token>
<token t_id="137" sentence="5" number="10">as</token>
<token t_id="138" sentence="5" number="11">related</token>
<token t_id="139" sentence="5" number="12">computer</token>
<token t_id="140" sentence="5" number="13">technology</token>
<token t_id="141" sentence="5" number="14">gains</token>
<token t_id="142" sentence="5" number="15">in</token>
<token t_id="143" sentence="5" number="16">sophistication</token>
<token t_id="144" sentence="5" number="17">and</token>
<token t_id="145" sentence="5" number="18">quality</token>
<token t_id="146" sentence="5" number="19">.</token>


<Markables>
<ARGUMENTATIVE m_id="5" comment="" conversational-direct="FALSE" conversational-reported="TRUE"  >
<token_anchor t_id="129"/>
<token_anchor t_id="130"/>
<token_anchor t_id="131"/>
<token_anchor t_id="132"/>
<token_anchor t_id="133"/>
<token_anchor t_id="134"/>
<token_anchor t_id="135"/>
<token_anchor t_id="136"/>
</ARGUMENTATIVE>
<DESCRIPTIVE m_id="13" Type="Other" comment="" conversational-direct="FALSE" conversational-reported="FALSE"  >
<token_anchor t_id="137"/>
<token_anchor t_id="138"/>
<token_anchor t_id="139"/>
<token_anchor t_id="140"/>
<token_anchor t_id="141"/>
<token_anchor t_id="142"/>
<token_anchor t_id="143"/>
<token_anchor t_id="144"/>
<token_anchor t_id="145"/>
<token_anchor t_id="146"/>
</DESCRIPTIVE>
<NARRATIVE m_id="9" Level="Primary" comment="" conversational-direct="FALSE" conversational-reported="FALSE"  >
<token_anchor t_id="66"/>
<token_anchor t_id="67"/>
<token_anchor t_id="68"/>
<token_anchor t_id="69"/>
<token_anchor t_id="70"/>
<token_anchor t_id="71"/>
<token_anchor t_id="72"/>
<token_anchor t_id="73"/>
<token_anchor t_id="74"/>
<token_anchor t_id="75"/>
<token_anchor t_id="76"/>
<token_anchor t_id="77"/>
<token_anchor t_id="78"/>
<token_anchor t_id="79"/>
</NARRATIVE>
<NARRATIVE m_id="10" Level="Primary" comment="" conversational-direct="FALSE" conversational-reported="TRUE"  >
<token_anchor t_id="80"/>
<token_anchor t_id="81"/>
<token_anchor t_id="82"/>
<token_anchor t_id="83"/>
<token_anchor t_id="84"/>
<token_anchor t_id="85"/>
<token_anchor t_id="86"/>
<token_anchor t_id="87"/>
<token_anchor t_id="88"/>
<token_anchor t_id="89"/>
<token_anchor t_id="90"/>
<token_anchor t_id="91"/>
<token_anchor t_id="92"/>
<token_anchor t_id="93"/>
<token_anchor t_id="94"/>
<token_anchor t_id="95"/>
<token_anchor t_id="96"/>
<token_anchor t_id="97"/>
<token_anchor t_id="98"/>
<token_anchor t_id="99"/>
<token_anchor t_id="100"/>
<token_anchor t_id="101"/>
</NARRATIVE>
<NARRATIVE m_id="11" Level="Primary" comment="" conversational-direct="FALSE" conversational-reported="FALSE"  >
<token_anchor t_id="102"/>
<token_anchor t_id="103"/>
<token_anchor t_id="104"/>
<token_anchor t_id="105"/>
<token_anchor t_id="106"/>
</NARRATIVE>
<NARRATIVE m_id="12" Level="Primary" comment="" conversational-direct="FALSE" conversational-reported="TRUE"  >
<token_anchor t_id="107"/>
<token_anchor t_id="108"/>
<token_anchor t_id="109"/>
<token_anchor t_id="110"/>
<token_anchor t_id="111"/>
<token_anchor t_id="112"/>
<token_anchor t_id="113"/>
<token_anchor t_id="114"/>
<token_anchor t_id="115"/>
<token_anchor t_id="116"/>
<token_anchor t_id="117"/>
<token_anchor t_id="118"/>
<token_anchor t_id="119"/>
<token_anchor t_id="120"/>
<token_anchor t_id="121"/>
<token_anchor t_id="122"/>
<token_anchor t_id="123"/>
<token_anchor t_id="124"/>
<token_anchor t_id="125"/>
<token_anchor t_id="126"/>
</NARRATIVE>
<NARRATIVE m_id="1" Level="Primary" comment="" conversational-direct="FALSE" conversational-reported="FALSE"  >
<token_anchor t_id="1"/>
<token_anchor t_id="2"/>
<token_anchor t_id="3"/>
<token_anchor t_id="4"/>
<token_anchor t_id="5"/>
</NARRATIVE>
<NARRATIVE m_id="2" Level="" comment="" conversational-direct="FALSE" conversational-reported="FALSE"  >
<token_anchor t_id="127"/>
<token_anchor t_id="128"/>
</NARRATIVE>
<NARRATIVE m_id="3" Level="Primary" comment="" conversational-direct="FALSE" conversational-reported="FALSE"  >
<token_anchor t_id="52"/>
<token_anchor t_id="53"/>
<token_anchor t_id="54"/>
<token_anchor t_id="55"/>
<token_anchor t_id="56"/>
<token_anchor t_id="57"/>
<token_anchor t_id="58"/>
<token_anchor t_id="59"/>
</NARRATIVE>
<NARRATIVE m_id="4" Level="Primary" comment="" conversational-direct="FALSE" conversational-reported="FALSE"  >
<token_anchor t_id="60"/>
<token_anchor t_id="61"/>
<token_anchor t_id="62"/>
<token_anchor t_id="63"/>
<token_anchor t_id="64"/>
<token_anchor t_id="65"/>
</NARRATIVE>
<NARRATIVE m_id="6" Level="Primary" comment="" conversational-direct="FALSE" conversational-reported="TRUE"  >
<token_anchor t_id="8"/>
<token_anchor t_id="9"/>
<token_anchor t_id="10"/>
<token_anchor t_id="11"/>
<token_anchor t_id="12"/>
<token_anchor t_id="13"/>
<token_anchor t_id="14"/>
<token_anchor t_id="15"/>
<token_anchor t_id="16"/>
<token_anchor t_id="17"/>
<token_anchor t_id="18"/>
<token_anchor t_id="19"/>
<token_anchor t_id="20"/>
<token_anchor t_id="21"/>
<token_anchor t_id="22"/>
<token_anchor t_id="23"/>
<token_anchor t_id="24"/>
<token_anchor t_id="25"/>
<token_anchor t_id="26"/>
<token_anchor t_id="27"/>
</NARRATIVE>
<NARRATIVE m_id="7" Level="Primary" comment="" conversational-direct="FALSE" conversational-reported="FALSE"  >
<token_anchor t_id="28"/>
<token_anchor t_id="29"/>
<token_anchor t_id="30"/>
<token_anchor t_id="31"/>
<token_anchor t_id="32"/>
<token_anchor t_id="33"/>
<token_anchor t_id="34"/>
<token_anchor t_id="35"/>
<token_anchor t_id="36"/>
<token_anchor t_id="37"/>
<token_anchor t_id="38"/>
<token_anchor t_id="39"/>
<token_anchor t_id="40"/>
<token_anchor t_id="41"/>
<token_anchor t_id="42"/>
<token_anchor t_id="43"/>
<token_anchor t_id="44"/>
<token_anchor t_id="45"/>
<token_anchor t_id="46"/>
<token_anchor t_id="47"/>
<token_anchor t_id="48"/>
<token_anchor t_id="49"/>
<token_anchor t_id="50"/>
<token_anchor t_id="51"/>
</NARRATIVE>
<NARRATIVE m_id="8" Level="Primary" comment="" conversational-direct="FALSE" conversational-reported="TRUE"  >
<token_anchor t_id="6"/>
<token_anchor t_id="7"/>
</NARRATIVE>


</Markables>

<Relations>
</Relations>
</Document>
