<Document doc_name="wsj_1011.xml.conll.txt">
<token t_id="1" sentence="0" number="0">Delta</token>
<token t_id="2" sentence="0" number="1">Air</token>
<token t_id="3" sentence="0" number="2">Lines</token>
<token t_id="4" sentence="0" number="3">earnings</token>
<token t_id="5" sentence="0" number="4">soared</token>
<token t_id="6" sentence="0" number="5">33</token>
<token t_id="7" sentence="0" number="6">%</token>
<token t_id="8" sentence="0" number="7">to</token>
<token t_id="9" sentence="0" number="8">a</token>
<token t_id="10" sentence="0" number="9">record</token>
<token t_id="11" sentence="0" number="10">in</token>
<token t_id="12" sentence="0" number="11">the</token>
<token t_id="13" sentence="0" number="12">fiscal</token>
<token t_id="14" sentence="0" number="13">first</token>
<token t_id="15" sentence="0" number="14">quarter</token>
<token t_id="16" sentence="0" number="15">,</token>
<token t_id="17" sentence="0" number="16">bucking</token>
<token t_id="18" sentence="0" number="17">the</token>
<token t_id="19" sentence="0" number="18">industry</token>
<token t_id="20" sentence="0" number="19">trend</token>
<token t_id="21" sentence="0" number="20">toward</token>
<token t_id="22" sentence="0" number="21">declining</token>
<token t_id="23" sentence="0" number="22">profits</token>
<token t_id="24" sentence="0" number="23">.</token>
<token t_id="25" sentence="1" number="0">The</token>
<token t_id="26" sentence="1" number="1">Atlanta</token>
<token t_id="27" sentence="1" number="2">-</token>
<token t_id="28" sentence="1" number="3">based</token>
<token t_id="29" sentence="1" number="4">airline</token>
<token t_id="30" sentence="1" number="5">,</token>
<token t_id="31" sentence="1" number="6">the</token>
<token t_id="32" sentence="1" number="7">third</token>
<token t_id="33" sentence="1" number="8">largest</token>
<token t_id="34" sentence="1" number="9">in</token>
<token t_id="35" sentence="1" number="10">the</token>
<token t_id="36" sentence="1" number="11">U</token>
<token t_id="37" sentence="1" number="12">.</token>
<token t_id="38" sentence="1" number="13">S</token>
<token t_id="39" sentence="1" number="14">.</token>
<token t_id="40" sentence="1" number="15">,</token>
<token t_id="41" sentence="1" number="16">attributed</token>
<token t_id="42" sentence="1" number="17">the</token>
<token t_id="43" sentence="1" number="18">increase</token>
<token t_id="44" sentence="1" number="19">to</token>
<token t_id="45" sentence="1" number="20">higher</token>
<token t_id="46" sentence="1" number="21">passenger</token>
<token t_id="47" sentence="1" number="22">traffic</token>
<token t_id="48" sentence="1" number="23">,</token>
<token t_id="49" sentence="1" number="24">new</token>
<token t_id="50" sentence="1" number="25">international</token>
<token t_id="51" sentence="1" number="26">routes</token>
<token t_id="52" sentence="1" number="27">and</token>
<token t_id="53" sentence="1" number="28">reduced</token>
<token t_id="54" sentence="1" number="29">service</token>
<token t_id="55" sentence="1" number="30">by</token>
<token t_id="56" sentence="1" number="31">rival</token>
<token t_id="57" sentence="1" number="32">Eastern</token>
<token t_id="58" sentence="1" number="33">Airlines</token>
<token t_id="59" sentence="1" number="34">,</token>
<token t_id="60" sentence="1" number="35">which</token>
<token t_id="61" sentence="1" number="36">is</token>
<token t_id="62" sentence="1" number="37">in</token>
<token t_id="63" sentence="1" number="38">bankruptcy</token>
<token t_id="64" sentence="1" number="39">proceedings</token>
<token t_id="65" sentence="1" number="40">in</token>
<token t_id="66" sentence="1" number="41">the</token>
<token t_id="67" sentence="1" number="42">wake</token>
<token t_id="68" sentence="1" number="43">of</token>
<token t_id="69" sentence="1" number="44">a</token>
<token t_id="70" sentence="1" number="45">strike</token>
<token t_id="71" sentence="1" number="46">that</token>
<token t_id="72" sentence="1" number="47">began</token>
<token t_id="73" sentence="1" number="48">last</token>
<token t_id="74" sentence="1" number="49">spring</token>
<token t_id="75" sentence="1" number="50">.</token>
<token t_id="76" sentence="2" number="0">For</token>
<token t_id="77" sentence="2" number="1">the</token>
<token t_id="78" sentence="2" number="2">quarter</token>
<token t_id="79" sentence="2" number="3">ended</token>
<token t_id="80" sentence="2" number="4">Sept</token>
<token t_id="81" sentence="2" number="5">.</token>
<token t_id="82" sentence="2" number="6">30</token>
<token t_id="83" sentence="2" number="7">,</token>
<token t_id="84" sentence="2" number="8">Delta</token>
<token t_id="85" sentence="2" number="9">posted</token>
<token t_id="86" sentence="2" number="10">net</token>
<token t_id="87" sentence="2" number="11">income</token>
<token t_id="88" sentence="2" number="12">of</token>
<token t_id="89" sentence="2" number="13">$</token>
<token t_id="90" sentence="2" number="14">133</token>
<token t_id="91" sentence="2" number="15">.</token>
<token t_id="92" sentence="2" number="16">1</token>
<token t_id="93" sentence="2" number="17">million</token>
<token t_id="94" sentence="2" number="18">,</token>
<token t_id="95" sentence="2" number="19">or</token>
<token t_id="96" sentence="2" number="20">$</token>
<token t_id="97" sentence="2" number="21">2</token>
<token t_id="98" sentence="2" number="22">.</token>
<token t_id="99" sentence="2" number="23">53</token>
<token t_id="100" sentence="2" number="24">a</token>
<token t_id="101" sentence="2" number="25">share</token>
<token t_id="102" sentence="2" number="26">,</token>
<token t_id="103" sentence="2" number="27">up</token>
<token t_id="104" sentence="2" number="28">from</token>
<token t_id="105" sentence="2" number="29">$</token>
<token t_id="106" sentence="2" number="30">100</token>
<token t_id="107" sentence="2" number="31">million</token>
<token t_id="108" sentence="2" number="32">,</token>
<token t_id="109" sentence="2" number="33">or</token>
<token t_id="110" sentence="2" number="34">$</token>
<token t_id="111" sentence="2" number="35">2</token>
<token t_id="112" sentence="2" number="36">.</token>
<token t_id="113" sentence="2" number="37">03</token>
<token t_id="114" sentence="2" number="38">a</token>
<token t_id="115" sentence="2" number="39">share</token>
<token t_id="116" sentence="2" number="40">,</token>
<token t_id="117" sentence="2" number="41">a</token>
<token t_id="118" sentence="2" number="42">year</token>
<token t_id="119" sentence="2" number="43">earlier</token>
<token t_id="120" sentence="2" number="44">.</token>
<token t_id="121" sentence="3" number="0">Revenue</token>
<token t_id="122" sentence="3" number="1">rose</token>
<token t_id="123" sentence="3" number="2">15</token>
<token t_id="124" sentence="3" number="3">%</token>
<token t_id="125" sentence="3" number="4">to</token>
<token t_id="126" sentence="3" number="5">$</token>
<token t_id="127" sentence="3" number="6">2</token>
<token t_id="128" sentence="3" number="7">.</token>
<token t_id="129" sentence="3" number="8">17</token>
<token t_id="130" sentence="3" number="9">billion</token>
<token t_id="131" sentence="3" number="10">from</token>
<token t_id="132" sentence="3" number="11">$</token>
<token t_id="133" sentence="3" number="12">1</token>
<token t_id="134" sentence="3" number="13">.</token>
<token t_id="135" sentence="3" number="14">89</token>
<token t_id="136" sentence="3" number="15">billion</token>
<token t_id="137" sentence="3" number="16">.</token>
<token t_id="138" sentence="4" number="0">During</token>
<token t_id="139" sentence="4" number="1">the</token>
<token t_id="140" sentence="4" number="2">quarter</token>
<token t_id="141" sentence="4" number="3">,</token>
<token t_id="142" sentence="4" number="4">Delta</token>
<token t_id="143" sentence="4" number="5">issued</token>
<token t_id="144" sentence="4" number="6">2</token>
<token t_id="145" sentence="4" number="7">.</token>
<token t_id="146" sentence="4" number="8">5</token>
<token t_id="147" sentence="4" number="9">million</token>
<token t_id="148" sentence="4" number="10">shares</token>
<token t_id="149" sentence="4" number="11">of</token>
<token t_id="150" sentence="4" number="12">common</token>
<token t_id="151" sentence="4" number="13">stock</token>
<token t_id="152" sentence="4" number="14">to</token>
<token t_id="153" sentence="4" number="15">Swissair</token>
<token t_id="154" sentence="4" number="16">,</token>
<token t_id="155" sentence="4" number="17">and</token>
<token t_id="156" sentence="4" number="18">repurchased</token>
<token t_id="157" sentence="4" number="19">1</token>
<token t_id="158" sentence="4" number="20">.</token>
<token t_id="159" sentence="4" number="21">1</token>
<token t_id="160" sentence="4" number="22">million</token>
<token t_id="161" sentence="4" number="23">shares</token>
<token t_id="162" sentence="4" number="24">for</token>
<token t_id="163" sentence="4" number="25">use</token>
<token t_id="164" sentence="4" number="26">in</token>
<token t_id="165" sentence="4" number="27">a</token>
<token t_id="166" sentence="4" number="28">company</token>
<token t_id="167" sentence="4" number="29">employee</token>
<token t_id="168" sentence="4" number="30">stock</token>
<token t_id="169" sentence="4" number="31">ownership</token>
<token t_id="170" sentence="4" number="32">plan</token>
<token t_id="171" sentence="4" number="33">.</token>
<token t_id="172" sentence="5" number="0">``</token>
<token t_id="173" sentence="5" number="1">The</token>
<token t_id="174" sentence="5" number="2">key</token>
<token t_id="175" sentence="5" number="3">to</token>
<token t_id="176" sentence="5" number="4">Delta</token>
<token t_id="177" sentence="5" number="5">'s</token>
<token t_id="178" sentence="5" number="6">record</token>
<token t_id="179" sentence="5" number="7">earnings</token>
<token t_id="180" sentence="5" number="8">continued</token>
<token t_id="181" sentence="5" number="9">to</token>
<token t_id="182" sentence="5" number="10">be</token>
<token t_id="183" sentence="5" number="11">excellent</token>
<token t_id="184" sentence="5" number="12">passenger</token>
<token t_id="185" sentence="5" number="13">revenue</token>
<token t_id="186" sentence="5" number="14">growth</token>
<token t_id="187" sentence="5" number="15">,</token>
<token t_id="188" sentence="5" number="16">''</token>
<token t_id="189" sentence="5" number="17">said</token>
<token t_id="190" sentence="5" number="18">Thomas</token>
<token t_id="191" sentence="5" number="19">Roeck</token>
<token t_id="192" sentence="5" number="20">,</token>
<token t_id="193" sentence="5" number="21">chief</token>
<token t_id="194" sentence="5" number="22">financial</token>
<token t_id="195" sentence="5" number="23">officer</token>
<token t_id="196" sentence="5" number="24">.</token>
<token t_id="197" sentence="6" number="0">Passenger</token>
<token t_id="198" sentence="6" number="1">traffic</token>
<token t_id="199" sentence="6" number="2">jumped</token>
<token t_id="200" sentence="6" number="3">14</token>
<token t_id="201" sentence="6" number="4">%</token>
<token t_id="202" sentence="6" number="5">in</token>
<token t_id="203" sentence="6" number="6">the</token>
<token t_id="204" sentence="6" number="7">quarter</token>
<token t_id="205" sentence="6" number="8">,</token>
<token t_id="206" sentence="6" number="9">while</token>
<token t_id="207" sentence="6" number="10">profit</token>
<token t_id="208" sentence="6" number="11">per</token>
<token t_id="209" sentence="6" number="12">passenger</token>
<token t_id="210" sentence="6" number="13">grew</token>
<token t_id="211" sentence="6" number="14">2</token>
<token t_id="212" sentence="6" number="15">%</token>
<token t_id="213" sentence="6" number="16">.</token>
<token t_id="214" sentence="7" number="0">Delta</token>
<token t_id="215" sentence="7" number="1">has</token>
<token t_id="216" sentence="7" number="2">benefited</token>
<token t_id="217" sentence="7" number="3">more</token>
<token t_id="218" sentence="7" number="4">than</token>
<token t_id="219" sentence="7" number="5">other</token>
<token t_id="220" sentence="7" number="6">carriers</token>
<token t_id="221" sentence="7" number="7">from</token>
<token t_id="222" sentence="7" number="8">the</token>
<token t_id="223" sentence="7" number="9">weakness</token>
<token t_id="224" sentence="7" number="10">of</token>
<token t_id="225" sentence="7" number="11">Eastern</token>
<token t_id="226" sentence="7" number="12">Airlines</token>
<token t_id="227" sentence="7" number="13">,</token>
<token t_id="228" sentence="7" number="14">which</token>
<token t_id="229" sentence="7" number="15">shares</token>
<token t_id="230" sentence="7" number="16">the</token>
<token t_id="231" sentence="7" number="17">Atlanta</token>
<token t_id="232" sentence="7" number="18">hub</token>
<token t_id="233" sentence="7" number="19">.</token>
<token t_id="234" sentence="8" number="0">Although</token>
<token t_id="235" sentence="8" number="1">Eastern</token>
<token t_id="236" sentence="8" number="2">is</token>
<token t_id="237" sentence="8" number="3">back</token>
<token t_id="238" sentence="8" number="4">to</token>
<token t_id="239" sentence="8" number="5">about</token>
<token t_id="240" sentence="8" number="6">80</token>
<token t_id="241" sentence="8" number="7">%</token>
<token t_id="242" sentence="8" number="8">of</token>
<token t_id="243" sentence="8" number="9">its</token>
<token t_id="244" sentence="8" number="10">pre</token>
<token t_id="245" sentence="8" number="11">-</token>
<token t_id="246" sentence="8" number="12">strike</token>
<token t_id="247" sentence="8" number="13">schedule</token>
<token t_id="248" sentence="8" number="14">now</token>
<token t_id="249" sentence="8" number="15">,</token>
<token t_id="250" sentence="8" number="16">the</token>
<token t_id="251" sentence="8" number="17">Texas</token>
<token t_id="252" sentence="8" number="18">Air</token>
<token t_id="253" sentence="8" number="19">Corp</token>
<token t_id="254" sentence="8" number="20">.</token>
<token t_id="255" sentence="8" number="21">subsidiary</token>
<token t_id="256" sentence="8" number="22">was</token>
<token t_id="257" sentence="8" number="23">only</token>
<token t_id="258" sentence="8" number="24">beginning</token>
<token t_id="259" sentence="8" number="25">to</token>
<token t_id="260" sentence="8" number="26">get</token>
<token t_id="261" sentence="8" number="27">back</token>
<token t_id="262" sentence="8" number="28">on</token>
<token t_id="263" sentence="8" number="29">its</token>
<token t_id="264" sentence="8" number="30">feet</token>
<token t_id="265" sentence="8" number="31">during</token>
<token t_id="266" sentence="8" number="32">the</token>
<token t_id="267" sentence="8" number="33">quarter</token>
<token t_id="268" sentence="8" number="34">.</token>
<token t_id="269" sentence="9" number="0">Separately</token>
<token t_id="270" sentence="9" number="1">,</token>
<token t_id="271" sentence="9" number="2">America</token>
<token t_id="272" sentence="9" number="3">West</token>
<token t_id="273" sentence="9" number="4">Airlines</token>
<token t_id="274" sentence="9" number="5">,</token>
<token t_id="275" sentence="9" number="6">Phoenix</token>
<token t_id="276" sentence="9" number="7">,</token>
<token t_id="277" sentence="9" number="8">Ariz</token>
<token t_id="278" sentence="9" number="9">.</token>
<token t_id="279" sentence="9" number="10">,</token>
<token t_id="280" sentence="9" number="11">reported</token>
<token t_id="281" sentence="9" number="12">third</token>
<token t_id="282" sentence="9" number="13">-</token>
<token t_id="283" sentence="9" number="14">quarter</token>
<token t_id="284" sentence="9" number="15">profit</token>
<token t_id="285" sentence="9" number="16">jumped</token>
<token t_id="286" sentence="9" number="17">45</token>
<token t_id="287" sentence="9" number="18">%</token>
<token t_id="288" sentence="9" number="19">to</token>
<token t_id="289" sentence="9" number="20">$</token>
<token t_id="290" sentence="9" number="21">5</token>
<token t_id="291" sentence="9" number="22">.</token>
<token t_id="292" sentence="9" number="23">8</token>
<token t_id="293" sentence="9" number="24">million</token>
<token t_id="294" sentence="9" number="25">,</token>
<token t_id="295" sentence="9" number="26">or</token>
<token t_id="296" sentence="9" number="27">28</token>
<token t_id="297" sentence="9" number="28">cents</token>
<token t_id="298" sentence="9" number="29">a</token>
<token t_id="299" sentence="9" number="30">share</token>
<token t_id="300" sentence="9" number="31">,</token>
<token t_id="301" sentence="9" number="32">from</token>
<token t_id="302" sentence="9" number="33">$</token>
<token t_id="303" sentence="9" number="34">4</token>
<token t_id="304" sentence="9" number="35">million</token>
<token t_id="305" sentence="9" number="36">,</token>
<token t_id="306" sentence="9" number="37">or</token>
<token t_id="307" sentence="9" number="38">24</token>
<token t_id="308" sentence="9" number="39">cents</token>
<token t_id="309" sentence="9" number="40">a</token>
<token t_id="310" sentence="9" number="41">share</token>
<token t_id="311" sentence="9" number="42">,</token>
<token t_id="312" sentence="9" number="43">a</token>
<token t_id="313" sentence="9" number="44">year</token>
<token t_id="314" sentence="9" number="45">earlier</token>
<token t_id="315" sentence="9" number="46">.</token>
<token t_id="316" sentence="10" number="0">The</token>
<token t_id="317" sentence="10" number="1">latest</token>
<token t_id="318" sentence="10" number="2">results</token>
<token t_id="319" sentence="10" number="3">include</token>
<token t_id="320" sentence="10" number="4">a</token>
<token t_id="321" sentence="10" number="5">$</token>
<token t_id="322" sentence="10" number="6">2</token>
<token t_id="323" sentence="10" number="7">.</token>
<token t_id="324" sentence="10" number="8">6</token>
<token t_id="325" sentence="10" number="9">million</token>
<token t_id="326" sentence="10" number="10">one</token>
<token t_id="327" sentence="10" number="11">-</token>
<token t_id="328" sentence="10" number="12">time</token>
<token t_id="329" sentence="10" number="13">payment</token>
<token t_id="330" sentence="10" number="14">from</token>
<token t_id="331" sentence="10" number="15">a</token>
<token t_id="332" sentence="10" number="16">``</token>
<token t_id="333" sentence="10" number="17">foreign</token>
<token t_id="334" sentence="10" number="18">entity</token>
<token t_id="335" sentence="10" number="19">.</token>
<token t_id="336" sentence="10" number="20">''</token>
<token t_id="337" sentence="11" number="0">America</token>
<token t_id="338" sentence="11" number="1">West</token>
<token t_id="339" sentence="11" number="2">would</token>
<token t_id="340" sentence="11" number="3">n't</token>
<token t_id="341" sentence="11" number="4">identify</token>
<token t_id="342" sentence="11" number="5">the</token>
<token t_id="343" sentence="11" number="6">entity</token>
<token t_id="344" sentence="11" number="7">,</token>
<token t_id="345" sentence="11" number="8">but</token>
<token t_id="346" sentence="11" number="9">said</token>
<token t_id="347" sentence="11" number="10">the</token>
<token t_id="348" sentence="11" number="11">payment</token>
<token t_id="349" sentence="11" number="12">was</token>
<token t_id="350" sentence="11" number="13">for</token>
<token t_id="351" sentence="11" number="14">the</token>
<token t_id="352" sentence="11" number="15">foreign</token>
<token t_id="353" sentence="11" number="16">company</token>
<token t_id="354" sentence="11" number="17">'s</token>
<token t_id="355" sentence="11" number="18">use</token>
<token t_id="356" sentence="11" number="19">of</token>
<token t_id="357" sentence="11" number="20">certain</token>
<token t_id="358" sentence="11" number="21">tax</token>
<token t_id="359" sentence="11" number="22">benefits</token>
<token t_id="360" sentence="11" number="23">in</token>
<token t_id="361" sentence="11" number="24">connection</token>
<token t_id="362" sentence="11" number="25">with</token>
<token t_id="363" sentence="11" number="26">America</token>
<token t_id="364" sentence="11" number="27">West</token>
<token t_id="365" sentence="11" number="28">plane</token>
<token t_id="366" sentence="11" number="29">purchases</token>
<token t_id="367" sentence="11" number="30">.</token>
<token t_id="368" sentence="12" number="0">Year</token>
<token t_id="369" sentence="12" number="1">-</token>
<token t_id="370" sentence="12" number="2">earlier</token>
<token t_id="371" sentence="12" number="3">results</token>
<token t_id="372" sentence="12" number="4">included</token>
<token t_id="373" sentence="12" number="5">an</token>
<token t_id="374" sentence="12" number="6">extraordinary</token>
<token t_id="375" sentence="12" number="7">gain</token>
<token t_id="376" sentence="12" number="8">of</token>
<token t_id="377" sentence="12" number="9">$</token>
<token t_id="378" sentence="12" number="10">1</token>
<token t_id="379" sentence="12" number="11">.</token>
<token t_id="380" sentence="12" number="12">6</token>
<token t_id="381" sentence="12" number="13">million</token>
<token t_id="382" sentence="12" number="14">from</token>
<token t_id="383" sentence="12" number="15">a</token>
<token t_id="384" sentence="12" number="16">buy</token>
<token t_id="385" sentence="12" number="17">-</token>
<token t_id="386" sentence="12" number="18">back</token>
<token t_id="387" sentence="12" number="19">of</token>
<token t_id="388" sentence="12" number="20">convertible</token>
<token t_id="389" sentence="12" number="21">subordinated</token>
<token t_id="390" sentence="12" number="22">debentures</token>
<token t_id="391" sentence="12" number="23">.</token>
<token t_id="392" sentence="13" number="0">Revenue</token>
<token t_id="393" sentence="13" number="1">rose</token>
<token t_id="394" sentence="13" number="2">21</token>
<token t_id="395" sentence="13" number="3">%</token>
<token t_id="396" sentence="13" number="4">to</token>
<token t_id="397" sentence="13" number="5">$</token>
<token t_id="398" sentence="13" number="6">243</token>
<token t_id="399" sentence="13" number="7">.</token>
<token t_id="400" sentence="13" number="8">4</token>
<token t_id="401" sentence="13" number="9">million</token>
<token t_id="402" sentence="13" number="10">from</token>
<token t_id="403" sentence="13" number="11">$</token>
<token t_id="404" sentence="13" number="12">201</token>
<token t_id="405" sentence="13" number="13">.</token>
<token t_id="406" sentence="13" number="14">2</token>
<token t_id="407" sentence="13" number="15">million</token>
<token t_id="408" sentence="13" number="16">.</token>
<token t_id="409" sentence="14" number="0">For</token>
<token t_id="410" sentence="14" number="1">the</token>
<token t_id="411" sentence="14" number="2">nine</token>
<token t_id="412" sentence="14" number="3">months</token>
<token t_id="413" sentence="14" number="4">,</token>
<token t_id="414" sentence="14" number="5">America</token>
<token t_id="415" sentence="14" number="6">West</token>
<token t_id="416" sentence="14" number="7">posted</token>
<token t_id="417" sentence="14" number="8">earnings</token>
<token t_id="418" sentence="14" number="9">of</token>
<token t_id="419" sentence="14" number="10">$</token>
<token t_id="420" sentence="14" number="11">18</token>
<token t_id="421" sentence="14" number="12">.</token>
<token t_id="422" sentence="14" number="13">9</token>
<token t_id="423" sentence="14" number="14">million</token>
<token t_id="424" sentence="14" number="15">,</token>
<token t_id="425" sentence="14" number="16">or</token>
<token t_id="426" sentence="14" number="17">97</token>
<token t_id="427" sentence="14" number="18">cents</token>
<token t_id="428" sentence="14" number="19">a</token>
<token t_id="429" sentence="14" number="20">share</token>
<token t_id="430" sentence="14" number="21">,</token>
<token t_id="431" sentence="14" number="22">compared</token>
<token t_id="432" sentence="14" number="23">with</token>
<token t_id="433" sentence="14" number="24">a</token>
<token t_id="434" sentence="14" number="25">loss</token>
<token t_id="435" sentence="14" number="26">of</token>
<token t_id="436" sentence="14" number="27">$</token>
<token t_id="437" sentence="14" number="28">9</token>
<token t_id="438" sentence="14" number="29">.</token>
<token t_id="439" sentence="14" number="30">7</token>
<token t_id="440" sentence="14" number="31">million</token>
<token t_id="441" sentence="14" number="32">,</token>
<token t_id="442" sentence="14" number="33">or</token>
<token t_id="443" sentence="14" number="34">74</token>
<token t_id="444" sentence="14" number="35">cents</token>
<token t_id="445" sentence="14" number="36">a</token>
<token t_id="446" sentence="14" number="37">share</token>
<token t_id="447" sentence="14" number="38">,</token>
<token t_id="448" sentence="14" number="39">a</token>
<token t_id="449" sentence="14" number="40">year</token>
<token t_id="450" sentence="14" number="41">earlier</token>
<token t_id="451" sentence="14" number="42">.</token>
<token t_id="452" sentence="15" number="0">Revenue</token>
<token t_id="453" sentence="15" number="1">rose</token>
<token t_id="454" sentence="15" number="2">27</token>
<token t_id="455" sentence="15" number="3">%</token>
<token t_id="456" sentence="15" number="4">to</token>
<token t_id="457" sentence="15" number="5">$</token>
<token t_id="458" sentence="15" number="6">715</token>
<token t_id="459" sentence="15" number="7">.</token>
<token t_id="460" sentence="15" number="8">1</token>
<token t_id="461" sentence="15" number="9">million</token>
<token t_id="462" sentence="15" number="10">from</token>
<token t_id="463" sentence="15" number="11">$</token>
<token t_id="464" sentence="15" number="12">563</token>
<token t_id="465" sentence="15" number="13">.</token>
<token t_id="466" sentence="15" number="14">8</token>
<token t_id="467" sentence="15" number="15">million</token>
<token t_id="468" sentence="15" number="16">.</token>


<Markables>
<ARGUMENTATIVE m_id="26" comment="" conversational-direct="FALSE" conversational-reported="FALSE"  >
<token_anchor t_id="214"/>
<token_anchor t_id="215"/>
<token_anchor t_id="216"/>
<token_anchor t_id="217"/>
<token_anchor t_id="218"/>
<token_anchor t_id="219"/>
<token_anchor t_id="220"/>
<token_anchor t_id="221"/>
<token_anchor t_id="222"/>
<token_anchor t_id="223"/>
<token_anchor t_id="224"/>
<token_anchor t_id="225"/>
<token_anchor t_id="226"/>
<token_anchor t_id="227"/>
</ARGUMENTATIVE>
<ARGUMENTATIVE m_id="27" comment="" conversational-direct="TRUE" conversational-reported="FALSE"  >
<token_anchor t_id="181"/>
<token_anchor t_id="182"/>
<token_anchor t_id="183"/>
<token_anchor t_id="184"/>
<token_anchor t_id="185"/>
<token_anchor t_id="186"/>
<token_anchor t_id="187"/>
<token_anchor t_id="188"/>
</ARGUMENTATIVE>
<ARGUMENTATIVE m_id="29" comment="" conversational-direct="FALSE" conversational-reported="FALSE"  >
<token_anchor t_id="17"/>
<token_anchor t_id="18"/>
<token_anchor t_id="19"/>
<token_anchor t_id="20"/>
<token_anchor t_id="21"/>
<token_anchor t_id="22"/>
<token_anchor t_id="23"/>
<token_anchor t_id="24"/>
</ARGUMENTATIVE>
<DESCRIPTIVE m_id="25" Type="Other" comment="" conversational-direct="FALSE" conversational-reported="FALSE"  >
<token_anchor t_id="228"/>
<token_anchor t_id="229"/>
<token_anchor t_id="230"/>
<token_anchor t_id="231"/>
<token_anchor t_id="232"/>
<token_anchor t_id="233"/>
</DESCRIPTIVE>
<NARRATIVE m_id="1" Level="Primary" comment="" conversational-direct="FALSE" conversational-reported="FALSE"  >
<token_anchor t_id="269"/>
<token_anchor t_id="270"/>
<token_anchor t_id="271"/>
<token_anchor t_id="272"/>
<token_anchor t_id="273"/>
<token_anchor t_id="274"/>
<token_anchor t_id="275"/>
<token_anchor t_id="276"/>
<token_anchor t_id="277"/>
<token_anchor t_id="278"/>
<token_anchor t_id="279"/>
<token_anchor t_id="280"/>
</NARRATIVE>
<NARRATIVE m_id="2" Level="Primary" comment="" conversational-direct="FALSE" conversational-reported="FALSE"  >
<token_anchor t_id="345"/>
<token_anchor t_id="346"/>
</NARRATIVE>
<NARRATIVE m_id="3" Level="Primary" comment="" conversational-direct="FALSE" conversational-reported="FALSE"  >
<token_anchor t_id="189"/>
<token_anchor t_id="190"/>
<token_anchor t_id="191"/>
<token_anchor t_id="192"/>
<token_anchor t_id="193"/>
<token_anchor t_id="194"/>
<token_anchor t_id="195"/>
<token_anchor t_id="196"/>
</NARRATIVE>
<NARRATIVE m_id="4" Level="Primary" comment="" conversational-direct="FALSE" conversational-reported="FALSE"  >
<token_anchor t_id="234"/>
<token_anchor t_id="235"/>
<token_anchor t_id="236"/>
<token_anchor t_id="237"/>
<token_anchor t_id="238"/>
<token_anchor t_id="239"/>
<token_anchor t_id="240"/>
<token_anchor t_id="241"/>
<token_anchor t_id="242"/>
<token_anchor t_id="243"/>
<token_anchor t_id="244"/>
<token_anchor t_id="245"/>
<token_anchor t_id="246"/>
<token_anchor t_id="247"/>
<token_anchor t_id="248"/>
<token_anchor t_id="249"/>
</NARRATIVE>
<NARRATIVE m_id="5" Level="Primary" comment="" conversational-direct="FALSE" conversational-reported="FALSE"  >
<token_anchor t_id="250"/>
<token_anchor t_id="251"/>
<token_anchor t_id="252"/>
<token_anchor t_id="253"/>
<token_anchor t_id="254"/>
<token_anchor t_id="255"/>
<token_anchor t_id="256"/>
<token_anchor t_id="257"/>
<token_anchor t_id="258"/>
</NARRATIVE>
<NARRATIVE m_id="6" Level="Primary" comment="" conversational-direct="FALSE" conversational-reported="FALSE"  >
<token_anchor t_id="337"/>
<token_anchor t_id="338"/>
<token_anchor t_id="339"/>
<token_anchor t_id="340"/>
<token_anchor t_id="341"/>
<token_anchor t_id="342"/>
<token_anchor t_id="343"/>
<token_anchor t_id="344"/>
</NARRATIVE>
<NARRATIVE m_id="7" Level="Primary" comment="" conversational-direct="FALSE" conversational-reported="TRUE"  >
<token_anchor t_id="347"/>
<token_anchor t_id="348"/>
<token_anchor t_id="349"/>
<token_anchor t_id="350"/>
<token_anchor t_id="351"/>
<token_anchor t_id="352"/>
<token_anchor t_id="353"/>
<token_anchor t_id="354"/>
<token_anchor t_id="355"/>
<token_anchor t_id="356"/>
<token_anchor t_id="357"/>
<token_anchor t_id="358"/>
<token_anchor t_id="359"/>
<token_anchor t_id="360"/>
<token_anchor t_id="361"/>
<token_anchor t_id="362"/>
<token_anchor t_id="363"/>
<token_anchor t_id="364"/>
<token_anchor t_id="365"/>
<token_anchor t_id="366"/>
<token_anchor t_id="367"/>
</NARRATIVE>
<NARRATIVE m_id="8" Level="Primary" comment="" conversational-direct="FALSE" conversational-reported="FALSE"  >
<token_anchor t_id="316"/>
<token_anchor t_id="317"/>
<token_anchor t_id="318"/>
<token_anchor t_id="319"/>
<token_anchor t_id="320"/>
<token_anchor t_id="321"/>
<token_anchor t_id="322"/>
<token_anchor t_id="323"/>
<token_anchor t_id="324"/>
<token_anchor t_id="325"/>
<token_anchor t_id="326"/>
<token_anchor t_id="327"/>
<token_anchor t_id="328"/>
<token_anchor t_id="329"/>
<token_anchor t_id="330"/>
<token_anchor t_id="331"/>
<token_anchor t_id="332"/>
<token_anchor t_id="333"/>
<token_anchor t_id="334"/>
<token_anchor t_id="335"/>
<token_anchor t_id="336"/>
</NARRATIVE>
<NARRATIVE m_id="9" Level="Primary" comment="" conversational-direct="FALSE" conversational-reported="FALSE"  >
<token_anchor t_id="368"/>
<token_anchor t_id="369"/>
<token_anchor t_id="370"/>
<token_anchor t_id="371"/>
<token_anchor t_id="372"/>
<token_anchor t_id="373"/>
<token_anchor t_id="374"/>
<token_anchor t_id="375"/>
<token_anchor t_id="376"/>
<token_anchor t_id="377"/>
<token_anchor t_id="378"/>
<token_anchor t_id="379"/>
<token_anchor t_id="380"/>
<token_anchor t_id="381"/>
<token_anchor t_id="382"/>
<token_anchor t_id="383"/>
<token_anchor t_id="384"/>
<token_anchor t_id="385"/>
<token_anchor t_id="386"/>
<token_anchor t_id="387"/>
<token_anchor t_id="388"/>
<token_anchor t_id="389"/>
<token_anchor t_id="390"/>
<token_anchor t_id="391"/>
</NARRATIVE>
<NARRATIVE m_id="10" Level="Primary" comment="" conversational-direct="FALSE" conversational-reported="FALSE"  >
<token_anchor t_id="392"/>
<token_anchor t_id="393"/>
<token_anchor t_id="394"/>
<token_anchor t_id="395"/>
<token_anchor t_id="396"/>
<token_anchor t_id="397"/>
<token_anchor t_id="398"/>
<token_anchor t_id="399"/>
<token_anchor t_id="400"/>
<token_anchor t_id="401"/>
<token_anchor t_id="402"/>
<token_anchor t_id="403"/>
<token_anchor t_id="404"/>
<token_anchor t_id="405"/>
<token_anchor t_id="406"/>
<token_anchor t_id="407"/>
<token_anchor t_id="408"/>
</NARRATIVE>
<NARRATIVE m_id="11" Level="Primary" comment="" conversational-direct="FALSE" conversational-reported="FALSE"  >
<token_anchor t_id="431"/>
<token_anchor t_id="432"/>
<token_anchor t_id="433"/>
<token_anchor t_id="434"/>
<token_anchor t_id="435"/>
<token_anchor t_id="436"/>
<token_anchor t_id="437"/>
<token_anchor t_id="438"/>
<token_anchor t_id="439"/>
<token_anchor t_id="440"/>
<token_anchor t_id="441"/>
<token_anchor t_id="442"/>
<token_anchor t_id="443"/>
<token_anchor t_id="444"/>
<token_anchor t_id="445"/>
<token_anchor t_id="446"/>
<token_anchor t_id="447"/>
<token_anchor t_id="448"/>
<token_anchor t_id="449"/>
<token_anchor t_id="450"/>
<token_anchor t_id="451"/>
</NARRATIVE>
<NARRATIVE m_id="12" Level="Primary" comment="" conversational-direct="FALSE" conversational-reported="FALSE"  >
<token_anchor t_id="138"/>
<token_anchor t_id="139"/>
<token_anchor t_id="140"/>
<token_anchor t_id="141"/>
<token_anchor t_id="142"/>
<token_anchor t_id="143"/>
<token_anchor t_id="144"/>
<token_anchor t_id="145"/>
<token_anchor t_id="146"/>
<token_anchor t_id="147"/>
<token_anchor t_id="148"/>
<token_anchor t_id="149"/>
<token_anchor t_id="150"/>
<token_anchor t_id="151"/>
<token_anchor t_id="152"/>
<token_anchor t_id="153"/>
<token_anchor t_id="154"/>
</NARRATIVE>
<NARRATIVE m_id="13" Level="Primary" comment="" conversational-direct="FALSE" conversational-reported="FALSE"  >
<token_anchor t_id="155"/>
<token_anchor t_id="156"/>
<token_anchor t_id="157"/>
<token_anchor t_id="158"/>
<token_anchor t_id="159"/>
<token_anchor t_id="160"/>
<token_anchor t_id="161"/>
<token_anchor t_id="162"/>
<token_anchor t_id="163"/>
<token_anchor t_id="164"/>
<token_anchor t_id="165"/>
<token_anchor t_id="166"/>
<token_anchor t_id="167"/>
<token_anchor t_id="168"/>
<token_anchor t_id="169"/>
<token_anchor t_id="170"/>
<token_anchor t_id="171"/>
</NARRATIVE>
<NARRATIVE m_id="14" Level="Primary" comment="" conversational-direct="TRUE" conversational-reported="FALSE"  >
<token_anchor t_id="172"/>
<token_anchor t_id="173"/>
<token_anchor t_id="174"/>
<token_anchor t_id="175"/>
<token_anchor t_id="176"/>
<token_anchor t_id="177"/>
<token_anchor t_id="178"/>
<token_anchor t_id="179"/>
<token_anchor t_id="180"/>
</NARRATIVE>
<NARRATIVE m_id="15" Level="Primary" comment="" conversational-direct="FALSE" conversational-reported="FALSE"  >
<token_anchor t_id="25"/>
<token_anchor t_id="26"/>
<token_anchor t_id="27"/>
<token_anchor t_id="28"/>
<token_anchor t_id="29"/>
<token_anchor t_id="30"/>
<token_anchor t_id="31"/>
<token_anchor t_id="32"/>
<token_anchor t_id="33"/>
<token_anchor t_id="34"/>
<token_anchor t_id="35"/>
<token_anchor t_id="36"/>
<token_anchor t_id="37"/>
<token_anchor t_id="38"/>
<token_anchor t_id="39"/>
<token_anchor t_id="40"/>
<token_anchor t_id="41"/>
<token_anchor t_id="42"/>
<token_anchor t_id="43"/>
<token_anchor t_id="44"/>
<token_anchor t_id="45"/>
<token_anchor t_id="46"/>
<token_anchor t_id="47"/>
<token_anchor t_id="48"/>
<token_anchor t_id="49"/>
<token_anchor t_id="50"/>
<token_anchor t_id="51"/>
<token_anchor t_id="52"/>
<token_anchor t_id="53"/>
<token_anchor t_id="54"/>
<token_anchor t_id="55"/>
<token_anchor t_id="56"/>
<token_anchor t_id="57"/>
<token_anchor t_id="58"/>
<token_anchor t_id="59"/>
</NARRATIVE>
<NARRATIVE m_id="16" Level="Primary" comment="" conversational-direct="FALSE" conversational-reported="FALSE"  >
<token_anchor t_id="60"/>
<token_anchor t_id="61"/>
<token_anchor t_id="62"/>
<token_anchor t_id="63"/>
<token_anchor t_id="64"/>
<token_anchor t_id="65"/>
<token_anchor t_id="66"/>
<token_anchor t_id="67"/>
<token_anchor t_id="68"/>
<token_anchor t_id="69"/>
<token_anchor t_id="70"/>
<token_anchor t_id="71"/>
<token_anchor t_id="72"/>
<token_anchor t_id="73"/>
<token_anchor t_id="74"/>
<token_anchor t_id="75"/>
</NARRATIVE>
<NARRATIVE m_id="17" Level="Primary" comment="" conversational-direct="FALSE" conversational-reported="FALSE"  >
<token_anchor t_id="197"/>
<token_anchor t_id="198"/>
<token_anchor t_id="199"/>
<token_anchor t_id="200"/>
<token_anchor t_id="201"/>
<token_anchor t_id="202"/>
<token_anchor t_id="203"/>
<token_anchor t_id="204"/>
<token_anchor t_id="205"/>
</NARRATIVE>
<NARRATIVE m_id="18" Level="Primary" comment="" conversational-direct="FALSE" conversational-reported="FALSE"  >
<token_anchor t_id="206"/>
<token_anchor t_id="207"/>
<token_anchor t_id="208"/>
<token_anchor t_id="209"/>
<token_anchor t_id="210"/>
<token_anchor t_id="211"/>
<token_anchor t_id="212"/>
<token_anchor t_id="213"/>
</NARRATIVE>
<NARRATIVE m_id="19" Level="Primary" comment="" conversational-direct="FALSE" conversational-reported="TRUE"  >
<token_anchor t_id="281"/>
<token_anchor t_id="282"/>
<token_anchor t_id="283"/>
<token_anchor t_id="284"/>
<token_anchor t_id="285"/>
<token_anchor t_id="286"/>
<token_anchor t_id="287"/>
<token_anchor t_id="288"/>
<token_anchor t_id="289"/>
<token_anchor t_id="290"/>
<token_anchor t_id="291"/>
<token_anchor t_id="292"/>
<token_anchor t_id="293"/>
<token_anchor t_id="294"/>
<token_anchor t_id="295"/>
<token_anchor t_id="296"/>
<token_anchor t_id="297"/>
<token_anchor t_id="298"/>
<token_anchor t_id="299"/>
<token_anchor t_id="300"/>
<token_anchor t_id="301"/>
<token_anchor t_id="302"/>
<token_anchor t_id="303"/>
<token_anchor t_id="304"/>
<token_anchor t_id="305"/>
<token_anchor t_id="306"/>
<token_anchor t_id="307"/>
<token_anchor t_id="308"/>
<token_anchor t_id="309"/>
<token_anchor t_id="310"/>
<token_anchor t_id="311"/>
<token_anchor t_id="312"/>
<token_anchor t_id="313"/>
<token_anchor t_id="314"/>
<token_anchor t_id="315"/>
</NARRATIVE>
<NARRATIVE m_id="20" Level="Primary" comment="" conversational-direct="FALSE" conversational-reported="FALSE"  >
<token_anchor t_id="409"/>
<token_anchor t_id="410"/>
<token_anchor t_id="411"/>
<token_anchor t_id="412"/>
<token_anchor t_id="413"/>
<token_anchor t_id="414"/>
<token_anchor t_id="415"/>
<token_anchor t_id="416"/>
<token_anchor t_id="417"/>
<token_anchor t_id="418"/>
<token_anchor t_id="419"/>
<token_anchor t_id="420"/>
<token_anchor t_id="421"/>
<token_anchor t_id="422"/>
<token_anchor t_id="423"/>
<token_anchor t_id="424"/>
<token_anchor t_id="425"/>
<token_anchor t_id="426"/>
<token_anchor t_id="427"/>
<token_anchor t_id="428"/>
<token_anchor t_id="429"/>
<token_anchor t_id="430"/>
</NARRATIVE>
<NARRATIVE m_id="21" Level="Primary" comment="" conversational-direct="FALSE" conversational-reported="FALSE"  >
<token_anchor t_id="452"/>
<token_anchor t_id="453"/>
<token_anchor t_id="454"/>
<token_anchor t_id="455"/>
<token_anchor t_id="456"/>
<token_anchor t_id="457"/>
<token_anchor t_id="458"/>
<token_anchor t_id="459"/>
<token_anchor t_id="460"/>
<token_anchor t_id="461"/>
<token_anchor t_id="462"/>
<token_anchor t_id="463"/>
<token_anchor t_id="464"/>
<token_anchor t_id="465"/>
<token_anchor t_id="466"/>
<token_anchor t_id="467"/>
<token_anchor t_id="468"/>
</NARRATIVE>
<NARRATIVE m_id="22" Level="" comment="" conversational-direct="FALSE" conversational-reported="FALSE"  >
<token_anchor t_id="1"/>
<token_anchor t_id="2"/>
<token_anchor t_id="3"/>
<token_anchor t_id="4"/>
<token_anchor t_id="5"/>
<token_anchor t_id="6"/>
<token_anchor t_id="7"/>
<token_anchor t_id="8"/>
<token_anchor t_id="9"/>
<token_anchor t_id="10"/>
<token_anchor t_id="11"/>
<token_anchor t_id="12"/>
<token_anchor t_id="13"/>
<token_anchor t_id="14"/>
<token_anchor t_id="15"/>
<token_anchor t_id="16"/>
</NARRATIVE>
<NARRATIVE m_id="23" Level="Primary" comment="" conversational-direct="FALSE" conversational-reported="FALSE"  >
<token_anchor t_id="121"/>
<token_anchor t_id="122"/>
<token_anchor t_id="123"/>
<token_anchor t_id="124"/>
<token_anchor t_id="125"/>
<token_anchor t_id="126"/>
<token_anchor t_id="127"/>
<token_anchor t_id="128"/>
<token_anchor t_id="129"/>
<token_anchor t_id="130"/>
<token_anchor t_id="131"/>
<token_anchor t_id="132"/>
<token_anchor t_id="133"/>
<token_anchor t_id="134"/>
<token_anchor t_id="135"/>
<token_anchor t_id="136"/>
<token_anchor t_id="137"/>
</NARRATIVE>
<NARRATIVE m_id="24" Level="Primary" comment="" conversational-direct="FALSE" conversational-reported="FALSE"  >
<token_anchor t_id="259"/>
<token_anchor t_id="260"/>
<token_anchor t_id="261"/>
<token_anchor t_id="262"/>
<token_anchor t_id="263"/>
<token_anchor t_id="264"/>
<token_anchor t_id="265"/>
<token_anchor t_id="266"/>
<token_anchor t_id="267"/>
<token_anchor t_id="268"/>
</NARRATIVE>
<NARRATIVE m_id="28" Level="Primary" comment="" conversational-direct="FALSE" conversational-reported="FALSE"  >
<token_anchor t_id="76"/>
<token_anchor t_id="77"/>
<token_anchor t_id="78"/>
<token_anchor t_id="79"/>
<token_anchor t_id="80"/>
<token_anchor t_id="81"/>
<token_anchor t_id="82"/>
<token_anchor t_id="83"/>
<token_anchor t_id="84"/>
<token_anchor t_id="85"/>
<token_anchor t_id="86"/>
<token_anchor t_id="87"/>
<token_anchor t_id="88"/>
<token_anchor t_id="89"/>
<token_anchor t_id="90"/>
<token_anchor t_id="91"/>
<token_anchor t_id="92"/>
<token_anchor t_id="93"/>
<token_anchor t_id="94"/>
<token_anchor t_id="95"/>
<token_anchor t_id="96"/>
<token_anchor t_id="97"/>
<token_anchor t_id="98"/>
<token_anchor t_id="99"/>
<token_anchor t_id="100"/>
<token_anchor t_id="101"/>
<token_anchor t_id="102"/>
<token_anchor t_id="103"/>
<token_anchor t_id="104"/>
<token_anchor t_id="105"/>
<token_anchor t_id="106"/>
<token_anchor t_id="107"/>
<token_anchor t_id="108"/>
<token_anchor t_id="109"/>
<token_anchor t_id="110"/>
<token_anchor t_id="111"/>
<token_anchor t_id="112"/>
<token_anchor t_id="113"/>
<token_anchor t_id="114"/>
<token_anchor t_id="115"/>
<token_anchor t_id="116"/>
<token_anchor t_id="117"/>
<token_anchor t_id="118"/>
<token_anchor t_id="119"/>
<token_anchor t_id="120"/>
</NARRATIVE>


</Markables>

<Relations>
</Relations>
</Document>
