<Document doc_name="wsj_0939.xml.conll.txt">
<token t_id="1" sentence="0" number="0">Two</token>
<token t_id="2" sentence="0" number="1">West</token>
<token t_id="3" sentence="0" number="2">German</token>
<token t_id="4" sentence="0" number="3">chemical</token>
<token t_id="5" sentence="0" number="4">companies</token>
<token t_id="6" sentence="0" number="5">announced</token>
<token t_id="7" sentence="0" number="6">steps</token>
<token t_id="8" sentence="0" number="7">that</token>
<token t_id="9" sentence="0" number="8">apparently</token>
<token t_id="10" sentence="0" number="9">are</token>
<token t_id="11" sentence="0" number="10">designed</token>
<token t_id="12" sentence="0" number="11">to</token>
<token t_id="13" sentence="0" number="12">boost</token>
<token t_id="14" sentence="0" number="13">the</token>
<token t_id="15" sentence="0" number="14">chemical</token>
<token t_id="16" sentence="0" number="15">industry</token>
<token t_id="17" sentence="0" number="16">'s</token>
<token t_id="18" sentence="0" number="17">standing</token>
<token t_id="19" sentence="0" number="18">among</token>
<token t_id="20" sentence="0" number="19">environmental</token>
<token t_id="21" sentence="0" number="20">groups</token>
<token t_id="22" sentence="0" number="21">and</token>
<token t_id="23" sentence="0" number="22">the</token>
<token t_id="24" sentence="0" number="23">general</token>
<token t_id="25" sentence="0" number="24">public</token>
<token t_id="26" sentence="0" number="25">.</token>
<token t_id="27" sentence="1" number="0">Hoechst</token>
<token t_id="28" sentence="1" number="1">AG</token>
<token t_id="29" sentence="1" number="2">'s</token>
<token t_id="30" sentence="1" number="3">Chairman</token>
<token t_id="31" sentence="1" number="4">Wolfgang</token>
<token t_id="32" sentence="1" number="5">Hilger</token>
<token t_id="33" sentence="1" number="6">said</token>
<token t_id="34" sentence="1" number="7">the</token>
<token t_id="35" sentence="1" number="8">company</token>
<token t_id="36" sentence="1" number="9">wants</token>
<token t_id="37" sentence="1" number="10">to</token>
<token t_id="38" sentence="1" number="11">have</token>
<token t_id="39" sentence="1" number="12">a</token>
<token t_id="40" sentence="1" number="13">substitute</token>
<token t_id="41" sentence="1" number="14">product</token>
<token t_id="42" sentence="1" number="15">to</token>
<token t_id="43" sentence="1" number="16">completely</token>
<token t_id="44" sentence="1" number="17">replace</token>
<token t_id="45" sentence="1" number="18">ozone</token>
<token t_id="46" sentence="1" number="19">-</token>
<token t_id="47" sentence="1" number="20">damaging</token>
<token t_id="48" sentence="1" number="21">chlorofluorocarbons</token>
<token t_id="49" sentence="1" number="22">by</token>
<token t_id="50" sentence="1" number="23">1995</token>
<token t_id="51" sentence="1" number="24">.</token>
<token t_id="52" sentence="2" number="0">In</token>
<token t_id="53" sentence="2" number="1">April</token>
<token t_id="54" sentence="2" number="2">,</token>
<token t_id="55" sentence="2" number="3">Hoechst</token>
<token t_id="56" sentence="2" number="4">,</token>
<token t_id="57" sentence="2" number="5">the</token>
<token t_id="58" sentence="2" number="6">largest</token>
<token t_id="59" sentence="2" number="7">producer</token>
<token t_id="60" sentence="2" number="8">of</token>
<token t_id="61" sentence="2" number="9">CFCs</token>
<token t_id="62" sentence="2" number="10">in</token>
<token t_id="63" sentence="2" number="11">West</token>
<token t_id="64" sentence="2" number="12">Germany</token>
<token t_id="65" sentence="2" number="13">,</token>
<token t_id="66" sentence="2" number="14">said</token>
<token t_id="67" sentence="2" number="15">it</token>
<token t_id="68" sentence="2" number="16">wanted</token>
<token t_id="69" sentence="2" number="17">to</token>
<token t_id="70" sentence="2" number="18">reduce</token>
<token t_id="71" sentence="2" number="19">production</token>
<token t_id="72" sentence="2" number="20">of</token>
<token t_id="73" sentence="2" number="21">the</token>
<token t_id="74" sentence="2" number="22">product</token>
<token t_id="75" sentence="2" number="23">by</token>
<token t_id="76" sentence="2" number="24">50</token>
<token t_id="77" sentence="2" number="25">%</token>
<token t_id="78" sentence="2" number="26">by</token>
<token t_id="79" sentence="2" number="27">1993</token>
<token t_id="80" sentence="2" number="28">.</token>
<token t_id="81" sentence="3" number="0">Mr</token>
<token t_id="82" sentence="3" number="1">.</token>
<token t_id="83" sentence="3" number="2">Hilger</token>
<token t_id="84" sentence="3" number="3">said</token>
<token t_id="85" sentence="3" number="4">Hoechst</token>
<token t_id="86" sentence="3" number="5">will</token>
<token t_id="87" sentence="3" number="6">invest</token>
<token t_id="88" sentence="3" number="7">50</token>
<token t_id="89" sentence="3" number="8">million</token>
<token t_id="90" sentence="3" number="9">marks</token>
<token t_id="91" sentence="3" number="10">-</token>
<token t_id="92" sentence="3" number="11">LRB</token>
<token t_id="93" sentence="3" number="12">-</token>
<token t_id="94" sentence="3" number="13">$</token>
<token t_id="95" sentence="3" number="14">27</token>
<token t_id="96" sentence="3" number="15">.</token>
<token t_id="97" sentence="3" number="16">2</token>
<token t_id="98" sentence="3" number="17">million</token>
<token t_id="99" sentence="3" number="18">-</token>
<token t_id="100" sentence="3" number="19">RRB</token>
<token t_id="101" sentence="3" number="20">-</token>
<token t_id="102" sentence="3" number="21">in</token>
<token t_id="103" sentence="3" number="22">a</token>
<token t_id="104" sentence="3" number="23">plant</token>
<token t_id="105" sentence="3" number="24">to</token>
<token t_id="106" sentence="3" number="25">make</token>
<token t_id="107" sentence="3" number="26">a</token>
<token t_id="108" sentence="3" number="27">substitute</token>
<token t_id="109" sentence="3" number="28">product</token>
<token t_id="110" sentence="3" number="29">it</token>
<token t_id="111" sentence="3" number="30">has</token>
<token t_id="112" sentence="3" number="31">developed</token>
<token t_id="113" sentence="3" number="32">that</token>
<token t_id="114" sentence="3" number="33">it</token>
<token t_id="115" sentence="3" number="34">says</token>
<token t_id="116" sentence="3" number="35">is</token>
<token t_id="117" sentence="3" number="36">unchlorinated</token>
<token t_id="118" sentence="3" number="37">.</token>
<token t_id="119" sentence="4" number="0">The</token>
<token t_id="120" sentence="4" number="1">company</token>
<token t_id="121" sentence="4" number="2">hopes</token>
<token t_id="122" sentence="4" number="3">the</token>
<token t_id="123" sentence="4" number="4">new</token>
<token t_id="124" sentence="4" number="5">plant</token>
<token t_id="125" sentence="4" number="6">,</token>
<token t_id="126" sentence="4" number="7">likely</token>
<token t_id="127" sentence="4" number="8">to</token>
<token t_id="128" sentence="4" number="9">be</token>
<token t_id="129" sentence="4" number="10">built</token>
<token t_id="130" sentence="4" number="11">in</token>
<token t_id="131" sentence="4" number="12">Frankfurt</token>
<token t_id="132" sentence="4" number="13">,</token>
<token t_id="133" sentence="4" number="14">will</token>
<token t_id="134" sentence="4" number="15">be</token>
<token t_id="135" sentence="4" number="16">able</token>
<token t_id="136" sentence="4" number="17">to</token>
<token t_id="137" sentence="4" number="18">produce</token>
<token t_id="138" sentence="4" number="19">10</token>
<token t_id="139" sentence="4" number="20">,</token>
<token t_id="140" sentence="4" number="21">000</token>
<token t_id="141" sentence="4" number="22">tons</token>
<token t_id="142" sentence="4" number="23">a</token>
<token t_id="143" sentence="4" number="24">year</token>
<token t_id="144" sentence="4" number="25">.</token>
<token t_id="145" sentence="5" number="0">This</token>
<token t_id="146" sentence="5" number="1">year</token>
<token t_id="147" sentence="5" number="2">,</token>
<token t_id="148" sentence="5" number="3">Hoechst</token>
<token t_id="149" sentence="5" number="4">will</token>
<token t_id="150" sentence="5" number="5">produce</token>
<token t_id="151" sentence="5" number="6">about</token>
<token t_id="152" sentence="5" number="7">62</token>
<token t_id="153" sentence="5" number="8">,</token>
<token t_id="154" sentence="5" number="9">000</token>
<token t_id="155" sentence="5" number="10">tons</token>
<token t_id="156" sentence="5" number="11">of</token>
<token t_id="157" sentence="5" number="12">CFCs</token>
<token t_id="158" sentence="5" number="13">in</token>
<token t_id="159" sentence="5" number="14">factories</token>
<token t_id="160" sentence="5" number="15">in</token>
<token t_id="161" sentence="5" number="16">Frankfurt</token>
<token t_id="162" sentence="5" number="17">,</token>
<token t_id="163" sentence="5" number="18">Spain</token>
<token t_id="164" sentence="5" number="19">and</token>
<token t_id="165" sentence="5" number="20">Brazil</token>
<token t_id="166" sentence="5" number="21">.</token>
<token t_id="167" sentence="6" number="0">Of</token>
<token t_id="168" sentence="6" number="1">Hoechst</token>
<token t_id="169" sentence="6" number="2">'s</token>
<token t_id="170" sentence="6" number="3">40</token>
<token t_id="171" sentence="6" number="4">.</token>
<token t_id="172" sentence="6" number="5">9</token>
<token t_id="173" sentence="6" number="6">billion</token>
<token t_id="174" sentence="6" number="7">marks</token>
<token t_id="175" sentence="6" number="8">in</token>
<token t_id="176" sentence="6" number="9">group</token>
<token t_id="177" sentence="6" number="10">sales</token>
<token t_id="178" sentence="6" number="11">in</token>
<token t_id="179" sentence="6" number="12">1988</token>
<token t_id="180" sentence="6" number="13">,</token>
<token t_id="181" sentence="6" number="14">200</token>
<token t_id="182" sentence="6" number="15">million</token>
<token t_id="183" sentence="6" number="16">marks</token>
<token t_id="184" sentence="6" number="17">came</token>
<token t_id="185" sentence="6" number="18">from</token>
<token t_id="186" sentence="6" number="19">sales</token>
<token t_id="187" sentence="6" number="20">of</token>
<token t_id="188" sentence="6" number="21">CFCs</token>
<token t_id="189" sentence="6" number="22">.</token>
<token t_id="190" sentence="7" number="0">Also</token>
<token t_id="191" sentence="7" number="1">,</token>
<token t_id="192" sentence="7" number="2">BASF</token>
<token t_id="193" sentence="7" number="3">AG</token>
<token t_id="194" sentence="7" number="4">,</token>
<token t_id="195" sentence="7" number="5">another</token>
<token t_id="196" sentence="7" number="6">large</token>
<token t_id="197" sentence="7" number="7">chemicals</token>
<token t_id="198" sentence="7" number="8">company</token>
<token t_id="199" sentence="7" number="9">,</token>
<token t_id="200" sentence="7" number="10">said</token>
<token t_id="201" sentence="7" number="11">it</token>
<token t_id="202" sentence="7" number="12">formed</token>
<token t_id="203" sentence="7" number="13">a</token>
<token t_id="204" sentence="7" number="14">separate</token>
<token t_id="205" sentence="7" number="15">division</token>
<token t_id="206" sentence="7" number="16">that</token>
<token t_id="207" sentence="7" number="17">will</token>
<token t_id="208" sentence="7" number="18">study</token>
<token t_id="209" sentence="7" number="19">the</token>
<token t_id="210" sentence="7" number="20">environmental</token>
<token t_id="211" sentence="7" number="21">impact</token>
<token t_id="212" sentence="7" number="22">of</token>
<token t_id="213" sentence="7" number="23">plastics</token>
<token t_id="214" sentence="7" number="24">and</token>
<token t_id="215" sentence="7" number="25">will</token>
<token t_id="216" sentence="7" number="26">investigate</token>
<token t_id="217" sentence="7" number="27">all</token>
<token t_id="218" sentence="7" number="28">possibilities</token>
<token t_id="219" sentence="7" number="29">of</token>
<token t_id="220" sentence="7" number="30">recycling</token>
<token t_id="221" sentence="7" number="31">plastics</token>
<token t_id="222" sentence="7" number="32">.</token>


<Markables>
<ARGUMENTATIVE m_id="22" comment="" conversational-direct="FALSE" conversational-reported="FALSE"  >
<token_anchor t_id="119"/>
<token_anchor t_id="120"/>
<token_anchor t_id="121"/>
</ARGUMENTATIVE>
<DESCRIPTIVE m_id="21" Type="Other" comment="" conversational-direct="FALSE" conversational-reported="FALSE"  >
<token_anchor t_id="116"/>
<token_anchor t_id="117"/>
<token_anchor t_id="118"/>
</DESCRIPTIVE>
<NARRATIVE m_id="9" Level="Primary" comment="" conversational-direct="FALSE" conversational-reported="FALSE"  >
<token_anchor t_id="145"/>
<token_anchor t_id="146"/>
<token_anchor t_id="147"/>
<token_anchor t_id="148"/>
<token_anchor t_id="149"/>
<token_anchor t_id="150"/>
<token_anchor t_id="151"/>
<token_anchor t_id="152"/>
<token_anchor t_id="153"/>
<token_anchor t_id="154"/>
<token_anchor t_id="155"/>
<token_anchor t_id="156"/>
<token_anchor t_id="157"/>
<token_anchor t_id="158"/>
<token_anchor t_id="159"/>
<token_anchor t_id="160"/>
<token_anchor t_id="161"/>
<token_anchor t_id="162"/>
<token_anchor t_id="163"/>
<token_anchor t_id="164"/>
<token_anchor t_id="165"/>
<token_anchor t_id="166"/>
</NARRATIVE>
<NARRATIVE m_id="10" Level="Primary" comment="" conversational-direct="FALSE" conversational-reported="TRUE"  >
<token_anchor t_id="85"/>
<token_anchor t_id="86"/>
<token_anchor t_id="87"/>
<token_anchor t_id="88"/>
<token_anchor t_id="89"/>
<token_anchor t_id="90"/>
<token_anchor t_id="91"/>
<token_anchor t_id="92"/>
<token_anchor t_id="93"/>
<token_anchor t_id="94"/>
<token_anchor t_id="95"/>
<token_anchor t_id="96"/>
<token_anchor t_id="97"/>
<token_anchor t_id="98"/>
<token_anchor t_id="99"/>
<token_anchor t_id="100"/>
<token_anchor t_id="101"/>
<token_anchor t_id="102"/>
<token_anchor t_id="103"/>
<token_anchor t_id="104"/>
</NARRATIVE>
<NARRATIVE m_id="11" Level="Primary" comment="" conversational-direct="FALSE" conversational-reported="TRUE"  >
<token_anchor t_id="105"/>
<token_anchor t_id="106"/>
<token_anchor t_id="107"/>
<token_anchor t_id="108"/>
<token_anchor t_id="109"/>
<token_anchor t_id="110"/>
<token_anchor t_id="111"/>
<token_anchor t_id="112"/>
</NARRATIVE>
<NARRATIVE m_id="12" Level="Primary" comment="" conversational-direct="FALSE" conversational-reported="TRUE"  >
<token_anchor t_id="201"/>
<token_anchor t_id="202"/>
<token_anchor t_id="203"/>
<token_anchor t_id="204"/>
<token_anchor t_id="205"/>
</NARRATIVE>
<NARRATIVE m_id="13" Level="Primary" comment="" conversational-direct="FALSE" conversational-reported="TRUE"  >
<token_anchor t_id="206"/>
<token_anchor t_id="207"/>
<token_anchor t_id="208"/>
<token_anchor t_id="209"/>
<token_anchor t_id="210"/>
<token_anchor t_id="211"/>
<token_anchor t_id="212"/>
<token_anchor t_id="213"/>
</NARRATIVE>
<NARRATIVE m_id="14" Level="Primary" comment="" conversational-direct="FALSE" conversational-reported="TRUE"  >
<token_anchor t_id="214"/>
<token_anchor t_id="215"/>
<token_anchor t_id="216"/>
<token_anchor t_id="217"/>
<token_anchor t_id="218"/>
<token_anchor t_id="219"/>
<token_anchor t_id="220"/>
<token_anchor t_id="221"/>
<token_anchor t_id="222"/>
</NARRATIVE>
<NARRATIVE m_id="15" Level="Primary" comment="" conversational-direct="FALSE" conversational-reported="FALSE"  >
<token_anchor t_id="1"/>
<token_anchor t_id="2"/>
<token_anchor t_id="3"/>
<token_anchor t_id="4"/>
<token_anchor t_id="5"/>
<token_anchor t_id="6"/>
<token_anchor t_id="7"/>
</NARRATIVE>
<NARRATIVE m_id="16" Level="Primary" comment="" conversational-direct="FALSE" conversational-reported="TRUE"  >
<token_anchor t_id="37"/>
<token_anchor t_id="38"/>
<token_anchor t_id="39"/>
<token_anchor t_id="40"/>
<token_anchor t_id="41"/>
</NARRATIVE>
<NARRATIVE m_id="17" Level="Primary" comment="" conversational-direct="FALSE" conversational-reported="TRUE"  >
<token_anchor t_id="42"/>
<token_anchor t_id="43"/>
<token_anchor t_id="44"/>
<token_anchor t_id="45"/>
<token_anchor t_id="46"/>
<token_anchor t_id="47"/>
<token_anchor t_id="48"/>
<token_anchor t_id="49"/>
<token_anchor t_id="50"/>
<token_anchor t_id="51"/>
</NARRATIVE>
<NARRATIVE m_id="18" Level="Primary" comment="" conversational-direct="FALSE" conversational-reported="TRUE"  >
<token_anchor t_id="8"/>
<token_anchor t_id="9"/>
<token_anchor t_id="10"/>
<token_anchor t_id="11"/>
</NARRATIVE>
<NARRATIVE m_id="19" Level="Primary" comment="" conversational-direct="FALSE" conversational-reported="TRUE"  >
<token_anchor t_id="12"/>
<token_anchor t_id="13"/>
<token_anchor t_id="14"/>
<token_anchor t_id="15"/>
<token_anchor t_id="16"/>
<token_anchor t_id="17"/>
<token_anchor t_id="18"/>
<token_anchor t_id="19"/>
<token_anchor t_id="20"/>
<token_anchor t_id="21"/>
<token_anchor t_id="22"/>
<token_anchor t_id="23"/>
<token_anchor t_id="24"/>
<token_anchor t_id="25"/>
<token_anchor t_id="26"/>
</NARRATIVE>
<NARRATIVE m_id="20" Level="Primary" comment="" conversational-direct="FALSE" conversational-reported="TRUE"  >
<token_anchor t_id="34"/>
<token_anchor t_id="35"/>
<token_anchor t_id="36"/>
</NARRATIVE>
<NARRATIVE m_id="23" Level="Primary" comment="" conversational-direct="FALSE" conversational-reported="TRUE"  >
<token_anchor t_id="122"/>
<token_anchor t_id="123"/>
<token_anchor t_id="124"/>
<token_anchor t_id="125"/>
<token_anchor t_id="133"/>
<token_anchor t_id="134"/>
<token_anchor t_id="135"/>
<token_anchor t_id="136"/>
<token_anchor t_id="137"/>
<token_anchor t_id="138"/>
<token_anchor t_id="139"/>
<token_anchor t_id="140"/>
<token_anchor t_id="141"/>
<token_anchor t_id="142"/>
<token_anchor t_id="143"/>
<token_anchor t_id="144"/>
</NARRATIVE>
<NARRATIVE m_id="24" Level="Primary" comment="" conversational-direct="FALSE" conversational-reported="TRUE"  >
<token_anchor t_id="126"/>
<token_anchor t_id="127"/>
<token_anchor t_id="128"/>
<token_anchor t_id="129"/>
<token_anchor t_id="130"/>
<token_anchor t_id="131"/>
<token_anchor t_id="132"/>
</NARRATIVE>
<NARRATIVE m_id="1" Level="Primary" comment="" conversational-direct="FALSE" conversational-reported="TRUE"  >
<token_anchor t_id="113"/>
<token_anchor t_id="114"/>
<token_anchor t_id="115"/>
</NARRATIVE>
<NARRATIVE m_id="2" Level="Primary" comment="" conversational-direct="FALSE" conversational-reported="FALSE"  >
<token_anchor t_id="190"/>
<token_anchor t_id="191"/>
<token_anchor t_id="192"/>
<token_anchor t_id="193"/>
<token_anchor t_id="194"/>
<token_anchor t_id="195"/>
<token_anchor t_id="196"/>
<token_anchor t_id="197"/>
<token_anchor t_id="198"/>
<token_anchor t_id="199"/>
<token_anchor t_id="200"/>
</NARRATIVE>
<NARRATIVE m_id="3" Level="Primary" comment="" conversational-direct="FALSE" conversational-reported="FALSE"  >
<token_anchor t_id="27"/>
<token_anchor t_id="28"/>
<token_anchor t_id="29"/>
<token_anchor t_id="30"/>
<token_anchor t_id="31"/>
<token_anchor t_id="32"/>
<token_anchor t_id="33"/>
</NARRATIVE>
<NARRATIVE m_id="4" Level="Primary" comment="" conversational-direct="FALSE" conversational-reported="FALSE"  >
<token_anchor t_id="52"/>
<token_anchor t_id="53"/>
<token_anchor t_id="54"/>
<token_anchor t_id="55"/>
<token_anchor t_id="56"/>
<token_anchor t_id="57"/>
<token_anchor t_id="58"/>
<token_anchor t_id="59"/>
<token_anchor t_id="60"/>
<token_anchor t_id="61"/>
<token_anchor t_id="62"/>
<token_anchor t_id="63"/>
<token_anchor t_id="64"/>
<token_anchor t_id="65"/>
<token_anchor t_id="66"/>
</NARRATIVE>
<NARRATIVE m_id="5" Level="Primary" comment="" conversational-direct="FALSE" conversational-reported="FALSE"  >
<token_anchor t_id="81"/>
<token_anchor t_id="82"/>
<token_anchor t_id="83"/>
<token_anchor t_id="84"/>
</NARRATIVE>
<NARRATIVE m_id="6" Level="Primary" comment="" conversational-direct="FALSE" conversational-reported="FALSE"  >
<token_anchor t_id="167"/>
<token_anchor t_id="168"/>
<token_anchor t_id="169"/>
<token_anchor t_id="170"/>
<token_anchor t_id="171"/>
<token_anchor t_id="172"/>
<token_anchor t_id="173"/>
<token_anchor t_id="174"/>
<token_anchor t_id="175"/>
<token_anchor t_id="176"/>
<token_anchor t_id="177"/>
<token_anchor t_id="178"/>
<token_anchor t_id="179"/>
<token_anchor t_id="180"/>
<token_anchor t_id="181"/>
<token_anchor t_id="182"/>
<token_anchor t_id="183"/>
<token_anchor t_id="184"/>
<token_anchor t_id="185"/>
<token_anchor t_id="186"/>
<token_anchor t_id="187"/>
<token_anchor t_id="188"/>
<token_anchor t_id="189"/>
</NARRATIVE>
<NARRATIVE m_id="7" Level="Primary" comment="" conversational-direct="FALSE" conversational-reported="TRUE"  >
<token_anchor t_id="67"/>
<token_anchor t_id="68"/>
</NARRATIVE>
<NARRATIVE m_id="8" Level="Primary" comment="" conversational-direct="FALSE" conversational-reported="TRUE"  >
<token_anchor t_id="69"/>
<token_anchor t_id="70"/>
<token_anchor t_id="71"/>
<token_anchor t_id="72"/>
<token_anchor t_id="73"/>
<token_anchor t_id="74"/>
<token_anchor t_id="75"/>
<token_anchor t_id="76"/>
<token_anchor t_id="77"/>
<token_anchor t_id="78"/>
<token_anchor t_id="79"/>
<token_anchor t_id="80"/>
</NARRATIVE>


</Markables>

<Relations>
</Relations>
</Document>
