<Document doc_name="WSJ_20130322_159">
<token t_id="1" sentence="0" number="0">Israeli</token>
<token t_id="2" sentence="0" number="1">Prime</token>
<token t_id="3" sentence="0" number="2">Minister</token>
<token t_id="4" sentence="0" number="3">Benjamin</token>
<token t_id="5" sentence="0" number="4">Netanyahu</token>
<token t_id="6" sentence="0" number="5">apologized</token>
<token t_id="7" sentence="0" number="6">on</token>
<token t_id="8" sentence="0" number="7">Friday</token>
<token t_id="9" sentence="0" number="8">to</token>
<token t_id="10" sentence="0" number="9">Turkish</token>
<token t_id="11" sentence="0" number="10">Prime</token>
<token t_id="12" sentence="0" number="11">Minister</token>
<token t_id="13" sentence="0" number="12">Recep</token>
<token t_id="14" sentence="0" number="13">Tayyip</token>
<token t_id="15" sentence="0" number="14">Erdogan</token>
<token t_id="16" sentence="0" number="15">for</token>
<token t_id="17" sentence="0" number="16">a</token>
<token t_id="18" sentence="0" number="17">raid</token>
<token t_id="19" sentence="0" number="18">on</token>
<token t_id="20" sentence="0" number="19">a</token>
<token t_id="21" sentence="0" number="20">Turkish</token>
<token t_id="22" sentence="0" number="21">flotilla</token>
<token t_id="23" sentence="0" number="22">ship</token>
<token t_id="24" sentence="0" number="23">,</token>
<token t_id="25" sentence="0" number="24">a</token>
<token t_id="26" sentence="0" number="25">move</token>
<token t_id="27" sentence="0" number="26">that</token>
<token t_id="28" sentence="0" number="27">will</token>
<token t_id="29" sentence="0" number="28">help</token>
<token t_id="30" sentence="0" number="29">restore</token>
<token t_id="31" sentence="0" number="30">strained</token>
<token t_id="32" sentence="0" number="31">ties</token>
<token t_id="33" sentence="0" number="32">between</token>
<token t_id="34" sentence="0" number="33">the</token>
<token t_id="35" sentence="0" number="34">countries</token>
<token t_id="36" sentence="0" number="35">.</token>
<token t_id="37" sentence="1" number="36">The</token>
<token t_id="38" sentence="1" number="37">call</token>
<token t_id="39" sentence="1" number="38">,</token>
<token t_id="40" sentence="1" number="39">which</token>
<token t_id="41" sentence="1" number="40">happened</token>
<token t_id="42" sentence="1" number="41">as</token>
<token t_id="43" sentence="1" number="42">President</token>
<token t_id="44" sentence="1" number="43">Barack</token>
<token t_id="45" sentence="1" number="44">Obama</token>
<token t_id="46" sentence="1" number="45">wrapped</token>
<token t_id="47" sentence="1" number="46">up</token>
<token t_id="48" sentence="1" number="47">his</token>
<token t_id="49" sentence="1" number="48">first</token>
<token t_id="50" sentence="1" number="49">presidential</token>
<token t_id="51" sentence="1" number="50">visit</token>
<token t_id="52" sentence="1" number="51">to</token>
<token t_id="53" sentence="1" number="52">Israel</token>
<token t_id="54" sentence="1" number="53">,</token>
<token t_id="55" sentence="1" number="54">was</token>
<token t_id="56" sentence="1" number="55">an</token>
<token t_id="57" sentence="1" number="56">unexpected</token>
<token t_id="58" sentence="1" number="57">outcome</token>
<token t_id="59" sentence="1" number="58">from</token>
<token t_id="60" sentence="1" number="59">a</token>
<token t_id="61" sentence="1" number="60">Mideast</token>
<token t_id="62" sentence="1" number="61">trip</token>
<token t_id="63" sentence="1" number="62">that</token>
<token t_id="64" sentence="1" number="63">seemed</token>
<token t_id="65" sentence="1" number="64">to</token>
<token t_id="66" sentence="1" number="65">yield</token>
<token t_id="67" sentence="1" number="66">few</token>
<token t_id="68" sentence="1" number="67">concrete</token>
<token t_id="69" sentence="1" number="68">steps</token>
<token t_id="70" sentence="1" number="69">.</token>
<token t_id="71" sentence="2" number="70">Mr.</token>
<token t_id="72" sentence="2" number="71">Netanyahu</token>
<token t_id="73" sentence="2" number="72">'s</token>
<token t_id="74" sentence="2" number="73">office</token>
<token t_id="75" sentence="2" number="74">confirmed</token>
<token t_id="76" sentence="2" number="75">that</token>
<token t_id="77" sentence="2" number="76">the</token>
<token t_id="78" sentence="2" number="77">Israeli</token>
<token t_id="79" sentence="2" number="78">leader</token>
<token t_id="80" sentence="2" number="79">,</token>
<token t_id="81" sentence="2" number="80">in</token>
<token t_id="82" sentence="2" number="81">a</token>
<token t_id="83" sentence="2" number="82">conversation</token>
<token t_id="84" sentence="2" number="83">with</token>
<token t_id="85" sentence="2" number="84">Mr.</token>
<token t_id="86" sentence="2" number="85">Erdogan</token>
<token t_id="87" sentence="2" number="86">,</token>
<token t_id="88" sentence="2" number="87">''</token>
<token t_id="89" sentence="2" number="88">agreed</token>
<token t_id="90" sentence="2" number="89">to</token>
<token t_id="91" sentence="2" number="90">restore</token>
<token t_id="92" sentence="2" number="91">normalization</token>
<token t_id="93" sentence="2" number="92">between</token>
<token t_id="94" sentence="2" number="93">Israel</token>
<token t_id="95" sentence="2" number="94">and</token>
<token t_id="96" sentence="2" number="95">Turkey</token>
<token t_id="97" sentence="2" number="96">,</token>
<token t_id="98" sentence="2" number="97">including</token>
<token t_id="99" sentence="2" number="98">the</token>
<token t_id="100" sentence="2" number="99">dispatch</token>
<token t_id="101" sentence="2" number="100">of</token>
<token t_id="102" sentence="2" number="101">ambassadors</token>
<token t_id="103" sentence="2" number="102">and</token>
<token t_id="104" sentence="2" number="103">the</token>
<token t_id="105" sentence="2" number="104">cancellation</token>
<token t_id="106" sentence="2" number="105">of</token>
<token t_id="107" sentence="2" number="106">legal</token>
<token t_id="108" sentence="2" number="107">steps</token>
<token t_id="109" sentence="2" number="108">against</token>
<token t_id="110" sentence="2" number="109">-LSB-</token>
<token t_id="111" sentence="2" number="110">Israeli</token>
<token t_id="112" sentence="2" number="111">Defense</token>
<token t_id="113" sentence="2" number="112">Forces</token>
<token t_id="114" sentence="2" number="113">-RSB-</token>
<token t_id="115" sentence="2" number="114">soldiers</token>
<token t_id="116" sentence="2" number="115">.</token>
<token t_id="117" sentence="2" number="116">''</token>
<token t_id="118" sentence="3" number="117">Mr.</token>
<token t_id="119" sentence="3" number="118">Erdogan</token>
<token t_id="120" sentence="3" number="119">accepted</token>
<token t_id="121" sentence="3" number="120">the</token>
<token t_id="122" sentence="3" number="121">Israeli</token>
<token t_id="123" sentence="3" number="122">apology</token>
<token t_id="124" sentence="3" number="123">,</token>
<token t_id="125" sentence="3" number="124">the</token>
<token t_id="126" sentence="3" number="125">prime</token>
<token t_id="127" sentence="3" number="126">minister</token>
<token t_id="128" sentence="3" number="127">'s</token>
<token t_id="129" sentence="3" number="128">office</token>
<token t_id="130" sentence="3" number="129">said</token>
<token t_id="131" sentence="3" number="130">.</token>
<token t_id="132" sentence="4" number="131">Mr.</token>
<token t_id="133" sentence="4" number="132">Erdogan</token>
<token t_id="134" sentence="4" number="133">has</token>
<token t_id="135" sentence="4" number="134">long</token>
<token t_id="136" sentence="4" number="135">sought</token>
<token t_id="137" sentence="4" number="136">an</token>
<token t_id="138" sentence="4" number="137">apology</token>
<token t_id="139" sentence="4" number="138">for</token>
<token t_id="140" sentence="4" number="139">the</token>
<token t_id="141" sentence="4" number="140">raid</token>
<token t_id="142" sentence="4" number="141">in</token>
<token t_id="143" sentence="4" number="142">May</token>
<token t_id="144" sentence="4" number="143">2010</token>
<token t_id="145" sentence="4" number="144">on</token>
<token t_id="146" sentence="4" number="145">the</token>
<token t_id="147" sentence="4" number="146">Mavi</token>
<token t_id="148" sentence="4" number="147">Marmara</token>
<token t_id="149" sentence="4" number="148">,</token>
<token t_id="150" sentence="4" number="149">which</token>
<token t_id="151" sentence="4" number="150">was</token>
<token t_id="152" sentence="4" number="151">part</token>
<token t_id="153" sentence="4" number="152">of</token>
<token t_id="154" sentence="4" number="153">a</token>
<token t_id="155" sentence="4" number="154">flotilla</token>
<token t_id="156" sentence="4" number="155">that</token>
<token t_id="157" sentence="4" number="156">sought</token>
<token t_id="158" sentence="4" number="157">to</token>
<token t_id="159" sentence="4" number="158">break</token>
<token t_id="160" sentence="4" number="159">Israel</token>
<token t_id="161" sentence="4" number="160">'s</token>
<token t_id="162" sentence="4" number="161">blockade</token>
<token t_id="163" sentence="4" number="162">of</token>
<token t_id="164" sentence="4" number="163">Gaza</token>
<token t_id="165" sentence="4" number="164">.</token>
<token t_id="166" sentence="5" number="165">An</token>
<token t_id="167" sentence="5" number="166">Israeli</token>
<token t_id="168" sentence="5" number="167">raid</token>
<token t_id="169" sentence="5" number="168">on</token>
<token t_id="170" sentence="5" number="169">the</token>
<token t_id="171" sentence="5" number="170">ship</token>
<token t_id="172" sentence="5" number="171">left</token>
<token t_id="173" sentence="5" number="172">nine</token>
<token t_id="174" sentence="5" number="173">passengers</token>
<token t_id="175" sentence="5" number="174">dead</token>
<token t_id="176" sentence="5" number="175">,</token>
<token t_id="177" sentence="5" number="176">all</token>
<token t_id="178" sentence="5" number="177">of</token>
<token t_id="179" sentence="5" number="178">them</token>
<token t_id="180" sentence="5" number="179">Turkish</token>
<token t_id="181" sentence="5" number="180">or</token>
<token t_id="182" sentence="5" number="181">of</token>
<token t_id="183" sentence="5" number="182">Turkish</token>
<token t_id="184" sentence="5" number="183">descent</token>
<token t_id="185" sentence="5" number="184">.</token>
<token t_id="186" sentence="6" number="185">``</token>
<token t_id="187" sentence="6" number="186">In</token>
<token t_id="188" sentence="6" number="187">light</token>
<token t_id="189" sentence="6" number="188">of</token>
<token t_id="190" sentence="6" number="189">the</token>
<token t_id="191" sentence="6" number="190">Israeli</token>
<token t_id="192" sentence="6" number="191">investigation</token>
<token t_id="193" sentence="6" number="192">into</token>
<token t_id="194" sentence="6" number="193">the</token>
<token t_id="195" sentence="6" number="194">incident</token>
<token t_id="196" sentence="6" number="195">,</token>
<token t_id="197" sentence="6" number="196">which</token>
<token t_id="198" sentence="6" number="197">pointed</token>
<token t_id="199" sentence="6" number="198">out</token>
<token t_id="200" sentence="6" number="199">several</token>
<token t_id="201" sentence="6" number="200">operational</token>
<token t_id="202" sentence="6" number="201">errors</token>
<token t_id="203" sentence="6" number="202">,</token>
<token t_id="204" sentence="6" number="203">Prime</token>
<token t_id="205" sentence="6" number="204">Minister</token>
<token t_id="206" sentence="6" number="205">Netanyahu</token>
<token t_id="207" sentence="6" number="206">apologized</token>
<token t_id="208" sentence="6" number="207">to</token>
<token t_id="209" sentence="6" number="208">the</token>
<token t_id="210" sentence="6" number="209">Turkish</token>
<token t_id="211" sentence="6" number="210">people</token>
<token t_id="212" sentence="6" number="211">for</token>
<token t_id="213" sentence="6" number="212">any</token>
<token t_id="214" sentence="6" number="213">errors</token>
<token t_id="215" sentence="6" number="214">that</token>
<token t_id="216" sentence="6" number="215">could</token>
<token t_id="217" sentence="6" number="216">have</token>
<token t_id="218" sentence="6" number="217">led</token>
<token t_id="219" sentence="6" number="218">to</token>
<token t_id="220" sentence="6" number="219">loss</token>
<token t_id="221" sentence="6" number="220">of</token>
<token t_id="222" sentence="6" number="221">life</token>
<token t_id="223" sentence="6" number="222">and</token>
<token t_id="224" sentence="6" number="223">agreed</token>
<token t_id="225" sentence="6" number="224">to</token>
<token t_id="226" sentence="6" number="225">complete</token>
<token t_id="227" sentence="6" number="226">the</token>
<token t_id="228" sentence="6" number="227">agreement</token>
<token t_id="229" sentence="6" number="228">on</token>
<token t_id="230" sentence="6" number="229">compensation</token>
<token t_id="231" sentence="6" number="230">,</token>
<token t_id="232" sentence="6" number="231">''</token>
<token t_id="233" sentence="6" number="232">the</token>
<token t_id="234" sentence="6" number="233">statement</token>
<token t_id="235" sentence="6" number="234">said</token>
<token t_id="236" sentence="6" number="235">.</token>
<token t_id="237" sentence="7" number="236">Mr.</token>
<token t_id="238" sentence="7" number="237">Netanyahu</token>
<token t_id="239" sentence="7" number="238">told</token>
<token t_id="240" sentence="7" number="239">Mr.</token>
<token t_id="241" sentence="7" number="240">Erdogan</token>
<token t_id="242" sentence="7" number="241">that</token>
<token t_id="243" sentence="7" number="242">what</token>
<token t_id="244" sentence="7" number="243">happened</token>
<token t_id="245" sentence="7" number="244">on</token>
<token t_id="246" sentence="7" number="245">board</token>
<token t_id="247" sentence="7" number="246">the</token>
<token t_id="248" sentence="7" number="247">Mavi</token>
<token t_id="249" sentence="7" number="248">Marmara</token>
<token t_id="250" sentence="7" number="249">was</token>
<token t_id="251" sentence="7" number="250">``</token>
<token t_id="252" sentence="7" number="251">unintentional</token>
<token t_id="253" sentence="7" number="252">and</token>
<token t_id="254" sentence="7" number="253">Israel</token>
<token t_id="255" sentence="7" number="254">expresses</token>
<token t_id="256" sentence="7" number="255">regret</token>
<token t_id="257" sentence="7" number="256">over</token>
<token t_id="258" sentence="7" number="257">injuries</token>
<token t_id="259" sentence="7" number="258">and</token>
<token t_id="260" sentence="7" number="259">loss</token>
<token t_id="261" sentence="7" number="260">of</token>
<token t_id="262" sentence="7" number="261">life</token>
<token t_id="263" sentence="7" number="262">,</token>
<token t_id="264" sentence="7" number="263">''</token>
<token t_id="265" sentence="7" number="264">according</token>
<token t_id="266" sentence="7" number="265">to</token>
<token t_id="267" sentence="7" number="266">the</token>
<token t_id="268" sentence="7" number="267">statement</token>
<token t_id="269" sentence="7" number="268">.</token>
<token t_id="270" sentence="8" number="269">Mr.</token>
<token t_id="271" sentence="8" number="270">Obama</token>
<token t_id="272" sentence="8" number="271">said</token>
<token t_id="273" sentence="8" number="272">later</token>
<token t_id="274" sentence="8" number="273">at</token>
<token t_id="275" sentence="8" number="274">a</token>
<token t_id="276" sentence="8" number="275">news</token>
<token t_id="277" sentence="8" number="276">conference</token>
<token t_id="278" sentence="8" number="277">in</token>
<token t_id="279" sentence="8" number="278">Amman</token>
<token t_id="280" sentence="8" number="279">that</token>
<token t_id="281" sentence="8" number="280">he</token>
<token t_id="282" sentence="8" number="281">had</token>
<token t_id="283" sentence="8" number="282">spoken</token>
<token t_id="284" sentence="8" number="283">to</token>
<token t_id="285" sentence="8" number="284">both</token>
<token t_id="286" sentence="8" number="285">leaders</token>
<token t_id="287" sentence="8" number="286">over</token>
<token t_id="288" sentence="8" number="287">the</token>
<token t_id="289" sentence="8" number="288">past</token>
<token t_id="290" sentence="8" number="289">two</token>
<token t_id="291" sentence="8" number="290">years</token>
<token t_id="292" sentence="8" number="291">about</token>
<token t_id="293" sentence="8" number="292">how</token>
<token t_id="294" sentence="8" number="293">it</token>
<token t_id="295" sentence="8" number="294">was</token>
<token t_id="296" sentence="8" number="295">in</token>
<token t_id="297" sentence="8" number="296">the</token>
<token t_id="298" sentence="8" number="297">interests</token>
<token t_id="299" sentence="8" number="298">of</token>
<token t_id="300" sentence="8" number="299">both</token>
<token t_id="301" sentence="8" number="300">countries</token>
<token t_id="302" sentence="8" number="301">to</token>
<token t_id="303" sentence="8" number="302">restore</token>
<token t_id="304" sentence="8" number="303">normal</token>
<token t_id="305" sentence="8" number="304">relations</token>
<token t_id="306" sentence="8" number="305">.</token>
<token t_id="307" sentence="9" number="306">He</token>
<token t_id="308" sentence="9" number="307">said</token>
<token t_id="309" sentence="9" number="308">he</token>
<token t_id="310" sentence="9" number="309">discussed</token>
<token t_id="311" sentence="9" number="310">the</token>
<token t_id="312" sentence="9" number="311">issue</token>
<token t_id="313" sentence="9" number="312">with</token>
<token t_id="314" sentence="9" number="313">Mr.</token>
<token t_id="315" sentence="9" number="314">Netanyahu</token>
<token t_id="316" sentence="9" number="315">during</token>
<token t_id="317" sentence="9" number="316">his</token>
<token t_id="318" sentence="9" number="317">visit</token>
<token t_id="319" sentence="9" number="318">to</token>
<token t_id="320" sentence="9" number="319">Israel</token>
<token t_id="321" sentence="9" number="320">this</token>
<token t_id="322" sentence="9" number="321">week</token>
<token t_id="323" sentence="9" number="322">,</token>
<token t_id="324" sentence="9" number="323">and</token>
<token t_id="325" sentence="9" number="324">that</token>
<token t_id="326" sentence="9" number="325">they</token>
<token t_id="327" sentence="9" number="326">agreed</token>
<token t_id="328" sentence="9" number="327">the</token>
<token t_id="329" sentence="9" number="328">timing</token>
<token t_id="330" sentence="9" number="329">was</token>
<token t_id="331" sentence="9" number="330">good</token>
<token t_id="332" sentence="9" number="331">for</token>
<token t_id="333" sentence="9" number="332">a</token>
<token t_id="334" sentence="9" number="333">discussion</token>
<token t_id="335" sentence="9" number="334">with</token>
<token t_id="336" sentence="9" number="335">the</token>
<token t_id="337" sentence="9" number="336">Turkish</token>
<token t_id="338" sentence="9" number="337">leader</token>
<token t_id="339" sentence="9" number="338">.</token>
<token t_id="340" sentence="10" number="339">The</token>
<token t_id="341" sentence="10" number="340">incident</token>
<token t_id="342" sentence="10" number="341">was</token>
<token t_id="343" sentence="10" number="342">a</token>
<token t_id="344" sentence="10" number="343">subject</token>
<token t_id="345" sentence="10" number="344">of</token>
<token t_id="346" sentence="10" number="345">talks</token>
<token t_id="347" sentence="10" number="346">between</token>
<token t_id="348" sentence="10" number="347">Mr.</token>
<token t_id="349" sentence="10" number="348">Netanyahu</token>
<token t_id="350" sentence="10" number="349">and</token>
<token t_id="351" sentence="10" number="350">President</token>
<token t_id="352" sentence="10" number="351">Barack</token>
<token t_id="353" sentence="10" number="352">Obama</token>
<token t_id="354" sentence="10" number="353">during</token>
<token t_id="355" sentence="10" number="354">the</token>
<token t_id="356" sentence="10" number="355">president</token>
<token t_id="357" sentence="10" number="356">'s</token>
<token t_id="358" sentence="10" number="357">trip</token>
<token t_id="359" sentence="10" number="358">to</token>
<token t_id="360" sentence="10" number="359">Israel</token>
<token t_id="361" sentence="10" number="360">this</token>
<token t_id="362" sentence="10" number="361">week</token>
<token t_id="363" sentence="10" number="362">,</token>
<token t_id="364" sentence="10" number="363">officials</token>
<token t_id="365" sentence="10" number="364">said</token>
<token t_id="366" sentence="10" number="365">.</token>


<Markables>
<ARGUMENTATIVE m_id="25" comment="" conversational-direct="TRUE" conversational-reported="FALSE"  >
<token_anchor t_id="253"/>
<token_anchor t_id="254"/>
<token_anchor t_id="255"/>
<token_anchor t_id="256"/>
<token_anchor t_id="257"/>
<token_anchor t_id="258"/>
<token_anchor t_id="259"/>
<token_anchor t_id="260"/>
<token_anchor t_id="261"/>
<token_anchor t_id="262"/>
<token_anchor t_id="263"/>
<token_anchor t_id="264"/>
</ARGUMENTATIVE>
<ARGUMENTATIVE m_id="33" comment="" conversational-direct="FALSE" conversational-reported="FALSE"  >
<token_anchor t_id="25"/>
<token_anchor t_id="26"/>
<token_anchor t_id="27"/>
<token_anchor t_id="28"/>
<token_anchor t_id="29"/>
</ARGUMENTATIVE>
<ARGUMENTATIVE m_id="34" comment="" conversational-direct="FALSE" conversational-reported="FALSE"  >
<token_anchor t_id="30"/>
<token_anchor t_id="31"/>
<token_anchor t_id="32"/>
<token_anchor t_id="33"/>
<token_anchor t_id="34"/>
<token_anchor t_id="35"/>
<token_anchor t_id="36"/>
</ARGUMENTATIVE>
<NARRATIVE m_id="9" Level="Primary" comment="" conversational-direct="FALSE" conversational-reported="TRUE"  >
<token_anchor t_id="309"/>
<token_anchor t_id="310"/>
<token_anchor t_id="311"/>
<token_anchor t_id="312"/>
<token_anchor t_id="313"/>
<token_anchor t_id="314"/>
<token_anchor t_id="315"/>
<token_anchor t_id="316"/>
<token_anchor t_id="317"/>
<token_anchor t_id="318"/>
<token_anchor t_id="319"/>
<token_anchor t_id="320"/>
<token_anchor t_id="321"/>
<token_anchor t_id="322"/>
<token_anchor t_id="323"/>
</NARRATIVE>
<NARRATIVE m_id="10" Level="Primary" comment="" conversational-direct="FALSE" conversational-reported="TRUE"  >
<token_anchor t_id="324"/>
<token_anchor t_id="325"/>
<token_anchor t_id="326"/>
<token_anchor t_id="327"/>
</NARRATIVE>
<NARRATIVE m_id="11" Level="Primary" comment="" conversational-direct="FALSE" conversational-reported="TRUE"  >
<token_anchor t_id="340"/>
<token_anchor t_id="341"/>
<token_anchor t_id="342"/>
<token_anchor t_id="343"/>
<token_anchor t_id="344"/>
<token_anchor t_id="345"/>
<token_anchor t_id="346"/>
<token_anchor t_id="347"/>
<token_anchor t_id="348"/>
<token_anchor t_id="349"/>
<token_anchor t_id="350"/>
<token_anchor t_id="351"/>
<token_anchor t_id="352"/>
<token_anchor t_id="353"/>
<token_anchor t_id="354"/>
<token_anchor t_id="355"/>
<token_anchor t_id="356"/>
<token_anchor t_id="357"/>
<token_anchor t_id="358"/>
<token_anchor t_id="359"/>
<token_anchor t_id="360"/>
<token_anchor t_id="361"/>
<token_anchor t_id="362"/>
<token_anchor t_id="363"/>
</NARRATIVE>
<NARRATIVE m_id="12" Level="Primary" comment="" conversational-direct="FALSE" conversational-reported="FALSE"  >
<token_anchor t_id="158"/>
<token_anchor t_id="159"/>
<token_anchor t_id="160"/>
<token_anchor t_id="161"/>
<token_anchor t_id="162"/>
<token_anchor t_id="163"/>
<token_anchor t_id="164"/>
<token_anchor t_id="165"/>
</NARRATIVE>
<NARRATIVE m_id="13" Level="Primary" comment="" conversational-direct="TRUE" conversational-reported="FALSE"  >
<token_anchor t_id="197"/>
<token_anchor t_id="198"/>
<token_anchor t_id="199"/>
<token_anchor t_id="200"/>
<token_anchor t_id="201"/>
<token_anchor t_id="202"/>
<token_anchor t_id="203"/>
</NARRATIVE>
<NARRATIVE m_id="14" Level="Primary" comment="" conversational-direct="FALSE" conversational-reported="TRUE"  >
<token_anchor t_id="292"/>
<token_anchor t_id="293"/>
<token_anchor t_id="294"/>
<token_anchor t_id="295"/>
<token_anchor t_id="296"/>
<token_anchor t_id="297"/>
<token_anchor t_id="298"/>
<token_anchor t_id="299"/>
<token_anchor t_id="300"/>
<token_anchor t_id="301"/>
</NARRATIVE>
<NARRATIVE m_id="15" Level="Primary" comment="" conversational-direct="FALSE" conversational-reported="TRUE"  >
<token_anchor t_id="302"/>
<token_anchor t_id="303"/>
<token_anchor t_id="304"/>
<token_anchor t_id="305"/>
<token_anchor t_id="306"/>
</NARRATIVE>
<NARRATIVE m_id="16" Level="Primary" comment="" conversational-direct="FALSE" conversational-reported="TRUE"  >
<token_anchor t_id="328"/>
<token_anchor t_id="329"/>
<token_anchor t_id="330"/>
<token_anchor t_id="331"/>
<token_anchor t_id="332"/>
<token_anchor t_id="333"/>
<token_anchor t_id="334"/>
<token_anchor t_id="335"/>
<token_anchor t_id="336"/>
<token_anchor t_id="337"/>
<token_anchor t_id="338"/>
<token_anchor t_id="339"/>
</NARRATIVE>
<NARRATIVE m_id="17" Level="Primary" comment="" conversational-direct="FALSE" conversational-reported="FALSE"  >
<token_anchor t_id="40"/>
<token_anchor t_id="41"/>
</NARRATIVE>
<NARRATIVE m_id="18" Level="Primary" comment="" conversational-direct="FALSE" conversational-reported="FALSE"  >
<token_anchor t_id="42"/>
<token_anchor t_id="43"/>
<token_anchor t_id="44"/>
<token_anchor t_id="45"/>
<token_anchor t_id="46"/>
<token_anchor t_id="47"/>
<token_anchor t_id="48"/>
<token_anchor t_id="49"/>
<token_anchor t_id="50"/>
<token_anchor t_id="51"/>
<token_anchor t_id="52"/>
<token_anchor t_id="53"/>
<token_anchor t_id="54"/>
</NARRATIVE>
<NARRATIVE m_id="19" Level="Primary" comment="" conversational-direct="FALSE" conversational-reported="FALSE"  >
<token_anchor t_id="37"/>
<token_anchor t_id="38"/>
<token_anchor t_id="39"/>
<token_anchor t_id="55"/>
<token_anchor t_id="56"/>
<token_anchor t_id="57"/>
<token_anchor t_id="58"/>
<token_anchor t_id="59"/>
<token_anchor t_id="60"/>
<token_anchor t_id="61"/>
<token_anchor t_id="62"/>
<token_anchor t_id="63"/>
<token_anchor t_id="64"/>
</NARRATIVE>
<NARRATIVE m_id="20" Level="Primary" comment="" conversational-direct="FALSE" conversational-reported="FALSE"  >
<token_anchor t_id="65"/>
<token_anchor t_id="66"/>
<token_anchor t_id="67"/>
<token_anchor t_id="68"/>
<token_anchor t_id="69"/>
<token_anchor t_id="70"/>
</NARRATIVE>
<NARRATIVE m_id="21" Level="Primary" comment="" conversational-direct="FALSE" conversational-reported="FALSE"  >
<token_anchor t_id="237"/>
<token_anchor t_id="238"/>
<token_anchor t_id="239"/>
<token_anchor t_id="240"/>
<token_anchor t_id="241"/>
</NARRATIVE>
<NARRATIVE m_id="22" Level="Primary" comment="" conversational-direct="FALSE" conversational-reported="TRUE"  >
<token_anchor t_id="242"/>
<token_anchor t_id="243"/>
<token_anchor t_id="244"/>
<token_anchor t_id="245"/>
<token_anchor t_id="246"/>
<token_anchor t_id="247"/>
<token_anchor t_id="248"/>
<token_anchor t_id="249"/>
<token_anchor t_id="250"/>
<token_anchor t_id="251"/>
<token_anchor t_id="252"/>
</NARRATIVE>
<NARRATIVE m_id="23" Level="Primary" comment="" conversational-direct="FALSE" conversational-reported="FALSE"  >
<token_anchor t_id="132"/>
<token_anchor t_id="133"/>
<token_anchor t_id="134"/>
<token_anchor t_id="135"/>
<token_anchor t_id="136"/>
<token_anchor t_id="137"/>
<token_anchor t_id="138"/>
<token_anchor t_id="139"/>
<token_anchor t_id="140"/>
<token_anchor t_id="141"/>
<token_anchor t_id="142"/>
<token_anchor t_id="143"/>
<token_anchor t_id="144"/>
<token_anchor t_id="145"/>
<token_anchor t_id="146"/>
<token_anchor t_id="147"/>
<token_anchor t_id="148"/>
<token_anchor t_id="149"/>
</NARRATIVE>
<NARRATIVE m_id="24" Level="Primary" comment="" conversational-direct="FALSE" conversational-reported="FALSE"  >
<token_anchor t_id="150"/>
<token_anchor t_id="151"/>
<token_anchor t_id="152"/>
<token_anchor t_id="153"/>
<token_anchor t_id="154"/>
<token_anchor t_id="155"/>
<token_anchor t_id="156"/>
<token_anchor t_id="157"/>
</NARRATIVE>
<NARRATIVE m_id="26" Level="Primary" comment="" conversational-direct="TRUE" conversational-reported="FALSE"  >
<token_anchor t_id="90"/>
<token_anchor t_id="91"/>
<token_anchor t_id="92"/>
<token_anchor t_id="93"/>
<token_anchor t_id="94"/>
<token_anchor t_id="95"/>
<token_anchor t_id="96"/>
<token_anchor t_id="97"/>
<token_anchor t_id="98"/>
<token_anchor t_id="99"/>
<token_anchor t_id="100"/>
<token_anchor t_id="101"/>
<token_anchor t_id="102"/>
<token_anchor t_id="103"/>
<token_anchor t_id="104"/>
<token_anchor t_id="105"/>
<token_anchor t_id="106"/>
<token_anchor t_id="107"/>
<token_anchor t_id="108"/>
<token_anchor t_id="109"/>
<token_anchor t_id="110"/>
<token_anchor t_id="111"/>
<token_anchor t_id="112"/>
<token_anchor t_id="113"/>
<token_anchor t_id="114"/>
<token_anchor t_id="115"/>
<token_anchor t_id="116"/>
<token_anchor t_id="117"/>
</NARRATIVE>
<NARRATIVE m_id="27" Level="Primary" comment="" conversational-direct="TRUE" conversational-reported="FALSE"  >
<token_anchor t_id="186"/>
<token_anchor t_id="187"/>
<token_anchor t_id="188"/>
<token_anchor t_id="189"/>
<token_anchor t_id="190"/>
<token_anchor t_id="191"/>
<token_anchor t_id="192"/>
<token_anchor t_id="193"/>
<token_anchor t_id="194"/>
<token_anchor t_id="195"/>
<token_anchor t_id="196"/>
<token_anchor t_id="204"/>
<token_anchor t_id="205"/>
<token_anchor t_id="206"/>
<token_anchor t_id="207"/>
<token_anchor t_id="208"/>
<token_anchor t_id="209"/>
<token_anchor t_id="210"/>
<token_anchor t_id="211"/>
<token_anchor t_id="212"/>
<token_anchor t_id="213"/>
<token_anchor t_id="214"/>
<token_anchor t_id="215"/>
<token_anchor t_id="216"/>
<token_anchor t_id="217"/>
<token_anchor t_id="218"/>
<token_anchor t_id="219"/>
<token_anchor t_id="220"/>
<token_anchor t_id="221"/>
<token_anchor t_id="222"/>
</NARRATIVE>
<NARRATIVE m_id="28" Level="Primary" comment="" conversational-direct="TRUE" conversational-reported="FALSE"  >
<token_anchor t_id="223"/>
<token_anchor t_id="224"/>
</NARRATIVE>
<NARRATIVE m_id="29" Level="Primary" comment="" conversational-direct="TRUE" conversational-reported="FALSE"  >
<token_anchor t_id="225"/>
<token_anchor t_id="226"/>
<token_anchor t_id="227"/>
<token_anchor t_id="228"/>
<token_anchor t_id="229"/>
<token_anchor t_id="230"/>
<token_anchor t_id="231"/>
<token_anchor t_id="232"/>
</NARRATIVE>
<NARRATIVE m_id="30" Level="Primary" comment="" conversational-direct="FALSE" conversational-reported="TRUE"  >
<token_anchor t_id="118"/>
<token_anchor t_id="119"/>
<token_anchor t_id="120"/>
<token_anchor t_id="121"/>
<token_anchor t_id="122"/>
<token_anchor t_id="123"/>
<token_anchor t_id="124"/>
</NARRATIVE>
<NARRATIVE m_id="31" Level="Primary" comment="" conversational-direct="FALSE" conversational-reported="FALSE"  >
<token_anchor t_id="1"/>
<token_anchor t_id="2"/>
<token_anchor t_id="3"/>
<token_anchor t_id="4"/>
<token_anchor t_id="5"/>
<token_anchor t_id="6"/>
<token_anchor t_id="7"/>
<token_anchor t_id="8"/>
<token_anchor t_id="9"/>
<token_anchor t_id="10"/>
<token_anchor t_id="11"/>
<token_anchor t_id="12"/>
<token_anchor t_id="13"/>
<token_anchor t_id="14"/>
<token_anchor t_id="15"/>
<token_anchor t_id="16"/>
<token_anchor t_id="17"/>
<token_anchor t_id="18"/>
<token_anchor t_id="19"/>
<token_anchor t_id="20"/>
<token_anchor t_id="21"/>
<token_anchor t_id="22"/>
<token_anchor t_id="23"/>
<token_anchor t_id="24"/>
</NARRATIVE>
<NARRATIVE m_id="32" Level="Primary" comment="" conversational-direct="FALSE" conversational-reported="TRUE"  >
<token_anchor t_id="76"/>
<token_anchor t_id="77"/>
<token_anchor t_id="78"/>
<token_anchor t_id="79"/>
<token_anchor t_id="80"/>
<token_anchor t_id="81"/>
<token_anchor t_id="82"/>
<token_anchor t_id="83"/>
<token_anchor t_id="84"/>
<token_anchor t_id="85"/>
<token_anchor t_id="86"/>
<token_anchor t_id="87"/>
<token_anchor t_id="88"/>
<token_anchor t_id="89"/>
</NARRATIVE>
<NARRATIVE m_id="1" Level="Primary" comment="" conversational-direct="FALSE" conversational-reported="FALSE"  >
<token_anchor t_id="270"/>
<token_anchor t_id="271"/>
<token_anchor t_id="272"/>
<token_anchor t_id="273"/>
<token_anchor t_id="274"/>
<token_anchor t_id="275"/>
<token_anchor t_id="276"/>
<token_anchor t_id="277"/>
<token_anchor t_id="278"/>
<token_anchor t_id="279"/>
</NARRATIVE>
<NARRATIVE m_id="2" Level="Primary" comment="" conversational-direct="FALSE" conversational-reported="FALSE"  >
<token_anchor t_id="307"/>
<token_anchor t_id="308"/>
</NARRATIVE>
<NARRATIVE m_id="3" Level="Primary" comment="" conversational-direct="FALSE" conversational-reported="FALSE"  >
<token_anchor t_id="364"/>
<token_anchor t_id="365"/>
<token_anchor t_id="366"/>
</NARRATIVE>
<NARRATIVE m_id="35" Level="Primary" comment="" conversational-direct="FALSE" conversational-reported="FALSE"  >
<token_anchor t_id="166"/>
<token_anchor t_id="167"/>
<token_anchor t_id="168"/>
<token_anchor t_id="169"/>
<token_anchor t_id="170"/>
<token_anchor t_id="171"/>
<token_anchor t_id="172"/>
<token_anchor t_id="173"/>
<token_anchor t_id="174"/>
<token_anchor t_id="175"/>
<token_anchor t_id="176"/>
<token_anchor t_id="177"/>
<token_anchor t_id="178"/>
<token_anchor t_id="179"/>
<token_anchor t_id="180"/>
<token_anchor t_id="181"/>
<token_anchor t_id="182"/>
<token_anchor t_id="183"/>
<token_anchor t_id="184"/>
<token_anchor t_id="185"/>
</NARRATIVE>
<NARRATIVE m_id="4" Level="Primary" comment="" conversational-direct="FALSE" conversational-reported="FALSE"  >
<token_anchor t_id="71"/>
<token_anchor t_id="72"/>
<token_anchor t_id="73"/>
<token_anchor t_id="74"/>
<token_anchor t_id="75"/>
</NARRATIVE>
<NARRATIVE m_id="5" Level="Primary" comment="" conversational-direct="FALSE" conversational-reported="FALSE"  >
<token_anchor t_id="125"/>
<token_anchor t_id="126"/>
<token_anchor t_id="127"/>
<token_anchor t_id="128"/>
<token_anchor t_id="129"/>
<token_anchor t_id="130"/>
<token_anchor t_id="131"/>
</NARRATIVE>
<NARRATIVE m_id="6" Level="Primary" comment="" conversational-direct="FALSE" conversational-reported="FALSE"  >
<token_anchor t_id="233"/>
<token_anchor t_id="234"/>
<token_anchor t_id="235"/>
<token_anchor t_id="236"/>
</NARRATIVE>
<NARRATIVE m_id="7" Level="Primary" comment="" conversational-direct="FALSE" conversational-reported="FALSE"  >
<token_anchor t_id="265"/>
<token_anchor t_id="266"/>
<token_anchor t_id="267"/>
<token_anchor t_id="268"/>
<token_anchor t_id="269"/>
</NARRATIVE>
<NARRATIVE m_id="8" Level="Primary" comment="" conversational-direct="FALSE" conversational-reported="TRUE"  >
<token_anchor t_id="280"/>
<token_anchor t_id="281"/>
<token_anchor t_id="282"/>
<token_anchor t_id="283"/>
<token_anchor t_id="284"/>
<token_anchor t_id="285"/>
<token_anchor t_id="286"/>
<token_anchor t_id="287"/>
<token_anchor t_id="288"/>
<token_anchor t_id="289"/>
<token_anchor t_id="290"/>
<token_anchor t_id="291"/>
</NARRATIVE>


</Markables>

<Relations>
</Relations>
</Document>
