<Document doc_name="wsj_0804.xml.conll.txt">
<token t_id="1" sentence="0" number="0">An</token>
<token t_id="2" sentence="0" number="1">enormous</token>
<token t_id="3" sentence="0" number="2">turtle</token>
<token t_id="4" sentence="0" number="3">has</token>
<token t_id="5" sentence="0" number="4">succeeded</token>
<token t_id="6" sentence="0" number="5">where</token>
<token t_id="7" sentence="0" number="6">the</token>
<token t_id="8" sentence="0" number="7">government</token>
<token t_id="9" sentence="0" number="8">has</token>
<token t_id="10" sentence="0" number="9">failed</token>
<token t_id="11" sentence="0" number="10">:</token>
<token t_id="12" sentence="0" number="11">He</token>
<token t_id="13" sentence="0" number="12">has</token>
<token t_id="14" sentence="0" number="13">made</token>
<token t_id="15" sentence="0" number="14">speaking</token>
<token t_id="16" sentence="0" number="15">Filipino</token>
<token t_id="17" sentence="0" number="16">respectable</token>
<token t_id="18" sentence="0" number="17">.</token>
<token t_id="19" sentence="1" number="0">The</token>
<token t_id="20" sentence="1" number="1">6</token>
<token t_id="21" sentence="1" number="2">1</token>
<token t_id="22" sentence="1" number="3">\</token>
<token t_id="23" sentence="1" number="4">/</token>
<token t_id="24" sentence="1" number="5">2</token>
<token t_id="25" sentence="1" number="6">-</token>
<token t_id="26" sentence="1" number="7">foot</token>
<token t_id="27" sentence="1" number="8">-</token>
<token t_id="28" sentence="1" number="9">tall</token>
<token t_id="29" sentence="1" number="10">turtle</token>
<token t_id="30" sentence="1" number="11">,</token>
<token t_id="31" sentence="1" number="12">Pong</token>
<token t_id="32" sentence="1" number="13">Pagong</token>
<token t_id="33" sentence="1" number="14">,</token>
<token t_id="34" sentence="1" number="15">is</token>
<token t_id="35" sentence="1" number="16">a</token>
<token t_id="36" sentence="1" number="17">character</token>
<token t_id="37" sentence="1" number="18">who</token>
<token t_id="38" sentence="1" number="19">stars</token>
<token t_id="39" sentence="1" number="20">in</token>
<token t_id="40" sentence="1" number="21">the</token>
<token t_id="41" sentence="1" number="22">children</token>
<token t_id="42" sentence="1" number="23">'s</token>
<token t_id="43" sentence="1" number="24">television</token>
<token t_id="44" sentence="1" number="25">show</token>
<token t_id="45" sentence="1" number="26">``</token>
<token t_id="46" sentence="1" number="27">Batibot</token>
<token t_id="47" sentence="1" number="28">.</token>
<token t_id="48" sentence="1" number="29">''</token>
<token t_id="49" sentence="2" number="0">He</token>
<token t_id="50" sentence="2" number="1">speaks</token>
<token t_id="51" sentence="2" number="2">only</token>
<token t_id="52" sentence="2" number="3">in</token>
<token t_id="53" sentence="2" number="4">Filipino</token>
<token t_id="54" sentence="2" number="5">.</token>
<token t_id="55" sentence="3" number="0">``</token>
<token t_id="56" sentence="3" number="1">Batibot</token>
<token t_id="57" sentence="3" number="2">,</token>
<token t_id="58" sentence="3" number="3">''</token>
<token t_id="59" sentence="3" number="4">which</token>
<token t_id="60" sentence="3" number="5">started</token>
<token t_id="61" sentence="3" number="6">in</token>
<token t_id="62" sentence="3" number="7">1983</token>
<token t_id="63" sentence="3" number="8">as</token>
<token t_id="64" sentence="3" number="9">a</token>
<token t_id="65" sentence="3" number="10">hybrid</token>
<token t_id="66" sentence="3" number="11">of</token>
<token t_id="67" sentence="3" number="12">the</token>
<token t_id="68" sentence="3" number="13">U</token>
<token t_id="69" sentence="3" number="14">.</token>
<token t_id="70" sentence="3" number="15">S</token>
<token t_id="71" sentence="3" number="16">.</token>
<token t_id="72" sentence="3" number="17">program</token>
<token t_id="73" sentence="3" number="18">``</token>
<token t_id="74" sentence="3" number="19">Sesame</token>
<token t_id="75" sentence="3" number="20">Street</token>
<token t_id="76" sentence="3" number="21">,</token>
<token t_id="77" sentence="3" number="22">''</token>
<token t_id="78" sentence="3" number="23">has</token>
<token t_id="79" sentence="3" number="24">developed</token>
<token t_id="80" sentence="3" number="25">into</token>
<token t_id="81" sentence="3" number="26">a</token>
<token t_id="82" sentence="3" number="27">distinctly</token>
<token t_id="83" sentence="3" number="28">Philippine</token>
<token t_id="84" sentence="3" number="29">effort</token>
<token t_id="85" sentence="3" number="30">.</token>
<token t_id="86" sentence="4" number="0">Radio</token>
<token t_id="87" sentence="4" number="1">programs</token>
<token t_id="88" sentence="4" number="2">and</token>
<token t_id="89" sentence="4" number="3">books</token>
<token t_id="90" sentence="4" number="4">have</token>
<token t_id="91" sentence="4" number="5">followed</token>
<token t_id="92" sentence="4" number="6">the</token>
<token t_id="93" sentence="4" number="7">daily</token>
<token t_id="94" sentence="4" number="8">television</token>
<token t_id="95" sentence="4" number="9">show</token>
<token t_id="96" sentence="4" number="10">.</token>
<token t_id="97" sentence="5" number="0">In</token>
<token t_id="98" sentence="5" number="1">the</token>
<token t_id="99" sentence="5" number="2">process</token>
<token t_id="100" sentence="5" number="3">,</token>
<token t_id="101" sentence="5" number="4">``</token>
<token t_id="102" sentence="5" number="5">Batibot</token>
<token t_id="103" sentence="5" number="6">,</token>
<token t_id="104" sentence="5" number="7">''</token>
<token t_id="105" sentence="5" number="8">an</token>
<token t_id="106" sentence="5" number="9">archaic</token>
<token t_id="107" sentence="5" number="10">Filipino</token>
<token t_id="108" sentence="5" number="11">word</token>
<token t_id="109" sentence="5" number="12">meaning</token>
<token t_id="110" sentence="5" number="13">``</token>
<token t_id="111" sentence="5" number="14">strong</token>
<token t_id="112" sentence="5" number="15">''</token>
<token t_id="113" sentence="5" number="16">or</token>
<token t_id="114" sentence="5" number="17">``</token>
<token t_id="115" sentence="5" number="18">enduring</token>
<token t_id="116" sentence="5" number="19">,</token>
<token t_id="117" sentence="5" number="20">''</token>
<token t_id="118" sentence="5" number="21">has</token>
<token t_id="119" sentence="5" number="22">become</token>
<token t_id="120" sentence="5" number="23">a</token>
<token t_id="121" sentence="5" number="24">powerful</token>
<token t_id="122" sentence="5" number="25">advocate</token>
<token t_id="123" sentence="5" number="26">of</token>
<token t_id="124" sentence="5" number="27">the</token>
<token t_id="125" sentence="5" number="28">use</token>
<token t_id="126" sentence="5" number="29">of</token>
<token t_id="127" sentence="5" number="30">the</token>
<token t_id="128" sentence="5" number="31">Filipino</token>
<token t_id="129" sentence="5" number="32">language</token>
<token t_id="130" sentence="5" number="33">.</token>
<token t_id="131" sentence="6" number="0">``</token>
<token t_id="132" sentence="6" number="1">It</token>
<token t_id="133" sentence="6" number="2">impresses</token>
<token t_id="134" sentence="6" number="3">on</token>
<token t_id="135" sentence="6" number="4">ordinary</token>
<token t_id="136" sentence="6" number="5">,</token>
<token t_id="137" sentence="6" number="6">young</token>
<token t_id="138" sentence="6" number="7">Filipinos</token>
<token t_id="139" sentence="6" number="8">that</token>
<token t_id="140" sentence="6" number="9">there</token>
<token t_id="141" sentence="6" number="10">'s</token>
<token t_id="142" sentence="6" number="11">nothing</token>
<token t_id="143" sentence="6" number="12">to</token>
<token t_id="144" sentence="6" number="13">feel</token>
<token t_id="145" sentence="6" number="14">inferior</token>
<token t_id="146" sentence="6" number="15">about</token>
<token t_id="147" sentence="6" number="16">in</token>
<token t_id="148" sentence="6" number="17">using</token>
<token t_id="149" sentence="6" number="18">their</token>
<token t_id="150" sentence="6" number="19">own</token>
<token t_id="151" sentence="6" number="20">language</token>
<token t_id="152" sentence="6" number="21">,</token>
<token t_id="153" sentence="6" number="22">''</token>
<token t_id="154" sentence="6" number="23">says</token>
<token t_id="155" sentence="6" number="24">Randy</token>
<token t_id="156" sentence="6" number="25">David</token>
<token t_id="157" sentence="6" number="26">,</token>
<token t_id="158" sentence="6" number="27">a</token>
<token t_id="159" sentence="6" number="28">sociologist</token>
<token t_id="160" sentence="6" number="29">and</token>
<token t_id="161" sentence="6" number="30">host</token>
<token t_id="162" sentence="6" number="31">of</token>
<token t_id="163" sentence="6" number="32">a</token>
<token t_id="164" sentence="6" number="33">popular</token>
<token t_id="165" sentence="6" number="34">television</token>
<token t_id="166" sentence="6" number="35">talk</token>
<token t_id="167" sentence="6" number="36">show</token>
<token t_id="168" sentence="6" number="37">.</token>
<token t_id="169" sentence="7" number="0">``</token>
<token t_id="170" sentence="7" number="1">When</token>
<token t_id="171" sentence="7" number="2">we</token>
<token t_id="172" sentence="7" number="3">started</token>
<token t_id="173" sentence="7" number="4">the</token>
<token t_id="174" sentence="7" number="5">program</token>
<token t_id="175" sentence="7" number="6">six</token>
<token t_id="176" sentence="7" number="7">years</token>
<token t_id="177" sentence="7" number="8">ago</token>
<token t_id="178" sentence="7" number="9">,</token>
<token t_id="179" sentence="7" number="10">the</token>
<token t_id="180" sentence="7" number="11">use</token>
<token t_id="181" sentence="7" number="12">of</token>
<token t_id="182" sentence="7" number="13">Filipino</token>
<token t_id="183" sentence="7" number="14">was</token>
<token t_id="184" sentence="7" number="15">deemed</token>
<token t_id="185" sentence="7" number="16">unwise</token>
<token t_id="186" sentence="7" number="17">by</token>
<token t_id="187" sentence="7" number="18">the</token>
<token t_id="188" sentence="7" number="19">predominantly</token>
<token t_id="189" sentence="7" number="20">middle</token>
<token t_id="190" sentence="7" number="21">class</token>
<token t_id="191" sentence="7" number="22">,</token>
<token t_id="192" sentence="7" number="23">''</token>
<token t_id="193" sentence="7" number="24">says</token>
<token t_id="194" sentence="7" number="25">Lydia</token>
<token t_id="195" sentence="7" number="26">Brown</token>
<token t_id="196" sentence="7" number="27">,</token>
<token t_id="197" sentence="7" number="28">the</token>
<token t_id="198" sentence="7" number="29">program</token>
<token t_id="199" sentence="7" number="30">'s</token>
<token t_id="200" sentence="7" number="31">creator</token>
<token t_id="201" sentence="7" number="32">.</token>
<token t_id="202" sentence="8" number="0">Now</token>
<token t_id="203" sentence="8" number="1">,</token>
<token t_id="204" sentence="8" number="2">she</token>
<token t_id="205" sentence="8" number="3">says</token>
<token t_id="206" sentence="8" number="4">,</token>
<token t_id="207" sentence="8" number="5">``</token>
<token t_id="208" sentence="8" number="6">it</token>
<token t_id="209" sentence="8" number="7">'s</token>
<token t_id="210" sentence="8" number="8">no</token>
<token t_id="211" sentence="8" number="9">longer</token>
<token t_id="212" sentence="8" number="10">an</token>
<token t_id="213" sentence="8" number="11">issue</token>
<token t_id="214" sentence="8" number="12">.</token>
<token t_id="215" sentence="8" number="13">''</token>
<token t_id="216" sentence="9" number="0">The</token>
<token t_id="217" sentence="9" number="1">success</token>
<token t_id="218" sentence="9" number="2">of</token>
<token t_id="219" sentence="9" number="3">``</token>
<token t_id="220" sentence="9" number="4">Batibot</token>
<token t_id="221" sentence="9" number="5">''</token>
<token t_id="222" sentence="9" number="6">stands</token>
<token t_id="223" sentence="9" number="7">in</token>
<token t_id="224" sentence="9" number="8">marked</token>
<token t_id="225" sentence="9" number="9">contrast</token>
<token t_id="226" sentence="9" number="10">to</token>
<token t_id="227" sentence="9" number="11">many</token>
<token t_id="228" sentence="9" number="12">academic</token>
<token t_id="229" sentence="9" number="13">and</token>
<token t_id="230" sentence="9" number="14">government</token>
<token t_id="231" sentence="9" number="15">attempts</token>
<token t_id="232" sentence="9" number="16">to</token>
<token t_id="233" sentence="9" number="17">promote</token>
<token t_id="234" sentence="9" number="18">Filipino</token>
<token t_id="235" sentence="9" number="19">as</token>
<token t_id="236" sentence="9" number="20">a</token>
<token t_id="237" sentence="9" number="21">national</token>
<token t_id="238" sentence="9" number="22">language</token>
<token t_id="239" sentence="9" number="23">.</token>
<token t_id="240" sentence="10" number="0">Filipino</token>
<token t_id="241" sentence="10" number="1">-</token>
<token t_id="242" sentence="10" number="2">-</token>
<token t_id="243" sentence="10" number="3">once</token>
<token t_id="244" sentence="10" number="4">known</token>
<token t_id="245" sentence="10" number="5">as</token>
<token t_id="246" sentence="10" number="6">Pilipino</token>
<token t_id="247" sentence="10" number="7">-</token>
<token t_id="248" sentence="10" number="8">-</token>
<token t_id="249" sentence="10" number="9">is</token>
<token t_id="250" sentence="10" number="10">predominantly</token>
<token t_id="251" sentence="10" number="11">Tagalog</token>
<token t_id="252" sentence="10" number="12">,</token>
<token t_id="253" sentence="10" number="13">the</token>
<token t_id="254" sentence="10" number="14">Malay</token>
<token t_id="255" sentence="10" number="15">-</token>
<token t_id="256" sentence="10" number="16">based</token>
<token t_id="257" sentence="10" number="17">language</token>
<token t_id="258" sentence="10" number="18">spoken</token>
<token t_id="259" sentence="10" number="19">in</token>
<token t_id="260" sentence="10" number="20">a</token>
<token t_id="261" sentence="10" number="21">part</token>
<token t_id="262" sentence="10" number="22">of</token>
<token t_id="263" sentence="10" number="23">the</token>
<token t_id="264" sentence="10" number="24">country</token>
<token t_id="265" sentence="10" number="25">'s</token>
<token t_id="266" sentence="10" number="26">principal</token>
<token t_id="267" sentence="10" number="27">island</token>
<token t_id="268" sentence="10" number="28">of</token>
<token t_id="269" sentence="10" number="29">Luzon</token>
<token t_id="270" sentence="10" number="30">.</token>
<token t_id="271" sentence="11" number="0">Resistance</token>
<token t_id="272" sentence="11" number="1">to</token>
<token t_id="273" sentence="11" number="2">a</token>
<token t_id="274" sentence="11" number="3">national</token>
<token t_id="275" sentence="11" number="4">language</token>
<token t_id="276" sentence="11" number="5">comes</token>
<token t_id="277" sentence="11" number="6">primarily</token>
<token t_id="278" sentence="11" number="7">from</token>
<token t_id="279" sentence="11" number="8">members</token>
<token t_id="280" sentence="11" number="9">of</token>
<token t_id="281" sentence="11" number="10">the</token>
<token t_id="282" sentence="11" number="11">country</token>
<token t_id="283" sentence="11" number="12">'s</token>
<token t_id="284" sentence="11" number="13">elite</token>
<token t_id="285" sentence="11" number="14">,</token>
<token t_id="286" sentence="11" number="15">who</token>
<token t_id="287" sentence="11" number="16">generally</token>
<token t_id="288" sentence="11" number="17">prefer</token>
<token t_id="289" sentence="11" number="18">English</token>
<token t_id="290" sentence="11" number="19">.</token>
<token t_id="291" sentence="12" number="0">But</token>
<token t_id="292" sentence="12" number="1">while</token>
<token t_id="293" sentence="12" number="2">better</token>
<token t_id="294" sentence="12" number="3">-</token>
<token t_id="295" sentence="12" number="4">off</token>
<token t_id="296" sentence="12" number="5">Filipinos</token>
<token t_id="297" sentence="12" number="6">are</token>
<token t_id="298" sentence="12" number="7">quick</token>
<token t_id="299" sentence="12" number="8">to</token>
<token t_id="300" sentence="12" number="9">cite</token>
<token t_id="301" sentence="12" number="10">the</token>
<token t_id="302" sentence="12" number="11">logic</token>
<token t_id="303" sentence="12" number="12">in</token>
<token t_id="304" sentence="12" number="13">using</token>
<token t_id="305" sentence="12" number="14">a</token>
<token t_id="306" sentence="12" number="15">language</token>
<token t_id="307" sentence="12" number="16">as</token>
<token t_id="308" sentence="12" number="17">widespread</token>
<token t_id="309" sentence="12" number="18">as</token>
<token t_id="310" sentence="12" number="19">English</token>
<token t_id="311" sentence="12" number="20">,</token>
<token t_id="312" sentence="12" number="21">they</token>
<token t_id="313" sentence="12" number="22">are</token>
<token t_id="314" sentence="12" number="23">often</token>
<token t_id="315" sentence="12" number="24">slow</token>
<token t_id="316" sentence="12" number="25">to</token>
<token t_id="317" sentence="12" number="26">reveal</token>
<token t_id="318" sentence="12" number="27">that</token>
<token t_id="319" sentence="12" number="28">they</token>
<token t_id="320" sentence="12" number="29">are</token>
<token t_id="321" sentence="12" number="30">prejudiced</token>
<token t_id="322" sentence="12" number="31">against</token>
<token t_id="323" sentence="12" number="32">Filipino</token>
<token t_id="324" sentence="12" number="33">,</token>
<token t_id="325" sentence="12" number="34">say</token>
<token t_id="326" sentence="12" number="35">advocates</token>
<token t_id="327" sentence="12" number="36">of</token>
<token t_id="328" sentence="12" number="37">the</token>
<token t_id="329" sentence="12" number="38">native</token>
<token t_id="330" sentence="12" number="39">language</token>
<token t_id="331" sentence="12" number="40">.</token>
<token t_id="332" sentence="13" number="0">``</token>
<token t_id="333" sentence="13" number="1">For</token>
<token t_id="334" sentence="13" number="2">the</token>
<token t_id="335" sentence="13" number="3">middle</token>
<token t_id="336" sentence="13" number="4">and</token>
<token t_id="337" sentence="13" number="5">upper</token>
<token t_id="338" sentence="13" number="6">-</token>
<token t_id="339" sentence="13" number="7">middle</token>
<token t_id="340" sentence="13" number="8">class</token>
<token t_id="341" sentence="13" number="9">-</token>
<token t_id="342" sentence="13" number="10">LCB</token>
<token t_id="343" sentence="13" number="11">-</token>
<token t_id="344" sentence="13" number="12">Filipino</token>
<token t_id="345" sentence="13" number="13">-</token>
<token t_id="346" sentence="13" number="14">RCB</token>
<token t_id="347" sentence="13" number="15">-</token>
<token t_id="348" sentence="13" number="16">is</token>
<token t_id="349" sentence="13" number="17">declasse</token>
<token t_id="350" sentence="13" number="18">,</token>
<token t_id="351" sentence="13" number="19">''</token>
<token t_id="352" sentence="13" number="20">says</token>
<token t_id="353" sentence="13" number="21">Bien</token>
<token t_id="354" sentence="13" number="22">Lumbera</token>
<token t_id="355" sentence="13" number="23">,</token>
<token t_id="356" sentence="13" number="24">a</token>
<token t_id="357" sentence="13" number="25">Philippine</token>
<token t_id="358" sentence="13" number="26">-</token>
<token t_id="359" sentence="13" number="27">studies</token>
<token t_id="360" sentence="13" number="28">professor</token>
<token t_id="361" sentence="13" number="29">at</token>
<token t_id="362" sentence="13" number="30">Quezon</token>
<token t_id="363" sentence="13" number="31">City</token>
<token t_id="364" sentence="13" number="32">'s</token>
<token t_id="365" sentence="13" number="33">University</token>
<token t_id="366" sentence="13" number="34">of</token>
<token t_id="367" sentence="13" number="35">the</token>
<token t_id="368" sentence="13" number="36">Philippines</token>
<token t_id="369" sentence="13" number="37">.</token>
<token t_id="370" sentence="14" number="0">There</token>
<token t_id="371" sentence="14" number="1">'s</token>
<token t_id="372" sentence="14" number="2">also</token>
<token t_id="373" sentence="14" number="3">resentment</token>
<token t_id="374" sentence="14" number="4">.</token>
<token t_id="375" sentence="15" number="0">Other</token>
<token t_id="376" sentence="15" number="1">opponents</token>
<token t_id="377" sentence="15" number="2">of</token>
<token t_id="378" sentence="15" number="3">Filipino</token>
<token t_id="379" sentence="15" number="4">come</token>
<token t_id="380" sentence="15" number="5">from</token>
<token t_id="381" sentence="15" number="6">non</token>
<token t_id="382" sentence="15" number="7">-</token>
<token t_id="383" sentence="15" number="8">Tagalog</token>
<token t_id="384" sentence="15" number="9">regions</token>
<token t_id="385" sentence="15" number="10">.</token>
<token t_id="386" sentence="16" number="0">They</token>
<token t_id="387" sentence="16" number="1">argue</token>
<token t_id="388" sentence="16" number="2">that</token>
<token t_id="389" sentence="16" number="3">their</token>
<token t_id="390" sentence="16" number="4">own</token>
<token t_id="391" sentence="16" number="5">languages</token>
<token t_id="392" sentence="16" number="6">should</token>
<token t_id="393" sentence="16" number="7">have</token>
<token t_id="394" sentence="16" number="8">equal</token>
<token t_id="395" sentence="16" number="9">weight</token>
<token t_id="396" sentence="16" number="10">,</token>
<token t_id="397" sentence="16" number="11">although</token>
<token t_id="398" sentence="16" number="12">recent</token>
<token t_id="399" sentence="16" number="13">surveys</token>
<token t_id="400" sentence="16" number="14">indicate</token>
<token t_id="401" sentence="16" number="15">that</token>
<token t_id="402" sentence="16" number="16">the</token>
<token t_id="403" sentence="16" number="17">majority</token>
<token t_id="404" sentence="16" number="18">of</token>
<token t_id="405" sentence="16" number="19">the</token>
<token t_id="406" sentence="16" number="20">country</token>
<token t_id="407" sentence="16" number="21">'s</token>
<token t_id="408" sentence="16" number="22">population</token>
<token t_id="409" sentence="16" number="23">understands</token>
<token t_id="410" sentence="16" number="24">Filipino</token>
<token t_id="411" sentence="16" number="25">more</token>
<token t_id="412" sentence="16" number="26">than</token>
<token t_id="413" sentence="16" number="27">any</token>
<token t_id="414" sentence="16" number="28">other</token>
<token t_id="415" sentence="16" number="29">language</token>
<token t_id="416" sentence="16" number="30">.</token>
<token t_id="417" sentence="17" number="0">-</token>
<token t_id="418" sentence="17" number="1">LRB</token>
<token t_id="419" sentence="17" number="2">-</token>
<token t_id="420" sentence="17" number="3">There</token>
<token t_id="421" sentence="17" number="4">are</token>
<token t_id="422" sentence="17" number="5">seven</token>
<token t_id="423" sentence="17" number="6">major</token>
<token t_id="424" sentence="17" number="7">languages</token>
<token t_id="425" sentence="17" number="8">and</token>
<token t_id="426" sentence="17" number="9">more</token>
<token t_id="427" sentence="17" number="10">than</token>
<token t_id="428" sentence="17" number="11">70</token>
<token t_id="429" sentence="17" number="12">dialects</token>
<token t_id="430" sentence="17" number="13">in</token>
<token t_id="431" sentence="17" number="14">the</token>
<token t_id="432" sentence="17" number="15">country</token>
<token t_id="433" sentence="17" number="16">.</token>
<token t_id="434" sentence="17" number="17">-</token>
<token t_id="435" sentence="17" number="18">RRB</token>
<token t_id="436" sentence="17" number="19">-</token>
<token t_id="437" sentence="18" number="0">What</token>
<token t_id="438" sentence="18" number="1">tongue</token>
<token t_id="439" sentence="18" number="2">to</token>
<token t_id="440" sentence="18" number="3">speak</token>
<token t_id="441" sentence="18" number="4">is</token>
<token t_id="442" sentence="18" number="5">an</token>
<token t_id="443" sentence="18" number="6">emotional</token>
<token t_id="444" sentence="18" number="7">mine</token>
<token t_id="445" sentence="18" number="8">field</token>
<token t_id="446" sentence="18" number="9">in</token>
<token t_id="447" sentence="18" number="10">the</token>
<token t_id="448" sentence="18" number="11">Philippines</token>
<token t_id="449" sentence="18" number="12">.</token>
<token t_id="450" sentence="19" number="0">It</token>
<token t_id="451" sentence="19" number="1">is</token>
<token t_id="452" sentence="19" number="2">entrenched</token>
<token t_id="453" sentence="19" number="3">in</token>
<token t_id="454" sentence="19" number="4">the</token>
<token t_id="455" sentence="19" number="5">country</token>
<token t_id="456" sentence="19" number="6">'s</token>
<token t_id="457" sentence="19" number="7">colonial</token>
<token t_id="458" sentence="19" number="8">bonds</token>
<token t_id="459" sentence="19" number="9">to</token>
<token t_id="460" sentence="19" number="10">the</token>
<token t_id="461" sentence="19" number="11">U</token>
<token t_id="462" sentence="19" number="12">.</token>
<token t_id="463" sentence="19" number="13">S</token>
<token t_id="464" sentence="19" number="14">.</token>
<token t_id="465" sentence="19" number="15">,</token>
<token t_id="466" sentence="19" number="16">in</token>
<token t_id="467" sentence="19" number="17">Philippine</token>
<token t_id="468" sentence="19" number="18">class</token>
<token t_id="469" sentence="19" number="19">structure</token>
<token t_id="470" sentence="19" number="20">,</token>
<token t_id="471" sentence="19" number="21">in</token>
<token t_id="472" sentence="19" number="22">the</token>
<token t_id="473" sentence="19" number="23">regional</token>
<token t_id="474" sentence="19" number="24">loyalties</token>
<token t_id="475" sentence="19" number="25">of</token>
<token t_id="476" sentence="19" number="26">its</token>
<token t_id="477" sentence="19" number="27">people</token>
<token t_id="478" sentence="19" number="28">and</token>
<token t_id="479" sentence="19" number="29">in</token>
<token t_id="480" sentence="19" number="30">its</token>
<token t_id="481" sentence="19" number="31">island</token>
<token t_id="482" sentence="19" number="32">geography</token>
<token t_id="483" sentence="19" number="33">.</token>
<token t_id="484" sentence="20" number="0">As</token>
<token t_id="485" sentence="20" number="1">they</token>
<token t_id="486" sentence="20" number="2">did</token>
<token t_id="487" sentence="20" number="3">when</token>
<token t_id="488" sentence="20" number="4">the</token>
<token t_id="489" sentence="20" number="5">Philippines</token>
<token t_id="490" sentence="20" number="6">was</token>
<token t_id="491" sentence="20" number="7">a</token>
<token t_id="492" sentence="20" number="8">colony</token>
<token t_id="493" sentence="20" number="9">of</token>
<token t_id="494" sentence="20" number="10">the</token>
<token t_id="495" sentence="20" number="11">U</token>
<token t_id="496" sentence="20" number="12">.</token>
<token t_id="497" sentence="20" number="13">S</token>
<token t_id="498" sentence="20" number="14">.</token>
<token t_id="499" sentence="20" number="15">,</token>
<token t_id="500" sentence="20" number="16">teachers</token>
<token t_id="501" sentence="20" number="17">for</token>
<token t_id="502" sentence="20" number="18">the</token>
<token t_id="503" sentence="20" number="19">most</token>
<token t_id="504" sentence="20" number="20">part</token>
<token t_id="505" sentence="20" number="21">teach</token>
<token t_id="506" sentence="20" number="22">in</token>
<token t_id="507" sentence="20" number="23">English</token>
<token t_id="508" sentence="20" number="24">,</token>
<token t_id="509" sentence="20" number="25">even</token>
<token t_id="510" sentence="20" number="26">though</token>
<token t_id="511" sentence="20" number="27">it</token>
<token t_id="512" sentence="20" number="28">is</token>
<token t_id="513" sentence="20" number="29">a</token>
<token t_id="514" sentence="20" number="30">foreign</token>
<token t_id="515" sentence="20" number="31">language</token>
<token t_id="516" sentence="20" number="32">for</token>
<token t_id="517" sentence="20" number="33">most</token>
<token t_id="518" sentence="20" number="34">Philippine</token>
<token t_id="519" sentence="20" number="35">children</token>
<token t_id="520" sentence="20" number="36">.</token>
<token t_id="521" sentence="21" number="0">As</token>
<token t_id="522" sentence="21" number="1">a</token>
<token t_id="523" sentence="21" number="2">result</token>
<token t_id="524" sentence="21" number="3">,</token>
<token t_id="525" sentence="21" number="4">they</token>
<token t_id="526" sentence="21" number="5">often</token>
<token t_id="527" sentence="21" number="6">speak</token>
<token t_id="528" sentence="21" number="7">one</token>
<token t_id="529" sentence="21" number="8">language</token>
<token t_id="530" sentence="21" number="9">at</token>
<token t_id="531" sentence="21" number="10">home</token>
<token t_id="532" sentence="21" number="11">,</token>
<token t_id="533" sentence="21" number="12">another</token>
<token t_id="534" sentence="21" number="13">at</token>
<token t_id="535" sentence="21" number="14">school</token>
<token t_id="536" sentence="21" number="15">.</token>
<token t_id="537" sentence="22" number="0">Mrs</token>
<token t_id="538" sentence="22" number="1">.</token>
<token t_id="539" sentence="22" number="2">Brown</token>
<token t_id="540" sentence="22" number="3">calls</token>
<token t_id="541" sentence="22" number="4">the</token>
<token t_id="542" sentence="22" number="5">modern</token>
<token t_id="543" sentence="22" number="6">-</token>
<token t_id="544" sentence="22" number="7">day</token>
<token t_id="545" sentence="22" number="8">cultural</token>
<token t_id="546" sentence="22" number="9">ambivalence</token>
<token t_id="547" sentence="22" number="10">to</token>
<token t_id="548" sentence="22" number="11">Filipino</token>
<token t_id="549" sentence="22" number="12">a</token>
<token t_id="550" sentence="22" number="13">``</token>
<token t_id="551" sentence="22" number="14">language</token>
<token t_id="552" sentence="22" number="15">schizophrenia</token>
<token t_id="553" sentence="22" number="16">.</token>
<token t_id="554" sentence="22" number="17">''</token>
<token t_id="555" sentence="23" number="0">The</token>
<token t_id="556" sentence="23" number="1">issue</token>
<token t_id="557" sentence="23" number="2">has</token>
<token t_id="558" sentence="23" number="3">been</token>
<token t_id="559" sentence="23" number="4">simmering</token>
<token t_id="560" sentence="23" number="5">for</token>
<token t_id="561" sentence="23" number="6">years</token>
<token t_id="562" sentence="23" number="7">.</token>
<token t_id="563" sentence="24" number="0">It</token>
<token t_id="564" sentence="24" number="1">does</token>
<token t_id="565" sentence="24" number="2">n't</token>
<token t_id="566" sentence="24" number="3">take</token>
<token t_id="567" sentence="24" number="4">much</token>
<token t_id="568" sentence="24" number="5">to</token>
<token t_id="569" sentence="24" number="6">provoke</token>
<token t_id="570" sentence="24" number="7">an</token>
<token t_id="571" sentence="24" number="8">intense</token>
<token t_id="572" sentence="24" number="9">debate</token>
<token t_id="573" sentence="24" number="10">.</token>
<token t_id="574" sentence="25" number="0">When</token>
<token t_id="575" sentence="25" number="1">President</token>
<token t_id="576" sentence="25" number="2">Corazon</token>
<token t_id="577" sentence="25" number="3">Aquino</token>
<token t_id="578" sentence="25" number="4">,</token>
<token t_id="579" sentence="25" number="5">whose</token>
<token t_id="580" sentence="25" number="6">command</token>
<token t_id="581" sentence="25" number="7">of</token>
<token t_id="582" sentence="25" number="8">Filipino</token>
<token t_id="583" sentence="25" number="9">is</token>
<token t_id="584" sentence="25" number="10">spotty</token>
<token t_id="585" sentence="25" number="11">,</token>
<token t_id="586" sentence="25" number="12">announced</token>
<token t_id="587" sentence="25" number="13">last</token>
<token t_id="588" sentence="25" number="14">year</token>
<token t_id="589" sentence="25" number="15">that</token>
<token t_id="590" sentence="25" number="16">the</token>
<token t_id="591" sentence="25" number="17">language</token>
<token t_id="592" sentence="25" number="18">would</token>
<token t_id="593" sentence="25" number="19">be</token>
<token t_id="594" sentence="25" number="20">used</token>
<token t_id="595" sentence="25" number="21">in</token>
<token t_id="596" sentence="25" number="22">official</token>
<token t_id="597" sentence="25" number="23">communications</token>
<token t_id="598" sentence="25" number="24">,</token>
<token t_id="599" sentence="25" number="25">there</token>
<token t_id="600" sentence="25" number="26">was</token>
<token t_id="601" sentence="25" number="27">an</token>
<token t_id="602" sentence="25" number="28">uproar</token>
<token t_id="603" sentence="25" number="29">from</token>
<token t_id="604" sentence="25" number="30">many</token>
<token t_id="605" sentence="25" number="31">legislators</token>
<token t_id="606" sentence="25" number="32">,</token>
<token t_id="607" sentence="25" number="33">who</token>
<token t_id="608" sentence="25" number="34">continue</token>
<token t_id="609" sentence="25" number="35">to</token>
<token t_id="610" sentence="25" number="36">conduct</token>
<token t_id="611" sentence="25" number="37">debates</token>
<token t_id="612" sentence="25" number="38">mostly</token>
<token t_id="613" sentence="25" number="39">in</token>
<token t_id="614" sentence="25" number="40">English</token>
<token t_id="615" sentence="25" number="41">.</token>
<token t_id="616" sentence="26" number="0">But</token>
<token t_id="617" sentence="26" number="1">many</token>
<token t_id="618" sentence="26" number="2">proponents</token>
<token t_id="619" sentence="26" number="3">of</token>
<token t_id="620" sentence="26" number="4">Filipino</token>
<token t_id="621" sentence="26" number="5">see</token>
<token t_id="622" sentence="26" number="6">resistance</token>
<token t_id="623" sentence="26" number="7">to</token>
<token t_id="624" sentence="26" number="8">the</token>
<token t_id="625" sentence="26" number="9">language</token>
<token t_id="626" sentence="26" number="10">finally</token>
<token t_id="627" sentence="26" number="11">crumbling</token>
<token t_id="628" sentence="26" number="12">.</token>
<token t_id="629" sentence="27" number="0">They</token>
<token t_id="630" sentence="27" number="1">believe</token>
<token t_id="631" sentence="27" number="2">the</token>
<token t_id="632" sentence="27" number="3">media</token>
<token t_id="633" sentence="27" number="4">,</token>
<token t_id="634" sentence="27" number="5">including</token>
<token t_id="635" sentence="27" number="6">``</token>
<token t_id="636" sentence="27" number="7">Batibot</token>
<token t_id="637" sentence="27" number="8">,</token>
<token t_id="638" sentence="27" number="9">''</token>
<token t_id="639" sentence="27" number="10">have</token>
<token t_id="640" sentence="27" number="11">played</token>
<token t_id="641" sentence="27" number="12">a</token>
<token t_id="642" sentence="27" number="13">crucial</token>
<token t_id="643" sentence="27" number="14">role</token>
<token t_id="644" sentence="27" number="15">.</token>
<token t_id="645" sentence="28" number="0">According</token>
<token t_id="646" sentence="28" number="1">to</token>
<token t_id="647" sentence="28" number="2">chief</token>
<token t_id="648" sentence="28" number="3">scriptwriter</token>
<token t_id="649" sentence="28" number="4">Rene</token>
<token t_id="650" sentence="28" number="5">Villanueva</token>
<token t_id="651" sentence="28" number="6">,</token>
<token t_id="652" sentence="28" number="7">``</token>
<token t_id="653" sentence="28" number="8">Batibot</token>
<token t_id="654" sentence="28" number="9">''</token>
<token t_id="655" sentence="28" number="10">does</token>
<token t_id="656" sentence="28" number="11">n't</token>
<token t_id="657" sentence="28" number="12">set</token>
<token t_id="658" sentence="28" number="13">out</token>
<token t_id="659" sentence="28" number="14">to</token>
<token t_id="660" sentence="28" number="15">advance</token>
<token t_id="661" sentence="28" number="16">the</token>
<token t_id="662" sentence="28" number="17">cause</token>
<token t_id="663" sentence="28" number="18">of</token>
<token t_id="664" sentence="28" number="19">Filipino</token>
<token t_id="665" sentence="28" number="20">.</token>
<token t_id="666" sentence="29" number="0">``</token>
<token t_id="667" sentence="29" number="1">It</token>
<token t_id="668" sentence="29" number="2">'s</token>
<token t_id="669" sentence="29" number="3">not</token>
<token t_id="670" sentence="29" number="4">as</token>
<token t_id="671" sentence="29" number="5">if</token>
<token t_id="672" sentence="29" number="6">we</token>
<token t_id="673" sentence="29" number="7">'re</token>
<token t_id="674" sentence="29" number="8">teaching</token>
<token t_id="675" sentence="29" number="9">language</token>
<token t_id="676" sentence="29" number="10">per</token>
<token t_id="677" sentence="29" number="11">se</token>
<token t_id="678" sentence="29" number="12">,</token>
<token t_id="679" sentence="29" number="13">''</token>
<token t_id="680" sentence="29" number="14">he</token>
<token t_id="681" sentence="29" number="15">says</token>
<token t_id="682" sentence="29" number="16">,</token>
<token t_id="683" sentence="29" number="17">``</token>
<token t_id="684" sentence="29" number="18">We</token>
<token t_id="685" sentence="29" number="19">'re</token>
<token t_id="686" sentence="29" number="20">just</token>
<token t_id="687" sentence="29" number="21">using</token>
<token t_id="688" sentence="29" number="22">it</token>
<token t_id="689" sentence="29" number="23">.</token>
<token t_id="690" sentence="29" number="24">''</token>
<token t_id="691" sentence="30" number="0">These</token>
<token t_id="692" sentence="30" number="1">days</token>
<token t_id="693" sentence="30" number="2">,</token>
<token t_id="694" sentence="30" number="3">``</token>
<token t_id="695" sentence="30" number="4">Batibot</token>
<token t_id="696" sentence="30" number="5">''</token>
<token t_id="697" sentence="30" number="6">is</token>
<token t_id="698" sentence="30" number="7">produced</token>
<token t_id="699" sentence="30" number="8">in</token>
<token t_id="700" sentence="30" number="9">a</token>
<token t_id="701" sentence="30" number="10">converted</token>
<token t_id="702" sentence="30" number="11">lumberyard</token>
<token t_id="703" sentence="30" number="12">on</token>
<token t_id="704" sentence="30" number="13">a</token>
<token t_id="705" sentence="30" number="14">shoestring</token>
<token t_id="706" sentence="30" number="15">budget</token>
<token t_id="707" sentence="30" number="16">of</token>
<token t_id="708" sentence="30" number="17">$</token>
<token t_id="709" sentence="30" number="18">3</token>
<token t_id="710" sentence="30" number="19">,</token>
<token t_id="711" sentence="30" number="20">000</token>
<token t_id="712" sentence="30" number="21">a</token>
<token t_id="713" sentence="30" number="22">one</token>
<token t_id="714" sentence="30" number="23">-</token>
<token t_id="715" sentence="30" number="24">hour</token>
<token t_id="716" sentence="30" number="25">segment</token>
<token t_id="717" sentence="30" number="26">.</token>
<token t_id="718" sentence="31" number="0">It</token>
<token t_id="719" sentence="31" number="1">is</token>
<token t_id="720" sentence="31" number="2">shown</token>
<token t_id="721" sentence="31" number="3">weekdays</token>
<token t_id="722" sentence="31" number="4">on</token>
<token t_id="723" sentence="31" number="5">two</token>
<token t_id="724" sentence="31" number="6">of</token>
<token t_id="725" sentence="31" number="7">the</token>
<token t_id="726" sentence="31" number="8">country</token>
<token t_id="727" sentence="31" number="9">'s</token>
<token t_id="728" sentence="31" number="10">five</token>
<token t_id="729" sentence="31" number="11">networks</token>
<token t_id="730" sentence="31" number="12">.</token>
<token t_id="731" sentence="32" number="0">With</token>
<token t_id="732" sentence="32" number="1">an</token>
<token t_id="733" sentence="32" number="2">audience</token>
<token t_id="734" sentence="32" number="3">totaling</token>
<token t_id="735" sentence="32" number="4">more</token>
<token t_id="736" sentence="32" number="5">than</token>
<token t_id="737" sentence="32" number="6">400</token>
<token t_id="738" sentence="32" number="7">,</token>
<token t_id="739" sentence="32" number="8">000</token>
<token t_id="740" sentence="32" number="9">,</token>
<token t_id="741" sentence="32" number="10">``</token>
<token t_id="742" sentence="32" number="11">Batibot</token>
<token t_id="743" sentence="32" number="12">''</token>
<token t_id="744" sentence="32" number="13">consistently</token>
<token t_id="745" sentence="32" number="14">ranks</token>
<token t_id="746" sentence="32" number="15">in</token>
<token t_id="747" sentence="32" number="16">the</token>
<token t_id="748" sentence="32" number="17">country</token>
<token t_id="749" sentence="32" number="18">'s</token>
<token t_id="750" sentence="32" number="19">top</token>
<token t_id="751" sentence="32" number="20">-</token>
<token t_id="752" sentence="32" number="21">four</token>
<token t_id="753" sentence="32" number="22">most</token>
<token t_id="754" sentence="32" number="23">-</token>
<token t_id="755" sentence="32" number="24">watched</token>
<token t_id="756" sentence="32" number="25">daytime</token>
<token t_id="757" sentence="32" number="26">programs</token>
<token t_id="758" sentence="32" number="27">.</token>
<token t_id="759" sentence="33" number="0">But</token>
<token t_id="760" sentence="33" number="1">advertising</token>
<token t_id="761" sentence="33" number="2">revenue</token>
<token t_id="762" sentence="33" number="3">is</token>
<token t_id="763" sentence="33" number="4">inadequate</token>
<token t_id="764" sentence="33" number="5">.</token>
<token t_id="765" sentence="34" number="0">Periodically</token>
<token t_id="766" sentence="34" number="1">,</token>
<token t_id="767" sentence="34" number="2">there</token>
<token t_id="768" sentence="34" number="3">are</token>
<token t_id="769" sentence="34" number="4">threats</token>
<token t_id="770" sentence="34" number="5">that</token>
<token t_id="771" sentence="34" number="6">the</token>
<token t_id="772" sentence="34" number="7">program</token>
<token t_id="773" sentence="34" number="8">will</token>
<token t_id="774" sentence="34" number="9">fold</token>
<token t_id="775" sentence="34" number="10">.</token>
<token t_id="776" sentence="35" number="0">``</token>
<token t_id="777" sentence="35" number="1">Batibot</token>
<token t_id="778" sentence="35" number="2">''</token>
<token t_id="779" sentence="35" number="3">lacks</token>
<token t_id="780" sentence="35" number="4">the</token>
<token t_id="781" sentence="35" number="5">polish</token>
<token t_id="782" sentence="35" number="6">of</token>
<token t_id="783" sentence="35" number="7">``</token>
<token t_id="784" sentence="35" number="8">Sesame</token>
<token t_id="785" sentence="35" number="9">Street</token>
<token t_id="786" sentence="35" number="10">.</token>
<token t_id="787" sentence="35" number="11">''</token>
<token t_id="788" sentence="36" number="0">Sound</token>
<token t_id="789" sentence="36" number="1">stages</token>
<token t_id="790" sentence="36" number="2">echo</token>
<token t_id="791" sentence="36" number="3">.</token>
<token t_id="792" sentence="37" number="0">Acting</token>
<token t_id="793" sentence="37" number="1">sometimes</token>
<token t_id="794" sentence="37" number="2">falls</token>
<token t_id="795" sentence="37" number="3">flat</token>
<token t_id="796" sentence="37" number="4">.</token>
<token t_id="797" sentence="38" number="0">There</token>
<token t_id="798" sentence="38" number="1">are</token>
<token t_id="799" sentence="38" number="2">only</token>
<token t_id="800" sentence="38" number="3">two</token>
<token t_id="801" sentence="38" number="4">large</token>
<token t_id="802" sentence="38" number="5">puppets</token>
<token t_id="803" sentence="38" number="6">in</token>
<token t_id="804" sentence="38" number="7">the</token>
<token t_id="805" sentence="38" number="8">program</token>
<token t_id="806" sentence="38" number="9">:</token>
<token t_id="807" sentence="38" number="10">Pong</token>
<token t_id="808" sentence="38" number="11">Pagong</token>
<token t_id="809" sentence="38" number="12">and</token>
<token t_id="810" sentence="38" number="13">a</token>
<token t_id="811" sentence="38" number="14">monkey</token>
<token t_id="812" sentence="38" number="15">named</token>
<token t_id="813" sentence="38" number="16">Kiko</token>
<token t_id="814" sentence="38" number="17">Matsing</token>
<token t_id="815" sentence="38" number="18">.</token>
<token t_id="816" sentence="39" number="0">But</token>
<token t_id="817" sentence="39" number="1">the</token>
<token t_id="818" sentence="39" number="2">production</token>
<token t_id="819" sentence="39" number="3">is</token>
<token t_id="820" sentence="39" number="4">the</token>
<token t_id="821" sentence="39" number="5">equal</token>
<token t_id="822" sentence="39" number="6">of</token>
<token t_id="823" sentence="39" number="7">any</token>
<token t_id="824" sentence="39" number="8">local</token>
<token t_id="825" sentence="39" number="9">program</token>
<token t_id="826" sentence="39" number="10">.</token>
<token t_id="827" sentence="40" number="0">And</token>
<token t_id="828" sentence="40" number="1">the</token>
<token t_id="829" sentence="40" number="2">show</token>
<token t_id="830" sentence="40" number="3">'s</token>
<token t_id="831" sentence="40" number="4">creativity</token>
<token t_id="832" sentence="40" number="5">makes</token>
<token t_id="833" sentence="40" number="6">up</token>
<token t_id="834" sentence="40" number="7">for</token>
<token t_id="835" sentence="40" number="8">any</token>
<token t_id="836" sentence="40" number="9">technological</token>
<token t_id="837" sentence="40" number="10">deficiencies</token>
<token t_id="838" sentence="40" number="11">.</token>
<token t_id="839" sentence="41" number="0">The</token>
<token t_id="840" sentence="41" number="1">program</token>
<token t_id="841" sentence="41" number="2">is</token>
<token t_id="842" sentence="41" number="3">n't</token>
<token t_id="843" sentence="41" number="4">afraid</token>
<token t_id="844" sentence="41" number="5">to</token>
<token t_id="845" sentence="41" number="6">tackle</token>
<token t_id="846" sentence="41" number="7">controversial</token>
<token t_id="847" sentence="41" number="8">topics</token>
<token t_id="848" sentence="41" number="9">such</token>
<token t_id="849" sentence="41" number="10">as</token>
<token t_id="850" sentence="41" number="11">nuclear</token>
<token t_id="851" sentence="41" number="12">weapons</token>
<token t_id="852" sentence="41" number="13">and</token>
<token t_id="853" sentence="41" number="14">the</token>
<token t_id="854" sentence="41" number="15">environment</token>
<token t_id="855" sentence="41" number="16">.</token>
<token t_id="856" sentence="42" number="0">Not</token>
<token t_id="857" sentence="42" number="1">that</token>
<token t_id="858" sentence="42" number="2">the</token>
<token t_id="859" sentence="42" number="3">language</token>
<token t_id="860" sentence="42" number="4">war</token>
<token t_id="861" sentence="42" number="5">is</token>
<token t_id="862" sentence="42" number="6">won</token>
<token t_id="863" sentence="42" number="7">,</token>
<token t_id="864" sentence="42" number="8">even</token>
<token t_id="865" sentence="42" number="9">on</token>
<token t_id="866" sentence="42" number="10">``</token>
<token t_id="867" sentence="42" number="11">Batibot</token>
<token t_id="868" sentence="42" number="12">.</token>
<token t_id="869" sentence="42" number="13">''</token>
<token t_id="870" sentence="43" number="0">During</token>
<token t_id="871" sentence="43" number="1">one</token>
<token t_id="872" sentence="43" number="2">recent</token>
<token t_id="873" sentence="43" number="3">episode</token>
<token t_id="874" sentence="43" number="4">,</token>
<token t_id="875" sentence="43" number="5">all</token>
<token t_id="876" sentence="43" number="6">the</token>
<token t_id="877" sentence="43" number="7">advertisements</token>
<token t_id="878" sentence="43" number="8">were</token>
<token t_id="879" sentence="43" number="9">in</token>
<token t_id="880" sentence="43" number="10">English</token>
<token t_id="881" sentence="43" number="11">.</token>


<Markables>
<ARGUMENTATIVE m_id="44" comment="" conversational-direct="TRUE" conversational-reported="FALSE"  >
<token_anchor t_id="442"/>
<token_anchor t_id="443"/>
<token_anchor t_id="444"/>
<token_anchor t_id="445"/>
<token_anchor t_id="446"/>
<token_anchor t_id="447"/>
<token_anchor t_id="448"/>
<token_anchor t_id="449"/>
</ARGUMENTATIVE>
<ARGUMENTATIVE m_id="12" comment="" conversational-direct="TRUE" conversational-reported="FALSE"  >
<token_anchor t_id="131"/>
<token_anchor t_id="132"/>
<token_anchor t_id="133"/>
<token_anchor t_id="134"/>
<token_anchor t_id="135"/>
<token_anchor t_id="136"/>
<token_anchor t_id="137"/>
<token_anchor t_id="138"/>
</ARGUMENTATIVE>
<ARGUMENTATIVE m_id="13" comment="" conversational-direct="TRUE" conversational-reported="FALSE"  >
<token_anchor t_id="139"/>
<token_anchor t_id="140"/>
<token_anchor t_id="141"/>
<token_anchor t_id="142"/>
<token_anchor t_id="143"/>
<token_anchor t_id="144"/>
<token_anchor t_id="145"/>
<token_anchor t_id="146"/>
<token_anchor t_id="147"/>
<token_anchor t_id="148"/>
<token_anchor t_id="149"/>
<token_anchor t_id="150"/>
<token_anchor t_id="151"/>
<token_anchor t_id="152"/>
<token_anchor t_id="153"/>
</ARGUMENTATIVE>
<ARGUMENTATIVE m_id="79" comment="" conversational-direct="FALSE" conversational-reported="FALSE"  >
<token_anchor t_id="776"/>
<token_anchor t_id="777"/>
<token_anchor t_id="778"/>
<token_anchor t_id="779"/>
<token_anchor t_id="780"/>
<token_anchor t_id="781"/>
<token_anchor t_id="782"/>
<token_anchor t_id="783"/>
<token_anchor t_id="784"/>
<token_anchor t_id="785"/>
<token_anchor t_id="786"/>
<token_anchor t_id="787"/>
</ARGUMENTATIVE>
<ARGUMENTATIVE m_id="15" comment="" conversational-direct="TRUE" conversational-reported="FALSE"  >
<token_anchor t_id="179"/>
<token_anchor t_id="180"/>
<token_anchor t_id="181"/>
<token_anchor t_id="182"/>
<token_anchor t_id="183"/>
<token_anchor t_id="184"/>
<token_anchor t_id="185"/>
<token_anchor t_id="186"/>
<token_anchor t_id="187"/>
<token_anchor t_id="188"/>
<token_anchor t_id="189"/>
<token_anchor t_id="190"/>
<token_anchor t_id="191"/>
<token_anchor t_id="192"/>
</ARGUMENTATIVE>
<ARGUMENTATIVE m_id="81" comment="" conversational-direct="FALSE" conversational-reported="FALSE"  >
<token_anchor t_id="792"/>
<token_anchor t_id="793"/>
<token_anchor t_id="794"/>
<token_anchor t_id="795"/>
<token_anchor t_id="796"/>
</ARGUMENTATIVE>
<ARGUMENTATIVE m_id="19" comment="" conversational-direct="TRUE" conversational-reported="FALSE"  >
<token_anchor t_id="207"/>
<token_anchor t_id="208"/>
<token_anchor t_id="209"/>
<token_anchor t_id="210"/>
<token_anchor t_id="211"/>
<token_anchor t_id="212"/>
<token_anchor t_id="213"/>
<token_anchor t_id="214"/>
<token_anchor t_id="215"/>
</ARGUMENTATIVE>
<ARGUMENTATIVE m_id="84" comment="" conversational-direct="FALSE" conversational-reported="FALSE"  >
<token_anchor t_id="827"/>
<token_anchor t_id="828"/>
<token_anchor t_id="829"/>
<token_anchor t_id="830"/>
<token_anchor t_id="831"/>
<token_anchor t_id="832"/>
<token_anchor t_id="833"/>
<token_anchor t_id="834"/>
<token_anchor t_id="835"/>
<token_anchor t_id="836"/>
<token_anchor t_id="837"/>
<token_anchor t_id="838"/>
</ARGUMENTATIVE>
<ARGUMENTATIVE m_id="20" comment="" conversational-direct="FALSE" conversational-reported="FALSE"  >
<token_anchor t_id="216"/>
<token_anchor t_id="217"/>
<token_anchor t_id="218"/>
<token_anchor t_id="219"/>
<token_anchor t_id="220"/>
<token_anchor t_id="221"/>
<token_anchor t_id="222"/>
<token_anchor t_id="223"/>
<token_anchor t_id="224"/>
<token_anchor t_id="225"/>
<token_anchor t_id="226"/>
<token_anchor t_id="227"/>
<token_anchor t_id="228"/>
<token_anchor t_id="229"/>
<token_anchor t_id="230"/>
<token_anchor t_id="231"/>
</ARGUMENTATIVE>
<ARGUMENTATIVE m_id="53" comment="" conversational-direct="FALSE" conversational-reported="FALSE"  >
<token_anchor t_id="563"/>
<token_anchor t_id="564"/>
<token_anchor t_id="565"/>
<token_anchor t_id="566"/>
<token_anchor t_id="567"/>
</ARGUMENTATIVE>
<ARGUMENTATIVE m_id="85" comment="" conversational-direct="FALSE" conversational-reported="FALSE"  >
<token_anchor t_id="839"/>
<token_anchor t_id="840"/>
<token_anchor t_id="841"/>
<token_anchor t_id="842"/>
<token_anchor t_id="843"/>
</ARGUMENTATIVE>
<ARGUMENTATIVE m_id="54" comment="" conversational-direct="FALSE" conversational-reported="FALSE"  >
<token_anchor t_id="568"/>
<token_anchor t_id="569"/>
<token_anchor t_id="570"/>
<token_anchor t_id="571"/>
<token_anchor t_id="572"/>
<token_anchor t_id="573"/>
</ARGUMENTATIVE>
<ARGUMENTATIVE m_id="86" comment="" conversational-direct="FALSE" conversational-reported="FALSE"  >
<token_anchor t_id="844"/>
<token_anchor t_id="845"/>
<token_anchor t_id="846"/>
<token_anchor t_id="847"/>
<token_anchor t_id="848"/>
<token_anchor t_id="849"/>
<token_anchor t_id="850"/>
<token_anchor t_id="851"/>
<token_anchor t_id="852"/>
<token_anchor t_id="853"/>
<token_anchor t_id="854"/>
<token_anchor t_id="855"/>
</ARGUMENTATIVE>
<ARGUMENTATIVE m_id="57" comment="" conversational-direct="FALSE" conversational-reported="FALSE"  >
<token_anchor t_id="589"/>
<token_anchor t_id="590"/>
<token_anchor t_id="591"/>
<token_anchor t_id="592"/>
<token_anchor t_id="593"/>
<token_anchor t_id="594"/>
<token_anchor t_id="595"/>
<token_anchor t_id="596"/>
<token_anchor t_id="597"/>
<token_anchor t_id="598"/>
</ARGUMENTATIVE>
<ARGUMENTATIVE m_id="28" comment="" conversational-direct="TRUE" conversational-reported="FALSE"  >
<token_anchor t_id="332"/>
<token_anchor t_id="333"/>
<token_anchor t_id="334"/>
<token_anchor t_id="335"/>
<token_anchor t_id="336"/>
<token_anchor t_id="337"/>
<token_anchor t_id="338"/>
<token_anchor t_id="339"/>
<token_anchor t_id="340"/>
<token_anchor t_id="341"/>
<token_anchor t_id="342"/>
<token_anchor t_id="343"/>
<token_anchor t_id="344"/>
<token_anchor t_id="345"/>
<token_anchor t_id="346"/>
<token_anchor t_id="347"/>
<token_anchor t_id="348"/>
<token_anchor t_id="349"/>
<token_anchor t_id="350"/>
<token_anchor t_id="351"/>
</ARGUMENTATIVE>
<ARGUMENTATIVE m_id="29" comment="" conversational-direct="FALSE" conversational-reported="TRUE"  >
<token_anchor t_id="318"/>
<token_anchor t_id="319"/>
<token_anchor t_id="320"/>
<token_anchor t_id="321"/>
<token_anchor t_id="322"/>
<token_anchor t_id="323"/>
<token_anchor t_id="324"/>
</ARGUMENTATIVE>
<ARGUMENTATIVE m_id="1" comment="" conversational-direct="FALSE" conversational-reported="FALSE"  >
<token_anchor t_id="1"/>
<token_anchor t_id="2"/>
<token_anchor t_id="3"/>
<token_anchor t_id="4"/>
<token_anchor t_id="5"/>
</ARGUMENTATIVE>
<ARGUMENTATIVE m_id="2" comment="" conversational-direct="FALSE" conversational-reported="FALSE"  >
<token_anchor t_id="6"/>
<token_anchor t_id="7"/>
<token_anchor t_id="8"/>
<token_anchor t_id="9"/>
<token_anchor t_id="10"/>
<token_anchor t_id="11"/>
</ARGUMENTATIVE>
<ARGUMENTATIVE m_id="3" comment="" conversational-direct="FALSE" conversational-reported="FALSE"  >
<token_anchor t_id="12"/>
<token_anchor t_id="13"/>
<token_anchor t_id="14"/>
</ARGUMENTATIVE>
<ARGUMENTATIVE m_id="35" comment="" conversational-direct="FALSE" conversational-reported="FALSE"  >
<token_anchor t_id="370"/>
<token_anchor t_id="371"/>
<token_anchor t_id="372"/>
<token_anchor t_id="373"/>
<token_anchor t_id="374"/>
</ARGUMENTATIVE>
<ARGUMENTATIVE m_id="4" comment="" conversational-direct="FALSE" conversational-reported="FALSE"  >
<token_anchor t_id="15"/>
<token_anchor t_id="16"/>
<token_anchor t_id="17"/>
<token_anchor t_id="18"/>
</ARGUMENTATIVE>
<ARGUMENTATIVE m_id="69" comment="" conversational-direct="TRUE" conversational-reported="FALSE"  >
<token_anchor t_id="670"/>
<token_anchor t_id="671"/>
<token_anchor t_id="672"/>
<token_anchor t_id="673"/>
<token_anchor t_id="674"/>
<token_anchor t_id="675"/>
<token_anchor t_id="676"/>
<token_anchor t_id="677"/>
<token_anchor t_id="678"/>
<token_anchor t_id="679"/>
</ARGUMENTATIVE>
<ARGUMENTATIVE m_id="37" comment="" conversational-direct="FALSE" conversational-reported="FALSE"  >
<token_anchor t_id="386"/>
<token_anchor t_id="387"/>
</ARGUMENTATIVE>
<ARGUMENTATIVE m_id="38" comment="" conversational-direct="FALSE" conversational-reported="FALSE"  >
<token_anchor t_id="388"/>
<token_anchor t_id="389"/>
<token_anchor t_id="390"/>
<token_anchor t_id="391"/>
<token_anchor t_id="392"/>
<token_anchor t_id="393"/>
<token_anchor t_id="394"/>
<token_anchor t_id="395"/>
<token_anchor t_id="396"/>
</ARGUMENTATIVE>
<DESCRIPTIVE m_id="41" Type="Other" comment="" conversational-direct="TRUE" conversational-reported="FALSE"  >
<token_anchor t_id="417"/>
<token_anchor t_id="418"/>
<token_anchor t_id="419"/>
<token_anchor t_id="420"/>
<token_anchor t_id="421"/>
<token_anchor t_id="422"/>
<token_anchor t_id="423"/>
<token_anchor t_id="424"/>
<token_anchor t_id="425"/>
<token_anchor t_id="426"/>
<token_anchor t_id="427"/>
<token_anchor t_id="428"/>
<token_anchor t_id="429"/>
<token_anchor t_id="430"/>
<token_anchor t_id="431"/>
<token_anchor t_id="432"/>
<token_anchor t_id="433"/>
<token_anchor t_id="434"/>
<token_anchor t_id="435"/>
<token_anchor t_id="436"/>
</DESCRIPTIVE>
<DESCRIPTIVE m_id="42" Type="Other" comment="" conversational-direct="TRUE" conversational-reported="FALSE"  >
<token_anchor t_id="437"/>
<token_anchor t_id="438"/>
<token_anchor t_id="439"/>
<token_anchor t_id="440"/>
</DESCRIPTIVE>
<DESCRIPTIVE m_id="74" Type="Other" comment="" conversational-direct="FALSE" conversational-reported="FALSE"  >
<token_anchor t_id="731"/>
<token_anchor t_id="732"/>
<token_anchor t_id="733"/>
<token_anchor t_id="734"/>
<token_anchor t_id="735"/>
<token_anchor t_id="736"/>
<token_anchor t_id="737"/>
<token_anchor t_id="738"/>
<token_anchor t_id="739"/>
<token_anchor t_id="740"/>
</DESCRIPTIVE>
<DESCRIPTIVE m_id="10" Type="Other" comment="" conversational-direct="FALSE" conversational-reported="FALSE"  >
<token_anchor t_id="101"/>
<token_anchor t_id="102"/>
<token_anchor t_id="103"/>
<token_anchor t_id="104"/>
<token_anchor t_id="105"/>
<token_anchor t_id="106"/>
<token_anchor t_id="107"/>
<token_anchor t_id="108"/>
<token_anchor t_id="109"/>
<token_anchor t_id="110"/>
<token_anchor t_id="111"/>
<token_anchor t_id="112"/>
<token_anchor t_id="113"/>
<token_anchor t_id="114"/>
<token_anchor t_id="115"/>
<token_anchor t_id="116"/>
<token_anchor t_id="117"/>
</DESCRIPTIVE>
<DESCRIPTIVE m_id="43" Type="Other" comment="" conversational-direct="TRUE" conversational-reported="FALSE"  >
<token_anchor t_id="441"/>
</DESCRIPTIVE>
<DESCRIPTIVE m_id="45" Type="Other" comment="" conversational-direct="TRUE" conversational-reported="FALSE"  >
<token_anchor t_id="450"/>
<token_anchor t_id="451"/>
<token_anchor t_id="452"/>
<token_anchor t_id="453"/>
<token_anchor t_id="454"/>
<token_anchor t_id="455"/>
<token_anchor t_id="456"/>
<token_anchor t_id="457"/>
<token_anchor t_id="458"/>
<token_anchor t_id="459"/>
<token_anchor t_id="460"/>
<token_anchor t_id="461"/>
<token_anchor t_id="462"/>
<token_anchor t_id="463"/>
<token_anchor t_id="464"/>
<token_anchor t_id="465"/>
<token_anchor t_id="466"/>
<token_anchor t_id="467"/>
<token_anchor t_id="468"/>
<token_anchor t_id="469"/>
<token_anchor t_id="470"/>
<token_anchor t_id="471"/>
<token_anchor t_id="472"/>
<token_anchor t_id="473"/>
<token_anchor t_id="474"/>
<token_anchor t_id="475"/>
<token_anchor t_id="476"/>
<token_anchor t_id="477"/>
<token_anchor t_id="478"/>
<token_anchor t_id="479"/>
<token_anchor t_id="480"/>
<token_anchor t_id="481"/>
<token_anchor t_id="482"/>
<token_anchor t_id="483"/>
</DESCRIPTIVE>
<DESCRIPTIVE m_id="48" Type="Other" comment="" conversational-direct="TRUE" conversational-reported="FALSE"  >
<token_anchor t_id="500"/>
<token_anchor t_id="501"/>
<token_anchor t_id="502"/>
<token_anchor t_id="503"/>
<token_anchor t_id="504"/>
<token_anchor t_id="505"/>
<token_anchor t_id="506"/>
<token_anchor t_id="507"/>
<token_anchor t_id="508"/>
</DESCRIPTIVE>
<DESCRIPTIVE m_id="80" comment="" Type="" conversational-direct="FALSE" conversational-reported="FALSE"  >
<token_anchor t_id="788"/>
<token_anchor t_id="789"/>
<token_anchor t_id="790"/>
<token_anchor t_id="791"/>
</DESCRIPTIVE>
<DESCRIPTIVE m_id="49" Type="Other" comment="" conversational-direct="TRUE" conversational-reported="FALSE"  >
<token_anchor t_id="509"/>
<token_anchor t_id="510"/>
<token_anchor t_id="511"/>
<token_anchor t_id="512"/>
<token_anchor t_id="513"/>
<token_anchor t_id="514"/>
<token_anchor t_id="515"/>
<token_anchor t_id="516"/>
<token_anchor t_id="517"/>
<token_anchor t_id="518"/>
<token_anchor t_id="519"/>
<token_anchor t_id="520"/>
</DESCRIPTIVE>
<DESCRIPTIVE m_id="82" Type="Other" comment="" conversational-direct="FALSE" conversational-reported="FALSE"  >
<token_anchor t_id="797"/>
<token_anchor t_id="798"/>
<token_anchor t_id="799"/>
<token_anchor t_id="800"/>
<token_anchor t_id="801"/>
<token_anchor t_id="802"/>
<token_anchor t_id="803"/>
<token_anchor t_id="804"/>
<token_anchor t_id="805"/>
<token_anchor t_id="806"/>
<token_anchor t_id="807"/>
<token_anchor t_id="808"/>
<token_anchor t_id="809"/>
<token_anchor t_id="810"/>
<token_anchor t_id="811"/>
<token_anchor t_id="812"/>
<token_anchor t_id="813"/>
<token_anchor t_id="814"/>
<token_anchor t_id="815"/>
</DESCRIPTIVE>
<DESCRIPTIVE m_id="51" Type="Other" comment="" conversational-direct="FALSE" conversational-reported="FALSE"  >
<token_anchor t_id="537"/>
<token_anchor t_id="538"/>
<token_anchor t_id="539"/>
<token_anchor t_id="540"/>
<token_anchor t_id="541"/>
<token_anchor t_id="542"/>
<token_anchor t_id="543"/>
<token_anchor t_id="544"/>
<token_anchor t_id="545"/>
<token_anchor t_id="546"/>
<token_anchor t_id="547"/>
<token_anchor t_id="548"/>
<token_anchor t_id="549"/>
<token_anchor t_id="550"/>
<token_anchor t_id="551"/>
<token_anchor t_id="552"/>
<token_anchor t_id="553"/>
<token_anchor t_id="554"/>
</DESCRIPTIVE>
<DESCRIPTIVE m_id="83" Type="Other" comment="" conversational-direct="FALSE" conversational-reported="FALSE"  >
<token_anchor t_id="816"/>
<token_anchor t_id="817"/>
<token_anchor t_id="818"/>
<token_anchor t_id="819"/>
<token_anchor t_id="820"/>
<token_anchor t_id="821"/>
<token_anchor t_id="822"/>
<token_anchor t_id="823"/>
<token_anchor t_id="824"/>
<token_anchor t_id="825"/>
<token_anchor t_id="826"/>
</DESCRIPTIVE>
<DESCRIPTIVE m_id="56" Type="Other" comment="" conversational-direct="FALSE" conversational-reported="FALSE"  >
<token_anchor t_id="579"/>
<token_anchor t_id="580"/>
<token_anchor t_id="581"/>
<token_anchor t_id="582"/>
<token_anchor t_id="583"/>
<token_anchor t_id="584"/>
<token_anchor t_id="585"/>
</DESCRIPTIVE>
<DESCRIPTIVE m_id="24" Type="Other" comment="" conversational-direct="FALSE" conversational-reported="FALSE"  >
<token_anchor t_id="253"/>
<token_anchor t_id="254"/>
<token_anchor t_id="255"/>
<token_anchor t_id="256"/>
<token_anchor t_id="257"/>
<token_anchor t_id="258"/>
<token_anchor t_id="259"/>
<token_anchor t_id="260"/>
<token_anchor t_id="261"/>
<token_anchor t_id="262"/>
<token_anchor t_id="263"/>
<token_anchor t_id="264"/>
<token_anchor t_id="265"/>
<token_anchor t_id="266"/>
<token_anchor t_id="267"/>
<token_anchor t_id="268"/>
<token_anchor t_id="269"/>
<token_anchor t_id="270"/>
</DESCRIPTIVE>
<DESCRIPTIVE m_id="30" Type="Other" comment="" conversational-direct="FALSE" conversational-reported="TRUE"  >
<token_anchor t_id="291"/>
<token_anchor t_id="292"/>
<token_anchor t_id="293"/>
<token_anchor t_id="294"/>
<token_anchor t_id="295"/>
<token_anchor t_id="296"/>
<token_anchor t_id="297"/>
<token_anchor t_id="298"/>
</DESCRIPTIVE>
<DESCRIPTIVE m_id="32" Type="Other" comment="" conversational-direct="FALSE" conversational-reported="TRUE"  >
<token_anchor t_id="312"/>
<token_anchor t_id="313"/>
<token_anchor t_id="314"/>
<token_anchor t_id="315"/>
</DESCRIPTIVE>
<DESCRIPTIVE m_id="68" Type="Other" comment="" conversational-direct="TRUE" conversational-reported="FALSE"  >
<token_anchor t_id="666"/>
<token_anchor t_id="667"/>
<token_anchor t_id="668"/>
<token_anchor t_id="669"/>
</DESCRIPTIVE>
<DESCRIPTIVE m_id="36" Type="Other" comment="" conversational-direct="FALSE" conversational-reported="FALSE"  >
<token_anchor t_id="375"/>
<token_anchor t_id="376"/>
<token_anchor t_id="377"/>
<token_anchor t_id="378"/>
<token_anchor t_id="379"/>
<token_anchor t_id="380"/>
<token_anchor t_id="381"/>
<token_anchor t_id="382"/>
<token_anchor t_id="383"/>
<token_anchor t_id="384"/>
<token_anchor t_id="385"/>
</DESCRIPTIVE>
<DESCRIPTIVE m_id="5" Type="Other" comment="" conversational-direct="FALSE" conversational-reported="FALSE"  >
<token_anchor t_id="19"/>
<token_anchor t_id="20"/>
<token_anchor t_id="21"/>
<token_anchor t_id="22"/>
<token_anchor t_id="23"/>
<token_anchor t_id="24"/>
<token_anchor t_id="25"/>
<token_anchor t_id="26"/>
<token_anchor t_id="27"/>
<token_anchor t_id="28"/>
<token_anchor t_id="29"/>
<token_anchor t_id="30"/>
<token_anchor t_id="31"/>
<token_anchor t_id="32"/>
<token_anchor t_id="33"/>
<token_anchor t_id="34"/>
<token_anchor t_id="35"/>
<token_anchor t_id="36"/>
<token_anchor t_id="37"/>
<token_anchor t_id="38"/>
<token_anchor t_id="39"/>
<token_anchor t_id="40"/>
<token_anchor t_id="41"/>
<token_anchor t_id="42"/>
<token_anchor t_id="43"/>
<token_anchor t_id="44"/>
<token_anchor t_id="45"/>
<token_anchor t_id="46"/>
<token_anchor t_id="47"/>
<token_anchor t_id="48"/>
</DESCRIPTIVE>
<DESCRIPTIVE m_id="6" Type="Other" comment="" conversational-direct="FALSE" conversational-reported="FALSE"  >
<token_anchor t_id="49"/>
<token_anchor t_id="50"/>
<token_anchor t_id="51"/>
<token_anchor t_id="52"/>
<token_anchor t_id="53"/>
<token_anchor t_id="54"/>
</DESCRIPTIVE>
<DESCRIPTIVE m_id="40" Type="Other" comment="" conversational-direct="FALSE" conversational-reported="FALSE"  >
<token_anchor t_id="401"/>
<token_anchor t_id="402"/>
<token_anchor t_id="403"/>
<token_anchor t_id="404"/>
<token_anchor t_id="405"/>
<token_anchor t_id="406"/>
<token_anchor t_id="407"/>
<token_anchor t_id="408"/>
<token_anchor t_id="409"/>
<token_anchor t_id="410"/>
<token_anchor t_id="411"/>
<token_anchor t_id="412"/>
<token_anchor t_id="413"/>
<token_anchor t_id="414"/>
<token_anchor t_id="415"/>
<token_anchor t_id="416"/>
</DESCRIPTIVE>
<EXPOSITORY m_id="50" comment="" conversational-direct="TRUE" conversational-reported="FALSE"  >
<token_anchor t_id="521"/>
<token_anchor t_id="522"/>
<token_anchor t_id="523"/>
<token_anchor t_id="524"/>
<token_anchor t_id="525"/>
<token_anchor t_id="526"/>
<token_anchor t_id="527"/>
<token_anchor t_id="528"/>
<token_anchor t_id="529"/>
<token_anchor t_id="530"/>
<token_anchor t_id="531"/>
<token_anchor t_id="532"/>
<token_anchor t_id="533"/>
<token_anchor t_id="534"/>
<token_anchor t_id="535"/>
<token_anchor t_id="536"/>
</EXPOSITORY>
<EXPOSITORY m_id="23" comment="" conversational-direct="FALSE" conversational-reported="FALSE"  >
<token_anchor t_id="240"/>
<token_anchor t_id="249"/>
<token_anchor t_id="250"/>
<token_anchor t_id="251"/>
<token_anchor t_id="252"/>
</EXPOSITORY>
<EXPOSITORY m_id="26" comment="" conversational-direct="FALSE" conversational-reported="FALSE"  >
<token_anchor t_id="286"/>
<token_anchor t_id="287"/>
<token_anchor t_id="288"/>
<token_anchor t_id="289"/>
<token_anchor t_id="290"/>
</EXPOSITORY>
<NARRATIVE m_id="73" Level="Primary" comment="" conversational-direct="FALSE" conversational-reported="FALSE"  >
<token_anchor t_id="718"/>
<token_anchor t_id="719"/>
<token_anchor t_id="720"/>
<token_anchor t_id="721"/>
<token_anchor t_id="722"/>
<token_anchor t_id="723"/>
<token_anchor t_id="724"/>
<token_anchor t_id="725"/>
<token_anchor t_id="726"/>
<token_anchor t_id="727"/>
<token_anchor t_id="728"/>
<token_anchor t_id="729"/>
<token_anchor t_id="730"/>
</NARRATIVE>
<NARRATIVE m_id="9" Level="Primary" comment="" conversational-direct="FALSE" conversational-reported="FALSE"  >
<token_anchor t_id="86"/>
<token_anchor t_id="87"/>
<token_anchor t_id="88"/>
<token_anchor t_id="89"/>
<token_anchor t_id="90"/>
<token_anchor t_id="91"/>
<token_anchor t_id="92"/>
<token_anchor t_id="93"/>
<token_anchor t_id="94"/>
<token_anchor t_id="95"/>
<token_anchor t_id="96"/>
</NARRATIVE>
<NARRATIVE m_id="75" Level="Primary" comment="" conversational-direct="FALSE" conversational-reported="FALSE"  >
<token_anchor t_id="741"/>
<token_anchor t_id="742"/>
<token_anchor t_id="743"/>
<token_anchor t_id="744"/>
<token_anchor t_id="745"/>
<token_anchor t_id="746"/>
<token_anchor t_id="747"/>
<token_anchor t_id="748"/>
<token_anchor t_id="749"/>
<token_anchor t_id="750"/>
<token_anchor t_id="751"/>
<token_anchor t_id="752"/>
<token_anchor t_id="753"/>
<token_anchor t_id="754"/>
<token_anchor t_id="755"/>
<token_anchor t_id="756"/>
<token_anchor t_id="757"/>
<token_anchor t_id="758"/>
</NARRATIVE>
<NARRATIVE m_id="11" Level="Primary" comment="" conversational-direct="FALSE" conversational-reported="FALSE"  >
<token_anchor t_id="97"/>
<token_anchor t_id="98"/>
<token_anchor t_id="99"/>
<token_anchor t_id="118"/>
<token_anchor t_id="119"/>
<token_anchor t_id="120"/>
<token_anchor t_id="121"/>
<token_anchor t_id="122"/>
<token_anchor t_id="123"/>
<token_anchor t_id="124"/>
<token_anchor t_id="125"/>
<token_anchor t_id="126"/>
<token_anchor t_id="127"/>
<token_anchor t_id="128"/>
<token_anchor t_id="129"/>
<token_anchor t_id="130"/>
</NARRATIVE>
<NARRATIVE m_id="76" Level="Primary" comment="" conversational-direct="FALSE" conversational-reported="FALSE"  >
<token_anchor t_id="759"/>
<token_anchor t_id="760"/>
<token_anchor t_id="761"/>
<token_anchor t_id="762"/>
<token_anchor t_id="763"/>
<token_anchor t_id="764"/>
</NARRATIVE>
<NARRATIVE m_id="77" Level="Primary" comment="" conversational-direct="FALSE" conversational-reported="FALSE"  >
<token_anchor t_id="770"/>
<token_anchor t_id="771"/>
<token_anchor t_id="772"/>
<token_anchor t_id="773"/>
<token_anchor t_id="774"/>
<token_anchor t_id="775"/>
</NARRATIVE>
<NARRATIVE m_id="46" Level="" comment="" conversational-direct="FALSE" conversational-reported="FALSE"  >
<token_anchor t_id="484"/>
<token_anchor t_id="485"/>
<token_anchor t_id="486"/>
</NARRATIVE>
<NARRATIVE m_id="78" Level="Primary" comment="" conversational-direct="FALSE" conversational-reported="FALSE"  >
<token_anchor t_id="765"/>
<token_anchor t_id="766"/>
<token_anchor t_id="767"/>
<token_anchor t_id="768"/>
<token_anchor t_id="769"/>
</NARRATIVE>
<NARRATIVE m_id="14" Level="Primary" comment="" conversational-direct="FALSE" conversational-reported="FALSE"  >
<token_anchor t_id="154"/>
<token_anchor t_id="155"/>
<token_anchor t_id="156"/>
<token_anchor t_id="157"/>
<token_anchor t_id="158"/>
<token_anchor t_id="159"/>
<token_anchor t_id="160"/>
<token_anchor t_id="161"/>
<token_anchor t_id="162"/>
<token_anchor t_id="163"/>
<token_anchor t_id="164"/>
<token_anchor t_id="165"/>
<token_anchor t_id="166"/>
<token_anchor t_id="167"/>
<token_anchor t_id="168"/>
</NARRATIVE>
<NARRATIVE m_id="47" Level="" comment="" conversational-direct="FALSE" conversational-reported="FALSE"  >
<token_anchor t_id="487"/>
<token_anchor t_id="488"/>
<token_anchor t_id="489"/>
<token_anchor t_id="490"/>
<token_anchor t_id="491"/>
<token_anchor t_id="492"/>
<token_anchor t_id="493"/>
<token_anchor t_id="494"/>
<token_anchor t_id="495"/>
<token_anchor t_id="496"/>
<token_anchor t_id="497"/>
<token_anchor t_id="498"/>
<token_anchor t_id="499"/>
</NARRATIVE>
<NARRATIVE m_id="16" Level="Primary" comment="" conversational-direct="TRUE" conversational-reported="FALSE"  >
<token_anchor t_id="169"/>
<token_anchor t_id="170"/>
<token_anchor t_id="171"/>
<token_anchor t_id="172"/>
<token_anchor t_id="173"/>
<token_anchor t_id="174"/>
<token_anchor t_id="175"/>
<token_anchor t_id="176"/>
<token_anchor t_id="177"/>
<token_anchor t_id="178"/>
</NARRATIVE>
<NARRATIVE m_id="17" Level="Primary" comment="" conversational-direct="FALSE" conversational-reported="FALSE"  >
<token_anchor t_id="193"/>
<token_anchor t_id="194"/>
<token_anchor t_id="195"/>
<token_anchor t_id="196"/>
<token_anchor t_id="197"/>
<token_anchor t_id="198"/>
<token_anchor t_id="199"/>
<token_anchor t_id="200"/>
<token_anchor t_id="201"/>
</NARRATIVE>
<NARRATIVE m_id="18" Level="Primary" comment="" conversational-direct="FALSE" conversational-reported="FALSE"  >
<token_anchor t_id="202"/>
<token_anchor t_id="203"/>
<token_anchor t_id="204"/>
<token_anchor t_id="205"/>
<token_anchor t_id="206"/>
</NARRATIVE>
<NARRATIVE m_id="52" Level="" comment="" conversational-direct="FALSE" conversational-reported="FALSE"  >
<token_anchor t_id="555"/>
<token_anchor t_id="556"/>
<token_anchor t_id="557"/>
<token_anchor t_id="558"/>
<token_anchor t_id="559"/>
<token_anchor t_id="560"/>
<token_anchor t_id="561"/>
<token_anchor t_id="562"/>
</NARRATIVE>
<NARRATIVE m_id="21" Level="" comment="" conversational-direct="FALSE" conversational-reported="FALSE"  >
<token_anchor t_id="232"/>
<token_anchor t_id="233"/>
<token_anchor t_id="234"/>
<token_anchor t_id="235"/>
<token_anchor t_id="236"/>
<token_anchor t_id="237"/>
<token_anchor t_id="238"/>
<token_anchor t_id="239"/>
</NARRATIVE>
<NARRATIVE m_id="22" Level="Primary" comment="" conversational-direct="FALSE" conversational-reported="FALSE"  >
<token_anchor t_id="241"/>
<token_anchor t_id="242"/>
<token_anchor t_id="243"/>
<token_anchor t_id="244"/>
<token_anchor t_id="245"/>
<token_anchor t_id="246"/>
<token_anchor t_id="247"/>
<token_anchor t_id="248"/>
</NARRATIVE>
<NARRATIVE m_id="55" Level="Primary" comment="" conversational-direct="FALSE" conversational-reported="FALSE"  >
<token_anchor t_id="574"/>
<token_anchor t_id="575"/>
<token_anchor t_id="576"/>
<token_anchor t_id="577"/>
<token_anchor t_id="578"/>
<token_anchor t_id="586"/>
<token_anchor t_id="587"/>
<token_anchor t_id="588"/>
</NARRATIVE>
<NARRATIVE m_id="87" Level="Primary" comment="" conversational-direct="FALSE" conversational-reported="FALSE"  >
<token_anchor t_id="856"/>
<token_anchor t_id="857"/>
<token_anchor t_id="858"/>
<token_anchor t_id="859"/>
<token_anchor t_id="860"/>
<token_anchor t_id="861"/>
<token_anchor t_id="862"/>
<token_anchor t_id="863"/>
<token_anchor t_id="864"/>
<token_anchor t_id="865"/>
<token_anchor t_id="866"/>
<token_anchor t_id="867"/>
<token_anchor t_id="868"/>
<token_anchor t_id="869"/>
</NARRATIVE>
<NARRATIVE m_id="88" Level="Primary" comment="" conversational-direct="FALSE" conversational-reported="FALSE"  >
<token_anchor t_id="870"/>
<token_anchor t_id="871"/>
<token_anchor t_id="872"/>
<token_anchor t_id="873"/>
<token_anchor t_id="874"/>
<token_anchor t_id="875"/>
<token_anchor t_id="876"/>
<token_anchor t_id="877"/>
<token_anchor t_id="878"/>
<token_anchor t_id="879"/>
<token_anchor t_id="880"/>
<token_anchor t_id="881"/>
</NARRATIVE>
<NARRATIVE m_id="25" Level="Primary" comment="" conversational-direct="FALSE" conversational-reported="FALSE"  >
<token_anchor t_id="271"/>
<token_anchor t_id="272"/>
<token_anchor t_id="273"/>
<token_anchor t_id="274"/>
<token_anchor t_id="275"/>
<token_anchor t_id="276"/>
<token_anchor t_id="277"/>
<token_anchor t_id="278"/>
<token_anchor t_id="279"/>
<token_anchor t_id="280"/>
<token_anchor t_id="281"/>
<token_anchor t_id="282"/>
<token_anchor t_id="283"/>
<token_anchor t_id="284"/>
<token_anchor t_id="285"/>
</NARRATIVE>
<NARRATIVE m_id="58" Level="Primary" comment="" conversational-direct="FALSE" conversational-reported="FALSE"  >
<token_anchor t_id="599"/>
<token_anchor t_id="600"/>
<token_anchor t_id="601"/>
<token_anchor t_id="602"/>
<token_anchor t_id="603"/>
<token_anchor t_id="604"/>
<token_anchor t_id="605"/>
<token_anchor t_id="606"/>
</NARRATIVE>
<NARRATIVE m_id="59" Level="Primary" comment="" conversational-direct="FALSE" conversational-reported="FALSE"  >
<token_anchor t_id="607"/>
<token_anchor t_id="608"/>
</NARRATIVE>
<NARRATIVE m_id="27" Level="Primary" comment="" conversational-direct="FALSE" conversational-reported="FALSE"  >
<token_anchor t_id="325"/>
<token_anchor t_id="326"/>
<token_anchor t_id="327"/>
<token_anchor t_id="328"/>
<token_anchor t_id="329"/>
<token_anchor t_id="330"/>
<token_anchor t_id="331"/>
</NARRATIVE>
<NARRATIVE m_id="60" Level="Primary" comment="" conversational-direct="FALSE" conversational-reported="FALSE"  >
<token_anchor t_id="609"/>
<token_anchor t_id="610"/>
<token_anchor t_id="611"/>
<token_anchor t_id="612"/>
<token_anchor t_id="613"/>
<token_anchor t_id="614"/>
<token_anchor t_id="615"/>
</NARRATIVE>
<NARRATIVE m_id="61" Level="Primary" comment="" conversational-direct="FALSE" conversational-reported="FALSE"  >
<token_anchor t_id="616"/>
<token_anchor t_id="617"/>
<token_anchor t_id="618"/>
<token_anchor t_id="619"/>
<token_anchor t_id="620"/>
<token_anchor t_id="621"/>
<token_anchor t_id="622"/>
<token_anchor t_id="623"/>
<token_anchor t_id="624"/>
<token_anchor t_id="625"/>
<token_anchor t_id="626"/>
<token_anchor t_id="627"/>
<token_anchor t_id="628"/>
</NARRATIVE>
<NARRATIVE m_id="62" Level="Primary" comment="" conversational-direct="FALSE" conversational-reported="FALSE"  >
<token_anchor t_id="629"/>
<token_anchor t_id="630"/>
</NARRATIVE>
<NARRATIVE m_id="63" Level="Primary" comment="" conversational-direct="FALSE" conversational-reported="TRUE"  >
<token_anchor t_id="631"/>
<token_anchor t_id="632"/>
<token_anchor t_id="633"/>
<token_anchor t_id="639"/>
<token_anchor t_id="640"/>
<token_anchor t_id="641"/>
<token_anchor t_id="642"/>
<token_anchor t_id="643"/>
<token_anchor t_id="644"/>
</NARRATIVE>
<NARRATIVE m_id="31" Level="Primary" comment="" conversational-direct="FALSE" conversational-reported="TRUE"  >
<token_anchor t_id="299"/>
<token_anchor t_id="300"/>
<token_anchor t_id="301"/>
<token_anchor t_id="302"/>
<token_anchor t_id="303"/>
<token_anchor t_id="304"/>
<token_anchor t_id="305"/>
<token_anchor t_id="306"/>
<token_anchor t_id="307"/>
<token_anchor t_id="308"/>
<token_anchor t_id="309"/>
<token_anchor t_id="310"/>
<token_anchor t_id="311"/>
</NARRATIVE>
<NARRATIVE m_id="64" Level="Primary" comment="" conversational-direct="FALSE" conversational-reported="TRUE"  >
<token_anchor t_id="634"/>
<token_anchor t_id="635"/>
<token_anchor t_id="636"/>
<token_anchor t_id="637"/>
<token_anchor t_id="638"/>
</NARRATIVE>
<NARRATIVE m_id="65" Level="" comment="" conversational-direct="FALSE" conversational-reported="FALSE"  >
<token_anchor t_id="645"/>
<token_anchor t_id="646"/>
<token_anchor t_id="647"/>
<token_anchor t_id="648"/>
<token_anchor t_id="649"/>
<token_anchor t_id="650"/>
<token_anchor t_id="651"/>
</NARRATIVE>
<NARRATIVE m_id="33" Level="Secondary" comment="" conversational-direct="FALSE" conversational-reported="TRUE"  >
<token_anchor t_id="316"/>
<token_anchor t_id="317"/>
</NARRATIVE>
<NARRATIVE m_id="66" Level="Primary" comment="" conversational-direct="FALSE" conversational-reported="TRUE"  >
<token_anchor t_id="652"/>
<token_anchor t_id="653"/>
<token_anchor t_id="654"/>
<token_anchor t_id="655"/>
<token_anchor t_id="656"/>
<token_anchor t_id="657"/>
<token_anchor t_id="658"/>
</NARRATIVE>
<NARRATIVE m_id="34" Level="Primary" comment="" conversational-direct="FALSE" conversational-reported="FALSE"  >
<token_anchor t_id="352"/>
<token_anchor t_id="353"/>
<token_anchor t_id="354"/>
<token_anchor t_id="355"/>
<token_anchor t_id="356"/>
<token_anchor t_id="357"/>
<token_anchor t_id="358"/>
<token_anchor t_id="359"/>
<token_anchor t_id="360"/>
<token_anchor t_id="361"/>
<token_anchor t_id="362"/>
<token_anchor t_id="363"/>
<token_anchor t_id="364"/>
<token_anchor t_id="365"/>
<token_anchor t_id="366"/>
<token_anchor t_id="367"/>
<token_anchor t_id="368"/>
<token_anchor t_id="369"/>
</NARRATIVE>
<NARRATIVE m_id="67" Level="Primary" comment="" conversational-direct="FALSE" conversational-reported="TRUE"  >
<token_anchor t_id="659"/>
<token_anchor t_id="660"/>
<token_anchor t_id="661"/>
<token_anchor t_id="662"/>
<token_anchor t_id="663"/>
<token_anchor t_id="664"/>
<token_anchor t_id="665"/>
</NARRATIVE>
<NARRATIVE m_id="70" Level="Primary" comment="" conversational-direct="TRUE" conversational-reported="FALSE"  >
<token_anchor t_id="683"/>
<token_anchor t_id="684"/>
<token_anchor t_id="685"/>
<token_anchor t_id="686"/>
<token_anchor t_id="687"/>
<token_anchor t_id="688"/>
<token_anchor t_id="689"/>
<token_anchor t_id="690"/>
</NARRATIVE>
<NARRATIVE m_id="71" Level="Primary" comment="" conversational-direct="FALSE" conversational-reported="FALSE"  >
<token_anchor t_id="680"/>
<token_anchor t_id="681"/>
<token_anchor t_id="682"/>
</NARRATIVE>
<NARRATIVE m_id="7" Level="Primary" comment="" conversational-direct="FALSE" conversational-reported="FALSE"  >
<token_anchor t_id="59"/>
<token_anchor t_id="60"/>
<token_anchor t_id="61"/>
<token_anchor t_id="62"/>
<token_anchor t_id="63"/>
<token_anchor t_id="64"/>
<token_anchor t_id="65"/>
<token_anchor t_id="66"/>
<token_anchor t_id="67"/>
<token_anchor t_id="68"/>
<token_anchor t_id="69"/>
<token_anchor t_id="70"/>
<token_anchor t_id="71"/>
<token_anchor t_id="72"/>
<token_anchor t_id="73"/>
<token_anchor t_id="74"/>
<token_anchor t_id="75"/>
<token_anchor t_id="76"/>
<token_anchor t_id="77"/>
</NARRATIVE>
<NARRATIVE m_id="39" Level="Primary" comment="" conversational-direct="FALSE" conversational-reported="FALSE"  >
<token_anchor t_id="397"/>
<token_anchor t_id="398"/>
<token_anchor t_id="399"/>
<token_anchor t_id="400"/>
</NARRATIVE>
<NARRATIVE m_id="72" Level="Primary" comment="" conversational-direct="FALSE" conversational-reported="FALSE"  >
<token_anchor t_id="691"/>
<token_anchor t_id="692"/>
<token_anchor t_id="693"/>
<token_anchor t_id="694"/>
<token_anchor t_id="695"/>
<token_anchor t_id="696"/>
<token_anchor t_id="697"/>
<token_anchor t_id="698"/>
<token_anchor t_id="699"/>
<token_anchor t_id="700"/>
<token_anchor t_id="701"/>
<token_anchor t_id="702"/>
<token_anchor t_id="703"/>
<token_anchor t_id="704"/>
<token_anchor t_id="705"/>
<token_anchor t_id="706"/>
<token_anchor t_id="707"/>
<token_anchor t_id="708"/>
<token_anchor t_id="709"/>
<token_anchor t_id="710"/>
<token_anchor t_id="711"/>
<token_anchor t_id="712"/>
<token_anchor t_id="713"/>
<token_anchor t_id="714"/>
<token_anchor t_id="715"/>
<token_anchor t_id="716"/>
<token_anchor t_id="717"/>
</NARRATIVE>
<NARRATIVE m_id="8" Level="Primary" comment="" conversational-direct="FALSE" conversational-reported="FALSE"  >
<token_anchor t_id="55"/>
<token_anchor t_id="56"/>
<token_anchor t_id="57"/>
<token_anchor t_id="58"/>
<token_anchor t_id="78"/>
<token_anchor t_id="79"/>
<token_anchor t_id="80"/>
<token_anchor t_id="81"/>
<token_anchor t_id="82"/>
<token_anchor t_id="83"/>
<token_anchor t_id="84"/>
<token_anchor t_id="85"/>
</NARRATIVE>


</Markables>

<Relations>
</Relations>
</Document>
