<Document doc_name="wsj_1038.xml.conll.txt">
<token t_id="1" sentence="0" number="0">Benjamin</token>
<token t_id="2" sentence="0" number="1">Franklin</token>
<token t_id="3" sentence="0" number="2">Federal</token>
<token t_id="4" sentence="0" number="3">Savings</token>
<token t_id="5" sentence="0" number="4">&amp;amp</token>
<token t_id="6" sentence="0" number="5">;</token>
<token t_id="7" sentence="0" number="6">Loan</token>
<token t_id="8" sentence="0" number="7">Association</token>
<token t_id="9" sentence="0" number="8">said</token>
<token t_id="10" sentence="0" number="9">it</token>
<token t_id="11" sentence="0" number="10">plans</token>
<token t_id="12" sentence="0" number="11">to</token>
<token t_id="13" sentence="0" number="12">restructure</token>
<token t_id="14" sentence="0" number="13">in</token>
<token t_id="15" sentence="0" number="14">the</token>
<token t_id="16" sentence="0" number="15">wake</token>
<token t_id="17" sentence="0" number="16">of</token>
<token t_id="18" sentence="0" number="17">a</token>
<token t_id="19" sentence="0" number="18">third</token>
<token t_id="20" sentence="0" number="19">-</token>
<token t_id="21" sentence="0" number="20">quarter</token>
<token t_id="22" sentence="0" number="21">loss</token>
<token t_id="23" sentence="0" number="22">of</token>
<token t_id="24" sentence="0" number="23">$</token>
<token t_id="25" sentence="0" number="24">7</token>
<token t_id="26" sentence="0" number="25">.</token>
<token t_id="27" sentence="0" number="26">7</token>
<token t_id="28" sentence="0" number="27">million</token>
<token t_id="29" sentence="0" number="28">,</token>
<token t_id="30" sentence="0" number="29">or</token>
<token t_id="31" sentence="0" number="30">$</token>
<token t_id="32" sentence="0" number="31">1</token>
<token t_id="33" sentence="0" number="32">.</token>
<token t_id="34" sentence="0" number="33">01</token>
<token t_id="35" sentence="0" number="34">a</token>
<token t_id="36" sentence="0" number="35">share</token>
<token t_id="37" sentence="0" number="36">,</token>
<token t_id="38" sentence="0" number="37">reflecting</token>
<token t_id="39" sentence="0" number="38">an</token>
<token t_id="40" sentence="0" number="39">$</token>
<token t_id="41" sentence="0" number="40">11</token>
<token t_id="42" sentence="0" number="41">million</token>
<token t_id="43" sentence="0" number="42">addition</token>
<token t_id="44" sentence="0" number="43">to</token>
<token t_id="45" sentence="0" number="44">loan</token>
<token t_id="46" sentence="0" number="45">-</token>
<token t_id="47" sentence="0" number="46">loss</token>
<token t_id="48" sentence="0" number="47">reserves</token>
<token t_id="49" sentence="0" number="48">.</token>
<token t_id="50" sentence="1" number="0">The</token>
<token t_id="51" sentence="1" number="1">Portland</token>
<token t_id="52" sentence="1" number="2">,</token>
<token t_id="53" sentence="1" number="3">Ore</token>
<token t_id="54" sentence="1" number="4">.</token>
<token t_id="55" sentence="1" number="5">,</token>
<token t_id="56" sentence="1" number="6">thrift</token>
<token t_id="57" sentence="1" number="7">said</token>
<token t_id="58" sentence="1" number="8">the</token>
<token t_id="59" sentence="1" number="9">restructuring</token>
<token t_id="60" sentence="1" number="10">should</token>
<token t_id="61" sentence="1" number="11">help</token>
<token t_id="62" sentence="1" number="12">it</token>
<token t_id="63" sentence="1" number="13">meet</token>
<token t_id="64" sentence="1" number="14">new</token>
<token t_id="65" sentence="1" number="15">capital</token>
<token t_id="66" sentence="1" number="16">standards</token>
<token t_id="67" sentence="1" number="17">from</token>
<token t_id="68" sentence="1" number="18">the</token>
<token t_id="69" sentence="1" number="19">Financial</token>
<token t_id="70" sentence="1" number="20">Institution</token>
<token t_id="71" sentence="1" number="21">Reform</token>
<token t_id="72" sentence="1" number="22">,</token>
<token t_id="73" sentence="1" number="23">Recovery</token>
<token t_id="74" sentence="1" number="24">and</token>
<token t_id="75" sentence="1" number="25">Enforcement</token>
<token t_id="76" sentence="1" number="26">Act</token>
<token t_id="77" sentence="1" number="27">.</token>
<token t_id="78" sentence="2" number="0">A</token>
<token t_id="79" sentence="2" number="1">year</token>
<token t_id="80" sentence="2" number="2">ago</token>
<token t_id="81" sentence="2" number="3">,</token>
<token t_id="82" sentence="2" number="4">Benjamin</token>
<token t_id="83" sentence="2" number="5">Franklin</token>
<token t_id="84" sentence="2" number="6">had</token>
<token t_id="85" sentence="2" number="7">profit</token>
<token t_id="86" sentence="2" number="8">of</token>
<token t_id="87" sentence="2" number="9">$</token>
<token t_id="88" sentence="2" number="10">1</token>
<token t_id="89" sentence="2" number="11">.</token>
<token t_id="90" sentence="2" number="12">8</token>
<token t_id="91" sentence="2" number="13">million</token>
<token t_id="92" sentence="2" number="14">,</token>
<token t_id="93" sentence="2" number="15">or</token>
<token t_id="94" sentence="2" number="16">23</token>
<token t_id="95" sentence="2" number="17">cents</token>
<token t_id="96" sentence="2" number="18">a</token>
<token t_id="97" sentence="2" number="19">share</token>
<token t_id="98" sentence="2" number="20">.</token>
<token t_id="99" sentence="3" number="0">In</token>
<token t_id="100" sentence="3" number="1">over</token>
<token t_id="101" sentence="3" number="2">-</token>
<token t_id="102" sentence="3" number="3">the</token>
<token t_id="103" sentence="3" number="4">-</token>
<token t_id="104" sentence="3" number="5">counter</token>
<token t_id="105" sentence="3" number="6">trading</token>
<token t_id="106" sentence="3" number="7">yesterday</token>
<token t_id="107" sentence="3" number="8">,</token>
<token t_id="108" sentence="3" number="9">Benjamin</token>
<token t_id="109" sentence="3" number="10">Franklin</token>
<token t_id="110" sentence="3" number="11">rose</token>
<token t_id="111" sentence="3" number="12">25</token>
<token t_id="112" sentence="3" number="13">cents</token>
<token t_id="113" sentence="3" number="14">to</token>
<token t_id="114" sentence="3" number="15">$</token>
<token t_id="115" sentence="3" number="16">4</token>
<token t_id="116" sentence="3" number="17">.</token>
<token t_id="117" sentence="3" number="18">25</token>
<token t_id="118" sentence="3" number="19">.</token>
<token t_id="119" sentence="4" number="0">The</token>
<token t_id="120" sentence="4" number="1">company</token>
<token t_id="121" sentence="4" number="2">said</token>
<token t_id="122" sentence="4" number="3">the</token>
<token t_id="123" sentence="4" number="4">restructuring</token>
<token t_id="124" sentence="4" number="5">'s</token>
<token t_id="125" sentence="4" number="6">initial</token>
<token t_id="126" sentence="4" number="7">phase</token>
<token t_id="127" sentence="4" number="8">will</token>
<token t_id="128" sentence="4" number="9">feature</token>
<token t_id="129" sentence="4" number="10">a</token>
<token t_id="130" sentence="4" number="11">gradual</token>
<token t_id="131" sentence="4" number="12">reduction</token>
<token t_id="132" sentence="4" number="13">in</token>
<token t_id="133" sentence="4" number="14">assets</token>
<token t_id="134" sentence="4" number="15">and</token>
<token t_id="135" sentence="4" number="16">staff</token>
<token t_id="136" sentence="4" number="17">positions</token>
<token t_id="137" sentence="4" number="18">.</token>
<token t_id="138" sentence="5" number="0">The</token>
<token t_id="139" sentence="5" number="1">plan</token>
<token t_id="140" sentence="5" number="2">may</token>
<token t_id="141" sentence="5" number="3">include</token>
<token t_id="142" sentence="5" number="4">selling</token>
<token t_id="143" sentence="5" number="5">branches</token>
<token t_id="144" sentence="5" number="6">,</token>
<token t_id="145" sentence="5" number="7">consolidating</token>
<token t_id="146" sentence="5" number="8">or</token>
<token t_id="147" sentence="5" number="9">eliminating</token>
<token t_id="148" sentence="5" number="10">departments</token>
<token t_id="149" sentence="5" number="11">,</token>
<token t_id="150" sentence="5" number="12">and</token>
<token t_id="151" sentence="5" number="13">winding</token>
<token t_id="152" sentence="5" number="14">down</token>
<token t_id="153" sentence="5" number="15">or</token>
<token t_id="154" sentence="5" number="16">disposing</token>
<token t_id="155" sentence="5" number="17">of</token>
<token t_id="156" sentence="5" number="18">unprofitable</token>
<token t_id="157" sentence="5" number="19">units</token>
<token t_id="158" sentence="5" number="20">within</token>
<token t_id="159" sentence="5" number="21">18</token>
<token t_id="160" sentence="5" number="22">months</token>
<token t_id="161" sentence="5" number="23">.</token>
<token t_id="162" sentence="6" number="0">Initially</token>
<token t_id="163" sentence="6" number="1">,</token>
<token t_id="164" sentence="6" number="2">the</token>
<token t_id="165" sentence="6" number="3">company</token>
<token t_id="166" sentence="6" number="4">said</token>
<token t_id="167" sentence="6" number="5">it</token>
<token t_id="168" sentence="6" number="6">will</token>
<token t_id="169" sentence="6" number="7">close</token>
<token t_id="170" sentence="6" number="8">its</token>
<token t_id="171" sentence="6" number="9">commercial</token>
<token t_id="172" sentence="6" number="10">real</token>
<token t_id="173" sentence="6" number="11">-</token>
<token t_id="174" sentence="6" number="12">estate</token>
<token t_id="175" sentence="6" number="13">lending</token>
<token t_id="176" sentence="6" number="14">division</token>
<token t_id="177" sentence="6" number="15">,</token>
<token t_id="178" sentence="6" number="16">and</token>
<token t_id="179" sentence="6" number="17">stop</token>
<token t_id="180" sentence="6" number="18">originating</token>
<token t_id="181" sentence="6" number="19">new</token>
<token t_id="182" sentence="6" number="20">leases</token>
<token t_id="183" sentence="6" number="21">at</token>
<token t_id="184" sentence="6" number="22">its</token>
<token t_id="185" sentence="6" number="23">commercial</token>
<token t_id="186" sentence="6" number="24">lease</token>
<token t_id="187" sentence="6" number="25">subsidiary</token>
<token t_id="188" sentence="6" number="26">.</token>
<token t_id="189" sentence="7" number="0">Details</token>
<token t_id="190" sentence="7" number="1">of</token>
<token t_id="191" sentence="7" number="2">the</token>
<token t_id="192" sentence="7" number="3">restructuring</token>
<token t_id="193" sentence="7" number="4">wo</token>
<token t_id="194" sentence="7" number="5">n't</token>
<token t_id="195" sentence="7" number="6">be</token>
<token t_id="196" sentence="7" number="7">made</token>
<token t_id="197" sentence="7" number="8">final</token>
<token t_id="198" sentence="7" number="9">until</token>
<token t_id="199" sentence="7" number="10">regulators</token>
<token t_id="200" sentence="7" number="11">approve</token>
<token t_id="201" sentence="7" number="12">the</token>
<token t_id="202" sentence="7" number="13">regulations</token>
<token t_id="203" sentence="7" number="14">mandated</token>
<token t_id="204" sentence="7" number="15">by</token>
<token t_id="205" sentence="7" number="16">the</token>
<token t_id="206" sentence="7" number="17">new</token>
<token t_id="207" sentence="7" number="18">federal</token>
<token t_id="208" sentence="7" number="19">act</token>
<token t_id="209" sentence="7" number="20">,</token>
<token t_id="210" sentence="7" number="21">the</token>
<token t_id="211" sentence="7" number="22">company</token>
<token t_id="212" sentence="7" number="23">said</token>
<token t_id="213" sentence="7" number="24">.</token>


<Markables>
<ARGUMENTATIVE m_id="15" comment="" conversational-direct="FALSE" conversational-reported="TRUE"  >
<token_anchor t_id="58"/>
<token_anchor t_id="59"/>
<token_anchor t_id="60"/>
<token_anchor t_id="61"/>
<token_anchor t_id="62"/>
</ARGUMENTATIVE>
<NARRATIVE m_id="1" Level="Primary" comment="" conversational-direct="FALSE" conversational-reported="FALSE"  >
<token_anchor t_id="210"/>
<token_anchor t_id="211"/>
<token_anchor t_id="212"/>
<token_anchor t_id="213"/>
</NARRATIVE>
<NARRATIVE m_id="2" Level="Primary" comment="" conversational-direct="FALSE" conversational-reported="FALSE"  >
<token_anchor t_id="1"/>
<token_anchor t_id="2"/>
<token_anchor t_id="3"/>
<token_anchor t_id="4"/>
<token_anchor t_id="5"/>
<token_anchor t_id="6"/>
<token_anchor t_id="7"/>
<token_anchor t_id="8"/>
<token_anchor t_id="9"/>
</NARRATIVE>
<NARRATIVE m_id="3" Level="Primary" comment="" conversational-direct="FALSE" conversational-reported="TRUE"  >
<token_anchor t_id="50"/>
<token_anchor t_id="51"/>
<token_anchor t_id="52"/>
<token_anchor t_id="53"/>
<token_anchor t_id="54"/>
<token_anchor t_id="55"/>
<token_anchor t_id="56"/>
<token_anchor t_id="57"/>
</NARRATIVE>
<NARRATIVE m_id="4" Level="Primary" comment="" conversational-direct="FALSE" conversational-reported="FALSE"  >
<token_anchor t_id="119"/>
<token_anchor t_id="120"/>
<token_anchor t_id="121"/>
</NARRATIVE>
<NARRATIVE m_id="5" Level="Primary" comment="" conversational-direct="FALSE" conversational-reported="FALSE"  >
<token_anchor t_id="162"/>
<token_anchor t_id="163"/>
<token_anchor t_id="164"/>
<token_anchor t_id="165"/>
<token_anchor t_id="166"/>
</NARRATIVE>
<NARRATIVE m_id="6" Level="Primary" comment="" conversational-direct="FALSE" conversational-reported="TRUE"  >
<token_anchor t_id="78"/>
<token_anchor t_id="79"/>
<token_anchor t_id="80"/>
<token_anchor t_id="81"/>
<token_anchor t_id="82"/>
<token_anchor t_id="83"/>
<token_anchor t_id="84"/>
<token_anchor t_id="85"/>
<token_anchor t_id="86"/>
<token_anchor t_id="87"/>
<token_anchor t_id="88"/>
<token_anchor t_id="89"/>
<token_anchor t_id="90"/>
<token_anchor t_id="91"/>
<token_anchor t_id="92"/>
<token_anchor t_id="93"/>
<token_anchor t_id="94"/>
<token_anchor t_id="95"/>
<token_anchor t_id="96"/>
<token_anchor t_id="97"/>
<token_anchor t_id="98"/>
</NARRATIVE>
<NARRATIVE m_id="7" Level="Primary" comment="" conversational-direct="FALSE" conversational-reported="TRUE"  >
<token_anchor t_id="38"/>
<token_anchor t_id="39"/>
<token_anchor t_id="40"/>
<token_anchor t_id="41"/>
<token_anchor t_id="42"/>
<token_anchor t_id="43"/>
<token_anchor t_id="44"/>
<token_anchor t_id="45"/>
<token_anchor t_id="46"/>
<token_anchor t_id="47"/>
<token_anchor t_id="48"/>
<token_anchor t_id="49"/>
</NARRATIVE>
<NARRATIVE m_id="8" Level="Primary" comment="" conversational-direct="FALSE" conversational-reported="FALSE"  >
<token_anchor t_id="99"/>
<token_anchor t_id="100"/>
<token_anchor t_id="101"/>
<token_anchor t_id="102"/>
<token_anchor t_id="103"/>
<token_anchor t_id="104"/>
<token_anchor t_id="105"/>
<token_anchor t_id="106"/>
<token_anchor t_id="107"/>
<token_anchor t_id="108"/>
<token_anchor t_id="109"/>
<token_anchor t_id="110"/>
<token_anchor t_id="111"/>
<token_anchor t_id="112"/>
<token_anchor t_id="113"/>
<token_anchor t_id="114"/>
<token_anchor t_id="115"/>
<token_anchor t_id="116"/>
<token_anchor t_id="117"/>
<token_anchor t_id="118"/>
</NARRATIVE>
<NARRATIVE m_id="9" Level="Primary" comment="" conversational-direct="FALSE" conversational-reported="TRUE"  >
<token_anchor t_id="122"/>
<token_anchor t_id="123"/>
<token_anchor t_id="124"/>
<token_anchor t_id="125"/>
<token_anchor t_id="126"/>
<token_anchor t_id="127"/>
<token_anchor t_id="128"/>
<token_anchor t_id="129"/>
<token_anchor t_id="130"/>
<token_anchor t_id="131"/>
<token_anchor t_id="132"/>
<token_anchor t_id="133"/>
<token_anchor t_id="134"/>
<token_anchor t_id="135"/>
<token_anchor t_id="136"/>
<token_anchor t_id="137"/>
</NARRATIVE>
<NARRATIVE m_id="10" Level="Primary" comment="" conversational-direct="FALSE" conversational-reported="TRUE"  >
<token_anchor t_id="189"/>
<token_anchor t_id="190"/>
<token_anchor t_id="191"/>
<token_anchor t_id="192"/>
<token_anchor t_id="193"/>
<token_anchor t_id="194"/>
<token_anchor t_id="195"/>
<token_anchor t_id="196"/>
<token_anchor t_id="197"/>
</NARRATIVE>
<NARRATIVE m_id="11" Level="Primary" comment="" conversational-direct="FALSE" conversational-reported="TRUE"  >
<token_anchor t_id="198"/>
<token_anchor t_id="199"/>
<token_anchor t_id="200"/>
<token_anchor t_id="201"/>
<token_anchor t_id="202"/>
<token_anchor t_id="203"/>
<token_anchor t_id="204"/>
<token_anchor t_id="205"/>
<token_anchor t_id="206"/>
<token_anchor t_id="207"/>
<token_anchor t_id="208"/>
<token_anchor t_id="209"/>
</NARRATIVE>
<NARRATIVE m_id="12" Level="Primary" comment="" conversational-direct="FALSE" conversational-reported="TRUE"  >
<token_anchor t_id="167"/>
<token_anchor t_id="168"/>
<token_anchor t_id="169"/>
<token_anchor t_id="170"/>
<token_anchor t_id="171"/>
<token_anchor t_id="172"/>
<token_anchor t_id="173"/>
<token_anchor t_id="174"/>
<token_anchor t_id="175"/>
<token_anchor t_id="176"/>
<token_anchor t_id="177"/>
</NARRATIVE>
<NARRATIVE m_id="13" Level="Primary" comment="" conversational-direct="FALSE" conversational-reported="TRUE"  >
<token_anchor t_id="12"/>
<token_anchor t_id="13"/>
<token_anchor t_id="14"/>
<token_anchor t_id="15"/>
<token_anchor t_id="16"/>
<token_anchor t_id="17"/>
<token_anchor t_id="18"/>
<token_anchor t_id="19"/>
<token_anchor t_id="20"/>
<token_anchor t_id="21"/>
<token_anchor t_id="22"/>
<token_anchor t_id="23"/>
<token_anchor t_id="24"/>
<token_anchor t_id="25"/>
<token_anchor t_id="26"/>
<token_anchor t_id="27"/>
<token_anchor t_id="28"/>
<token_anchor t_id="29"/>
<token_anchor t_id="30"/>
<token_anchor t_id="31"/>
<token_anchor t_id="32"/>
<token_anchor t_id="33"/>
<token_anchor t_id="34"/>
<token_anchor t_id="35"/>
<token_anchor t_id="36"/>
<token_anchor t_id="37"/>
</NARRATIVE>
<NARRATIVE m_id="14" Level="Primary" comment="" conversational-direct="FALSE" conversational-reported="TRUE"  >
<token_anchor t_id="10"/>
<token_anchor t_id="11"/>
</NARRATIVE>
<NARRATIVE m_id="16" Level="Primary" comment="" conversational-direct="FALSE" conversational-reported="TRUE"  >
<token_anchor t_id="63"/>
<token_anchor t_id="64"/>
<token_anchor t_id="65"/>
<token_anchor t_id="66"/>
<token_anchor t_id="67"/>
<token_anchor t_id="68"/>
<token_anchor t_id="69"/>
<token_anchor t_id="70"/>
<token_anchor t_id="71"/>
<token_anchor t_id="72"/>
<token_anchor t_id="73"/>
<token_anchor t_id="74"/>
<token_anchor t_id="75"/>
<token_anchor t_id="76"/>
<token_anchor t_id="77"/>
</NARRATIVE>
<NARRATIVE m_id="17" Level="Primary" comment="" conversational-direct="FALSE" conversational-reported="FALSE"  >
<token_anchor t_id="138"/>
<token_anchor t_id="139"/>
<token_anchor t_id="140"/>
<token_anchor t_id="141"/>
</NARRATIVE>
<NARRATIVE m_id="18" Level="Primary" comment="" conversational-direct="FALSE" conversational-reported="FALSE"  >
<token_anchor t_id="142"/>
<token_anchor t_id="143"/>
<token_anchor t_id="144"/>
</NARRATIVE>
<NARRATIVE m_id="19" Level="Primary" comment="" conversational-direct="FALSE" conversational-reported="FALSE"  >
<token_anchor t_id="145"/>
</NARRATIVE>
<NARRATIVE m_id="20" Level="Primary" comment="" conversational-direct="FALSE" conversational-reported="FALSE"  >
<token_anchor t_id="146"/>
<token_anchor t_id="147"/>
<token_anchor t_id="148"/>
<token_anchor t_id="149"/>
</NARRATIVE>
<NARRATIVE m_id="21" Level="Primary" comment="" conversational-direct="FALSE" conversational-reported="FALSE"  >
<token_anchor t_id="150"/>
<token_anchor t_id="151"/>
<token_anchor t_id="152"/>
</NARRATIVE>
<NARRATIVE m_id="22" Level="Primary" comment="" conversational-direct="FALSE" conversational-reported="FALSE"  >
<token_anchor t_id="153"/>
<token_anchor t_id="154"/>
<token_anchor t_id="155"/>
<token_anchor t_id="156"/>
<token_anchor t_id="157"/>
<token_anchor t_id="158"/>
<token_anchor t_id="159"/>
<token_anchor t_id="160"/>
<token_anchor t_id="161"/>
</NARRATIVE>
<NARRATIVE m_id="23" Level="Primary" comment="" conversational-direct="FALSE" conversational-reported="TRUE"  >
<token_anchor t_id="178"/>
<token_anchor t_id="179"/>
</NARRATIVE>
<NARRATIVE m_id="24" Level="Primary" comment="" conversational-direct="FALSE" conversational-reported="TRUE"  >
<token_anchor t_id="180"/>
<token_anchor t_id="181"/>
<token_anchor t_id="182"/>
<token_anchor t_id="183"/>
<token_anchor t_id="184"/>
<token_anchor t_id="185"/>
<token_anchor t_id="186"/>
<token_anchor t_id="187"/>
<token_anchor t_id="188"/>
</NARRATIVE>


</Markables>

<Relations>
</Relations>
</Document>
