<Document doc_name="wsj_0942.xml.conll.txt">
<token t_id="1" sentence="0" number="0">Some</token>
<token t_id="2" sentence="0" number="1">of</token>
<token t_id="3" sentence="0" number="2">America</token>
<token t_id="4" sentence="0" number="3">'s</token>
<token t_id="5" sentence="0" number="4">biggest</token>
<token t_id="6" sentence="0" number="5">trading</token>
<token t_id="7" sentence="0" number="6">partners</token>
<token t_id="8" sentence="0" number="7">gave</token>
<token t_id="9" sentence="0" number="8">a</token>
<token t_id="10" sentence="0" number="9">quick</token>
<token t_id="11" sentence="0" number="10">thumbs</token>
<token t_id="12" sentence="0" number="11">-</token>
<token t_id="13" sentence="0" number="12">down</token>
<token t_id="14" sentence="0" number="13">to</token>
<token t_id="15" sentence="0" number="14">a</token>
<token t_id="16" sentence="0" number="15">U</token>
<token t_id="17" sentence="0" number="16">.</token>
<token t_id="18" sentence="0" number="17">S</token>
<token t_id="19" sentence="0" number="18">.</token>
<token t_id="20" sentence="0" number="19">proposal</token>
<token t_id="21" sentence="0" number="20">to</token>
<token t_id="22" sentence="0" number="21">liberalize</token>
<token t_id="23" sentence="0" number="22">world</token>
<token t_id="24" sentence="0" number="23">trade</token>
<token t_id="25" sentence="0" number="24">and</token>
<token t_id="26" sentence="0" number="25">reduce</token>
<token t_id="27" sentence="0" number="26">farm</token>
<token t_id="28" sentence="0" number="27">-</token>
<token t_id="29" sentence="0" number="28">product</token>
<token t_id="30" sentence="0" number="29">subsidies</token>
<token t_id="31" sentence="0" number="30">.</token>
<token t_id="32" sentence="1" number="0">In</token>
<token t_id="33" sentence="1" number="1">Geneva</token>
<token t_id="34" sentence="1" number="2">,</token>
<token t_id="35" sentence="1" number="3">where</token>
<token t_id="36" sentence="1" number="4">world</token>
<token t_id="37" sentence="1" number="5">trade</token>
<token t_id="38" sentence="1" number="6">talks</token>
<token t_id="39" sentence="1" number="7">are</token>
<token t_id="40" sentence="1" number="8">being</token>
<token t_id="41" sentence="1" number="9">held</token>
<token t_id="42" sentence="1" number="10">under</token>
<token t_id="43" sentence="1" number="11">the</token>
<token t_id="44" sentence="1" number="12">General</token>
<token t_id="45" sentence="1" number="13">Agreement</token>
<token t_id="46" sentence="1" number="14">on</token>
<token t_id="47" sentence="1" number="15">Tariffs</token>
<token t_id="48" sentence="1" number="16">and</token>
<token t_id="49" sentence="1" number="17">Trade</token>
<token t_id="50" sentence="1" number="18">,</token>
<token t_id="51" sentence="1" number="19">or</token>
<token t_id="52" sentence="1" number="20">GATT</token>
<token t_id="53" sentence="1" number="21">,</token>
<token t_id="54" sentence="1" number="22">the</token>
<token t_id="55" sentence="1" number="23">European</token>
<token t_id="56" sentence="1" number="24">Community</token>
<token t_id="57" sentence="1" number="25">called</token>
<token t_id="58" sentence="1" number="26">the</token>
<token t_id="59" sentence="1" number="27">U</token>
<token t_id="60" sentence="1" number="28">.</token>
<token t_id="61" sentence="1" number="29">S</token>
<token t_id="62" sentence="1" number="30">.</token>
<token t_id="63" sentence="1" number="31">proposal</token>
<token t_id="64" sentence="1" number="32">``</token>
<token t_id="65" sentence="1" number="33">a</token>
<token t_id="66" sentence="1" number="34">step</token>
<token t_id="67" sentence="1" number="35">backward</token>
<token t_id="68" sentence="1" number="36">.</token>
<token t_id="69" sentence="1" number="37">''</token>
<token t_id="70" sentence="2" number="0">And</token>
<token t_id="71" sentence="2" number="1">Japan</token>
<token t_id="72" sentence="2" number="2">'s</token>
<token t_id="73" sentence="2" number="3">minister</token>
<token t_id="74" sentence="2" number="4">of</token>
<token t_id="75" sentence="2" number="5">agriculture</token>
<token t_id="76" sentence="2" number="6">,</token>
<token t_id="77" sentence="2" number="7">forestry</token>
<token t_id="78" sentence="2" number="8">and</token>
<token t_id="79" sentence="2" number="9">fisheries</token>
<token t_id="80" sentence="2" number="10">told</token>
<token t_id="81" sentence="2" number="11">a</token>
<token t_id="82" sentence="2" number="12">committee</token>
<token t_id="83" sentence="2" number="13">of</token>
<token t_id="84" sentence="2" number="14">Japan</token>
<token t_id="85" sentence="2" number="15">'s</token>
<token t_id="86" sentence="2" number="16">parliament</token>
<token t_id="87" sentence="2" number="17">that</token>
<token t_id="88" sentence="2" number="18">Washington</token>
<token t_id="89" sentence="2" number="19">'s</token>
<token t_id="90" sentence="2" number="20">proposal</token>
<token t_id="91" sentence="2" number="21">was</token>
<token t_id="92" sentence="2" number="22">impractical</token>
<token t_id="93" sentence="2" number="23">and</token>
<token t_id="94" sentence="2" number="24">that</token>
<token t_id="95" sentence="2" number="25">Tokyo</token>
<token t_id="96" sentence="2" number="26">would</token>
<token t_id="97" sentence="2" number="27">continue</token>
<token t_id="98" sentence="2" number="28">to</token>
<token t_id="99" sentence="2" number="29">heavily</token>
<token t_id="100" sentence="2" number="30">subsidize</token>
<token t_id="101" sentence="2" number="31">its</token>
<token t_id="102" sentence="2" number="32">rice</token>
<token t_id="103" sentence="2" number="33">farmers</token>
<token t_id="104" sentence="2" number="34">.</token>
<token t_id="105" sentence="3" number="0">The</token>
<token t_id="106" sentence="3" number="1">U</token>
<token t_id="107" sentence="3" number="2">.</token>
<token t_id="108" sentence="3" number="3">S</token>
<token t_id="109" sentence="3" number="4">.</token>
<token t_id="110" sentence="3" number="5">,</token>
<token t_id="111" sentence="3" number="6">in</token>
<token t_id="112" sentence="3" number="7">a</token>
<token t_id="113" sentence="3" number="8">far</token>
<token t_id="114" sentence="3" number="9">-</token>
<token t_id="115" sentence="3" number="10">reaching</token>
<token t_id="116" sentence="3" number="11">plan</token>
<token t_id="117" sentence="3" number="12">submitted</token>
<token t_id="118" sentence="3" number="13">to</token>
<token t_id="119" sentence="3" number="14">the</token>
<token t_id="120" sentence="3" number="15">Geneva</token>
<token t_id="121" sentence="3" number="16">meeting</token>
<token t_id="122" sentence="3" number="17">Tuesday</token>
<token t_id="123" sentence="3" number="18">,</token>
<token t_id="124" sentence="3" number="19">proposed</token>
<token t_id="125" sentence="3" number="20">curbing</token>
<token t_id="126" sentence="3" number="21">price</token>
<token t_id="127" sentence="3" number="22">support</token>
<token t_id="128" sentence="3" number="23">subsidies</token>
<token t_id="129" sentence="3" number="24">within</token>
<token t_id="130" sentence="3" number="25">10</token>
<token t_id="131" sentence="3" number="26">years</token>
<token t_id="132" sentence="3" number="27">and</token>
<token t_id="133" sentence="3" number="28">eliminating</token>
<token t_id="134" sentence="3" number="29">export</token>
<token t_id="135" sentence="3" number="30">subsidies</token>
<token t_id="136" sentence="3" number="31">within</token>
<token t_id="137" sentence="3" number="32">five</token>
<token t_id="138" sentence="3" number="33">years</token>
<token t_id="139" sentence="3" number="34">.</token>
<token t_id="140" sentence="4" number="0">U</token>
<token t_id="141" sentence="4" number="1">.</token>
<token t_id="142" sentence="4" number="2">S</token>
<token t_id="143" sentence="4" number="3">.</token>
<token t_id="144" sentence="4" number="4">officials</token>
<token t_id="145" sentence="4" number="5">said</token>
<token t_id="146" sentence="4" number="6">the</token>
<token t_id="147" sentence="4" number="7">plan</token>
<token t_id="148" sentence="4" number="8">was</token>
<token t_id="149" sentence="4" number="9">flexible</token>
<token t_id="150" sentence="4" number="10">,</token>
<token t_id="151" sentence="4" number="11">and</token>
<token t_id="152" sentence="4" number="12">was</token>
<token t_id="153" sentence="4" number="13">intended</token>
<token t_id="154" sentence="4" number="14">as</token>
<token t_id="155" sentence="4" number="15">a</token>
<token t_id="156" sentence="4" number="16">pragmatic</token>
<token t_id="157" sentence="4" number="17">approach</token>
<token t_id="158" sentence="4" number="18">for</token>
<token t_id="159" sentence="4" number="19">gradually</token>
<token t_id="160" sentence="4" number="20">removing</token>
<token t_id="161" sentence="4" number="21">trade</token>
<token t_id="162" sentence="4" number="22">-</token>
<token t_id="163" sentence="4" number="23">distorting</token>
<token t_id="164" sentence="4" number="24">subsidies</token>
<token t_id="165" sentence="4" number="25">.</token>
<token t_id="166" sentence="5" number="0">But</token>
<token t_id="167" sentence="5" number="1">the</token>
<token t_id="168" sentence="5" number="2">EC</token>
<token t_id="169" sentence="5" number="3">reacted</token>
<token t_id="170" sentence="5" number="4">defiantly</token>
<token t_id="171" sentence="5" number="5">,</token>
<token t_id="172" sentence="5" number="6">arguing</token>
<token t_id="173" sentence="5" number="7">that</token>
<token t_id="174" sentence="5" number="8">the</token>
<token t_id="175" sentence="5" number="9">proposal</token>
<token t_id="176" sentence="5" number="10">'s</token>
<token t_id="177" sentence="5" number="11">main</token>
<token t_id="178" sentence="5" number="12">aim</token>
<token t_id="179" sentence="5" number="13">is</token>
<token t_id="180" sentence="5" number="14">to</token>
<token t_id="181" sentence="5" number="15">destroy</token>
<token t_id="182" sentence="5" number="16">the</token>
<token t_id="183" sentence="5" number="17">Common</token>
<token t_id="184" sentence="5" number="18">Agricultural</token>
<token t_id="185" sentence="5" number="19">Policy</token>
<token t_id="186" sentence="5" number="20">,</token>
<token t_id="187" sentence="5" number="21">the</token>
<token t_id="188" sentence="5" number="22">EC</token>
<token t_id="189" sentence="5" number="23">'s</token>
<token t_id="190" sentence="5" number="24">$</token>
<token t_id="191" sentence="5" number="25">28</token>
<token t_id="192" sentence="5" number="26">billion</token>
<token t_id="193" sentence="5" number="27">-</token>
<token t_id="194" sentence="5" number="28">a</token>
<token t_id="195" sentence="5" number="29">-</token>
<token t_id="196" sentence="5" number="30">year</token>
<token t_id="197" sentence="5" number="31">price</token>
<token t_id="198" sentence="5" number="32">support</token>
<token t_id="199" sentence="5" number="33">program</token>
<token t_id="200" sentence="5" number="34">.</token>
<token t_id="201" sentence="6" number="0">``</token>
<token t_id="202" sentence="6" number="1">The</token>
<token t_id="203" sentence="6" number="2">American</token>
<token t_id="204" sentence="6" number="3">proposal</token>
<token t_id="205" sentence="6" number="4">is</token>
<token t_id="206" sentence="6" number="5">not</token>
<token t_id="207" sentence="6" number="6">an</token>
<token t_id="208" sentence="6" number="7">adequate</token>
<token t_id="209" sentence="6" number="8">basis</token>
<token t_id="210" sentence="6" number="9">for</token>
<token t_id="211" sentence="6" number="10">negotiation</token>
<token t_id="212" sentence="6" number="11">,</token>
<token t_id="213" sentence="6" number="12">''</token>
<token t_id="214" sentence="6" number="13">the</token>
<token t_id="215" sentence="6" number="14">EC</token>
<token t_id="216" sentence="6" number="15">said</token>
<token t_id="217" sentence="6" number="16">in</token>
<token t_id="218" sentence="6" number="17">a</token>
<token t_id="219" sentence="6" number="18">statement</token>
<token t_id="220" sentence="6" number="19">.</token>
<token t_id="221" sentence="7" number="0">EC</token>
<token t_id="222" sentence="7" number="1">officials</token>
<token t_id="223" sentence="7" number="2">say</token>
<token t_id="224" sentence="7" number="3">they</token>
<token t_id="225" sentence="7" number="4">are</token>
<token t_id="226" sentence="7" number="5">irked</token>
<token t_id="227" sentence="7" number="6">that</token>
<token t_id="228" sentence="7" number="7">the</token>
<token t_id="229" sentence="7" number="8">U</token>
<token t_id="230" sentence="7" number="9">.</token>
<token t_id="231" sentence="7" number="10">S</token>
<token t_id="232" sentence="7" number="11">.</token>
<token t_id="233" sentence="7" number="12">has</token>
<token t_id="234" sentence="7" number="13">set</token>
<token t_id="235" sentence="7" number="14">a</token>
<token t_id="236" sentence="7" number="15">specific</token>
<token t_id="237" sentence="7" number="16">timetable</token>
<token t_id="238" sentence="7" number="17">and</token>
<token t_id="239" sentence="7" number="18">is</token>
<token t_id="240" sentence="7" number="19">insisting</token>
<token t_id="241" sentence="7" number="20">on</token>
<token t_id="242" sentence="7" number="21">the</token>
<token t_id="243" sentence="7" number="22">``</token>
<token t_id="244" sentence="7" number="23">elimination</token>
<token t_id="245" sentence="7" number="24">''</token>
<token t_id="246" sentence="7" number="25">of</token>
<token t_id="247" sentence="7" number="26">export</token>
<token t_id="248" sentence="7" number="27">subsides</token>
<token t_id="249" sentence="7" number="28">,</token>
<token t_id="250" sentence="7" number="29">not</token>
<token t_id="251" sentence="7" number="30">just</token>
<token t_id="252" sentence="7" number="31">reduction</token>
<token t_id="253" sentence="7" number="32">.</token>
<token t_id="254" sentence="8" number="0">EC</token>
<token t_id="255" sentence="8" number="1">Agriculture</token>
<token t_id="256" sentence="8" number="2">Commissioner</token>
<token t_id="257" sentence="8" number="3">Ray</token>
<token t_id="258" sentence="8" number="4">MacSharry</token>
<token t_id="259" sentence="8" number="5">said</token>
<token t_id="260" sentence="8" number="6">the</token>
<token t_id="261" sentence="8" number="7">U</token>
<token t_id="262" sentence="8" number="8">.</token>
<token t_id="263" sentence="8" number="9">S</token>
<token t_id="264" sentence="8" number="10">.</token>
<token t_id="265" sentence="8" number="11">plan</token>
<token t_id="266" sentence="8" number="12">``</token>
<token t_id="267" sentence="8" number="13">calls</token>
<token t_id="268" sentence="8" number="14">into</token>
<token t_id="269" sentence="8" number="15">question</token>
<token t_id="270" sentence="8" number="16">''</token>
<token t_id="271" sentence="8" number="17">the</token>
<token t_id="272" sentence="8" number="18">agreement</token>
<token t_id="273" sentence="8" number="19">reached</token>
<token t_id="274" sentence="8" number="20">by</token>
<token t_id="275" sentence="8" number="21">world</token>
<token t_id="276" sentence="8" number="22">negotiators</token>
<token t_id="277" sentence="8" number="23">last</token>
<token t_id="278" sentence="8" number="24">April</token>
<token t_id="279" sentence="8" number="25">in</token>
<token t_id="280" sentence="8" number="26">Geneva</token>
<token t_id="281" sentence="8" number="27">seeking</token>
<token t_id="282" sentence="8" number="28">``</token>
<token t_id="283" sentence="8" number="29">substantial</token>
<token t_id="284" sentence="8" number="30">progressive</token>
<token t_id="285" sentence="8" number="31">reductions</token>
<token t_id="286" sentence="8" number="32">in</token>
<token t_id="287" sentence="8" number="33">agricultural</token>
<token t_id="288" sentence="8" number="34">support</token>
<token t_id="289" sentence="8" number="35">and</token>
<token t_id="290" sentence="8" number="36">protection</token>
<token t_id="291" sentence="8" number="37">.</token>
<token t_id="292" sentence="8" number="38">''</token>
<token t_id="293" sentence="9" number="0">U</token>
<token t_id="294" sentence="9" number="1">.</token>
<token t_id="295" sentence="9" number="2">S</token>
<token t_id="296" sentence="9" number="3">.</token>
<token t_id="297" sentence="9" number="4">Deputy</token>
<token t_id="298" sentence="9" number="5">Trade</token>
<token t_id="299" sentence="9" number="6">Representative</token>
<token t_id="300" sentence="9" number="7">Jules</token>
<token t_id="301" sentence="9" number="8">Katz</token>
<token t_id="302" sentence="9" number="9">replied</token>
<token t_id="303" sentence="9" number="10">that</token>
<token t_id="304" sentence="9" number="11">the</token>
<token t_id="305" sentence="9" number="12">proposal</token>
<token t_id="306" sentence="9" number="13">was</token>
<token t_id="307" sentence="9" number="14">entirely</token>
<token t_id="308" sentence="9" number="15">consistent</token>
<token t_id="309" sentence="9" number="16">with</token>
<token t_id="310" sentence="9" number="17">the</token>
<token t_id="311" sentence="9" number="18">April</token>
<token t_id="312" sentence="9" number="19">accord</token>
<token t_id="313" sentence="9" number="20">.</token>
<token t_id="314" sentence="10" number="0">He</token>
<token t_id="315" sentence="10" number="1">said</token>
<token t_id="316" sentence="10" number="2">he</token>
<token t_id="317" sentence="10" number="3">was</token>
<token t_id="318" sentence="10" number="4">surprised</token>
<token t_id="319" sentence="10" number="5">by</token>
<token t_id="320" sentence="10" number="6">the</token>
<token t_id="321" sentence="10" number="7">EC</token>
<token t_id="322" sentence="10" number="8">'s</token>
<token t_id="323" sentence="10" number="9">reaction</token>
<token t_id="324" sentence="10" number="10">,</token>
<token t_id="325" sentence="10" number="11">calling</token>
<token t_id="326" sentence="10" number="12">it</token>
<token t_id="327" sentence="10" number="13">``</token>
<token t_id="328" sentence="10" number="14">vehement</token>
<token t_id="329" sentence="10" number="15">,</token>
<token t_id="330" sentence="10" number="16">even</token>
<token t_id="331" sentence="10" number="17">frenetic</token>
<token t_id="332" sentence="10" number="18">.</token>
<token t_id="333" sentence="10" number="19">''</token>
<token t_id="334" sentence="11" number="0">The</token>
<token t_id="335" sentence="11" number="1">U</token>
<token t_id="336" sentence="11" number="2">.</token>
<token t_id="337" sentence="11" number="3">S</token>
<token t_id="338" sentence="11" number="4">.</token>
<token t_id="339" sentence="11" number="5">proposal</token>
<token t_id="340" sentence="11" number="6">also</token>
<token t_id="341" sentence="11" number="7">was</token>
<token t_id="342" sentence="11" number="8">criticized</token>
<token t_id="343" sentence="11" number="9">by</token>
<token t_id="344" sentence="11" number="10">food</token>
<token t_id="345" sentence="11" number="11">-</token>
<token t_id="346" sentence="11" number="12">importing</token>
<token t_id="347" sentence="11" number="13">developing</token>
<token t_id="348" sentence="11" number="14">countries</token>
<token t_id="349" sentence="11" number="15">,</token>
<token t_id="350" sentence="11" number="16">who</token>
<token t_id="351" sentence="11" number="17">said</token>
<token t_id="352" sentence="11" number="18">that</token>
<token t_id="353" sentence="11" number="19">the</token>
<token t_id="354" sentence="11" number="20">U</token>
<token t_id="355" sentence="11" number="21">.</token>
<token t_id="356" sentence="11" number="22">S</token>
<token t_id="357" sentence="11" number="23">.</token>
<token t_id="358" sentence="11" number="24">made</token>
<token t_id="359" sentence="11" number="25">no</token>
<token t_id="360" sentence="11" number="26">special</token>
<token t_id="361" sentence="11" number="27">allowances</token>
<token t_id="362" sentence="11" number="28">for</token>
<token t_id="363" sentence="11" number="29">poor</token>
<token t_id="364" sentence="11" number="30">nations</token>
<token t_id="365" sentence="11" number="31">.</token>
<token t_id="366" sentence="12" number="0">While</token>
<token t_id="367" sentence="12" number="1">many</token>
<token t_id="368" sentence="12" number="2">experts</token>
<token t_id="369" sentence="12" number="3">argue</token>
<token t_id="370" sentence="12" number="4">that</token>
<token t_id="371" sentence="12" number="5">food</token>
<token t_id="372" sentence="12" number="6">-</token>
<token t_id="373" sentence="12" number="7">importing</token>
<token t_id="374" sentence="12" number="8">nations</token>
<token t_id="375" sentence="12" number="9">would</token>
<token t_id="376" sentence="12" number="10">eventually</token>
<token t_id="377" sentence="12" number="11">become</token>
<token t_id="378" sentence="12" number="12">self</token>
<token t_id="379" sentence="12" number="13">-</token>
<token t_id="380" sentence="12" number="14">sufficient</token>
<token t_id="381" sentence="12" number="15">in</token>
<token t_id="382" sentence="12" number="16">a</token>
<token t_id="383" sentence="12" number="17">free</token>
<token t_id="384" sentence="12" number="18">-</token>
<token t_id="385" sentence="12" number="19">market</token>
<token t_id="386" sentence="12" number="20">system</token>
<token t_id="387" sentence="12" number="21">,</token>
<token t_id="388" sentence="12" number="22">the</token>
<token t_id="389" sentence="12" number="23">poorest</token>
<token t_id="390" sentence="12" number="24">nations</token>
<token t_id="391" sentence="12" number="25">are</token>
<token t_id="392" sentence="12" number="26">likely</token>
<token t_id="393" sentence="12" number="27">to</token>
<token t_id="394" sentence="12" number="28">need</token>
<token t_id="395" sentence="12" number="29">help</token>
<token t_id="396" sentence="12" number="30">in</token>
<token t_id="397" sentence="12" number="31">the</token>
<token t_id="398" sentence="12" number="32">meantime</token>
<token t_id="399" sentence="12" number="33">.</token>
<token t_id="400" sentence="13" number="0">Ambassador</token>
<token t_id="401" sentence="13" number="1">Katz</token>
<token t_id="402" sentence="13" number="2">said</token>
<token t_id="403" sentence="13" number="3">the</token>
<token t_id="404" sentence="13" number="4">U</token>
<token t_id="405" sentence="13" number="5">.</token>
<token t_id="406" sentence="13" number="6">S</token>
<token t_id="407" sentence="13" number="7">.</token>
<token t_id="408" sentence="13" number="8">was</token>
<token t_id="409" sentence="13" number="9">open</token>
<token t_id="410" sentence="13" number="10">to</token>
<token t_id="411" sentence="13" number="11">discussing</token>
<token t_id="412" sentence="13" number="12">particular</token>
<token t_id="413" sentence="13" number="13">problems</token>
<token t_id="414" sentence="13" number="14">of</token>
<token t_id="415" sentence="13" number="15">developing</token>
<token t_id="416" sentence="13" number="16">countries</token>
<token t_id="417" sentence="13" number="17">.</token>
<token t_id="418" sentence="14" number="0">The</token>
<token t_id="419" sentence="14" number="1">U</token>
<token t_id="420" sentence="14" number="2">.</token>
<token t_id="421" sentence="14" number="3">S</token>
<token t_id="422" sentence="14" number="4">.</token>
<token t_id="423" sentence="14" number="5">administration</token>
<token t_id="424" sentence="14" number="6">said</token>
<token t_id="425" sentence="14" number="7">its</token>
<token t_id="426" sentence="14" number="8">plan</token>
<token t_id="427" sentence="14" number="9">would</token>
<token t_id="428" sentence="14" number="10">allow</token>
<token t_id="429" sentence="14" number="11">considerable</token>
<token t_id="430" sentence="14" number="12">flexibility</token>
<token t_id="431" sentence="14" number="13">in</token>
<token t_id="432" sentence="14" number="14">determining</token>
<token t_id="433" sentence="14" number="15">how</token>
<token t_id="434" sentence="14" number="16">and</token>
<token t_id="435" sentence="14" number="17">when</token>
<token t_id="436" sentence="14" number="18">the</token>
<token t_id="437" sentence="14" number="19">free</token>
<token t_id="438" sentence="14" number="20">-</token>
<token t_id="439" sentence="14" number="21">trade</token>
<token t_id="440" sentence="14" number="22">goals</token>
<token t_id="441" sentence="14" number="23">would</token>
<token t_id="442" sentence="14" number="24">be</token>
<token t_id="443" sentence="14" number="25">achieved</token>
<token t_id="444" sentence="14" number="26">.</token>
<token t_id="445" sentence="15" number="0">The</token>
<token t_id="446" sentence="15" number="1">U</token>
<token t_id="447" sentence="15" number="2">.</token>
<token t_id="448" sentence="15" number="3">S</token>
<token t_id="449" sentence="15" number="4">.</token>
<token t_id="450" sentence="15" number="5">argues</token>
<token t_id="451" sentence="15" number="6">that</token>
<token t_id="452" sentence="15" number="7">its</token>
<token t_id="453" sentence="15" number="8">plan</token>
<token t_id="454" sentence="15" number="9">would</token>
<token t_id="455" sentence="15" number="10">ease</token>
<token t_id="456" sentence="15" number="11">the</token>
<token t_id="457" sentence="15" number="12">transition</token>
<token t_id="458" sentence="15" number="13">to</token>
<token t_id="459" sentence="15" number="14">freer</token>
<token t_id="460" sentence="15" number="15">agriculture</token>
<token t_id="461" sentence="15" number="16">trade</token>
<token t_id="462" sentence="15" number="17">by</token>
<token t_id="463" sentence="15" number="18">converting</token>
<token t_id="464" sentence="15" number="19">certain</token>
<token t_id="465" sentence="15" number="20">non</token>
<token t_id="466" sentence="15" number="21">-</token>
<token t_id="467" sentence="15" number="22">tariff</token>
<token t_id="468" sentence="15" number="23">barriers</token>
<token t_id="469" sentence="15" number="24">into</token>
<token t_id="470" sentence="15" number="25">tariffs</token>
<token t_id="471" sentence="15" number="26">that</token>
<token t_id="472" sentence="15" number="27">,</token>
<token t_id="473" sentence="15" number="28">together</token>
<token t_id="474" sentence="15" number="29">with</token>
<token t_id="475" sentence="15" number="30">existing</token>
<token t_id="476" sentence="15" number="31">tariffs</token>
<token t_id="477" sentence="15" number="32">,</token>
<token t_id="478" sentence="15" number="33">then</token>
<token t_id="479" sentence="15" number="34">would</token>
<token t_id="480" sentence="15" number="35">be</token>
<token t_id="481" sentence="15" number="36">phased</token>
<token t_id="482" sentence="15" number="37">out</token>
<token t_id="483" sentence="15" number="38">over</token>
<token t_id="484" sentence="15" number="39">10</token>
<token t_id="485" sentence="15" number="40">years</token>
<token t_id="486" sentence="15" number="41">.</token>
<token t_id="487" sentence="16" number="0">But</token>
<token t_id="488" sentence="16" number="1">the</token>
<token t_id="489" sentence="16" number="2">EC</token>
<token t_id="490" sentence="16" number="3">is</token>
<token t_id="491" sentence="16" number="4">strongly</token>
<token t_id="492" sentence="16" number="5">opposed</token>
<token t_id="493" sentence="16" number="6">to</token>
<token t_id="494" sentence="16" number="7">converting</token>
<token t_id="495" sentence="16" number="8">agricultural</token>
<token t_id="496" sentence="16" number="9">supports</token>
<token t_id="497" sentence="16" number="10">into</token>
<token t_id="498" sentence="16" number="11">tariffs</token>
<token t_id="499" sentence="16" number="12">.</token>
<token t_id="500" sentence="17" number="0">The</token>
<token t_id="501" sentence="17" number="1">new</token>
<token t_id="502" sentence="17" number="2">U</token>
<token t_id="503" sentence="17" number="3">.</token>
<token t_id="504" sentence="17" number="4">S</token>
<token t_id="505" sentence="17" number="5">.</token>
<token t_id="506" sentence="17" number="6">package</token>
<token t_id="507" sentence="17" number="7">also</token>
<token t_id="508" sentence="17" number="8">says</token>
<token t_id="509" sentence="17" number="9">countries</token>
<token t_id="510" sentence="17" number="10">could</token>
<token t_id="511" sentence="17" number="11">temporarily</token>
<token t_id="512" sentence="17" number="12">raise</token>
<token t_id="513" sentence="17" number="13">tariffs</token>
<token t_id="514" sentence="17" number="14">on</token>
<token t_id="515" sentence="17" number="15">certain</token>
<token t_id="516" sentence="17" number="16">products</token>
<token t_id="517" sentence="17" number="17">if</token>
<token t_id="518" sentence="17" number="18">they</token>
<token t_id="519" sentence="17" number="19">experience</token>
<token t_id="520" sentence="17" number="20">an</token>
<token t_id="521" sentence="17" number="21">unusually</token>
<token t_id="522" sentence="17" number="22">heavy</token>
<token t_id="523" sentence="17" number="23">volume</token>
<token t_id="524" sentence="17" number="24">of</token>
<token t_id="525" sentence="17" number="25">imports</token>
<token t_id="526" sentence="17" number="26">.</token>
<token t_id="527" sentence="18" number="0">It</token>
<token t_id="528" sentence="18" number="1">would</token>
<token t_id="529" sentence="18" number="2">establish</token>
<token t_id="530" sentence="18" number="3">procedures</token>
<token t_id="531" sentence="18" number="4">to</token>
<token t_id="532" sentence="18" number="5">prevent</token>
<token t_id="533" sentence="18" number="6">countries</token>
<token t_id="534" sentence="18" number="7">from</token>
<token t_id="535" sentence="18" number="8">using</token>
<token t_id="536" sentence="18" number="9">health</token>
<token t_id="537" sentence="18" number="10">and</token>
<token t_id="538" sentence="18" number="11">sanitation</token>
<token t_id="539" sentence="18" number="12">rules</token>
<token t_id="540" sentence="18" number="13">to</token>
<token t_id="541" sentence="18" number="14">impede</token>
<token t_id="542" sentence="18" number="15">trade</token>
<token t_id="543" sentence="18" number="16">arbitrarily</token>
<token t_id="544" sentence="18" number="17">.</token>
<token t_id="545" sentence="19" number="0">Seeking</token>
<token t_id="546" sentence="19" number="1">to</token>
<token t_id="547" sentence="19" number="2">allay</token>
<token t_id="548" sentence="19" number="3">European</token>
<token t_id="549" sentence="19" number="4">concerns</token>
<token t_id="550" sentence="19" number="5">,</token>
<token t_id="551" sentence="19" number="6">U</token>
<token t_id="552" sentence="19" number="7">.</token>
<token t_id="553" sentence="19" number="8">S</token>
<token t_id="554" sentence="19" number="9">.</token>
<token t_id="555" sentence="19" number="10">Agriculture</token>
<token t_id="556" sentence="19" number="11">Secretary</token>
<token t_id="557" sentence="19" number="12">Clayton</token>
<token t_id="558" sentence="19" number="13">Yeutter</token>
<token t_id="559" sentence="19" number="14">said</token>
<token t_id="560" sentence="19" number="15">in</token>
<token t_id="561" sentence="19" number="16">Washington</token>
<token t_id="562" sentence="19" number="17">that</token>
<token t_id="563" sentence="19" number="18">the</token>
<token t_id="564" sentence="19" number="19">new</token>
<token t_id="565" sentence="19" number="20">U</token>
<token t_id="566" sentence="19" number="21">.</token>
<token t_id="567" sentence="19" number="22">S</token>
<token t_id="568" sentence="19" number="23">.</token>
<token t_id="569" sentence="19" number="24">plan</token>
<token t_id="570" sentence="19" number="25">would</token>
<token t_id="571" sentence="19" number="26">n't</token>
<token t_id="572" sentence="19" number="27">``</token>
<token t_id="573" sentence="19" number="28">put</token>
<token t_id="574" sentence="19" number="29">farmers</token>
<token t_id="575" sentence="19" number="30">out</token>
<token t_id="576" sentence="19" number="31">of</token>
<token t_id="577" sentence="19" number="32">business</token>
<token t_id="578" sentence="19" number="33">''</token>
<token t_id="579" sentence="19" number="34">but</token>
<token t_id="580" sentence="19" number="35">would</token>
<token t_id="581" sentence="19" number="36">encourage</token>
<token t_id="582" sentence="19" number="37">them</token>
<token t_id="583" sentence="19" number="38">to</token>
<token t_id="584" sentence="19" number="39">``</token>
<token t_id="585" sentence="19" number="40">grow</token>
<token t_id="586" sentence="19" number="41">what</token>
<token t_id="587" sentence="19" number="42">the</token>
<token t_id="588" sentence="19" number="43">markets</token>
<token t_id="589" sentence="19" number="44">desire</token>
<token t_id="590" sentence="19" number="45">instead</token>
<token t_id="591" sentence="19" number="46">of</token>
<token t_id="592" sentence="19" number="47">what</token>
<token t_id="593" sentence="19" number="48">the</token>
<token t_id="594" sentence="19" number="49">government</token>
<token t_id="595" sentence="19" number="50">wants</token>
<token t_id="596" sentence="19" number="51">.</token>
<token t_id="597" sentence="19" number="52">''</token>
<token t_id="598" sentence="20" number="0">The</token>
<token t_id="599" sentence="20" number="1">EC</token>
<token t_id="600" sentence="20" number="2">,</token>
<token t_id="601" sentence="20" number="3">with</token>
<token t_id="602" sentence="20" number="4">a</token>
<token t_id="603" sentence="20" number="5">population</token>
<token t_id="604" sentence="20" number="6">of</token>
<token t_id="605" sentence="20" number="7">320</token>
<token t_id="606" sentence="20" number="8">million</token>
<token t_id="607" sentence="20" number="9">,</token>
<token t_id="608" sentence="20" number="10">has</token>
<token t_id="609" sentence="20" number="11">8</token>
<token t_id="610" sentence="20" number="12">.</token>
<token t_id="611" sentence="20" number="13">5</token>
<token t_id="612" sentence="20" number="14">million</token>
<token t_id="613" sentence="20" number="15">farmers</token>
<token t_id="614" sentence="20" number="16">,</token>
<token t_id="615" sentence="20" number="17">while</token>
<token t_id="616" sentence="20" number="18">the</token>
<token t_id="617" sentence="20" number="19">U</token>
<token t_id="618" sentence="20" number="20">.</token>
<token t_id="619" sentence="20" number="21">S</token>
<token t_id="620" sentence="20" number="22">.</token>
<token t_id="621" sentence="20" number="23">,</token>
<token t_id="622" sentence="20" number="24">with</token>
<token t_id="623" sentence="20" number="25">a</token>
<token t_id="624" sentence="20" number="26">population</token>
<token t_id="625" sentence="20" number="27">of</token>
<token t_id="626" sentence="20" number="28">about</token>
<token t_id="627" sentence="20" number="29">245</token>
<token t_id="628" sentence="20" number="30">million</token>
<token t_id="629" sentence="20" number="31">,</token>
<token t_id="630" sentence="20" number="32">has</token>
<token t_id="631" sentence="20" number="33">only</token>
<token t_id="632" sentence="20" number="34">two</token>
<token t_id="633" sentence="20" number="35">million</token>
<token t_id="634" sentence="20" number="36">farmers</token>
<token t_id="635" sentence="20" number="37">.</token>
<token t_id="636" sentence="21" number="0">Japan</token>
<token t_id="637" sentence="21" number="1">'s</token>
<token t_id="638" sentence="21" number="2">objections</token>
<token t_id="639" sentence="21" number="3">to</token>
<token t_id="640" sentence="21" number="4">the</token>
<token t_id="641" sentence="21" number="5">U</token>
<token t_id="642" sentence="21" number="6">.</token>
<token t_id="643" sentence="21" number="7">S</token>
<token t_id="644" sentence="21" number="8">.</token>
<token t_id="645" sentence="21" number="9">plan</token>
<token t_id="646" sentence="21" number="10">center</token>
<token t_id="647" sentence="21" number="11">around</token>
<token t_id="648" sentence="21" number="12">its</token>
<token t_id="649" sentence="21" number="13">desire</token>
<token t_id="650" sentence="21" number="14">to</token>
<token t_id="651" sentence="21" number="15">stay</token>
<token t_id="652" sentence="21" number="16">self</token>
<token t_id="653" sentence="21" number="17">-</token>
<token t_id="654" sentence="21" number="18">sufficient</token>
<token t_id="655" sentence="21" number="19">in</token>
<token t_id="656" sentence="21" number="20">rice</token>
<token t_id="657" sentence="21" number="21">,</token>
<token t_id="658" sentence="21" number="22">a</token>
<token t_id="659" sentence="21" number="23">staple</token>
<token t_id="660" sentence="21" number="24">food</token>
<token t_id="661" sentence="21" number="25">,</token>
<token t_id="662" sentence="21" number="26">even</token>
<token t_id="663" sentence="21" number="27">though</token>
<token t_id="664" sentence="21" number="28">foreign</token>
<token t_id="665" sentence="21" number="29">producers</token>
<token t_id="666" sentence="21" number="30">are</token>
<token t_id="667" sentence="21" number="31">far</token>
<token t_id="668" sentence="21" number="32">more</token>
<token t_id="669" sentence="21" number="33">efficient</token>
<token t_id="670" sentence="21" number="34">.</token>


<Markables>
<ARGUMENTATIVE m_id="9" comment="" conversational-direct="FALSE" conversational-reported="TRUE"  >
<token_anchor t_id="98"/>
<token_anchor t_id="99"/>
<token_anchor t_id="100"/>
<token_anchor t_id="101"/>
<token_anchor t_id="102"/>
<token_anchor t_id="103"/>
<token_anchor t_id="104"/>
</ARGUMENTATIVE>
<ARGUMENTATIVE m_id="45" comment="" conversational-direct="FALSE" conversational-reported="TRUE"  >
<token_anchor t_id="316"/>
<token_anchor t_id="317"/>
<token_anchor t_id="318"/>
<token_anchor t_id="319"/>
<token_anchor t_id="320"/>
<token_anchor t_id="321"/>
<token_anchor t_id="322"/>
<token_anchor t_id="323"/>
<token_anchor t_id="324"/>
</ARGUMENTATIVE>
<ARGUMENTATIVE m_id="46" comment="" conversational-direct="TRUE" conversational-reported="FALSE"  >
<token_anchor t_id="325"/>
<token_anchor t_id="326"/>
<token_anchor t_id="327"/>
<token_anchor t_id="328"/>
<token_anchor t_id="329"/>
<token_anchor t_id="330"/>
<token_anchor t_id="331"/>
<token_anchor t_id="332"/>
<token_anchor t_id="333"/>
</ARGUMENTATIVE>
<ARGUMENTATIVE m_id="14" comment="" conversational-direct="FALSE" conversational-reported="FALSE"  >
<token_anchor t_id="166"/>
<token_anchor t_id="167"/>
<token_anchor t_id="168"/>
<token_anchor t_id="169"/>
<token_anchor t_id="170"/>
<token_anchor t_id="171"/>
</ARGUMENTATIVE>
<ARGUMENTATIVE m_id="48" comment="" conversational-direct="FALSE" conversational-reported="TRUE"  >
<token_anchor t_id="352"/>
<token_anchor t_id="353"/>
<token_anchor t_id="354"/>
<token_anchor t_id="355"/>
<token_anchor t_id="356"/>
<token_anchor t_id="357"/>
<token_anchor t_id="358"/>
<token_anchor t_id="359"/>
<token_anchor t_id="360"/>
<token_anchor t_id="361"/>
<token_anchor t_id="362"/>
<token_anchor t_id="363"/>
<token_anchor t_id="364"/>
<token_anchor t_id="365"/>
</ARGUMENTATIVE>
<ARGUMENTATIVE m_id="16" comment="" conversational-direct="FALSE" conversational-reported="TRUE"  >
<token_anchor t_id="180"/>
<token_anchor t_id="181"/>
<token_anchor t_id="182"/>
<token_anchor t_id="183"/>
<token_anchor t_id="184"/>
<token_anchor t_id="185"/>
<token_anchor t_id="186"/>
<token_anchor t_id="187"/>
<token_anchor t_id="188"/>
<token_anchor t_id="189"/>
<token_anchor t_id="190"/>
<token_anchor t_id="191"/>
<token_anchor t_id="192"/>
<token_anchor t_id="193"/>
<token_anchor t_id="194"/>
<token_anchor t_id="195"/>
<token_anchor t_id="196"/>
<token_anchor t_id="197"/>
<token_anchor t_id="198"/>
<token_anchor t_id="199"/>
<token_anchor t_id="200"/>
</ARGUMENTATIVE>
<ARGUMENTATIVE m_id="18" comment="" conversational-direct="TRUE" conversational-reported="FALSE"  >
<token_anchor t_id="201"/>
<token_anchor t_id="202"/>
<token_anchor t_id="203"/>
<token_anchor t_id="204"/>
<token_anchor t_id="205"/>
<token_anchor t_id="206"/>
<token_anchor t_id="207"/>
<token_anchor t_id="208"/>
<token_anchor t_id="209"/>
<token_anchor t_id="210"/>
<token_anchor t_id="211"/>
<token_anchor t_id="212"/>
<token_anchor t_id="213"/>
</ARGUMENTATIVE>
<ARGUMENTATIVE m_id="51" comment="" conversational-direct="FALSE" conversational-reported="FALSE"  >
<token_anchor t_id="388"/>
<token_anchor t_id="389"/>
<token_anchor t_id="390"/>
<token_anchor t_id="391"/>
<token_anchor t_id="392"/>
</ARGUMENTATIVE>
<ARGUMENTATIVE m_id="52" comment="" conversational-direct="FALSE" conversational-reported="FALSE"  >
<token_anchor t_id="393"/>
<token_anchor t_id="394"/>
<token_anchor t_id="395"/>
<token_anchor t_id="396"/>
<token_anchor t_id="397"/>
<token_anchor t_id="398"/>
<token_anchor t_id="399"/>
</ARGUMENTATIVE>
<ARGUMENTATIVE m_id="58" comment="" conversational-direct="FALSE" conversational-reported="TRUE"  >
<token_anchor t_id="451"/>
<token_anchor t_id="452"/>
<token_anchor t_id="453"/>
<token_anchor t_id="454"/>
<token_anchor t_id="455"/>
<token_anchor t_id="456"/>
<token_anchor t_id="457"/>
<token_anchor t_id="458"/>
<token_anchor t_id="459"/>
<token_anchor t_id="460"/>
<token_anchor t_id="461"/>
</ARGUMENTATIVE>
<ARGUMENTATIVE m_id="60" comment="" conversational-direct="FALSE" conversational-reported="FALSE"  >
<token_anchor t_id="487"/>
<token_anchor t_id="488"/>
<token_anchor t_id="489"/>
<token_anchor t_id="490"/>
<token_anchor t_id="491"/>
<token_anchor t_id="492"/>
</ARGUMENTATIVE>
<ARGUMENTATIVE m_id="1" comment="" conversational-direct="FALSE" conversational-reported="FALSE"  >
<token_anchor t_id="1"/>
<token_anchor t_id="2"/>
<token_anchor t_id="3"/>
<token_anchor t_id="4"/>
<token_anchor t_id="5"/>
<token_anchor t_id="6"/>
<token_anchor t_id="7"/>
<token_anchor t_id="8"/>
<token_anchor t_id="9"/>
<token_anchor t_id="10"/>
<token_anchor t_id="11"/>
<token_anchor t_id="12"/>
<token_anchor t_id="13"/>
<token_anchor t_id="14"/>
<token_anchor t_id="15"/>
<token_anchor t_id="16"/>
<token_anchor t_id="17"/>
<token_anchor t_id="18"/>
<token_anchor t_id="19"/>
<token_anchor t_id="20"/>
</ARGUMENTATIVE>
<ARGUMENTATIVE m_id="68" comment="" conversational-direct="FALSE" conversational-reported="TRUE"  >
<token_anchor t_id="579"/>
<token_anchor t_id="580"/>
<token_anchor t_id="581"/>
<token_anchor t_id="582"/>
</ARGUMENTATIVE>
<ARGUMENTATIVE m_id="69" comment="" conversational-direct="TRUE" conversational-reported="FALSE"  >
<token_anchor t_id="583"/>
<token_anchor t_id="584"/>
<token_anchor t_id="585"/>
<token_anchor t_id="586"/>
<token_anchor t_id="587"/>
<token_anchor t_id="588"/>
<token_anchor t_id="589"/>
</ARGUMENTATIVE>
<ARGUMENTATIVE m_id="38" comment="" conversational-direct="FALSE" conversational-reported="TRUE"  >
<token_anchor t_id="224"/>
<token_anchor t_id="225"/>
<token_anchor t_id="226"/>
</ARGUMENTATIVE>
<ARGUMENTATIVE m_id="7" comment="" conversational-direct="FALSE" conversational-reported="TRUE"  >
<token_anchor t_id="87"/>
<token_anchor t_id="88"/>
<token_anchor t_id="89"/>
<token_anchor t_id="90"/>
<token_anchor t_id="91"/>
<token_anchor t_id="92"/>
</ARGUMENTATIVE>
<ARGUMENTATIVE m_id="72" comment="" conversational-direct="FALSE" conversational-reported="FALSE"  >
<token_anchor t_id="636"/>
<token_anchor t_id="637"/>
<token_anchor t_id="638"/>
<token_anchor t_id="639"/>
<token_anchor t_id="640"/>
<token_anchor t_id="641"/>
<token_anchor t_id="642"/>
<token_anchor t_id="643"/>
<token_anchor t_id="644"/>
<token_anchor t_id="645"/>
<token_anchor t_id="646"/>
<token_anchor t_id="647"/>
<token_anchor t_id="648"/>
<token_anchor t_id="649"/>
</ARGUMENTATIVE>
<DESCRIPTIVE m_id="74" Type="Other" comment="" conversational-direct="FALSE" conversational-reported="FALSE"  >
<token_anchor t_id="662"/>
<token_anchor t_id="663"/>
<token_anchor t_id="664"/>
<token_anchor t_id="665"/>
<token_anchor t_id="666"/>
<token_anchor t_id="667"/>
<token_anchor t_id="668"/>
<token_anchor t_id="669"/>
<token_anchor t_id="670"/>
</DESCRIPTIVE>
<DESCRIPTIVE m_id="17" Type="Other" comment="" conversational-direct="FALSE" conversational-reported="TRUE"  >
<token_anchor t_id="174"/>
<token_anchor t_id="175"/>
<token_anchor t_id="176"/>
<token_anchor t_id="177"/>
<token_anchor t_id="178"/>
<token_anchor t_id="179"/>
</DESCRIPTIVE>
<DESCRIPTIVE m_id="34" Type="Other" comment="" conversational-direct="FALSE" conversational-reported="FALSE"  >
<token_anchor t_id="598"/>
<token_anchor t_id="599"/>
<token_anchor t_id="600"/>
<token_anchor t_id="601"/>
<token_anchor t_id="602"/>
<token_anchor t_id="603"/>
<token_anchor t_id="604"/>
<token_anchor t_id="605"/>
<token_anchor t_id="606"/>
<token_anchor t_id="607"/>
<token_anchor t_id="608"/>
<token_anchor t_id="609"/>
<token_anchor t_id="610"/>
<token_anchor t_id="611"/>
<token_anchor t_id="612"/>
<token_anchor t_id="613"/>
<token_anchor t_id="614"/>
</DESCRIPTIVE>
<DESCRIPTIVE m_id="35" Type="Other" comment="" conversational-direct="FALSE" conversational-reported="FALSE"  >
<token_anchor t_id="615"/>
<token_anchor t_id="616"/>
<token_anchor t_id="617"/>
<token_anchor t_id="618"/>
<token_anchor t_id="619"/>
<token_anchor t_id="620"/>
<token_anchor t_id="621"/>
<token_anchor t_id="622"/>
<token_anchor t_id="623"/>
<token_anchor t_id="624"/>
<token_anchor t_id="625"/>
<token_anchor t_id="626"/>
<token_anchor t_id="627"/>
<token_anchor t_id="628"/>
<token_anchor t_id="629"/>
<token_anchor t_id="630"/>
<token_anchor t_id="631"/>
<token_anchor t_id="632"/>
<token_anchor t_id="633"/>
<token_anchor t_id="634"/>
<token_anchor t_id="635"/>
</DESCRIPTIVE>
<DESCRIPTIVE m_id="39" Type="Other" comment="" conversational-direct="FALSE" conversational-reported="TRUE"  >
<token_anchor t_id="227"/>
<token_anchor t_id="228"/>
<token_anchor t_id="229"/>
<token_anchor t_id="230"/>
<token_anchor t_id="231"/>
<token_anchor t_id="232"/>
<token_anchor t_id="233"/>
<token_anchor t_id="234"/>
<token_anchor t_id="235"/>
<token_anchor t_id="236"/>
<token_anchor t_id="237"/>
</DESCRIPTIVE>
<NARRATIVE m_id="41" Level="Primary" comment="" conversational-direct="FALSE" conversational-reported="TRUE"  >
<token_anchor t_id="241"/>
<token_anchor t_id="242"/>
<token_anchor t_id="243"/>
<token_anchor t_id="244"/>
<token_anchor t_id="245"/>
<token_anchor t_id="246"/>
<token_anchor t_id="247"/>
<token_anchor t_id="248"/>
<token_anchor t_id="249"/>
<token_anchor t_id="250"/>
<token_anchor t_id="251"/>
<token_anchor t_id="252"/>
<token_anchor t_id="253"/>
</NARRATIVE>
<NARRATIVE m_id="73" Level="" comment="" conversational-direct="FALSE" conversational-reported="FALSE"  >
<token_anchor t_id="650"/>
<token_anchor t_id="651"/>
<token_anchor t_id="652"/>
<token_anchor t_id="653"/>
<token_anchor t_id="654"/>
<token_anchor t_id="655"/>
<token_anchor t_id="656"/>
<token_anchor t_id="657"/>
<token_anchor t_id="658"/>
<token_anchor t_id="659"/>
<token_anchor t_id="660"/>
<token_anchor t_id="661"/>
</NARRATIVE>
<NARRATIVE m_id="42" Level="Primary" comment="" conversational-direct="FALSE" conversational-reported="TRUE"  >
<token_anchor t_id="260"/>
<token_anchor t_id="261"/>
<token_anchor t_id="262"/>
<token_anchor t_id="263"/>
<token_anchor t_id="264"/>
<token_anchor t_id="265"/>
<token_anchor t_id="266"/>
<token_anchor t_id="267"/>
<token_anchor t_id="268"/>
<token_anchor t_id="269"/>
<token_anchor t_id="270"/>
<token_anchor t_id="271"/>
<token_anchor t_id="272"/>
<token_anchor t_id="273"/>
<token_anchor t_id="274"/>
<token_anchor t_id="275"/>
<token_anchor t_id="276"/>
<token_anchor t_id="277"/>
<token_anchor t_id="278"/>
<token_anchor t_id="279"/>
<token_anchor t_id="280"/>
</NARRATIVE>
<NARRATIVE m_id="10" Level="Primary" comment="" conversational-direct="FALSE" conversational-reported="FALSE"  >
<token_anchor t_id="111"/>
<token_anchor t_id="112"/>
<token_anchor t_id="113"/>
<token_anchor t_id="114"/>
<token_anchor t_id="115"/>
<token_anchor t_id="116"/>
<token_anchor t_id="117"/>
<token_anchor t_id="118"/>
<token_anchor t_id="119"/>
<token_anchor t_id="120"/>
<token_anchor t_id="121"/>
<token_anchor t_id="122"/>
<token_anchor t_id="123"/>
</NARRATIVE>
<NARRATIVE m_id="43" Level="Primary" comment="" conversational-direct="FALSE" conversational-reported="TRUE"  >
<token_anchor t_id="281"/>
<token_anchor t_id="282"/>
<token_anchor t_id="283"/>
<token_anchor t_id="284"/>
<token_anchor t_id="285"/>
<token_anchor t_id="286"/>
<token_anchor t_id="287"/>
<token_anchor t_id="288"/>
<token_anchor t_id="289"/>
<token_anchor t_id="290"/>
<token_anchor t_id="291"/>
<token_anchor t_id="292"/>
</NARRATIVE>
<NARRATIVE m_id="11" Level="Primary" comment="" conversational-direct="FALSE" conversational-reported="FALSE"  >
<token_anchor t_id="105"/>
<token_anchor t_id="106"/>
<token_anchor t_id="107"/>
<token_anchor t_id="108"/>
<token_anchor t_id="109"/>
<token_anchor t_id="110"/>
<token_anchor t_id="124"/>
</NARRATIVE>
<NARRATIVE m_id="44" Level="Primary" comment="" conversational-direct="FALSE" conversational-reported="TRUE"  >
<token_anchor t_id="303"/>
<token_anchor t_id="304"/>
<token_anchor t_id="305"/>
<token_anchor t_id="306"/>
<token_anchor t_id="307"/>
<token_anchor t_id="308"/>
<token_anchor t_id="309"/>
<token_anchor t_id="310"/>
<token_anchor t_id="311"/>
<token_anchor t_id="312"/>
<token_anchor t_id="313"/>
</NARRATIVE>
<NARRATIVE m_id="12" Level="Primary" comment="" conversational-direct="FALSE" conversational-reported="TRUE"  >
<token_anchor t_id="125"/>
<token_anchor t_id="126"/>
<token_anchor t_id="127"/>
<token_anchor t_id="128"/>
<token_anchor t_id="129"/>
<token_anchor t_id="130"/>
<token_anchor t_id="131"/>
</NARRATIVE>
<NARRATIVE m_id="13" Level="Primary" comment="" conversational-direct="FALSE" conversational-reported="TRUE"  >
<token_anchor t_id="132"/>
<token_anchor t_id="133"/>
<token_anchor t_id="134"/>
<token_anchor t_id="135"/>
<token_anchor t_id="136"/>
<token_anchor t_id="137"/>
<token_anchor t_id="138"/>
<token_anchor t_id="139"/>
</NARRATIVE>
<NARRATIVE m_id="47" Level="Primary" comment="" conversational-direct="FALSE" conversational-reported="FALSE"  >
<token_anchor t_id="334"/>
<token_anchor t_id="335"/>
<token_anchor t_id="336"/>
<token_anchor t_id="337"/>
<token_anchor t_id="338"/>
<token_anchor t_id="339"/>
<token_anchor t_id="340"/>
<token_anchor t_id="341"/>
<token_anchor t_id="342"/>
<token_anchor t_id="343"/>
<token_anchor t_id="344"/>
<token_anchor t_id="345"/>
<token_anchor t_id="346"/>
<token_anchor t_id="347"/>
<token_anchor t_id="348"/>
<token_anchor t_id="349"/>
</NARRATIVE>
<NARRATIVE m_id="15" Level="Primary" comment="" conversational-direct="FALSE" conversational-reported="FALSE"  >
<token_anchor t_id="172"/>
<token_anchor t_id="173"/>
</NARRATIVE>
<NARRATIVE m_id="49" Level="" comment="" conversational-direct="FALSE" conversational-reported="FALSE"  >
<token_anchor t_id="366"/>
<token_anchor t_id="367"/>
<token_anchor t_id="368"/>
<token_anchor t_id="369"/>
</NARRATIVE>
<NARRATIVE m_id="50" Level="Primary" comment="" conversational-direct="FALSE" conversational-reported="TRUE"  >
<token_anchor t_id="370"/>
<token_anchor t_id="371"/>
<token_anchor t_id="372"/>
<token_anchor t_id="373"/>
<token_anchor t_id="374"/>
<token_anchor t_id="375"/>
<token_anchor t_id="376"/>
<token_anchor t_id="377"/>
<token_anchor t_id="378"/>
<token_anchor t_id="379"/>
<token_anchor t_id="380"/>
<token_anchor t_id="381"/>
<token_anchor t_id="382"/>
<token_anchor t_id="383"/>
<token_anchor t_id="384"/>
<token_anchor t_id="385"/>
<token_anchor t_id="386"/>
<token_anchor t_id="387"/>
</NARRATIVE>
<NARRATIVE m_id="19" Level="Primary" comment="" conversational-direct="FALSE" conversational-reported="FALSE"  >
<token_anchor t_id="214"/>
<token_anchor t_id="215"/>
<token_anchor t_id="216"/>
<token_anchor t_id="217"/>
<token_anchor t_id="218"/>
<token_anchor t_id="219"/>
<token_anchor t_id="220"/>
</NARRATIVE>
<NARRATIVE m_id="20" Level="" comment="" conversational-direct="FALSE" conversational-reported="FALSE"  >
<token_anchor t_id="140"/>
<token_anchor t_id="141"/>
<token_anchor t_id="142"/>
<token_anchor t_id="143"/>
<token_anchor t_id="144"/>
<token_anchor t_id="145"/>
</NARRATIVE>
<NARRATIVE m_id="53" Level="Primary" comment="" conversational-direct="FALSE" conversational-reported="TRUE"  >
<token_anchor t_id="403"/>
<token_anchor t_id="404"/>
<token_anchor t_id="405"/>
<token_anchor t_id="406"/>
<token_anchor t_id="407"/>
<token_anchor t_id="408"/>
<token_anchor t_id="409"/>
</NARRATIVE>
<NARRATIVE m_id="21" Level="Primary" comment="" conversational-direct="FALSE" conversational-reported="TRUE"  >
<token_anchor t_id="146"/>
<token_anchor t_id="147"/>
<token_anchor t_id="148"/>
<token_anchor t_id="149"/>
<token_anchor t_id="150"/>
</NARRATIVE>
<NARRATIVE m_id="54" Level="Primary" comment="" conversational-direct="FALSE" conversational-reported="TRUE"  >
<token_anchor t_id="410"/>
<token_anchor t_id="411"/>
<token_anchor t_id="412"/>
<token_anchor t_id="413"/>
<token_anchor t_id="414"/>
<token_anchor t_id="415"/>
<token_anchor t_id="416"/>
<token_anchor t_id="417"/>
</NARRATIVE>
<NARRATIVE m_id="22" Level="Primary" comment="" conversational-direct="FALSE" conversational-reported="TRUE"  >
<token_anchor t_id="151"/>
<token_anchor t_id="152"/>
<token_anchor t_id="153"/>
</NARRATIVE>
<NARRATIVE m_id="55" Level="Primary" comment="" conversational-direct="FALSE" conversational-reported="TRUE"  >
<token_anchor t_id="425"/>
<token_anchor t_id="426"/>
<token_anchor t_id="427"/>
<token_anchor t_id="428"/>
<token_anchor t_id="429"/>
<token_anchor t_id="430"/>
</NARRATIVE>
<NARRATIVE m_id="23" Level="Primary" comment="" conversational-direct="FALSE" conversational-reported="TRUE"  >
<token_anchor t_id="154"/>
<token_anchor t_id="155"/>
<token_anchor t_id="156"/>
<token_anchor t_id="157"/>
<token_anchor t_id="158"/>
<token_anchor t_id="159"/>
<token_anchor t_id="160"/>
<token_anchor t_id="161"/>
<token_anchor t_id="162"/>
<token_anchor t_id="163"/>
<token_anchor t_id="164"/>
<token_anchor t_id="165"/>
</NARRATIVE>
<NARRATIVE m_id="56" Level="Primary" comment="" conversational-direct="FALSE" conversational-reported="TRUE"  >
<token_anchor t_id="431"/>
<token_anchor t_id="432"/>
<token_anchor t_id="433"/>
</NARRATIVE>
<NARRATIVE m_id="24" Level="Primary" comment="" conversational-direct="FALSE" conversational-reported="FALSE"  >
<token_anchor t_id="221"/>
<token_anchor t_id="222"/>
<token_anchor t_id="223"/>
</NARRATIVE>
<NARRATIVE m_id="57" Level="Primary" comment="" conversational-direct="FALSE" conversational-reported="TRUE"  >
<token_anchor t_id="434"/>
<token_anchor t_id="435"/>
<token_anchor t_id="436"/>
<token_anchor t_id="437"/>
<token_anchor t_id="438"/>
<token_anchor t_id="439"/>
<token_anchor t_id="440"/>
<token_anchor t_id="441"/>
<token_anchor t_id="442"/>
<token_anchor t_id="443"/>
<token_anchor t_id="444"/>
</NARRATIVE>
<NARRATIVE m_id="25" Level="Primary" comment="" conversational-direct="FALSE" conversational-reported="FALSE"  >
<token_anchor t_id="254"/>
<token_anchor t_id="255"/>
<token_anchor t_id="256"/>
<token_anchor t_id="257"/>
<token_anchor t_id="258"/>
<token_anchor t_id="259"/>
</NARRATIVE>
<NARRATIVE m_id="26" Level="Primary" comment="" conversational-direct="FALSE" conversational-reported="FALSE"  >
<token_anchor t_id="293"/>
<token_anchor t_id="294"/>
<token_anchor t_id="295"/>
<token_anchor t_id="296"/>
<token_anchor t_id="297"/>
<token_anchor t_id="298"/>
<token_anchor t_id="299"/>
<token_anchor t_id="300"/>
<token_anchor t_id="301"/>
<token_anchor t_id="302"/>
</NARRATIVE>
<NARRATIVE m_id="59" Level="Primary" comment="" conversational-direct="FALSE" conversational-reported="TRUE"  >
<token_anchor t_id="462"/>
<token_anchor t_id="463"/>
<token_anchor t_id="464"/>
<token_anchor t_id="465"/>
<token_anchor t_id="466"/>
<token_anchor t_id="467"/>
<token_anchor t_id="468"/>
<token_anchor t_id="469"/>
<token_anchor t_id="470"/>
<token_anchor t_id="471"/>
<token_anchor t_id="472"/>
<token_anchor t_id="473"/>
<token_anchor t_id="474"/>
<token_anchor t_id="475"/>
<token_anchor t_id="476"/>
<token_anchor t_id="477"/>
<token_anchor t_id="478"/>
<token_anchor t_id="479"/>
<token_anchor t_id="480"/>
<token_anchor t_id="481"/>
<token_anchor t_id="482"/>
<token_anchor t_id="483"/>
<token_anchor t_id="484"/>
<token_anchor t_id="485"/>
<token_anchor t_id="486"/>
</NARRATIVE>
<NARRATIVE m_id="27" Level="Primary" comment="" conversational-direct="FALSE" conversational-reported="FALSE"  >
<token_anchor t_id="314"/>
<token_anchor t_id="315"/>
</NARRATIVE>
<NARRATIVE m_id="28" Level="Primary" comment="" conversational-direct="FALSE" conversational-reported="FALSE"  >
<token_anchor t_id="350"/>
<token_anchor t_id="351"/>
</NARRATIVE>
<NARRATIVE m_id="61" Level="" comment="" conversational-direct="FALSE" conversational-reported="FALSE"  >
<token_anchor t_id="493"/>
<token_anchor t_id="494"/>
<token_anchor t_id="495"/>
<token_anchor t_id="496"/>
<token_anchor t_id="497"/>
<token_anchor t_id="498"/>
<token_anchor t_id="499"/>
</NARRATIVE>
<NARRATIVE m_id="29" Level="Primary" comment="" conversational-direct="FALSE" conversational-reported="FALSE"  >
<token_anchor t_id="400"/>
<token_anchor t_id="401"/>
<token_anchor t_id="402"/>
</NARRATIVE>
<NARRATIVE m_id="62" Level="Primary" comment="" conversational-direct="FALSE" conversational-reported="TRUE"  >
<token_anchor t_id="509"/>
<token_anchor t_id="510"/>
<token_anchor t_id="511"/>
<token_anchor t_id="512"/>
<token_anchor t_id="513"/>
<token_anchor t_id="514"/>
<token_anchor t_id="515"/>
<token_anchor t_id="516"/>
</NARRATIVE>
<NARRATIVE m_id="30" Level="Primary" comment="" conversational-direct="FALSE" conversational-reported="FALSE"  >
<token_anchor t_id="418"/>
<token_anchor t_id="419"/>
<token_anchor t_id="420"/>
<token_anchor t_id="421"/>
<token_anchor t_id="422"/>
<token_anchor t_id="423"/>
<token_anchor t_id="424"/>
</NARRATIVE>
<NARRATIVE m_id="63" Level="Primary" comment="" conversational-direct="FALSE" conversational-reported="TRUE"  >
<token_anchor t_id="517"/>
<token_anchor t_id="518"/>
<token_anchor t_id="519"/>
<token_anchor t_id="520"/>
<token_anchor t_id="521"/>
<token_anchor t_id="522"/>
<token_anchor t_id="523"/>
<token_anchor t_id="524"/>
<token_anchor t_id="525"/>
<token_anchor t_id="526"/>
</NARRATIVE>
<NARRATIVE m_id="31" Level="Primary" comment="" conversational-direct="FALSE" conversational-reported="FALSE"  >
<token_anchor t_id="445"/>
<token_anchor t_id="446"/>
<token_anchor t_id="447"/>
<token_anchor t_id="448"/>
<token_anchor t_id="449"/>
<token_anchor t_id="450"/>
</NARRATIVE>
<NARRATIVE m_id="64" Level="Primary" comment="" conversational-direct="FALSE" conversational-reported="FALSE"  >
<token_anchor t_id="527"/>
<token_anchor t_id="528"/>
<token_anchor t_id="529"/>
<token_anchor t_id="530"/>
</NARRATIVE>
<NARRATIVE m_id="32" Level="Primary" comment="" conversational-direct="FALSE" conversational-reported="FALSE"  >
<token_anchor t_id="500"/>
<token_anchor t_id="501"/>
<token_anchor t_id="502"/>
<token_anchor t_id="503"/>
<token_anchor t_id="504"/>
<token_anchor t_id="505"/>
<token_anchor t_id="506"/>
<token_anchor t_id="507"/>
<token_anchor t_id="508"/>
</NARRATIVE>
<NARRATIVE m_id="65" Level="Primary" comment="" conversational-direct="FALSE" conversational-reported="FALSE"  >
<token_anchor t_id="531"/>
<token_anchor t_id="532"/>
<token_anchor t_id="533"/>
</NARRATIVE>
<NARRATIVE m_id="33" Level="Primary" comment="" conversational-direct="FALSE" conversational-reported="FALSE"  >
<token_anchor t_id="551"/>
<token_anchor t_id="552"/>
<token_anchor t_id="553"/>
<token_anchor t_id="554"/>
<token_anchor t_id="555"/>
<token_anchor t_id="556"/>
<token_anchor t_id="557"/>
<token_anchor t_id="558"/>
<token_anchor t_id="559"/>
<token_anchor t_id="560"/>
<token_anchor t_id="561"/>
</NARRATIVE>
<NARRATIVE m_id="66" Level="Primary" comment="" conversational-direct="FALSE" conversational-reported="FALSE"  >
<token_anchor t_id="534"/>
<token_anchor t_id="535"/>
<token_anchor t_id="536"/>
<token_anchor t_id="537"/>
<token_anchor t_id="538"/>
<token_anchor t_id="539"/>
</NARRATIVE>
<NARRATIVE m_id="2" Level="Primary" comment="" conversational-direct="FALSE" conversational-reported="FALSE"  >
<token_anchor t_id="21"/>
<token_anchor t_id="22"/>
<token_anchor t_id="23"/>
<token_anchor t_id="24"/>
</NARRATIVE>
<NARRATIVE m_id="67" Level="Primary" comment="" conversational-direct="FALSE" conversational-reported="FALSE"  >
<token_anchor t_id="540"/>
<token_anchor t_id="541"/>
<token_anchor t_id="542"/>
<token_anchor t_id="543"/>
<token_anchor t_id="544"/>
</NARRATIVE>
<NARRATIVE m_id="3" Level="Primary" comment="" conversational-direct="FALSE" conversational-reported="FALSE"  >
<token_anchor t_id="25"/>
<token_anchor t_id="26"/>
<token_anchor t_id="27"/>
<token_anchor t_id="28"/>
<token_anchor t_id="29"/>
<token_anchor t_id="30"/>
<token_anchor t_id="31"/>
</NARRATIVE>
<NARRATIVE m_id="4" Level="Primary" comment="" conversational-direct="FALSE" conversational-reported="FALSE"  >
<token_anchor t_id="32"/>
<token_anchor t_id="33"/>
<token_anchor t_id="34"/>
<token_anchor t_id="54"/>
<token_anchor t_id="55"/>
<token_anchor t_id="56"/>
<token_anchor t_id="57"/>
<token_anchor t_id="58"/>
<token_anchor t_id="59"/>
<token_anchor t_id="60"/>
<token_anchor t_id="61"/>
<token_anchor t_id="62"/>
<token_anchor t_id="63"/>
<token_anchor t_id="64"/>
<token_anchor t_id="65"/>
<token_anchor t_id="66"/>
<token_anchor t_id="67"/>
<token_anchor t_id="68"/>
<token_anchor t_id="69"/>
</NARRATIVE>
<NARRATIVE m_id="36" Level="Primary" comment="" conversational-direct="FALSE" conversational-reported="FALSE"  >
<token_anchor t_id="545"/>
</NARRATIVE>
<NARRATIVE m_id="5" Level="Primary" comment="" conversational-direct="FALSE" conversational-reported="FALSE"  >
<token_anchor t_id="35"/>
<token_anchor t_id="36"/>
<token_anchor t_id="37"/>
<token_anchor t_id="38"/>
<token_anchor t_id="39"/>
<token_anchor t_id="40"/>
<token_anchor t_id="41"/>
<token_anchor t_id="42"/>
<token_anchor t_id="43"/>
<token_anchor t_id="44"/>
<token_anchor t_id="45"/>
<token_anchor t_id="46"/>
<token_anchor t_id="47"/>
<token_anchor t_id="48"/>
<token_anchor t_id="49"/>
<token_anchor t_id="50"/>
<token_anchor t_id="51"/>
<token_anchor t_id="52"/>
<token_anchor t_id="53"/>
</NARRATIVE>
<NARRATIVE m_id="37" Level="Primary" comment="" conversational-direct="FALSE" conversational-reported="FALSE"  >
<token_anchor t_id="546"/>
<token_anchor t_id="547"/>
<token_anchor t_id="548"/>
<token_anchor t_id="549"/>
<token_anchor t_id="550"/>
</NARRATIVE>
<NARRATIVE m_id="70" Level="Primary" comment="" conversational-direct="TRUE" conversational-reported="FALSE"  >
<token_anchor t_id="590"/>
<token_anchor t_id="591"/>
<token_anchor t_id="592"/>
<token_anchor t_id="593"/>
<token_anchor t_id="594"/>
<token_anchor t_id="595"/>
<token_anchor t_id="596"/>
<token_anchor t_id="597"/>
</NARRATIVE>
<NARRATIVE m_id="6" Level="Primary" comment="" conversational-direct="FALSE" conversational-reported="FALSE"  >
<token_anchor t_id="70"/>
<token_anchor t_id="71"/>
<token_anchor t_id="72"/>
<token_anchor t_id="73"/>
<token_anchor t_id="74"/>
<token_anchor t_id="75"/>
<token_anchor t_id="76"/>
<token_anchor t_id="77"/>
<token_anchor t_id="78"/>
<token_anchor t_id="79"/>
<token_anchor t_id="80"/>
<token_anchor t_id="81"/>
<token_anchor t_id="82"/>
<token_anchor t_id="83"/>
<token_anchor t_id="84"/>
<token_anchor t_id="85"/>
<token_anchor t_id="86"/>
</NARRATIVE>
<NARRATIVE m_id="71" Level="Primary" comment="" conversational-direct="TRUE" conversational-reported="FALSE"  >
<token_anchor t_id="562"/>
<token_anchor t_id="563"/>
<token_anchor t_id="564"/>
<token_anchor t_id="565"/>
<token_anchor t_id="566"/>
<token_anchor t_id="567"/>
<token_anchor t_id="568"/>
<token_anchor t_id="569"/>
<token_anchor t_id="570"/>
<token_anchor t_id="571"/>
<token_anchor t_id="572"/>
<token_anchor t_id="573"/>
<token_anchor t_id="574"/>
<token_anchor t_id="575"/>
<token_anchor t_id="576"/>
<token_anchor t_id="577"/>
<token_anchor t_id="578"/>
</NARRATIVE>
<NARRATIVE m_id="40" Level="Primary" comment="" conversational-direct="FALSE" conversational-reported="TRUE"  >
<token_anchor t_id="238"/>
<token_anchor t_id="239"/>
<token_anchor t_id="240"/>
</NARRATIVE>
<NARRATIVE m_id="8" Level="Primary" comment="" conversational-direct="FALSE" conversational-reported="TRUE"  >
<token_anchor t_id="93"/>
<token_anchor t_id="94"/>
<token_anchor t_id="95"/>
<token_anchor t_id="96"/>
<token_anchor t_id="97"/>
</NARRATIVE>


</Markables>

<Relations>
</Relations>
</Document>
