<Document doc_name="wsj_0930.xml.conll.txt">
<token t_id="1" sentence="0" number="0">A</token>
<token t_id="2" sentence="0" number="1">merchant</token>
<token t_id="3" sentence="0" number="2">bank</token>
<token t_id="4" sentence="0" number="3">and</token>
<token t_id="5" sentence="0" number="4">investment</token>
<token t_id="6" sentence="0" number="5">fund</token>
<token t_id="7" sentence="0" number="6">have</token>
<token t_id="8" sentence="0" number="7">agreed</token>
<token t_id="9" sentence="0" number="8">to</token>
<token t_id="10" sentence="0" number="9">co</token>
<token t_id="11" sentence="0" number="10">-</token>
<token t_id="12" sentence="0" number="11">sponsor</token>
<token t_id="13" sentence="0" number="12">a</token>
<token t_id="14" sentence="0" number="13">reorganization</token>
<token t_id="15" sentence="0" number="14">plan</token>
<token t_id="16" sentence="0" number="15">to</token>
<token t_id="17" sentence="0" number="16">bring</token>
<token t_id="18" sentence="0" number="17">Sharon</token>
<token t_id="19" sentence="0" number="18">Steel</token>
<token t_id="20" sentence="0" number="19">Corp</token>
<token t_id="21" sentence="0" number="20">.</token>
<token t_id="22" sentence="0" number="21">out</token>
<token t_id="23" sentence="0" number="22">of</token>
<token t_id="24" sentence="0" number="23">Chapter</token>
<token t_id="25" sentence="0" number="24">11</token>
<token t_id="26" sentence="0" number="25">proceedings</token>
<token t_id="27" sentence="0" number="26">and</token>
<token t_id="28" sentence="0" number="27">to</token>
<token t_id="29" sentence="0" number="28">acquire</token>
<token t_id="30" sentence="0" number="29">the</token>
<token t_id="31" sentence="0" number="30">company</token>
<token t_id="32" sentence="0" number="31">'s</token>
<token t_id="33" sentence="0" number="32">steel</token>
<token t_id="34" sentence="0" number="33">-</token>
<token t_id="35" sentence="0" number="34">related</token>
<token t_id="36" sentence="0" number="35">assets</token>
<token t_id="37" sentence="0" number="36">in</token>
<token t_id="38" sentence="0" number="37">a</token>
<token t_id="39" sentence="0" number="38">transaction</token>
<token t_id="40" sentence="0" number="39">valued</token>
<token t_id="41" sentence="0" number="40">at</token>
<token t_id="42" sentence="0" number="41">more</token>
<token t_id="43" sentence="0" number="42">than</token>
<token t_id="44" sentence="0" number="43">$</token>
<token t_id="45" sentence="0" number="44">300</token>
<token t_id="46" sentence="0" number="45">million</token>
<token t_id="47" sentence="0" number="46">.</token>
<token t_id="48" sentence="1" number="0">Castle</token>
<token t_id="49" sentence="1" number="1">Harlan</token>
<token t_id="50" sentence="1" number="2">Inc</token>
<token t_id="51" sentence="1" number="3">.</token>
<token t_id="52" sentence="1" number="4">,</token>
<token t_id="53" sentence="1" number="5">a</token>
<token t_id="54" sentence="1" number="6">New</token>
<token t_id="55" sentence="1" number="7">York</token>
<token t_id="56" sentence="1" number="8">merchant</token>
<token t_id="57" sentence="1" number="9">bank</token>
<token t_id="58" sentence="1" number="10">,</token>
<token t_id="59" sentence="1" number="11">and</token>
<token t_id="60" sentence="1" number="12">Quantum</token>
<token t_id="61" sentence="1" number="13">Fund</token>
<token t_id="62" sentence="1" number="14">said</token>
<token t_id="63" sentence="1" number="15">they</token>
<token t_id="64" sentence="1" number="16">would</token>
<token t_id="65" sentence="1" number="17">acquire</token>
<token t_id="66" sentence="1" number="18">the</token>
<token t_id="67" sentence="1" number="19">assets</token>
<token t_id="68" sentence="1" number="20">for</token>
<token t_id="69" sentence="1" number="21">a</token>
<token t_id="70" sentence="1" number="22">combination</token>
<token t_id="71" sentence="1" number="23">of</token>
<token t_id="72" sentence="1" number="24">cash</token>
<token t_id="73" sentence="1" number="25">and</token>
<token t_id="74" sentence="1" number="26">the</token>
<token t_id="75" sentence="1" number="27">assumption</token>
<token t_id="76" sentence="1" number="28">of</token>
<token t_id="77" sentence="1" number="29">certain</token>
<token t_id="78" sentence="1" number="30">of</token>
<token t_id="79" sentence="1" number="31">Sharon</token>
<token t_id="80" sentence="1" number="32">'s</token>
<token t_id="81" sentence="1" number="33">liabilities</token>
<token t_id="82" sentence="1" number="34">.</token>
<token t_id="83" sentence="2" number="0">The</token>
<token t_id="84" sentence="2" number="1">balance</token>
<token t_id="85" sentence="2" number="2">of</token>
<token t_id="86" sentence="2" number="3">the</token>
<token t_id="87" sentence="2" number="4">company</token>
<token t_id="88" sentence="2" number="5">'s</token>
<token t_id="89" sentence="2" number="6">assets</token>
<token t_id="90" sentence="2" number="7">and</token>
<token t_id="91" sentence="2" number="8">liabilities</token>
<token t_id="92" sentence="2" number="9">would</token>
<token t_id="93" sentence="2" number="10">be</token>
<token t_id="94" sentence="2" number="11">transferred</token>
<token t_id="95" sentence="2" number="12">to</token>
<token t_id="96" sentence="2" number="13">a</token>
<token t_id="97" sentence="2" number="14">new</token>
<token t_id="98" sentence="2" number="15">company</token>
<token t_id="99" sentence="2" number="16">that</token>
<token t_id="100" sentence="2" number="17">would</token>
<token t_id="101" sentence="2" number="18">be</token>
<token t_id="102" sentence="2" number="19">owned</token>
<token t_id="103" sentence="2" number="20">by</token>
<token t_id="104" sentence="2" number="21">Sharon</token>
<token t_id="105" sentence="2" number="22">'s</token>
<token t_id="106" sentence="2" number="23">creditors</token>
<token t_id="107" sentence="2" number="24">.</token>
<token t_id="108" sentence="3" number="0">Quantum</token>
<token t_id="109" sentence="3" number="1">said</token>
<token t_id="110" sentence="3" number="2">it</token>
<token t_id="111" sentence="3" number="3">has</token>
<token t_id="112" sentence="3" number="4">agreed</token>
<token t_id="113" sentence="3" number="5">to</token>
<token t_id="114" sentence="3" number="6">purchase</token>
<token t_id="115" sentence="3" number="7">as</token>
<token t_id="116" sentence="3" number="8">much</token>
<token t_id="117" sentence="3" number="9">as</token>
<token t_id="118" sentence="3" number="10">$</token>
<token t_id="119" sentence="3" number="11">50</token>
<token t_id="120" sentence="3" number="12">million</token>
<token t_id="121" sentence="3" number="13">in</token>
<token t_id="122" sentence="3" number="14">equity</token>
<token t_id="123" sentence="3" number="15">in</token>
<token t_id="124" sentence="3" number="16">the</token>
<token t_id="125" sentence="3" number="17">new</token>
<token t_id="126" sentence="3" number="18">company</token>
<token t_id="127" sentence="3" number="19">,</token>
<token t_id="128" sentence="3" number="20">if</token>
<token t_id="129" sentence="3" number="21">necessary</token>
<token t_id="130" sentence="3" number="22">,</token>
<token t_id="131" sentence="3" number="23">for</token>
<token t_id="132" sentence="3" number="24">the</token>
<token t_id="133" sentence="3" number="25">confirmation</token>
<token t_id="134" sentence="3" number="26">of</token>
<token t_id="135" sentence="3" number="27">the</token>
<token t_id="136" sentence="3" number="28">plan</token>
<token t_id="137" sentence="3" number="29">.</token>
<token t_id="138" sentence="4" number="0">Castle</token>
<token t_id="139" sentence="4" number="1">Harlan</token>
<token t_id="140" sentence="4" number="2">and</token>
<token t_id="141" sentence="4" number="3">Quantum</token>
<token t_id="142" sentence="4" number="4">said</token>
<token t_id="143" sentence="4" number="5">the</token>
<token t_id="144" sentence="4" number="6">plan</token>
<token t_id="145" sentence="4" number="7">is</token>
<token t_id="146" sentence="4" number="8">expected</token>
<token t_id="147" sentence="4" number="9">to</token>
<token t_id="148" sentence="4" number="10">be</token>
<token t_id="149" sentence="4" number="11">filed</token>
<token t_id="150" sentence="4" number="12">within</token>
<token t_id="151" sentence="4" number="13">60</token>
<token t_id="152" sentence="4" number="14">days</token>
<token t_id="153" sentence="4" number="15">with</token>
<token t_id="154" sentence="4" number="16">the</token>
<token t_id="155" sentence="4" number="17">U</token>
<token t_id="156" sentence="4" number="18">.</token>
<token t_id="157" sentence="4" number="19">S</token>
<token t_id="158" sentence="4" number="20">.</token>
<token t_id="159" sentence="4" number="21">Bankruptcy</token>
<token t_id="160" sentence="4" number="22">Court</token>
<token t_id="161" sentence="4" number="23">in</token>
<token t_id="162" sentence="4" number="24">Pittsburgh</token>
<token t_id="163" sentence="4" number="25">.</token>
<token t_id="164" sentence="5" number="0">The</token>
<token t_id="165" sentence="5" number="1">agreement</token>
<token t_id="166" sentence="5" number="2">is</token>
<token t_id="167" sentence="5" number="3">subject</token>
<token t_id="168" sentence="5" number="4">to</token>
<token t_id="169" sentence="5" number="5">certain</token>
<token t_id="170" sentence="5" number="6">conditions</token>
<token t_id="171" sentence="5" number="7">,</token>
<token t_id="172" sentence="5" number="8">including</token>
<token t_id="173" sentence="5" number="9">obtaining</token>
<token t_id="174" sentence="5" number="10">financing</token>
<token t_id="175" sentence="5" number="11">.</token>
<token t_id="176" sentence="6" number="0">Castle</token>
<token t_id="177" sentence="6" number="1">Harlan</token>
<token t_id="178" sentence="6" number="2">said</token>
<token t_id="179" sentence="6" number="3">that</token>
<token t_id="180" sentence="6" number="4">such</token>
<token t_id="181" sentence="6" number="5">financing</token>
<token t_id="182" sentence="6" number="6">is</token>
<token t_id="183" sentence="6" number="7">already</token>
<token t_id="184" sentence="6" number="8">being</token>
<token t_id="185" sentence="6" number="9">sought</token>
<token t_id="186" sentence="6" number="10">and</token>
<token t_id="187" sentence="6" number="11">that</token>
<token t_id="188" sentence="6" number="12">a</token>
<token t_id="189" sentence="6" number="13">formal</token>
<token t_id="190" sentence="6" number="14">proposal</token>
<token t_id="191" sentence="6" number="15">would</token>
<token t_id="192" sentence="6" number="16">be</token>
<token t_id="193" sentence="6" number="17">made</token>
<token t_id="194" sentence="6" number="18">to</token>
<token t_id="195" sentence="6" number="19">Sharon</token>
<token t_id="196" sentence="6" number="20">'s</token>
<token t_id="197" sentence="6" number="21">Chapter</token>
<token t_id="198" sentence="6" number="22">11</token>
<token t_id="199" sentence="6" number="23">trustee</token>
<token t_id="200" sentence="6" number="24">and</token>
<token t_id="201" sentence="6" number="25">other</token>
<token t_id="202" sentence="6" number="26">Sharon</token>
<token t_id="203" sentence="6" number="27">creditors</token>
<token t_id="204" sentence="6" number="28">over</token>
<token t_id="205" sentence="6" number="29">the</token>
<token t_id="206" sentence="6" number="30">next</token>
<token t_id="207" sentence="6" number="31">few</token>
<token t_id="208" sentence="6" number="32">days</token>
<token t_id="209" sentence="6" number="33">.</token>
<token t_id="210" sentence="7" number="0">Sharon</token>
<token t_id="211" sentence="7" number="1">,</token>
<token t_id="212" sentence="7" number="2">based</token>
<token t_id="213" sentence="7" number="3">in</token>
<token t_id="214" sentence="7" number="4">Farrell</token>
<token t_id="215" sentence="7" number="5">,</token>
<token t_id="216" sentence="7" number="6">Pa</token>
<token t_id="217" sentence="7" number="7">.</token>
<token t_id="218" sentence="7" number="8">,</token>
<token t_id="219" sentence="7" number="9">filed</token>
<token t_id="220" sentence="7" number="10">for</token>
<token t_id="221" sentence="7" number="11">protection</token>
<token t_id="222" sentence="7" number="12">from</token>
<token t_id="223" sentence="7" number="13">creditors</token>
<token t_id="224" sentence="7" number="14">under</token>
<token t_id="225" sentence="7" number="15">the</token>
<token t_id="226" sentence="7" number="16">federal</token>
<token t_id="227" sentence="7" number="17">Bankruptcy</token>
<token t_id="228" sentence="7" number="18">Code</token>
<token t_id="229" sentence="7" number="19">in</token>
<token t_id="230" sentence="7" number="20">April</token>
<token t_id="231" sentence="7" number="21">1987</token>
<token t_id="232" sentence="7" number="22">.</token>
<token t_id="233" sentence="8" number="0">The</token>
<token t_id="234" sentence="8" number="1">company</token>
<token t_id="235" sentence="8" number="2">had</token>
<token t_id="236" sentence="8" number="3">been</token>
<token t_id="237" sentence="8" number="4">one</token>
<token t_id="238" sentence="8" number="5">of</token>
<token t_id="239" sentence="8" number="6">the</token>
<token t_id="240" sentence="8" number="7">maninstays</token>
<token t_id="241" sentence="8" number="8">of</token>
<token t_id="242" sentence="8" number="9">Miami</token>
<token t_id="243" sentence="8" number="10">Beach</token>
<token t_id="244" sentence="8" number="11">financier</token>
<token t_id="245" sentence="8" number="12">Victor</token>
<token t_id="246" sentence="8" number="13">Posner</token>
<token t_id="247" sentence="8" number="14">'s</token>
<token t_id="248" sentence="8" number="15">empire</token>
<token t_id="249" sentence="8" number="16">.</token>
<token t_id="250" sentence="9" number="0">Mr</token>
<token t_id="251" sentence="9" number="1">.</token>
<token t_id="252" sentence="9" number="2">Posner</token>
<token t_id="253" sentence="9" number="3">resigned</token>
<token t_id="254" sentence="9" number="4">as</token>
<token t_id="255" sentence="9" number="5">president</token>
<token t_id="256" sentence="9" number="6">and</token>
<token t_id="257" sentence="9" number="7">chief</token>
<token t_id="258" sentence="9" number="8">executive</token>
<token t_id="259" sentence="9" number="9">officer</token>
<token t_id="260" sentence="9" number="10">of</token>
<token t_id="261" sentence="9" number="11">Sharon</token>
<token t_id="262" sentence="9" number="12">in</token>
<token t_id="263" sentence="9" number="13">April</token>
<token t_id="264" sentence="9" number="14">1988</token>
<token t_id="265" sentence="9" number="15">.</token>
<token t_id="266" sentence="10" number="0">He</token>
<token t_id="267" sentence="10" number="1">remains</token>
<token t_id="268" sentence="10" number="2">chairman</token>
<token t_id="269" sentence="10" number="3">,</token>
<token t_id="270" sentence="10" number="4">but</token>
<token t_id="271" sentence="10" number="5">wields</token>
<token t_id="272" sentence="10" number="6">little</token>
<token t_id="273" sentence="10" number="7">power</token>
<token t_id="274" sentence="10" number="8">at</token>
<token t_id="275" sentence="10" number="9">the</token>
<token t_id="276" sentence="10" number="10">company</token>
<token t_id="277" sentence="10" number="11">.</token>
<token t_id="278" sentence="11" number="0">Quantum</token>
<token t_id="279" sentence="11" number="1">Fund</token>
<token t_id="280" sentence="11" number="2">,</token>
<token t_id="281" sentence="11" number="3">based</token>
<token t_id="282" sentence="11" number="4">in</token>
<token t_id="283" sentence="11" number="5">New</token>
<token t_id="284" sentence="11" number="6">York</token>
<token t_id="285" sentence="11" number="7">,</token>
<token t_id="286" sentence="11" number="8">is</token>
<token t_id="287" sentence="11" number="9">a</token>
<token t_id="288" sentence="11" number="10">$</token>
<token t_id="289" sentence="11" number="11">2</token>
<token t_id="290" sentence="11" number="12">.</token>
<token t_id="291" sentence="11" number="13">1</token>
<token t_id="292" sentence="11" number="14">billion</token>
<token t_id="293" sentence="11" number="15">investment</token>
<token t_id="294" sentence="11" number="16">fund</token>
<token t_id="295" sentence="11" number="17">managed</token>
<token t_id="296" sentence="11" number="18">by</token>
<token t_id="297" sentence="11" number="19">Soros</token>
<token t_id="298" sentence="11" number="20">Fund</token>
<token t_id="299" sentence="11" number="21">Management</token>
<token t_id="300" sentence="11" number="22">.</token>
<token t_id="301" sentence="12" number="0">Quantum</token>
<token t_id="302" sentence="12" number="1">is</token>
<token t_id="303" sentence="12" number="2">Sharon</token>
<token t_id="304" sentence="12" number="3">'s</token>
<token t_id="305" sentence="12" number="4">largest</token>
<token t_id="306" sentence="12" number="5">unsecured</token>
<token t_id="307" sentence="12" number="6">creditor</token>
<token t_id="308" sentence="12" number="7">.</token>
<token t_id="309" sentence="13" number="0">The</token>
<token t_id="310" sentence="13" number="1">Castle</token>
<token t_id="311" sentence="13" number="2">Harlan</token>
<token t_id="312" sentence="13" number="3">group</token>
<token t_id="313" sentence="13" number="4">includes</token>
<token t_id="314" sentence="13" number="5">Walter</token>
<token t_id="315" sentence="13" number="6">Sieckman</token>
<token t_id="316" sentence="13" number="7">,</token>
<token t_id="317" sentence="13" number="8">former</token>
<token t_id="318" sentence="13" number="9">chief</token>
<token t_id="319" sentence="13" number="10">operating</token>
<token t_id="320" sentence="13" number="11">officer</token>
<token t_id="321" sentence="13" number="12">of</token>
<token t_id="322" sentence="13" number="13">Sharon</token>
<token t_id="323" sentence="13" number="14">,</token>
<token t_id="324" sentence="13" number="15">and</token>
<token t_id="325" sentence="13" number="16">Wolfgang</token>
<token t_id="326" sentence="13" number="17">Jansen</token>
<token t_id="327" sentence="13" number="18">,</token>
<token t_id="328" sentence="13" number="19">former</token>
<token t_id="329" sentence="13" number="20">executive</token>
<token t_id="330" sentence="13" number="21">vice</token>
<token t_id="331" sentence="13" number="22">president</token>
<token t_id="332" sentence="13" number="23">.</token>
<token t_id="333" sentence="14" number="0">Executives</token>
<token t_id="334" sentence="14" number="1">at</token>
<token t_id="335" sentence="14" number="2">Sharon</token>
<token t_id="336" sentence="14" number="3">declined</token>
<token t_id="337" sentence="14" number="4">to</token>
<token t_id="338" sentence="14" number="5">comment</token>
<token t_id="339" sentence="14" number="6">on</token>
<token t_id="340" sentence="14" number="7">the</token>
<token t_id="341" sentence="14" number="8">proposal</token>
<token t_id="342" sentence="14" number="9">.</token>
<token t_id="343" sentence="15" number="0">The</token>
<token t_id="344" sentence="15" number="1">company</token>
<token t_id="345" sentence="15" number="2">'s</token>
<token t_id="346" sentence="15" number="3">trustee</token>
<token t_id="347" sentence="15" number="4">,</token>
<token t_id="348" sentence="15" number="5">F</token>
<token t_id="349" sentence="15" number="6">.</token>
<token t_id="350" sentence="15" number="7">E</token>
<token t_id="351" sentence="15" number="8">.</token>
<token t_id="352" sentence="15" number="9">Agnew</token>
<token t_id="353" sentence="15" number="10">,</token>
<token t_id="354" sentence="15" number="11">was</token>
<token t_id="355" sentence="15" number="12">unavailable</token>
<token t_id="356" sentence="15" number="13">for</token>
<token t_id="357" sentence="15" number="14">comment</token>
<token t_id="358" sentence="15" number="15">.</token>


<Markables>
<DESCRIPTIVE m_id="24" Type="Other" comment="" conversational-direct="FALSE" conversational-reported="FALSE"  >
<token_anchor t_id="164"/>
<token_anchor t_id="165"/>
<token_anchor t_id="166"/>
<token_anchor t_id="167"/>
<token_anchor t_id="168"/>
<token_anchor t_id="169"/>
<token_anchor t_id="170"/>
<token_anchor t_id="171"/>
</DESCRIPTIVE>
<DESCRIPTIVE m_id="25" Type="Other" comment="" conversational-direct="FALSE" conversational-reported="FALSE"  >
<token_anchor t_id="172"/>
<token_anchor t_id="173"/>
<token_anchor t_id="174"/>
<token_anchor t_id="175"/>
</DESCRIPTIVE>
<DESCRIPTIVE m_id="26" Type="Person" comment="" conversational-direct="FALSE" conversational-reported="FALSE"  >
<token_anchor t_id="266"/>
<token_anchor t_id="267"/>
<token_anchor t_id="268"/>
<token_anchor t_id="269"/>
</DESCRIPTIVE>
<DESCRIPTIVE m_id="28" Type="Other" comment="" conversational-direct="FALSE" conversational-reported="FALSE"  >
<token_anchor t_id="278"/>
<token_anchor t_id="279"/>
<token_anchor t_id="280"/>
<token_anchor t_id="281"/>
<token_anchor t_id="282"/>
<token_anchor t_id="283"/>
<token_anchor t_id="284"/>
<token_anchor t_id="285"/>
<token_anchor t_id="286"/>
<token_anchor t_id="287"/>
<token_anchor t_id="288"/>
<token_anchor t_id="289"/>
<token_anchor t_id="290"/>
<token_anchor t_id="291"/>
<token_anchor t_id="292"/>
<token_anchor t_id="293"/>
<token_anchor t_id="294"/>
<token_anchor t_id="295"/>
<token_anchor t_id="296"/>
<token_anchor t_id="297"/>
<token_anchor t_id="298"/>
<token_anchor t_id="299"/>
<token_anchor t_id="300"/>
</DESCRIPTIVE>
<DESCRIPTIVE m_id="29" Type="Other" comment="" conversational-direct="FALSE" conversational-reported="FALSE"  >
<token_anchor t_id="301"/>
<token_anchor t_id="302"/>
<token_anchor t_id="303"/>
<token_anchor t_id="304"/>
<token_anchor t_id="305"/>
<token_anchor t_id="306"/>
<token_anchor t_id="307"/>
<token_anchor t_id="308"/>
</DESCRIPTIVE>
<DESCRIPTIVE m_id="30" Type="Person" comment="" conversational-direct="FALSE" conversational-reported="FALSE"  >
<token_anchor t_id="309"/>
<token_anchor t_id="310"/>
<token_anchor t_id="311"/>
<token_anchor t_id="312"/>
<token_anchor t_id="313"/>
<token_anchor t_id="314"/>
<token_anchor t_id="315"/>
<token_anchor t_id="316"/>
<token_anchor t_id="317"/>
<token_anchor t_id="318"/>
<token_anchor t_id="319"/>
<token_anchor t_id="320"/>
<token_anchor t_id="321"/>
<token_anchor t_id="322"/>
<token_anchor t_id="323"/>
<token_anchor t_id="324"/>
<token_anchor t_id="325"/>
<token_anchor t_id="326"/>
<token_anchor t_id="327"/>
<token_anchor t_id="328"/>
<token_anchor t_id="329"/>
<token_anchor t_id="330"/>
<token_anchor t_id="331"/>
<token_anchor t_id="332"/>
</DESCRIPTIVE>
<NARRATIVE m_id="9" Level="Primary" comment="" conversational-direct="FALSE" conversational-reported="FALSE"  >
<token_anchor t_id="333"/>
<token_anchor t_id="334"/>
<token_anchor t_id="335"/>
<token_anchor t_id="336"/>
</NARRATIVE>
<NARRATIVE m_id="10" Level="Primary" comment="" conversational-direct="FALSE" conversational-reported="TRUE"  >
<token_anchor t_id="337"/>
<token_anchor t_id="338"/>
<token_anchor t_id="339"/>
<token_anchor t_id="340"/>
<token_anchor t_id="341"/>
<token_anchor t_id="342"/>
</NARRATIVE>
<NARRATIVE m_id="11" Level="Primary" comment="" conversational-direct="FALSE" conversational-reported="FALSE"  >
<token_anchor t_id="343"/>
<token_anchor t_id="344"/>
<token_anchor t_id="345"/>
<token_anchor t_id="346"/>
<token_anchor t_id="347"/>
<token_anchor t_id="348"/>
<token_anchor t_id="349"/>
<token_anchor t_id="350"/>
<token_anchor t_id="351"/>
<token_anchor t_id="352"/>
<token_anchor t_id="353"/>
<token_anchor t_id="354"/>
<token_anchor t_id="355"/>
<token_anchor t_id="356"/>
<token_anchor t_id="357"/>
<token_anchor t_id="358"/>
</NARRATIVE>
<NARRATIVE m_id="12" Level="Primary" comment="" conversational-direct="FALSE" conversational-reported="TRUE"  >
<token_anchor t_id="113"/>
<token_anchor t_id="114"/>
<token_anchor t_id="115"/>
<token_anchor t_id="116"/>
<token_anchor t_id="117"/>
<token_anchor t_id="118"/>
<token_anchor t_id="119"/>
<token_anchor t_id="120"/>
<token_anchor t_id="121"/>
<token_anchor t_id="122"/>
<token_anchor t_id="123"/>
<token_anchor t_id="124"/>
<token_anchor t_id="125"/>
<token_anchor t_id="126"/>
<token_anchor t_id="127"/>
<token_anchor t_id="128"/>
<token_anchor t_id="129"/>
<token_anchor t_id="130"/>
<token_anchor t_id="131"/>
<token_anchor t_id="132"/>
<token_anchor t_id="133"/>
<token_anchor t_id="134"/>
<token_anchor t_id="135"/>
<token_anchor t_id="136"/>
</NARRATIVE>
<NARRATIVE m_id="13" Level="Primary" comment="" conversational-direct="FALSE" conversational-reported="TRUE"  >
<token_anchor t_id="147"/>
<token_anchor t_id="148"/>
<token_anchor t_id="149"/>
<token_anchor t_id="150"/>
<token_anchor t_id="151"/>
<token_anchor t_id="152"/>
<token_anchor t_id="153"/>
<token_anchor t_id="154"/>
<token_anchor t_id="155"/>
<token_anchor t_id="156"/>
<token_anchor t_id="157"/>
<token_anchor t_id="158"/>
<token_anchor t_id="159"/>
<token_anchor t_id="160"/>
<token_anchor t_id="161"/>
<token_anchor t_id="162"/>
<token_anchor t_id="163"/>
</NARRATIVE>
<NARRATIVE m_id="14" Level="Primary" comment="" conversational-direct="FALSE" conversational-reported="TRUE"  >
<token_anchor t_id="186"/>
<token_anchor t_id="187"/>
<token_anchor t_id="188"/>
<token_anchor t_id="189"/>
<token_anchor t_id="190"/>
<token_anchor t_id="191"/>
<token_anchor t_id="192"/>
<token_anchor t_id="193"/>
<token_anchor t_id="194"/>
<token_anchor t_id="195"/>
<token_anchor t_id="196"/>
<token_anchor t_id="197"/>
<token_anchor t_id="198"/>
<token_anchor t_id="199"/>
<token_anchor t_id="200"/>
<token_anchor t_id="201"/>
<token_anchor t_id="202"/>
<token_anchor t_id="203"/>
<token_anchor t_id="204"/>
<token_anchor t_id="205"/>
<token_anchor t_id="206"/>
<token_anchor t_id="207"/>
<token_anchor t_id="208"/>
<token_anchor t_id="209"/>
</NARRATIVE>
<NARRATIVE m_id="15" Level="" comment="" conversational-direct="FALSE" conversational-reported="FALSE"  >
<token_anchor t_id="179"/>
<token_anchor t_id="180"/>
<token_anchor t_id="181"/>
<token_anchor t_id="182"/>
<token_anchor t_id="183"/>
<token_anchor t_id="184"/>
<token_anchor t_id="185"/>
</NARRATIVE>
<NARRATIVE m_id="16" Level="Primary" comment="" conversational-direct="FALSE" conversational-reported="TRUE"  >
<token_anchor t_id="9"/>
<token_anchor t_id="10"/>
<token_anchor t_id="11"/>
<token_anchor t_id="12"/>
<token_anchor t_id="13"/>
<token_anchor t_id="14"/>
<token_anchor t_id="15"/>
</NARRATIVE>
<NARRATIVE m_id="17" Level="Primary" comment="" conversational-direct="FALSE" conversational-reported="TRUE"  >
<token_anchor t_id="16"/>
<token_anchor t_id="17"/>
<token_anchor t_id="18"/>
<token_anchor t_id="19"/>
<token_anchor t_id="20"/>
<token_anchor t_id="21"/>
<token_anchor t_id="22"/>
<token_anchor t_id="23"/>
<token_anchor t_id="24"/>
<token_anchor t_id="25"/>
<token_anchor t_id="26"/>
</NARRATIVE>
<NARRATIVE m_id="18" Level="Primary" comment="" conversational-direct="FALSE" conversational-reported="TRUE"  >
<token_anchor t_id="27"/>
<token_anchor t_id="28"/>
<token_anchor t_id="29"/>
<token_anchor t_id="30"/>
<token_anchor t_id="31"/>
<token_anchor t_id="32"/>
<token_anchor t_id="33"/>
<token_anchor t_id="34"/>
<token_anchor t_id="35"/>
<token_anchor t_id="36"/>
<token_anchor t_id="37"/>
<token_anchor t_id="38"/>
<token_anchor t_id="39"/>
<token_anchor t_id="40"/>
<token_anchor t_id="41"/>
<token_anchor t_id="42"/>
<token_anchor t_id="43"/>
<token_anchor t_id="44"/>
<token_anchor t_id="45"/>
<token_anchor t_id="46"/>
<token_anchor t_id="47"/>
</NARRATIVE>
<NARRATIVE m_id="19" Level="Primary" comment="" conversational-direct="FALSE" conversational-reported="TRUE"  >
<token_anchor t_id="63"/>
<token_anchor t_id="64"/>
<token_anchor t_id="65"/>
<token_anchor t_id="66"/>
<token_anchor t_id="67"/>
<token_anchor t_id="68"/>
<token_anchor t_id="69"/>
<token_anchor t_id="70"/>
<token_anchor t_id="71"/>
<token_anchor t_id="72"/>
<token_anchor t_id="73"/>
<token_anchor t_id="74"/>
<token_anchor t_id="75"/>
<token_anchor t_id="76"/>
<token_anchor t_id="77"/>
<token_anchor t_id="78"/>
<token_anchor t_id="79"/>
<token_anchor t_id="80"/>
<token_anchor t_id="81"/>
</NARRATIVE>
<NARRATIVE m_id="20" Level="Primary" comment="" conversational-direct="FALSE" conversational-reported="FALSE"  >
<token_anchor t_id="83"/>
<token_anchor t_id="84"/>
<token_anchor t_id="85"/>
<token_anchor t_id="86"/>
<token_anchor t_id="87"/>
<token_anchor t_id="88"/>
<token_anchor t_id="89"/>
<token_anchor t_id="90"/>
<token_anchor t_id="91"/>
<token_anchor t_id="92"/>
<token_anchor t_id="93"/>
<token_anchor t_id="94"/>
<token_anchor t_id="95"/>
<token_anchor t_id="96"/>
<token_anchor t_id="97"/>
<token_anchor t_id="98"/>
</NARRATIVE>
<NARRATIVE m_id="21" Level="Primary" comment="" conversational-direct="FALSE" conversational-reported="FALSE"  >
<token_anchor t_id="99"/>
<token_anchor t_id="100"/>
<token_anchor t_id="101"/>
<token_anchor t_id="102"/>
<token_anchor t_id="103"/>
<token_anchor t_id="104"/>
<token_anchor t_id="105"/>
<token_anchor t_id="106"/>
</NARRATIVE>
<NARRATIVE m_id="22" Level="Primary" comment="" conversational-direct="FALSE" conversational-reported="TRUE"  >
<token_anchor t_id="110"/>
<token_anchor t_id="111"/>
<token_anchor t_id="112"/>
</NARRATIVE>
<NARRATIVE m_id="23" Level="Primary" comment="" conversational-direct="FALSE" conversational-reported="TRUE"  >
<token_anchor t_id="143"/>
<token_anchor t_id="144"/>
<token_anchor t_id="145"/>
<token_anchor t_id="146"/>
</NARRATIVE>
<NARRATIVE m_id="27" Level="" comment="" conversational-direct="FALSE" conversational-reported="FALSE"  >
<token_anchor t_id="270"/>
<token_anchor t_id="271"/>
<token_anchor t_id="272"/>
<token_anchor t_id="273"/>
<token_anchor t_id="274"/>
<token_anchor t_id="275"/>
<token_anchor t_id="276"/>
<token_anchor t_id="277"/>
</NARRATIVE>
<NARRATIVE m_id="1" Level="Primary" comment="" conversational-direct="FALSE" conversational-reported="FALSE"  >
<token_anchor t_id="138"/>
<token_anchor t_id="139"/>
<token_anchor t_id="140"/>
<token_anchor t_id="141"/>
<token_anchor t_id="142"/>
</NARRATIVE>
<NARRATIVE m_id="2" Level="Primary" comment="" conversational-direct="FALSE" conversational-reported="FALSE"  >
<token_anchor t_id="176"/>
<token_anchor t_id="177"/>
<token_anchor t_id="178"/>
</NARRATIVE>
<NARRATIVE m_id="3" Level="Primary" comment="" conversational-direct="FALSE" conversational-reported="FALSE"  >
<token_anchor t_id="1"/>
<token_anchor t_id="2"/>
<token_anchor t_id="3"/>
<token_anchor t_id="4"/>
<token_anchor t_id="5"/>
<token_anchor t_id="6"/>
<token_anchor t_id="7"/>
<token_anchor t_id="8"/>
</NARRATIVE>
<NARRATIVE m_id="4" Level="Primary" comment="" conversational-direct="FALSE" conversational-reported="FALSE"  >
<token_anchor t_id="48"/>
<token_anchor t_id="49"/>
<token_anchor t_id="50"/>
<token_anchor t_id="51"/>
<token_anchor t_id="52"/>
<token_anchor t_id="53"/>
<token_anchor t_id="54"/>
<token_anchor t_id="55"/>
<token_anchor t_id="56"/>
<token_anchor t_id="57"/>
<token_anchor t_id="58"/>
<token_anchor t_id="59"/>
<token_anchor t_id="60"/>
<token_anchor t_id="61"/>
<token_anchor t_id="62"/>
</NARRATIVE>
<NARRATIVE m_id="5" Level="Primary" comment="" conversational-direct="FALSE" conversational-reported="FALSE"  >
<token_anchor t_id="108"/>
<token_anchor t_id="109"/>
</NARRATIVE>
<NARRATIVE m_id="6" Level="Primary" comment="" conversational-direct="FALSE" conversational-reported="FALSE"  >
<token_anchor t_id="210"/>
<token_anchor t_id="211"/>
<token_anchor t_id="212"/>
<token_anchor t_id="213"/>
<token_anchor t_id="214"/>
<token_anchor t_id="215"/>
<token_anchor t_id="216"/>
<token_anchor t_id="217"/>
<token_anchor t_id="218"/>
<token_anchor t_id="219"/>
<token_anchor t_id="220"/>
<token_anchor t_id="221"/>
<token_anchor t_id="222"/>
<token_anchor t_id="223"/>
<token_anchor t_id="224"/>
<token_anchor t_id="225"/>
<token_anchor t_id="226"/>
<token_anchor t_id="227"/>
<token_anchor t_id="228"/>
<token_anchor t_id="229"/>
<token_anchor t_id="230"/>
<token_anchor t_id="231"/>
<token_anchor t_id="232"/>
</NARRATIVE>
<NARRATIVE m_id="7" Level="" comment="" conversational-direct="FALSE" conversational-reported="FALSE"  >
<token_anchor t_id="233"/>
<token_anchor t_id="234"/>
<token_anchor t_id="235"/>
<token_anchor t_id="236"/>
<token_anchor t_id="237"/>
<token_anchor t_id="238"/>
<token_anchor t_id="239"/>
<token_anchor t_id="240"/>
<token_anchor t_id="241"/>
<token_anchor t_id="242"/>
<token_anchor t_id="243"/>
<token_anchor t_id="244"/>
<token_anchor t_id="245"/>
<token_anchor t_id="246"/>
<token_anchor t_id="247"/>
<token_anchor t_id="248"/>
<token_anchor t_id="249"/>
</NARRATIVE>
<NARRATIVE m_id="8" Level="" comment="" conversational-direct="FALSE" conversational-reported="FALSE"  >
<token_anchor t_id="250"/>
<token_anchor t_id="251"/>
<token_anchor t_id="252"/>
<token_anchor t_id="253"/>
<token_anchor t_id="254"/>
<token_anchor t_id="255"/>
<token_anchor t_id="256"/>
<token_anchor t_id="257"/>
<token_anchor t_id="258"/>
<token_anchor t_id="259"/>
<token_anchor t_id="260"/>
<token_anchor t_id="261"/>
<token_anchor t_id="262"/>
<token_anchor t_id="263"/>
<token_anchor t_id="264"/>
<token_anchor t_id="265"/>
</NARRATIVE>


</Markables>

<Relations>
</Relations>
</Document>
