<Document doc_name="wsj_0238.xml.conll.txt">
<token t_id="1" sentence="0" number="0">Yields</token>
<token t_id="2" sentence="0" number="1">on</token>
<token t_id="3" sentence="0" number="2">savings</token>
<token t_id="4" sentence="0" number="3">-</token>
<token t_id="5" sentence="0" number="4">type</token>
<token t_id="6" sentence="0" number="5">certificates</token>
<token t_id="7" sentence="0" number="6">of</token>
<token t_id="8" sentence="0" number="7">deposit</token>
<token t_id="9" sentence="0" number="8">dropped</token>
<token t_id="10" sentence="0" number="9">slightly</token>
<token t_id="11" sentence="0" number="10">in</token>
<token t_id="12" sentence="0" number="11">the</token>
<token t_id="13" sentence="0" number="12">week</token>
<token t_id="14" sentence="0" number="13">ended</token>
<token t_id="15" sentence="0" number="14">yesterday</token>
<token t_id="16" sentence="0" number="15">.</token>
<token t_id="17" sentence="1" number="0">The</token>
<token t_id="18" sentence="1" number="1">average</token>
<token t_id="19" sentence="1" number="2">yield</token>
<token t_id="20" sentence="1" number="3">on</token>
<token t_id="21" sentence="1" number="4">a</token>
<token t_id="22" sentence="1" number="5">six</token>
<token t_id="23" sentence="1" number="6">-</token>
<token t_id="24" sentence="1" number="7">month</token>
<token t_id="25" sentence="1" number="8">CD</token>
<token t_id="26" sentence="1" number="9">of</token>
<token t_id="27" sentence="1" number="10">$</token>
<token t_id="28" sentence="1" number="11">50</token>
<token t_id="29" sentence="1" number="12">,</token>
<token t_id="30" sentence="1" number="13">000</token>
<token t_id="31" sentence="1" number="14">or</token>
<token t_id="32" sentence="1" number="15">less</token>
<token t_id="33" sentence="1" number="16">was</token>
<token t_id="34" sentence="1" number="17">7</token>
<token t_id="35" sentence="1" number="18">.</token>
<token t_id="36" sentence="1" number="19">90</token>
<token t_id="37" sentence="1" number="20">%</token>
<token t_id="38" sentence="1" number="21">,</token>
<token t_id="39" sentence="1" number="22">compared</token>
<token t_id="40" sentence="1" number="23">with</token>
<token t_id="41" sentence="1" number="24">7</token>
<token t_id="42" sentence="1" number="25">.</token>
<token t_id="43" sentence="1" number="26">94</token>
<token t_id="44" sentence="1" number="27">%</token>
<token t_id="45" sentence="1" number="28">a</token>
<token t_id="46" sentence="1" number="29">week</token>
<token t_id="47" sentence="1" number="30">earlier</token>
<token t_id="48" sentence="1" number="31">.</token>
<token t_id="49" sentence="2" number="0">The</token>
<token t_id="50" sentence="2" number="1">average</token>
<token t_id="51" sentence="2" number="2">one</token>
<token t_id="52" sentence="2" number="3">-</token>
<token t_id="53" sentence="2" number="4">year</token>
<token t_id="54" sentence="2" number="5">savings</token>
<token t_id="55" sentence="2" number="6">-</token>
<token t_id="56" sentence="2" number="7">type</token>
<token t_id="57" sentence="2" number="8">CD</token>
<token t_id="58" sentence="2" number="9">was</token>
<token t_id="59" sentence="2" number="10">down</token>
<token t_id="60" sentence="2" number="11">to</token>
<token t_id="61" sentence="2" number="12">7</token>
<token t_id="62" sentence="2" number="13">.</token>
<token t_id="63" sentence="2" number="14">99</token>
<token t_id="64" sentence="2" number="15">%</token>
<token t_id="65" sentence="2" number="16">from</token>
<token t_id="66" sentence="2" number="17">8</token>
<token t_id="67" sentence="2" number="18">.</token>
<token t_id="68" sentence="2" number="19">01</token>
<token t_id="69" sentence="2" number="20">%</token>
<token t_id="70" sentence="2" number="21">,</token>
<token t_id="71" sentence="2" number="22">according</token>
<token t_id="72" sentence="2" number="23">to</token>
<token t_id="73" sentence="2" number="24">Banxquote</token>
<token t_id="74" sentence="2" number="25">Money</token>
<token t_id="75" sentence="2" number="26">Markets</token>
<token t_id="76" sentence="2" number="27">,</token>
<token t_id="77" sentence="2" number="28">a</token>
<token t_id="78" sentence="2" number="29">New</token>
<token t_id="79" sentence="2" number="30">York</token>
<token t_id="80" sentence="2" number="31">information</token>
<token t_id="81" sentence="2" number="32">service</token>
<token t_id="82" sentence="2" number="33">that</token>
<token t_id="83" sentence="2" number="34">tracks</token>
<token t_id="84" sentence="2" number="35">CD</token>
<token t_id="85" sentence="2" number="36">yields</token>
<token t_id="86" sentence="2" number="37">.</token>
<token t_id="87" sentence="3" number="0">``</token>
<token t_id="88" sentence="3" number="1">This</token>
<token t_id="89" sentence="3" number="2">week</token>
<token t_id="90" sentence="3" number="3">was</token>
<token t_id="91" sentence="3" number="4">uneventful</token>
<token t_id="92" sentence="3" number="5">for</token>
<token t_id="93" sentence="3" number="6">the</token>
<token t_id="94" sentence="3" number="7">CD</token>
<token t_id="95" sentence="3" number="8">market</token>
<token t_id="96" sentence="3" number="9">,</token>
<token t_id="97" sentence="3" number="10">''</token>
<token t_id="98" sentence="3" number="11">said</token>
<token t_id="99" sentence="3" number="12">Norberto</token>
<token t_id="100" sentence="3" number="13">Mehl</token>
<token t_id="101" sentence="3" number="14">,</token>
<token t_id="102" sentence="3" number="15">chairman</token>
<token t_id="103" sentence="3" number="16">of</token>
<token t_id="104" sentence="3" number="17">Banxquote</token>
<token t_id="105" sentence="3" number="18">.</token>
<token t_id="106" sentence="4" number="0">``</token>
<token t_id="107" sentence="4" number="1">The</token>
<token t_id="108" sentence="4" number="2">major</token>
<token t_id="109" sentence="4" number="3">banks</token>
<token t_id="110" sentence="4" number="4">have</token>
<token t_id="111" sentence="4" number="5">n't</token>
<token t_id="112" sentence="4" number="6">even</token>
<token t_id="113" sentence="4" number="7">reacted</token>
<token t_id="114" sentence="4" number="8">to</token>
<token t_id="115" sentence="4" number="9">sharp</token>
<token t_id="116" sentence="4" number="10">rises</token>
<token t_id="117" sentence="4" number="11">in</token>
<token t_id="118" sentence="4" number="12">the</token>
<token t_id="119" sentence="4" number="13">three</token>
<token t_id="120" sentence="4" number="14">-</token>
<token t_id="121" sentence="4" number="15">month</token>
<token t_id="122" sentence="4" number="16">Treasury</token>
<token t_id="123" sentence="4" number="17">bill</token>
<token t_id="124" sentence="4" number="18">rates</token>
<token t_id="125" sentence="4" number="19">''</token>
<token t_id="126" sentence="4" number="20">in</token>
<token t_id="127" sentence="4" number="21">the</token>
<token t_id="128" sentence="4" number="22">past</token>
<token t_id="129" sentence="4" number="23">two</token>
<token t_id="130" sentence="4" number="24">weeks</token>
<token t_id="131" sentence="4" number="25">.</token>
<token t_id="132" sentence="5" number="0">Banks</token>
<token t_id="133" sentence="5" number="1">that</token>
<token t_id="134" sentence="5" number="2">adjusted</token>
<token t_id="135" sentence="5" number="3">payouts</token>
<token t_id="136" sentence="5" number="4">on</token>
<token t_id="137" sentence="5" number="5">CDs</token>
<token t_id="138" sentence="5" number="6">in</token>
<token t_id="139" sentence="5" number="7">the</token>
<token t_id="140" sentence="5" number="8">most</token>
<token t_id="141" sentence="5" number="9">recent</token>
<token t_id="142" sentence="5" number="10">week</token>
<token t_id="143" sentence="5" number="11">made</token>
<token t_id="144" sentence="5" number="12">only</token>
<token t_id="145" sentence="5" number="13">fractional</token>
<token t_id="146" sentence="5" number="14">moves</token>
<token t_id="147" sentence="5" number="15">,</token>
<token t_id="148" sentence="5" number="16">he</token>
<token t_id="149" sentence="5" number="17">said</token>
<token t_id="150" sentence="5" number="18">.</token>
<token t_id="151" sentence="6" number="0">The</token>
<token t_id="152" sentence="6" number="1">CD</token>
<token t_id="153" sentence="6" number="2">trend</token>
<token t_id="154" sentence="6" number="3">runs</token>
<token t_id="155" sentence="6" number="4">counter</token>
<token t_id="156" sentence="6" number="5">to</token>
<token t_id="157" sentence="6" number="6">the</token>
<token t_id="158" sentence="6" number="7">direction</token>
<token t_id="159" sentence="6" number="8">of</token>
<token t_id="160" sentence="6" number="9">short</token>
<token t_id="161" sentence="6" number="10">-</token>
<token t_id="162" sentence="6" number="11">term</token>
<token t_id="163" sentence="6" number="12">interest</token>
<token t_id="164" sentence="6" number="13">rates</token>
<token t_id="165" sentence="6" number="14">at</token>
<token t_id="166" sentence="6" number="15">the</token>
<token t_id="167" sentence="6" number="16">Treasury</token>
<token t_id="168" sentence="6" number="17">bill</token>
<token t_id="169" sentence="6" number="18">auction</token>
<token t_id="170" sentence="6" number="19">Monday</token>
<token t_id="171" sentence="6" number="20">.</token>
<token t_id="172" sentence="7" number="0">The</token>
<token t_id="173" sentence="7" number="1">average</token>
<token t_id="174" sentence="7" number="2">six</token>
<token t_id="175" sentence="7" number="3">-</token>
<token t_id="176" sentence="7" number="4">month</token>
<token t_id="177" sentence="7" number="5">bill</token>
<token t_id="178" sentence="7" number="6">was</token>
<token t_id="179" sentence="7" number="7">sold</token>
<token t_id="180" sentence="7" number="8">with</token>
<token t_id="181" sentence="7" number="9">a</token>
<token t_id="182" sentence="7" number="10">yield</token>
<token t_id="183" sentence="7" number="11">of</token>
<token t_id="184" sentence="7" number="12">8</token>
<token t_id="185" sentence="7" number="13">.</token>
<token t_id="186" sentence="7" number="14">04</token>
<token t_id="187" sentence="7" number="15">%</token>
<token t_id="188" sentence="7" number="16">,</token>
<token t_id="189" sentence="7" number="17">up</token>
<token t_id="190" sentence="7" number="18">from</token>
<token t_id="191" sentence="7" number="19">7</token>
<token t_id="192" sentence="7" number="20">.</token>
<token t_id="193" sentence="7" number="21">90</token>
<token t_id="194" sentence="7" number="22">%</token>
<token t_id="195" sentence="7" number="23">.</token>
<token t_id="196" sentence="8" number="0">The</token>
<token t_id="197" sentence="8" number="1">average</token>
<token t_id="198" sentence="8" number="2">three</token>
<token t_id="199" sentence="8" number="3">-</token>
<token t_id="200" sentence="8" number="4">month</token>
<token t_id="201" sentence="8" number="5">issue</token>
<token t_id="202" sentence="8" number="6">rose</token>
<token t_id="203" sentence="8" number="7">to</token>
<token t_id="204" sentence="8" number="8">8</token>
<token t_id="205" sentence="8" number="9">.</token>
<token t_id="206" sentence="8" number="10">05</token>
<token t_id="207" sentence="8" number="11">%</token>
<token t_id="208" sentence="8" number="12">from</token>
<token t_id="209" sentence="8" number="13">7</token>
<token t_id="210" sentence="8" number="14">.</token>
<token t_id="211" sentence="8" number="15">77</token>
<token t_id="212" sentence="8" number="16">%</token>
<token t_id="213" sentence="8" number="17">.</token>
<token t_id="214" sentence="9" number="0">Typically</token>
<token t_id="215" sentence="9" number="1">,</token>
<token t_id="216" sentence="9" number="2">banks</token>
<token t_id="217" sentence="9" number="3">offer</token>
<token t_id="218" sentence="9" number="4">CD</token>
<token t_id="219" sentence="9" number="5">yields</token>
<token t_id="220" sentence="9" number="6">higher</token>
<token t_id="221" sentence="9" number="7">than</token>
<token t_id="222" sentence="9" number="8">those</token>
<token t_id="223" sentence="9" number="9">on</token>
<token t_id="224" sentence="9" number="10">Treasury</token>
<token t_id="225" sentence="9" number="11">bills</token>
<token t_id="226" sentence="9" number="12">,</token>
<token t_id="227" sentence="9" number="13">which</token>
<token t_id="228" sentence="9" number="14">are</token>
<token t_id="229" sentence="9" number="15">considered</token>
<token t_id="230" sentence="9" number="16">the</token>
<token t_id="231" sentence="9" number="17">safest</token>
<token t_id="232" sentence="9" number="18">short</token>
<token t_id="233" sentence="9" number="19">-</token>
<token t_id="234" sentence="9" number="20">term</token>
<token t_id="235" sentence="9" number="21">investments</token>
<token t_id="236" sentence="9" number="22">;</token>
<token t_id="237" sentence="9" number="23">banks</token>
<token t_id="238" sentence="9" number="24">need</token>
<token t_id="239" sentence="9" number="25">a</token>
<token t_id="240" sentence="9" number="26">competitive</token>
<token t_id="241" sentence="9" number="27">edge</token>
<token t_id="242" sentence="9" number="28">to</token>
<token t_id="243" sentence="9" number="29">sell</token>
<token t_id="244" sentence="9" number="30">their</token>
<token t_id="245" sentence="9" number="31">products</token>
<token t_id="246" sentence="9" number="32">.</token>
<token t_id="247" sentence="10" number="0">But</token>
<token t_id="248" sentence="10" number="1">when</token>
<token t_id="249" sentence="10" number="2">market</token>
<token t_id="250" sentence="10" number="3">interest</token>
<token t_id="251" sentence="10" number="4">rates</token>
<token t_id="252" sentence="10" number="5">move</token>
<token t_id="253" sentence="10" number="6">up</token>
<token t_id="254" sentence="10" number="7">rapidly</token>
<token t_id="255" sentence="10" number="8">,</token>
<token t_id="256" sentence="10" number="9">increases</token>
<token t_id="257" sentence="10" number="10">in</token>
<token t_id="258" sentence="10" number="11">bank</token>
<token t_id="259" sentence="10" number="12">CD</token>
<token t_id="260" sentence="10" number="13">yields</token>
<token t_id="261" sentence="10" number="14">sometimes</token>
<token t_id="262" sentence="10" number="15">lag</token>
<token t_id="263" sentence="10" number="16">.</token>
<token t_id="264" sentence="11" number="0">Most</token>
<token t_id="265" sentence="11" number="1">yields</token>
<token t_id="266" sentence="11" number="2">on</token>
<token t_id="267" sentence="11" number="3">short</token>
<token t_id="268" sentence="11" number="4">-</token>
<token t_id="269" sentence="11" number="5">term</token>
<token t_id="270" sentence="11" number="6">jumbo</token>
<token t_id="271" sentence="11" number="7">CDs</token>
<token t_id="272" sentence="11" number="8">,</token>
<token t_id="273" sentence="11" number="9">those</token>
<token t_id="274" sentence="11" number="10">with</token>
<token t_id="275" sentence="11" number="11">denominations</token>
<token t_id="276" sentence="11" number="12">over</token>
<token t_id="277" sentence="11" number="13">$</token>
<token t_id="278" sentence="11" number="14">90</token>
<token t_id="279" sentence="11" number="15">,</token>
<token t_id="280" sentence="11" number="16">000</token>
<token t_id="281" sentence="11" number="17">,</token>
<token t_id="282" sentence="11" number="18">also</token>
<token t_id="283" sentence="11" number="19">moved</token>
<token t_id="284" sentence="11" number="20">in</token>
<token t_id="285" sentence="11" number="21">the</token>
<token t_id="286" sentence="11" number="22">opposite</token>
<token t_id="287" sentence="11" number="23">direction</token>
<token t_id="288" sentence="11" number="24">of</token>
<token t_id="289" sentence="11" number="25">Treasury</token>
<token t_id="290" sentence="11" number="26">bill</token>
<token t_id="291" sentence="11" number="27">yields</token>
<token t_id="292" sentence="11" number="28">.</token>
<token t_id="293" sentence="12" number="0">The</token>
<token t_id="294" sentence="12" number="1">average</token>
<token t_id="295" sentence="12" number="2">six</token>
<token t_id="296" sentence="12" number="3">-</token>
<token t_id="297" sentence="12" number="4">month</token>
<token t_id="298" sentence="12" number="5">yield</token>
<token t_id="299" sentence="12" number="6">on</token>
<token t_id="300" sentence="12" number="7">a</token>
<token t_id="301" sentence="12" number="8">jumbo</token>
<token t_id="302" sentence="12" number="9">CD</token>
<token t_id="303" sentence="12" number="10">was</token>
<token t_id="304" sentence="12" number="11">at</token>
<token t_id="305" sentence="12" number="12">7</token>
<token t_id="306" sentence="12" number="13">.</token>
<token t_id="307" sentence="12" number="14">90</token>
<token t_id="308" sentence="12" number="15">%</token>
<token t_id="309" sentence="12" number="16">,</token>
<token t_id="310" sentence="12" number="17">down</token>
<token t_id="311" sentence="12" number="18">from</token>
<token t_id="312" sentence="12" number="19">7</token>
<token t_id="313" sentence="12" number="20">.</token>
<token t_id="314" sentence="12" number="21">93</token>
<token t_id="315" sentence="12" number="22">%</token>
<token t_id="316" sentence="12" number="23">,</token>
<token t_id="317" sentence="12" number="24">Banxquote</token>
<token t_id="318" sentence="12" number="25">said</token>
<token t_id="319" sentence="12" number="26">.</token>
<token t_id="320" sentence="13" number="0">For</token>
<token t_id="321" sentence="13" number="1">longer</token>
<token t_id="322" sentence="13" number="2">-</token>
<token t_id="323" sentence="13" number="3">term</token>
<token t_id="324" sentence="13" number="4">CDs</token>
<token t_id="325" sentence="13" number="5">,</token>
<token t_id="326" sentence="13" number="6">yields</token>
<token t_id="327" sentence="13" number="7">were</token>
<token t_id="328" sentence="13" number="8">up</token>
<token t_id="329" sentence="13" number="9">.</token>
<token t_id="330" sentence="14" number="0">The</token>
<token t_id="331" sentence="14" number="1">average</token>
<token t_id="332" sentence="14" number="2">two</token>
<token t_id="333" sentence="14" number="3">-</token>
<token t_id="334" sentence="14" number="4">year</token>
<token t_id="335" sentence="14" number="5">and</token>
<token t_id="336" sentence="14" number="6">five</token>
<token t_id="337" sentence="14" number="7">-</token>
<token t_id="338" sentence="14" number="8">year</token>
<token t_id="339" sentence="14" number="9">jumbos</token>
<token t_id="340" sentence="14" number="10">were</token>
<token t_id="341" sentence="14" number="11">up</token>
<token t_id="342" sentence="14" number="12">0</token>
<token t_id="343" sentence="14" number="13">.</token>
<token t_id="344" sentence="14" number="14">02</token>
<token t_id="345" sentence="14" number="15">of</token>
<token t_id="346" sentence="14" number="16">a</token>
<token t_id="347" sentence="14" number="17">percentage</token>
<token t_id="348" sentence="14" number="18">point</token>
<token t_id="349" sentence="14" number="19">to</token>
<token t_id="350" sentence="14" number="20">7</token>
<token t_id="351" sentence="14" number="21">.</token>
<token t_id="352" sentence="14" number="22">91</token>
<token t_id="353" sentence="14" number="23">%</token>
<token t_id="354" sentence="14" number="24">and</token>
<token t_id="355" sentence="14" number="25">7</token>
<token t_id="356" sentence="14" number="26">.</token>
<token t_id="357" sentence="14" number="27">96</token>
<token t_id="358" sentence="14" number="28">%</token>
<token t_id="359" sentence="14" number="29">,</token>
<token t_id="360" sentence="14" number="30">respectively</token>
<token t_id="361" sentence="14" number="31">.</token>
<token t_id="362" sentence="15" number="0">However</token>
<token t_id="363" sentence="15" number="1">,</token>
<token t_id="364" sentence="15" number="2">CDs</token>
<token t_id="365" sentence="15" number="3">sold</token>
<token t_id="366" sentence="15" number="4">through</token>
<token t_id="367" sentence="15" number="5">major</token>
<token t_id="368" sentence="15" number="6">broker</token>
<token t_id="369" sentence="15" number="7">-</token>
<token t_id="370" sentence="15" number="8">dealer</token>
<token t_id="371" sentence="15" number="9">networks</token>
<token t_id="372" sentence="15" number="10">were</token>
<token t_id="373" sentence="15" number="11">up</token>
<token t_id="374" sentence="15" number="12">slightly</token>
<token t_id="375" sentence="15" number="13">almost</token>
<token t_id="376" sentence="15" number="14">across</token>
<token t_id="377" sentence="15" number="15">the</token>
<token t_id="378" sentence="15" number="16">board</token>
<token t_id="379" sentence="15" number="17">.</token>
<token t_id="380" sentence="16" number="0">The</token>
<token t_id="381" sentence="16" number="1">average</token>
<token t_id="382" sentence="16" number="2">six</token>
<token t_id="383" sentence="16" number="3">-</token>
<token t_id="384" sentence="16" number="4">month</token>
<token t_id="385" sentence="16" number="5">CD</token>
<token t_id="386" sentence="16" number="6">in</token>
<token t_id="387" sentence="16" number="7">that</token>
<token t_id="388" sentence="16" number="8">category</token>
<token t_id="389" sentence="16" number="9">added</token>
<token t_id="390" sentence="16" number="10">0</token>
<token t_id="391" sentence="16" number="11">.</token>
<token t_id="392" sentence="16" number="12">05</token>
<token t_id="393" sentence="16" number="13">percentage</token>
<token t_id="394" sentence="16" number="14">point</token>
<token t_id="395" sentence="16" number="15">to</token>
<token t_id="396" sentence="16" number="16">8</token>
<token t_id="397" sentence="16" number="17">.</token>
<token t_id="398" sentence="16" number="18">35</token>
<token t_id="399" sentence="16" number="19">%</token>
<token t_id="400" sentence="16" number="20">,</token>
<token t_id="401" sentence="16" number="21">for</token>
<token t_id="402" sentence="16" number="22">example</token>
<token t_id="403" sentence="16" number="23">.</token>
<token t_id="404" sentence="17" number="0">Mr</token>
<token t_id="405" sentence="17" number="1">.</token>
<token t_id="406" sentence="17" number="2">Mehl</token>
<token t_id="407" sentence="17" number="3">attributed</token>
<token t_id="408" sentence="17" number="4">the</token>
<token t_id="409" sentence="17" number="5">rise</token>
<token t_id="410" sentence="17" number="6">specifically</token>
<token t_id="411" sentence="17" number="7">to</token>
<token t_id="412" sentence="17" number="8">the</token>
<token t_id="413" sentence="17" number="9">Treasury</token>
<token t_id="414" sentence="17" number="10">bill</token>
<token t_id="415" sentence="17" number="11">increase</token>
<token t_id="416" sentence="17" number="12">.</token>
<token t_id="417" sentence="18" number="0">Among</token>
<token t_id="418" sentence="18" number="1">the</token>
<token t_id="419" sentence="18" number="2">major</token>
<token t_id="420" sentence="18" number="3">banks</token>
<token t_id="421" sentence="18" number="4">surveyed</token>
<token t_id="422" sentence="18" number="5">by</token>
<token t_id="423" sentence="18" number="6">Banxquote</token>
<token t_id="424" sentence="18" number="7">in</token>
<token t_id="425" sentence="18" number="8">six</token>
<token t_id="426" sentence="18" number="9">regions</token>
<token t_id="427" sentence="18" number="10">of</token>
<token t_id="428" sentence="18" number="11">the</token>
<token t_id="429" sentence="18" number="12">country</token>
<token t_id="430" sentence="18" number="13">,</token>
<token t_id="431" sentence="18" number="14">8</token>
<token t_id="432" sentence="18" number="15">.</token>
<token t_id="433" sentence="18" number="16">33</token>
<token t_id="434" sentence="18" number="17">%</token>
<token t_id="435" sentence="18" number="18">is</token>
<token t_id="436" sentence="18" number="19">the</token>
<token t_id="437" sentence="18" number="20">highest</token>
<token t_id="438" sentence="18" number="21">yield</token>
<token t_id="439" sentence="18" number="22">available</token>
<token t_id="440" sentence="18" number="23">.</token>
<token t_id="441" sentence="19" number="0">It</token>
<token t_id="442" sentence="19" number="1">is</token>
<token t_id="443" sentence="19" number="2">offered</token>
<token t_id="444" sentence="19" number="3">by</token>
<token t_id="445" sentence="19" number="4">the</token>
<token t_id="446" sentence="19" number="5">flagship</token>
<token t_id="447" sentence="19" number="6">banks</token>
<token t_id="448" sentence="19" number="7">of</token>
<token t_id="449" sentence="19" number="8">New</token>
<token t_id="450" sentence="19" number="9">York</token>
<token t_id="451" sentence="19" number="10">'s</token>
<token t_id="452" sentence="19" number="11">Manufacturers</token>
<token t_id="453" sentence="19" number="12">Hanover</token>
<token t_id="454" sentence="19" number="13">Corp</token>
<token t_id="455" sentence="19" number="14">.</token>
<token t_id="456" sentence="19" number="15">in</token>
<token t_id="457" sentence="19" number="16">the</token>
<token t_id="458" sentence="19" number="17">one</token>
<token t_id="459" sentence="19" number="18">-</token>
<token t_id="460" sentence="19" number="19">year</token>
<token t_id="461" sentence="19" number="20">maturity</token>
<token t_id="462" sentence="19" number="21">only</token>
<token t_id="463" sentence="19" number="22">.</token>
<token t_id="464" sentence="20" number="0">The</token>
<token t_id="465" sentence="20" number="1">yield</token>
<token t_id="466" sentence="20" number="2">is</token>
<token t_id="467" sentence="20" number="3">offered</token>
<token t_id="468" sentence="20" number="4">across</token>
<token t_id="469" sentence="20" number="5">a</token>
<token t_id="470" sentence="20" number="6">range</token>
<token t_id="471" sentence="20" number="7">of</token>
<token t_id="472" sentence="20" number="8">maturities</token>
<token t_id="473" sentence="20" number="9">at</token>
<token t_id="474" sentence="20" number="10">San</token>
<token t_id="475" sentence="20" number="11">Francisco</token>
<token t_id="476" sentence="20" number="12">'s</token>
<token t_id="477" sentence="20" number="13">BankAmerica</token>
<token t_id="478" sentence="20" number="14">Corp</token>
<token t_id="479" sentence="20" number="15">.</token>
<token t_id="480" sentence="20" number="16">and</token>
<token t_id="481" sentence="20" number="17">Wells</token>
<token t_id="482" sentence="20" number="18">Fargo</token>
<token t_id="483" sentence="20" number="19">&amp;amp</token>
<token t_id="484" sentence="20" number="20">;</token>
<token t_id="485" sentence="20" number="21">Co</token>
<token t_id="486" sentence="20" number="22">.</token>
<token t_id="487" sentence="21" number="0">Just</token>
<token t_id="488" sentence="21" number="1">two</token>
<token t_id="489" sentence="21" number="2">weeks</token>
<token t_id="490" sentence="21" number="3">ago</token>
<token t_id="491" sentence="21" number="4">,</token>
<token t_id="492" sentence="21" number="5">BankAmerica</token>
<token t_id="493" sentence="21" number="6">'s</token>
<token t_id="494" sentence="21" number="7">yields</token>
<token t_id="495" sentence="21" number="8">in</token>
<token t_id="496" sentence="21" number="9">many</token>
<token t_id="497" sentence="21" number="10">of</token>
<token t_id="498" sentence="21" number="11">those</token>
<token t_id="499" sentence="21" number="12">maturities</token>
<token t_id="500" sentence="21" number="13">was</token>
<token t_id="501" sentence="21" number="14">8</token>
<token t_id="502" sentence="21" number="15">.</token>
<token t_id="503" sentence="21" number="16">61</token>
<token t_id="504" sentence="21" number="17">%</token>
<token t_id="505" sentence="21" number="18">.</token>
<token t_id="506" sentence="22" number="0">Still</token>
<token t_id="507" sentence="22" number="1">,</token>
<token t_id="508" sentence="22" number="2">on</token>
<token t_id="509" sentence="22" number="3">average</token>
<token t_id="510" sentence="22" number="4">,</token>
<token t_id="511" sentence="22" number="5">the</token>
<token t_id="512" sentence="22" number="6">major</token>
<token t_id="513" sentence="22" number="7">California</token>
<token t_id="514" sentence="22" number="8">banks</token>
<token t_id="515" sentence="22" number="9">have</token>
<token t_id="516" sentence="22" number="10">the</token>
<token t_id="517" sentence="22" number="11">highest</token>
<token t_id="518" sentence="22" number="12">yields</token>
<token t_id="519" sentence="22" number="13">on</token>
<token t_id="520" sentence="22" number="14">CDs</token>
<token t_id="521" sentence="22" number="15">,</token>
<token t_id="522" sentence="22" number="16">according</token>
<token t_id="523" sentence="22" number="17">to</token>
<token t_id="524" sentence="22" number="18">Banxquote</token>
<token t_id="525" sentence="22" number="19">.</token>
<token t_id="526" sentence="23" number="0">The</token>
<token t_id="527" sentence="23" number="1">average</token>
<token t_id="528" sentence="23" number="2">yield</token>
<token t_id="529" sentence="23" number="3">there</token>
<token t_id="530" sentence="23" number="4">on</token>
<token t_id="531" sentence="23" number="5">six</token>
<token t_id="532" sentence="23" number="6">-</token>
<token t_id="533" sentence="23" number="7">month</token>
<token t_id="534" sentence="23" number="8">issues</token>
<token t_id="535" sentence="23" number="9">is</token>
<token t_id="536" sentence="23" number="10">8</token>
<token t_id="537" sentence="23" number="11">.</token>
<token t_id="538" sentence="23" number="12">32</token>
<token t_id="539" sentence="23" number="13">%</token>
<token t_id="540" sentence="23" number="14">.</token>


<Markables>
<ARGUMENTATIVE m_id="14" comment="" conversational-direct="FALSE" conversational-reported="FALSE"  >
<token_anchor t_id="227"/>
<token_anchor t_id="228"/>
<token_anchor t_id="229"/>
<token_anchor t_id="230"/>
<token_anchor t_id="231"/>
<token_anchor t_id="232"/>
<token_anchor t_id="233"/>
<token_anchor t_id="234"/>
<token_anchor t_id="235"/>
<token_anchor t_id="236"/>
</ARGUMENTATIVE>
<DESCRIPTIVE m_id="19" Type="Other" comment="" conversational-direct="FALSE" conversational-reported="FALSE"  >
<token_anchor t_id="320"/>
<token_anchor t_id="321"/>
<token_anchor t_id="322"/>
<token_anchor t_id="323"/>
<token_anchor t_id="324"/>
<token_anchor t_id="325"/>
<token_anchor t_id="326"/>
<token_anchor t_id="327"/>
<token_anchor t_id="328"/>
<token_anchor t_id="329"/>
</DESCRIPTIVE>
<DESCRIPTIVE m_id="20" Type="Other" comment="" conversational-direct="FALSE" conversational-reported="FALSE"  >
<token_anchor t_id="330"/>
<token_anchor t_id="331"/>
<token_anchor t_id="332"/>
<token_anchor t_id="333"/>
<token_anchor t_id="334"/>
<token_anchor t_id="335"/>
<token_anchor t_id="336"/>
<token_anchor t_id="337"/>
<token_anchor t_id="338"/>
<token_anchor t_id="339"/>
<token_anchor t_id="340"/>
<token_anchor t_id="341"/>
<token_anchor t_id="342"/>
<token_anchor t_id="343"/>
<token_anchor t_id="344"/>
<token_anchor t_id="345"/>
<token_anchor t_id="346"/>
<token_anchor t_id="347"/>
<token_anchor t_id="348"/>
<token_anchor t_id="349"/>
<token_anchor t_id="350"/>
<token_anchor t_id="351"/>
<token_anchor t_id="352"/>
<token_anchor t_id="353"/>
<token_anchor t_id="354"/>
<token_anchor t_id="355"/>
<token_anchor t_id="356"/>
<token_anchor t_id="357"/>
<token_anchor t_id="358"/>
<token_anchor t_id="359"/>
<token_anchor t_id="360"/>
<token_anchor t_id="361"/>
</DESCRIPTIVE>
<DESCRIPTIVE m_id="25" Type="Other" comment="" conversational-direct="FALSE" conversational-reported="FALSE"  >
<token_anchor t_id="431"/>
<token_anchor t_id="432"/>
<token_anchor t_id="433"/>
<token_anchor t_id="434"/>
<token_anchor t_id="435"/>
<token_anchor t_id="436"/>
<token_anchor t_id="437"/>
<token_anchor t_id="438"/>
<token_anchor t_id="439"/>
<token_anchor t_id="440"/>
</DESCRIPTIVE>
<DESCRIPTIVE m_id="29" Type="Other" comment="" conversational-direct="FALSE" conversational-reported="TRUE"  >
<token_anchor t_id="506"/>
<token_anchor t_id="507"/>
<token_anchor t_id="508"/>
<token_anchor t_id="509"/>
<token_anchor t_id="510"/>
<token_anchor t_id="511"/>
<token_anchor t_id="512"/>
<token_anchor t_id="513"/>
<token_anchor t_id="514"/>
<token_anchor t_id="515"/>
<token_anchor t_id="516"/>
<token_anchor t_id="517"/>
<token_anchor t_id="518"/>
<token_anchor t_id="519"/>
<token_anchor t_id="520"/>
<token_anchor t_id="521"/>
</DESCRIPTIVE>
<EXPOSITORY m_id="13" comment="" conversational-direct="FALSE" conversational-reported="FALSE"  >
<token_anchor t_id="214"/>
<token_anchor t_id="215"/>
<token_anchor t_id="216"/>
<token_anchor t_id="217"/>
<token_anchor t_id="218"/>
<token_anchor t_id="219"/>
<token_anchor t_id="220"/>
<token_anchor t_id="221"/>
<token_anchor t_id="222"/>
<token_anchor t_id="223"/>
<token_anchor t_id="224"/>
<token_anchor t_id="225"/>
<token_anchor t_id="226"/>
</EXPOSITORY>
<EXPOSITORY m_id="15" comment="" conversational-direct="FALSE" conversational-reported="FALSE"  >
<token_anchor t_id="237"/>
<token_anchor t_id="238"/>
<token_anchor t_id="239"/>
<token_anchor t_id="240"/>
<token_anchor t_id="241"/>
<token_anchor t_id="242"/>
<token_anchor t_id="243"/>
<token_anchor t_id="244"/>
<token_anchor t_id="245"/>
<token_anchor t_id="246"/>
</EXPOSITORY>
<EXPOSITORY m_id="31" comment="" conversational-direct="FALSE" conversational-reported="FALSE"  >
<token_anchor t_id="247"/>
<token_anchor t_id="248"/>
<token_anchor t_id="249"/>
<token_anchor t_id="250"/>
<token_anchor t_id="251"/>
<token_anchor t_id="252"/>
<token_anchor t_id="253"/>
<token_anchor t_id="254"/>
<token_anchor t_id="255"/>
</EXPOSITORY>
<EXPOSITORY m_id="32" comment="" conversational-direct="FALSE" conversational-reported="FALSE"  >
<token_anchor t_id="256"/>
<token_anchor t_id="257"/>
<token_anchor t_id="258"/>
<token_anchor t_id="259"/>
<token_anchor t_id="260"/>
<token_anchor t_id="261"/>
<token_anchor t_id="262"/>
<token_anchor t_id="263"/>
</EXPOSITORY>
<NARRATIVE m_id="9" Level="Primary" comment="" conversational-direct="FALSE" conversational-reported="FALSE"  >
<token_anchor t_id="148"/>
<token_anchor t_id="149"/>
<token_anchor t_id="150"/>
</NARRATIVE>
<NARRATIVE m_id="10" Level="Primary" comment="" conversational-direct="FALSE" conversational-reported="FALSE"  >
<token_anchor t_id="151"/>
<token_anchor t_id="152"/>
<token_anchor t_id="153"/>
<token_anchor t_id="154"/>
<token_anchor t_id="155"/>
<token_anchor t_id="156"/>
<token_anchor t_id="157"/>
<token_anchor t_id="158"/>
<token_anchor t_id="159"/>
<token_anchor t_id="160"/>
<token_anchor t_id="161"/>
<token_anchor t_id="162"/>
<token_anchor t_id="163"/>
<token_anchor t_id="164"/>
<token_anchor t_id="165"/>
<token_anchor t_id="166"/>
<token_anchor t_id="167"/>
<token_anchor t_id="168"/>
<token_anchor t_id="169"/>
<token_anchor t_id="170"/>
<token_anchor t_id="171"/>
</NARRATIVE>
<NARRATIVE m_id="11" Level="Primary" comment="" conversational-direct="FALSE" conversational-reported="FALSE"  >
<token_anchor t_id="172"/>
<token_anchor t_id="173"/>
<token_anchor t_id="174"/>
<token_anchor t_id="175"/>
<token_anchor t_id="176"/>
<token_anchor t_id="177"/>
<token_anchor t_id="178"/>
<token_anchor t_id="179"/>
<token_anchor t_id="180"/>
<token_anchor t_id="181"/>
<token_anchor t_id="182"/>
<token_anchor t_id="183"/>
<token_anchor t_id="184"/>
<token_anchor t_id="185"/>
<token_anchor t_id="186"/>
<token_anchor t_id="187"/>
<token_anchor t_id="188"/>
<token_anchor t_id="189"/>
<token_anchor t_id="190"/>
<token_anchor t_id="191"/>
<token_anchor t_id="192"/>
<token_anchor t_id="193"/>
<token_anchor t_id="194"/>
<token_anchor t_id="195"/>
</NARRATIVE>
<NARRATIVE m_id="12" Level="Primary" comment="" conversational-direct="FALSE" conversational-reported="FALSE"  >
<token_anchor t_id="196"/>
<token_anchor t_id="197"/>
<token_anchor t_id="198"/>
<token_anchor t_id="199"/>
<token_anchor t_id="200"/>
<token_anchor t_id="201"/>
<token_anchor t_id="202"/>
<token_anchor t_id="203"/>
<token_anchor t_id="204"/>
<token_anchor t_id="205"/>
<token_anchor t_id="206"/>
<token_anchor t_id="207"/>
<token_anchor t_id="208"/>
<token_anchor t_id="209"/>
<token_anchor t_id="210"/>
<token_anchor t_id="211"/>
<token_anchor t_id="212"/>
<token_anchor t_id="213"/>
</NARRATIVE>
<NARRATIVE m_id="16" Level="Primary" comment="" conversational-direct="FALSE" conversational-reported="FALSE"  >
<token_anchor t_id="264"/>
<token_anchor t_id="265"/>
<token_anchor t_id="266"/>
<token_anchor t_id="267"/>
<token_anchor t_id="268"/>
<token_anchor t_id="269"/>
<token_anchor t_id="270"/>
<token_anchor t_id="271"/>
<token_anchor t_id="272"/>
<token_anchor t_id="273"/>
<token_anchor t_id="274"/>
<token_anchor t_id="275"/>
<token_anchor t_id="276"/>
<token_anchor t_id="277"/>
<token_anchor t_id="278"/>
<token_anchor t_id="279"/>
<token_anchor t_id="280"/>
<token_anchor t_id="281"/>
<token_anchor t_id="282"/>
<token_anchor t_id="283"/>
<token_anchor t_id="284"/>
<token_anchor t_id="285"/>
<token_anchor t_id="286"/>
<token_anchor t_id="287"/>
<token_anchor t_id="288"/>
<token_anchor t_id="289"/>
<token_anchor t_id="290"/>
<token_anchor t_id="291"/>
<token_anchor t_id="292"/>
</NARRATIVE>
<NARRATIVE m_id="17" Level="Primary" comment="" conversational-direct="FALSE" conversational-reported="TRUE"  >
<token_anchor t_id="293"/>
<token_anchor t_id="294"/>
<token_anchor t_id="295"/>
<token_anchor t_id="296"/>
<token_anchor t_id="297"/>
<token_anchor t_id="298"/>
<token_anchor t_id="299"/>
<token_anchor t_id="300"/>
<token_anchor t_id="301"/>
<token_anchor t_id="302"/>
<token_anchor t_id="303"/>
<token_anchor t_id="304"/>
<token_anchor t_id="305"/>
<token_anchor t_id="306"/>
<token_anchor t_id="307"/>
<token_anchor t_id="308"/>
<token_anchor t_id="309"/>
<token_anchor t_id="310"/>
<token_anchor t_id="311"/>
<token_anchor t_id="312"/>
<token_anchor t_id="313"/>
<token_anchor t_id="314"/>
<token_anchor t_id="315"/>
<token_anchor t_id="316"/>
</NARRATIVE>
<NARRATIVE m_id="18" Level="Primary" comment="" conversational-direct="FALSE" conversational-reported="FALSE"  >
<token_anchor t_id="317"/>
<token_anchor t_id="318"/>
<token_anchor t_id="319"/>
</NARRATIVE>
<NARRATIVE m_id="21" Level="Primary" comment="" conversational-direct="FALSE" conversational-reported="FALSE"  >
<token_anchor t_id="362"/>
<token_anchor t_id="363"/>
<token_anchor t_id="364"/>
<token_anchor t_id="365"/>
<token_anchor t_id="366"/>
<token_anchor t_id="367"/>
<token_anchor t_id="368"/>
<token_anchor t_id="369"/>
<token_anchor t_id="370"/>
<token_anchor t_id="371"/>
<token_anchor t_id="372"/>
<token_anchor t_id="373"/>
<token_anchor t_id="374"/>
<token_anchor t_id="375"/>
<token_anchor t_id="376"/>
<token_anchor t_id="377"/>
<token_anchor t_id="378"/>
<token_anchor t_id="379"/>
</NARRATIVE>
<NARRATIVE m_id="22" Level="Primary" comment="" conversational-direct="FALSE" conversational-reported="FALSE"  >
<token_anchor t_id="380"/>
<token_anchor t_id="381"/>
<token_anchor t_id="382"/>
<token_anchor t_id="383"/>
<token_anchor t_id="384"/>
<token_anchor t_id="385"/>
<token_anchor t_id="386"/>
<token_anchor t_id="387"/>
<token_anchor t_id="388"/>
<token_anchor t_id="389"/>
<token_anchor t_id="390"/>
<token_anchor t_id="391"/>
<token_anchor t_id="392"/>
<token_anchor t_id="393"/>
<token_anchor t_id="394"/>
<token_anchor t_id="395"/>
<token_anchor t_id="396"/>
<token_anchor t_id="397"/>
<token_anchor t_id="398"/>
<token_anchor t_id="399"/>
<token_anchor t_id="400"/>
<token_anchor t_id="401"/>
<token_anchor t_id="402"/>
<token_anchor t_id="403"/>
</NARRATIVE>
<NARRATIVE m_id="23" Level="" comment="" conversational-direct="FALSE" conversational-reported="FALSE"  >
<token_anchor t_id="404"/>
<token_anchor t_id="405"/>
<token_anchor t_id="406"/>
<token_anchor t_id="407"/>
<token_anchor t_id="408"/>
<token_anchor t_id="409"/>
<token_anchor t_id="410"/>
<token_anchor t_id="411"/>
<token_anchor t_id="412"/>
<token_anchor t_id="413"/>
<token_anchor t_id="414"/>
<token_anchor t_id="415"/>
<token_anchor t_id="416"/>
</NARRATIVE>
<NARRATIVE m_id="24" Level="Primary" comment="" conversational-direct="FALSE" conversational-reported="FALSE"  >
<token_anchor t_id="417"/>
<token_anchor t_id="418"/>
<token_anchor t_id="419"/>
<token_anchor t_id="420"/>
<token_anchor t_id="421"/>
<token_anchor t_id="422"/>
<token_anchor t_id="423"/>
<token_anchor t_id="424"/>
<token_anchor t_id="425"/>
<token_anchor t_id="426"/>
<token_anchor t_id="427"/>
<token_anchor t_id="428"/>
<token_anchor t_id="429"/>
<token_anchor t_id="430"/>
</NARRATIVE>
<NARRATIVE m_id="26" Level="Primary" comment="" conversational-direct="FALSE" conversational-reported="FALSE"  >
<token_anchor t_id="441"/>
<token_anchor t_id="442"/>
<token_anchor t_id="443"/>
<token_anchor t_id="444"/>
<token_anchor t_id="445"/>
<token_anchor t_id="446"/>
<token_anchor t_id="447"/>
<token_anchor t_id="448"/>
<token_anchor t_id="449"/>
<token_anchor t_id="450"/>
<token_anchor t_id="451"/>
<token_anchor t_id="452"/>
<token_anchor t_id="453"/>
<token_anchor t_id="454"/>
<token_anchor t_id="455"/>
<token_anchor t_id="456"/>
<token_anchor t_id="457"/>
<token_anchor t_id="458"/>
<token_anchor t_id="459"/>
<token_anchor t_id="460"/>
<token_anchor t_id="461"/>
<token_anchor t_id="462"/>
<token_anchor t_id="463"/>
</NARRATIVE>
<NARRATIVE m_id="27" Level="Primary" comment="" conversational-direct="FALSE" conversational-reported="FALSE"  >
<token_anchor t_id="464"/>
<token_anchor t_id="465"/>
<token_anchor t_id="466"/>
<token_anchor t_id="467"/>
<token_anchor t_id="468"/>
<token_anchor t_id="469"/>
<token_anchor t_id="470"/>
<token_anchor t_id="471"/>
<token_anchor t_id="472"/>
<token_anchor t_id="473"/>
<token_anchor t_id="474"/>
<token_anchor t_id="475"/>
<token_anchor t_id="476"/>
<token_anchor t_id="477"/>
<token_anchor t_id="478"/>
<token_anchor t_id="479"/>
<token_anchor t_id="480"/>
<token_anchor t_id="481"/>
<token_anchor t_id="482"/>
<token_anchor t_id="483"/>
<token_anchor t_id="484"/>
<token_anchor t_id="485"/>
<token_anchor t_id="486"/>
</NARRATIVE>
<NARRATIVE m_id="28" Level="Primary" comment="" conversational-direct="FALSE" conversational-reported="FALSE"  >
<token_anchor t_id="487"/>
<token_anchor t_id="488"/>
<token_anchor t_id="489"/>
<token_anchor t_id="490"/>
<token_anchor t_id="491"/>
<token_anchor t_id="492"/>
<token_anchor t_id="493"/>
<token_anchor t_id="494"/>
<token_anchor t_id="495"/>
<token_anchor t_id="496"/>
<token_anchor t_id="497"/>
<token_anchor t_id="498"/>
<token_anchor t_id="499"/>
<token_anchor t_id="500"/>
<token_anchor t_id="501"/>
<token_anchor t_id="502"/>
<token_anchor t_id="503"/>
<token_anchor t_id="504"/>
<token_anchor t_id="505"/>
</NARRATIVE>
<NARRATIVE m_id="30" Level="Primary" comment="" conversational-direct="FALSE" conversational-reported="FALSE"  >
<token_anchor t_id="522"/>
<token_anchor t_id="523"/>
<token_anchor t_id="524"/>
<token_anchor t_id="525"/>
</NARRATIVE>
<NARRATIVE m_id="1" Level="Primary" comment="" conversational-direct="FALSE" conversational-reported="FALSE"  >
<token_anchor t_id="1"/>
<token_anchor t_id="2"/>
<token_anchor t_id="3"/>
<token_anchor t_id="4"/>
<token_anchor t_id="5"/>
<token_anchor t_id="6"/>
<token_anchor t_id="7"/>
<token_anchor t_id="8"/>
<token_anchor t_id="9"/>
<token_anchor t_id="10"/>
<token_anchor t_id="11"/>
<token_anchor t_id="12"/>
<token_anchor t_id="13"/>
<token_anchor t_id="14"/>
<token_anchor t_id="15"/>
<token_anchor t_id="16"/>
</NARRATIVE>
<NARRATIVE m_id="33" Level="Primary" comment="" conversational-direct="FALSE" conversational-reported="FALSE"  >
<token_anchor t_id="526"/>
<token_anchor t_id="527"/>
<token_anchor t_id="528"/>
<token_anchor t_id="529"/>
<token_anchor t_id="530"/>
<token_anchor t_id="531"/>
<token_anchor t_id="532"/>
<token_anchor t_id="533"/>
<token_anchor t_id="534"/>
<token_anchor t_id="535"/>
<token_anchor t_id="536"/>
<token_anchor t_id="537"/>
<token_anchor t_id="538"/>
<token_anchor t_id="539"/>
<token_anchor t_id="540"/>
</NARRATIVE>
<NARRATIVE m_id="2" Level="" comment="" conversational-direct="FALSE" conversational-reported="FALSE"  >
<token_anchor t_id="39"/>
<token_anchor t_id="40"/>
<token_anchor t_id="41"/>
<token_anchor t_id="42"/>
<token_anchor t_id="43"/>
<token_anchor t_id="44"/>
<token_anchor t_id="45"/>
<token_anchor t_id="46"/>
<token_anchor t_id="47"/>
<token_anchor t_id="48"/>
</NARRATIVE>
<NARRATIVE m_id="3" Level="Primary" comment="" conversational-direct="FALSE" conversational-reported="FALSE"  >
<token_anchor t_id="17"/>
<token_anchor t_id="18"/>
<token_anchor t_id="19"/>
<token_anchor t_id="20"/>
<token_anchor t_id="21"/>
<token_anchor t_id="22"/>
<token_anchor t_id="23"/>
<token_anchor t_id="24"/>
<token_anchor t_id="25"/>
<token_anchor t_id="26"/>
<token_anchor t_id="27"/>
<token_anchor t_id="28"/>
<token_anchor t_id="29"/>
<token_anchor t_id="30"/>
<token_anchor t_id="31"/>
<token_anchor t_id="32"/>
<token_anchor t_id="33"/>
<token_anchor t_id="34"/>
<token_anchor t_id="35"/>
<token_anchor t_id="36"/>
<token_anchor t_id="37"/>
<token_anchor t_id="38"/>
</NARRATIVE>
<NARRATIVE m_id="4" Level="Primary" comment="" conversational-direct="FALSE" conversational-reported="FALSE"  >
<token_anchor t_id="49"/>
<token_anchor t_id="50"/>
<token_anchor t_id="51"/>
<token_anchor t_id="52"/>
<token_anchor t_id="53"/>
<token_anchor t_id="54"/>
<token_anchor t_id="55"/>
<token_anchor t_id="56"/>
<token_anchor t_id="57"/>
<token_anchor t_id="58"/>
<token_anchor t_id="59"/>
<token_anchor t_id="60"/>
<token_anchor t_id="61"/>
<token_anchor t_id="62"/>
<token_anchor t_id="63"/>
<token_anchor t_id="64"/>
<token_anchor t_id="65"/>
<token_anchor t_id="66"/>
<token_anchor t_id="67"/>
<token_anchor t_id="68"/>
<token_anchor t_id="69"/>
<token_anchor t_id="70"/>
<token_anchor t_id="71"/>
<token_anchor t_id="72"/>
<token_anchor t_id="73"/>
<token_anchor t_id="74"/>
<token_anchor t_id="75"/>
<token_anchor t_id="76"/>
<token_anchor t_id="77"/>
<token_anchor t_id="78"/>
<token_anchor t_id="79"/>
<token_anchor t_id="80"/>
<token_anchor t_id="81"/>
<token_anchor t_id="82"/>
<token_anchor t_id="83"/>
<token_anchor t_id="84"/>
<token_anchor t_id="85"/>
<token_anchor t_id="86"/>
</NARRATIVE>
<NARRATIVE m_id="5" Level="Primary" comment="" conversational-direct="FALSE" conversational-reported="FALSE"  >
<token_anchor t_id="98"/>
<token_anchor t_id="99"/>
<token_anchor t_id="100"/>
<token_anchor t_id="101"/>
<token_anchor t_id="102"/>
<token_anchor t_id="103"/>
<token_anchor t_id="104"/>
<token_anchor t_id="105"/>
</NARRATIVE>
<NARRATIVE m_id="6" Level="Primary" comment="" conversational-direct="TRUE" conversational-reported="FALSE"  >
<token_anchor t_id="87"/>
<token_anchor t_id="88"/>
<token_anchor t_id="89"/>
<token_anchor t_id="90"/>
<token_anchor t_id="91"/>
<token_anchor t_id="92"/>
<token_anchor t_id="93"/>
<token_anchor t_id="94"/>
<token_anchor t_id="95"/>
<token_anchor t_id="96"/>
<token_anchor t_id="97"/>
</NARRATIVE>
<NARRATIVE m_id="7" Level="Primary" comment="" conversational-direct="TRUE" conversational-reported="FALSE"  >
<token_anchor t_id="106"/>
<token_anchor t_id="107"/>
<token_anchor t_id="108"/>
<token_anchor t_id="109"/>
<token_anchor t_id="110"/>
<token_anchor t_id="111"/>
<token_anchor t_id="112"/>
<token_anchor t_id="113"/>
<token_anchor t_id="114"/>
<token_anchor t_id="115"/>
<token_anchor t_id="116"/>
<token_anchor t_id="117"/>
<token_anchor t_id="118"/>
<token_anchor t_id="119"/>
<token_anchor t_id="120"/>
<token_anchor t_id="121"/>
<token_anchor t_id="122"/>
<token_anchor t_id="123"/>
<token_anchor t_id="124"/>
<token_anchor t_id="125"/>
<token_anchor t_id="126"/>
<token_anchor t_id="127"/>
<token_anchor t_id="128"/>
<token_anchor t_id="129"/>
<token_anchor t_id="130"/>
<token_anchor t_id="131"/>
</NARRATIVE>
<NARRATIVE m_id="8" Level="Primary" comment="" conversational-direct="FALSE" conversational-reported="TRUE"  >
<token_anchor t_id="132"/>
<token_anchor t_id="133"/>
<token_anchor t_id="134"/>
<token_anchor t_id="135"/>
<token_anchor t_id="136"/>
<token_anchor t_id="137"/>
<token_anchor t_id="138"/>
<token_anchor t_id="139"/>
<token_anchor t_id="140"/>
<token_anchor t_id="141"/>
<token_anchor t_id="142"/>
<token_anchor t_id="143"/>
<token_anchor t_id="144"/>
<token_anchor t_id="145"/>
<token_anchor t_id="146"/>
<token_anchor t_id="147"/>
</NARRATIVE>


</Markables>

<Relations>
</Relations>
</Document>
