<Document doc_name="wsj_0926.xml.conll.txt">
<token t_id="1" sentence="0" number="0">Ohbayashi</token>
<token t_id="2" sentence="0" number="1">Corp</token>
<token t_id="3" sentence="0" number="2">.</token>
<token t_id="4" sentence="0" number="3">agreed</token>
<token t_id="5" sentence="0" number="4">to</token>
<token t_id="6" sentence="0" number="5">buy</token>
<token t_id="7" sentence="0" number="6">E</token>
<token t_id="8" sentence="0" number="7">.</token>
<token t_id="9" sentence="0" number="8">W</token>
<token t_id="10" sentence="0" number="9">.</token>
<token t_id="11" sentence="0" number="10">Howell</token>
<token t_id="12" sentence="0" number="11">Co</token>
<token t_id="13" sentence="0" number="12">.</token>
<token t_id="14" sentence="0" number="13">,</token>
<token t_id="15" sentence="0" number="14">the</token>
<token t_id="16" sentence="0" number="15">U</token>
<token t_id="17" sentence="0" number="16">.</token>
<token t_id="18" sentence="0" number="17">S</token>
<token t_id="19" sentence="0" number="18">.</token>
<token t_id="20" sentence="0" number="19">subsidiary</token>
<token t_id="21" sentence="0" number="20">of</token>
<token t_id="22" sentence="0" number="21">Selmer</token>
<token t_id="23" sentence="0" number="22">-</token>
<token t_id="24" sentence="0" number="23">Sande</token>
<token t_id="25" sentence="0" number="24">AS</token>
<token t_id="26" sentence="0" number="25">,</token>
<token t_id="27" sentence="0" number="26">of</token>
<token t_id="28" sentence="0" number="27">Norway</token>
<token t_id="29" sentence="0" number="28">,</token>
<token t_id="30" sentence="0" number="29">for</token>
<token t_id="31" sentence="0" number="30">about</token>
<token t_id="32" sentence="0" number="31">$</token>
<token t_id="33" sentence="0" number="32">7</token>
<token t_id="34" sentence="0" number="33">million</token>
<token t_id="35" sentence="0" number="34">.</token>
<token t_id="36" sentence="1" number="0">Howell</token>
<token t_id="37" sentence="1" number="1">,</token>
<token t_id="38" sentence="1" number="2">a</token>
<token t_id="39" sentence="1" number="3">Port</token>
<token t_id="40" sentence="1" number="4">Washington</token>
<token t_id="41" sentence="1" number="5">,</token>
<token t_id="42" sentence="1" number="6">N</token>
<token t_id="43" sentence="1" number="7">.</token>
<token t_id="44" sentence="1" number="8">Y</token>
<token t_id="45" sentence="1" number="9">.</token>
<token t_id="46" sentence="1" number="10">,</token>
<token t_id="47" sentence="1" number="11">construction</token>
<token t_id="48" sentence="1" number="12">concern</token>
<token t_id="49" sentence="1" number="13">,</token>
<token t_id="50" sentence="1" number="14">was</token>
<token t_id="51" sentence="1" number="15">established</token>
<token t_id="52" sentence="1" number="16">in</token>
<token t_id="53" sentence="1" number="17">1891</token>
<token t_id="54" sentence="1" number="18">.</token>
<token t_id="55" sentence="2" number="0">It</token>
<token t_id="56" sentence="2" number="1">has</token>
<token t_id="57" sentence="2" number="2">three</token>
<token t_id="58" sentence="2" number="3">U</token>
<token t_id="59" sentence="2" number="4">.</token>
<token t_id="60" sentence="2" number="5">S</token>
<token t_id="61" sentence="2" number="6">.</token>
<token t_id="62" sentence="2" number="7">branches</token>
<token t_id="63" sentence="2" number="8">.</token>
<token t_id="64" sentence="3" number="0">Ohbayashi</token>
<token t_id="65" sentence="3" number="1">officials</token>
<token t_id="66" sentence="3" number="2">said</token>
<token t_id="67" sentence="3" number="3">the</token>
<token t_id="68" sentence="3" number="4">purchase</token>
<token t_id="69" sentence="3" number="5">was</token>
<token t_id="70" sentence="3" number="6">undertaken</token>
<token t_id="71" sentence="3" number="7">to</token>
<token t_id="72" sentence="3" number="8">participate</token>
<token t_id="73" sentence="3" number="9">in</token>
<token t_id="74" sentence="3" number="10">ventures</token>
<token t_id="75" sentence="3" number="11">in</token>
<token t_id="76" sentence="3" number="12">and</token>
<token t_id="77" sentence="3" number="13">around</token>
<token t_id="78" sentence="3" number="14">New</token>
<token t_id="79" sentence="3" number="15">York</token>
<token t_id="80" sentence="3" number="16">City</token>
<token t_id="81" sentence="3" number="17">.</token>
<token t_id="82" sentence="4" number="0">They</token>
<token t_id="83" sentence="4" number="1">said</token>
<token t_id="84" sentence="4" number="2">Howell</token>
<token t_id="85" sentence="4" number="3">is</token>
<token t_id="86" sentence="4" number="4">particularly</token>
<token t_id="87" sentence="4" number="5">successful</token>
<token t_id="88" sentence="4" number="6">there</token>
<token t_id="89" sentence="4" number="7">because</token>
<token t_id="90" sentence="4" number="8">of</token>
<token t_id="91" sentence="4" number="9">its</token>
<token t_id="92" sentence="4" number="10">membership</token>
<token t_id="93" sentence="4" number="11">cooperation</token>
<token t_id="94" sentence="4" number="12">with</token>
<token t_id="95" sentence="4" number="13">local</token>
<token t_id="96" sentence="4" number="14">unions</token>
<token t_id="97" sentence="4" number="15">.</token>
<token t_id="98" sentence="5" number="0">Ohbayashi</token>
<token t_id="99" sentence="5" number="1">is</token>
<token t_id="100" sentence="5" number="2">Japan</token>
<token t_id="101" sentence="5" number="3">'s</token>
<token t_id="102" sentence="5" number="4">second</token>
<token t_id="103" sentence="5" number="5">largest</token>
<token t_id="104" sentence="5" number="6">construction</token>
<token t_id="105" sentence="5" number="7">company</token>
<token t_id="106" sentence="5" number="8">.</token>
<token t_id="107" sentence="6" number="0">Until</token>
<token t_id="108" sentence="6" number="1">now</token>
<token t_id="109" sentence="6" number="2">,</token>
<token t_id="110" sentence="6" number="3">its</token>
<token t_id="111" sentence="6" number="4">inability</token>
<token t_id="112" sentence="6" number="5">to</token>
<token t_id="113" sentence="6" number="6">form</token>
<token t_id="114" sentence="6" number="7">membership</token>
<token t_id="115" sentence="6" number="8">ties</token>
<token t_id="116" sentence="6" number="9">with</token>
<token t_id="117" sentence="6" number="10">organized</token>
<token t_id="118" sentence="6" number="11">labor</token>
<token t_id="119" sentence="6" number="12">has</token>
<token t_id="120" sentence="6" number="13">kept</token>
<token t_id="121" sentence="6" number="14">it</token>
<token t_id="122" sentence="6" number="15">from</token>
<token t_id="123" sentence="6" number="16">penetrating</token>
<token t_id="124" sentence="6" number="17">the</token>
<token t_id="125" sentence="6" number="18">lucrative</token>
<token t_id="126" sentence="6" number="19">New</token>
<token t_id="127" sentence="6" number="20">York</token>
<token t_id="128" sentence="6" number="21">metropolitan</token>
<token t_id="129" sentence="6" number="22">area</token>
<token t_id="130" sentence="6" number="23">construction</token>
<token t_id="131" sentence="6" number="24">market</token>
<token t_id="132" sentence="6" number="25">.</token>
<token t_id="133" sentence="7" number="0">The</token>
<token t_id="134" sentence="7" number="1">company</token>
<token t_id="135" sentence="7" number="2">also</token>
<token t_id="136" sentence="7" number="3">hopes</token>
<token t_id="137" sentence="7" number="4">the</token>
<token t_id="138" sentence="7" number="5">latest</token>
<token t_id="139" sentence="7" number="6">acquisition</token>
<token t_id="140" sentence="7" number="7">will</token>
<token t_id="141" sentence="7" number="8">help</token>
<token t_id="142" sentence="7" number="9">secure</token>
<token t_id="143" sentence="7" number="10">large</token>
<token t_id="144" sentence="7" number="11">construction</token>
<token t_id="145" sentence="7" number="12">orders</token>
<token t_id="146" sentence="7" number="13">from</token>
<token t_id="147" sentence="7" number="14">Japanese</token>
<token t_id="148" sentence="7" number="15">concerns</token>
<token t_id="149" sentence="7" number="16">with</token>
<token t_id="150" sentence="7" number="17">U</token>
<token t_id="151" sentence="7" number="18">.</token>
<token t_id="152" sentence="7" number="19">S</token>
<token t_id="153" sentence="7" number="20">.</token>
<token t_id="154" sentence="7" number="21">operations</token>
<token t_id="155" sentence="7" number="22">.</token>
<token t_id="156" sentence="8" number="0">Ohbayashi</token>
<token t_id="157" sentence="8" number="1">cited</token>
<token t_id="158" sentence="8" number="2">industry</token>
<token t_id="159" sentence="8" number="3">publications</token>
<token t_id="160" sentence="8" number="4">crediting</token>
<token t_id="161" sentence="8" number="5">Howell</token>
<token t_id="162" sentence="8" number="6">,</token>
<token t_id="163" sentence="8" number="7">currently</token>
<token t_id="164" sentence="8" number="8">capitalized</token>
<token t_id="165" sentence="8" number="9">at</token>
<token t_id="166" sentence="8" number="10">$</token>
<token t_id="167" sentence="8" number="11">2</token>
<token t_id="168" sentence="8" number="12">.</token>
<token t_id="169" sentence="8" number="13">2</token>
<token t_id="170" sentence="8" number="14">million</token>
<token t_id="171" sentence="8" number="15">,</token>
<token t_id="172" sentence="8" number="16">with</token>
<token t_id="173" sentence="8" number="17">receiving</token>
<token t_id="174" sentence="8" number="18">orders</token>
<token t_id="175" sentence="8" number="19">valued</token>
<token t_id="176" sentence="8" number="20">at</token>
<token t_id="177" sentence="8" number="21">$</token>
<token t_id="178" sentence="8" number="22">225</token>
<token t_id="179" sentence="8" number="23">million</token>
<token t_id="180" sentence="8" number="24">in</token>
<token t_id="181" sentence="8" number="25">1988</token>
<token t_id="182" sentence="8" number="26">.</token>
<token t_id="183" sentence="9" number="0">The</token>
<token t_id="184" sentence="9" number="1">Japanese</token>
<token t_id="185" sentence="9" number="2">company</token>
<token t_id="186" sentence="9" number="3">received</token>
<token t_id="187" sentence="9" number="4">orders</token>
<token t_id="188" sentence="9" number="5">totaling</token>
<token t_id="189" sentence="9" number="6">12</token>
<token t_id="190" sentence="9" number="7">.</token>
<token t_id="191" sentence="9" number="8">44</token>
<token t_id="192" sentence="9" number="9">billion</token>
<token t_id="193" sentence="9" number="10">yen</token>
<token t_id="194" sentence="9" number="11">-</token>
<token t_id="195" sentence="9" number="12">LRB</token>
<token t_id="196" sentence="9" number="13">-</token>
<token t_id="197" sentence="9" number="14">$</token>
<token t_id="198" sentence="9" number="15">87</token>
<token t_id="199" sentence="9" number="16">.</token>
<token t_id="200" sentence="9" number="17">9</token>
<token t_id="201" sentence="9" number="18">million</token>
<token t_id="202" sentence="9" number="19">-</token>
<token t_id="203" sentence="9" number="20">RRB</token>
<token t_id="204" sentence="9" number="21">-</token>
<token t_id="205" sentence="9" number="22">from</token>
<token t_id="206" sentence="9" number="23">its</token>
<token t_id="207" sentence="9" number="24">U</token>
<token t_id="208" sentence="9" number="25">.</token>
<token t_id="209" sentence="9" number="26">S</token>
<token t_id="210" sentence="9" number="27">.</token>
<token t_id="211" sentence="9" number="28">business</token>
<token t_id="212" sentence="9" number="29">activities</token>
<token t_id="213" sentence="9" number="30">during</token>
<token t_id="214" sentence="9" number="31">the</token>
<token t_id="215" sentence="9" number="32">fiscal</token>
<token t_id="216" sentence="9" number="33">year</token>
<token t_id="217" sentence="9" number="34">ended</token>
<token t_id="218" sentence="9" number="35">in</token>
<token t_id="219" sentence="9" number="36">March</token>
<token t_id="220" sentence="9" number="37">.</token>


<Markables>
<ARGUMENTATIVE m_id="16" comment="" conversational-direct="FALSE" conversational-reported="FALSE"  >
<token_anchor t_id="133"/>
<token_anchor t_id="134"/>
<token_anchor t_id="135"/>
<token_anchor t_id="136"/>
</ARGUMENTATIVE>
<ARGUMENTATIVE m_id="17" comment="" conversational-direct="FALSE" conversational-reported="FALSE"  >
<token_anchor t_id="137"/>
<token_anchor t_id="138"/>
<token_anchor t_id="139"/>
<token_anchor t_id="140"/>
<token_anchor t_id="141"/>
<token_anchor t_id="142"/>
<token_anchor t_id="143"/>
<token_anchor t_id="144"/>
<token_anchor t_id="145"/>
<token_anchor t_id="146"/>
<token_anchor t_id="147"/>
<token_anchor t_id="148"/>
<token_anchor t_id="149"/>
<token_anchor t_id="150"/>
<token_anchor t_id="151"/>
<token_anchor t_id="152"/>
<token_anchor t_id="153"/>
<token_anchor t_id="154"/>
<token_anchor t_id="155"/>
</ARGUMENTATIVE>
<ARGUMENTATIVE m_id="8" comment="" conversational-direct="FALSE" conversational-reported="TRUE"  >
<token_anchor t_id="84"/>
<token_anchor t_id="85"/>
<token_anchor t_id="86"/>
<token_anchor t_id="87"/>
<token_anchor t_id="88"/>
<token_anchor t_id="89"/>
<token_anchor t_id="90"/>
<token_anchor t_id="91"/>
<token_anchor t_id="92"/>
<token_anchor t_id="93"/>
<token_anchor t_id="94"/>
<token_anchor t_id="95"/>
<token_anchor t_id="96"/>
<token_anchor t_id="97"/>
</ARGUMENTATIVE>
<DESCRIPTIVE m_id="12" Type="Other" comment="" conversational-direct="FALSE" conversational-reported="FALSE"  >
<token_anchor t_id="55"/>
<token_anchor t_id="56"/>
<token_anchor t_id="57"/>
<token_anchor t_id="58"/>
<token_anchor t_id="59"/>
<token_anchor t_id="60"/>
<token_anchor t_id="61"/>
<token_anchor t_id="62"/>
<token_anchor t_id="63"/>
</DESCRIPTIVE>
<DESCRIPTIVE m_id="13" Type="Other" comment="" conversational-direct="FALSE" conversational-reported="FALSE"  >
<token_anchor t_id="98"/>
<token_anchor t_id="99"/>
<token_anchor t_id="100"/>
<token_anchor t_id="101"/>
<token_anchor t_id="102"/>
<token_anchor t_id="103"/>
<token_anchor t_id="104"/>
<token_anchor t_id="105"/>
<token_anchor t_id="106"/>
</DESCRIPTIVE>
<NARRATIVE m_id="9" Level="Primary" comment="" conversational-direct="FALSE" conversational-reported="TRUE"  >
<token_anchor t_id="71"/>
<token_anchor t_id="72"/>
<token_anchor t_id="73"/>
<token_anchor t_id="74"/>
<token_anchor t_id="75"/>
<token_anchor t_id="76"/>
<token_anchor t_id="77"/>
<token_anchor t_id="78"/>
<token_anchor t_id="79"/>
<token_anchor t_id="80"/>
<token_anchor t_id="81"/>
</NARRATIVE>
<NARRATIVE m_id="10" Level="Primary" comment="" conversational-direct="FALSE" conversational-reported="TRUE"  >
<token_anchor t_id="5"/>
<token_anchor t_id="6"/>
<token_anchor t_id="7"/>
<token_anchor t_id="8"/>
<token_anchor t_id="9"/>
<token_anchor t_id="10"/>
<token_anchor t_id="11"/>
<token_anchor t_id="12"/>
<token_anchor t_id="13"/>
<token_anchor t_id="14"/>
<token_anchor t_id="15"/>
<token_anchor t_id="16"/>
<token_anchor t_id="17"/>
<token_anchor t_id="18"/>
<token_anchor t_id="19"/>
<token_anchor t_id="20"/>
<token_anchor t_id="21"/>
<token_anchor t_id="22"/>
<token_anchor t_id="23"/>
<token_anchor t_id="24"/>
<token_anchor t_id="25"/>
<token_anchor t_id="26"/>
<token_anchor t_id="27"/>
<token_anchor t_id="28"/>
<token_anchor t_id="29"/>
<token_anchor t_id="30"/>
<token_anchor t_id="31"/>
<token_anchor t_id="32"/>
<token_anchor t_id="33"/>
<token_anchor t_id="34"/>
<token_anchor t_id="35"/>
</NARRATIVE>
<NARRATIVE m_id="11" Level="Primary" comment="" conversational-direct="FALSE" conversational-reported="TRUE"  >
<token_anchor t_id="67"/>
<token_anchor t_id="68"/>
<token_anchor t_id="69"/>
<token_anchor t_id="70"/>
</NARRATIVE>
<NARRATIVE m_id="14" Level="Primary" comment="" conversational-direct="FALSE" conversational-reported="FALSE"  >
<token_anchor t_id="107"/>
<token_anchor t_id="108"/>
<token_anchor t_id="109"/>
<token_anchor t_id="110"/>
<token_anchor t_id="111"/>
<token_anchor t_id="112"/>
<token_anchor t_id="113"/>
<token_anchor t_id="114"/>
<token_anchor t_id="115"/>
<token_anchor t_id="116"/>
<token_anchor t_id="117"/>
<token_anchor t_id="118"/>
<token_anchor t_id="119"/>
<token_anchor t_id="120"/>
<token_anchor t_id="121"/>
<token_anchor t_id="122"/>
</NARRATIVE>
<NARRATIVE m_id="15" Level="Primary" comment="" conversational-direct="FALSE" conversational-reported="FALSE"  >
<token_anchor t_id="123"/>
<token_anchor t_id="124"/>
<token_anchor t_id="125"/>
<token_anchor t_id="126"/>
<token_anchor t_id="127"/>
<token_anchor t_id="128"/>
<token_anchor t_id="129"/>
<token_anchor t_id="130"/>
<token_anchor t_id="131"/>
<token_anchor t_id="132"/>
</NARRATIVE>
<NARRATIVE m_id="18" Level="Primary" comment="" conversational-direct="FALSE" conversational-reported="FALSE"  >
<token_anchor t_id="163"/>
<token_anchor t_id="164"/>
<token_anchor t_id="165"/>
<token_anchor t_id="166"/>
<token_anchor t_id="167"/>
<token_anchor t_id="168"/>
<token_anchor t_id="169"/>
<token_anchor t_id="170"/>
<token_anchor t_id="171"/>
</NARRATIVE>
<NARRATIVE m_id="1" Level="Primary" comment="" conversational-direct="FALSE" conversational-reported="FALSE"  >
<token_anchor t_id="1"/>
<token_anchor t_id="2"/>
<token_anchor t_id="3"/>
<token_anchor t_id="4"/>
</NARRATIVE>
<NARRATIVE m_id="2" Level="Primary" comment="" conversational-direct="FALSE" conversational-reported="FALSE"  >
<token_anchor t_id="64"/>
<token_anchor t_id="65"/>
<token_anchor t_id="66"/>
</NARRATIVE>
<NARRATIVE m_id="3" Level="Primary" comment="" conversational-direct="FALSE" conversational-reported="FALSE"  >
<token_anchor t_id="82"/>
<token_anchor t_id="83"/>
</NARRATIVE>
<NARRATIVE m_id="4" Level="Primary" comment="" conversational-direct="FALSE" conversational-reported="FALSE"  >
<token_anchor t_id="156"/>
<token_anchor t_id="157"/>
<token_anchor t_id="158"/>
<token_anchor t_id="159"/>
<token_anchor t_id="160"/>
<token_anchor t_id="161"/>
<token_anchor t_id="162"/>
</NARRATIVE>
<NARRATIVE m_id="5" Level="Primary" comment="" conversational-direct="FALSE" conversational-reported="FALSE"  >
<token_anchor t_id="172"/>
<token_anchor t_id="173"/>
<token_anchor t_id="174"/>
<token_anchor t_id="175"/>
<token_anchor t_id="176"/>
<token_anchor t_id="177"/>
<token_anchor t_id="178"/>
<token_anchor t_id="179"/>
<token_anchor t_id="180"/>
<token_anchor t_id="181"/>
</NARRATIVE>
<NARRATIVE m_id="6" Level="Primary" comment="" conversational-direct="FALSE" conversational-reported="FALSE"  >
<token_anchor t_id="183"/>
<token_anchor t_id="184"/>
<token_anchor t_id="185"/>
<token_anchor t_id="186"/>
<token_anchor t_id="187"/>
<token_anchor t_id="188"/>
<token_anchor t_id="189"/>
<token_anchor t_id="190"/>
<token_anchor t_id="191"/>
<token_anchor t_id="192"/>
<token_anchor t_id="193"/>
<token_anchor t_id="194"/>
<token_anchor t_id="195"/>
<token_anchor t_id="196"/>
<token_anchor t_id="197"/>
<token_anchor t_id="198"/>
<token_anchor t_id="199"/>
<token_anchor t_id="200"/>
<token_anchor t_id="201"/>
<token_anchor t_id="202"/>
<token_anchor t_id="203"/>
<token_anchor t_id="204"/>
<token_anchor t_id="205"/>
<token_anchor t_id="206"/>
<token_anchor t_id="207"/>
<token_anchor t_id="208"/>
<token_anchor t_id="209"/>
<token_anchor t_id="210"/>
<token_anchor t_id="211"/>
<token_anchor t_id="212"/>
<token_anchor t_id="213"/>
<token_anchor t_id="214"/>
<token_anchor t_id="215"/>
<token_anchor t_id="216"/>
<token_anchor t_id="217"/>
<token_anchor t_id="218"/>
<token_anchor t_id="219"/>
</NARRATIVE>
<NARRATIVE m_id="7" Level="Primary" comment="" conversational-direct="FALSE" conversational-reported="FALSE"  >
<token_anchor t_id="36"/>
<token_anchor t_id="37"/>
<token_anchor t_id="38"/>
<token_anchor t_id="39"/>
<token_anchor t_id="40"/>
<token_anchor t_id="41"/>
<token_anchor t_id="42"/>
<token_anchor t_id="43"/>
<token_anchor t_id="44"/>
<token_anchor t_id="45"/>
<token_anchor t_id="46"/>
<token_anchor t_id="47"/>
<token_anchor t_id="48"/>
<token_anchor t_id="49"/>
<token_anchor t_id="50"/>
<token_anchor t_id="51"/>
<token_anchor t_id="52"/>
<token_anchor t_id="53"/>
<token_anchor t_id="54"/>
</NARRATIVE>


</Markables>

<Relations>
</Relations>
</Document>
