<Document doc_name="wsj_0329.xml.conll.txt">
<token t_id="1" sentence="0" number="0">Coda</token>
<token t_id="2" sentence="0" number="1">Energy</token>
<token t_id="3" sentence="0" number="2">Inc</token>
<token t_id="4" sentence="0" number="3">.</token>
<token t_id="5" sentence="0" number="4">said</token>
<token t_id="6" sentence="0" number="5">it</token>
<token t_id="7" sentence="0" number="6">arranged</token>
<token t_id="8" sentence="0" number="7">a</token>
<token t_id="9" sentence="0" number="8">$</token>
<token t_id="10" sentence="0" number="9">50</token>
<token t_id="11" sentence="0" number="10">million</token>
<token t_id="12" sentence="0" number="11">credit</token>
<token t_id="13" sentence="0" number="12">facility</token>
<token t_id="14" sentence="0" number="13">with</token>
<token t_id="15" sentence="0" number="14">NCNB</token>
<token t_id="16" sentence="0" number="15">Texas</token>
<token t_id="17" sentence="0" number="16">National</token>
<token t_id="18" sentence="0" number="17">Bank</token>
<token t_id="19" sentence="0" number="18">,</token>
<token t_id="20" sentence="0" number="19">a</token>
<token t_id="21" sentence="0" number="20">unit</token>
<token t_id="22" sentence="0" number="21">of</token>
<token t_id="23" sentence="0" number="22">NCNB</token>
<token t_id="24" sentence="0" number="23">Corp</token>
<token t_id="25" sentence="0" number="24">.</token>
<token t_id="26" sentence="0" number="25">,</token>
<token t_id="27" sentence="0" number="26">of</token>
<token t_id="28" sentence="0" number="27">Charlotte</token>
<token t_id="29" sentence="0" number="28">,</token>
<token t_id="30" sentence="0" number="29">N</token>
<token t_id="31" sentence="0" number="30">.</token>
<token t_id="32" sentence="0" number="31">C</token>
<token t_id="33" sentence="0" number="32">.</token>
<token t_id="34" sentence="1" number="0">The</token>
<token t_id="35" sentence="1" number="1">Dallas</token>
<token t_id="36" sentence="1" number="2">oil</token>
<token t_id="37" sentence="1" number="3">and</token>
<token t_id="38" sentence="1" number="4">gas</token>
<token t_id="39" sentence="1" number="5">concern</token>
<token t_id="40" sentence="1" number="6">said</token>
<token t_id="41" sentence="1" number="7">that</token>
<token t_id="42" sentence="1" number="8">$</token>
<token t_id="43" sentence="1" number="9">10</token>
<token t_id="44" sentence="1" number="10">million</token>
<token t_id="45" sentence="1" number="11">of</token>
<token t_id="46" sentence="1" number="12">the</token>
<token t_id="47" sentence="1" number="13">facility</token>
<token t_id="48" sentence="1" number="14">would</token>
<token t_id="49" sentence="1" number="15">be</token>
<token t_id="50" sentence="1" number="16">used</token>
<token t_id="51" sentence="1" number="17">to</token>
<token t_id="52" sentence="1" number="18">consolidate</token>
<token t_id="53" sentence="1" number="19">the</token>
<token t_id="54" sentence="1" number="20">company</token>
<token t_id="55" sentence="1" number="21">'s</token>
<token t_id="56" sentence="1" number="22">$</token>
<token t_id="57" sentence="1" number="23">8</token>
<token t_id="58" sentence="1" number="24">.</token>
<token t_id="59" sentence="1" number="25">1</token>
<token t_id="60" sentence="1" number="26">million</token>
<token t_id="61" sentence="1" number="27">of</token>
<token t_id="62" sentence="1" number="28">existing</token>
<token t_id="63" sentence="1" number="29">bank</token>
<token t_id="64" sentence="1" number="30">debt</token>
<token t_id="65" sentence="1" number="31">,</token>
<token t_id="66" sentence="1" number="32">to</token>
<token t_id="67" sentence="1" number="33">repurchase</token>
<token t_id="68" sentence="1" number="34">4</token>
<token t_id="69" sentence="1" number="35">million</token>
<token t_id="70" sentence="1" number="36">of</token>
<token t_id="71" sentence="1" number="37">its</token>
<token t_id="72" sentence="1" number="38">4</token>
<token t_id="73" sentence="1" number="39">.</token>
<token t_id="74" sentence="1" number="40">9</token>
<token t_id="75" sentence="1" number="41">million</token>
<token t_id="76" sentence="1" number="42">shares</token>
<token t_id="77" sentence="1" number="43">outstanding</token>
<token t_id="78" sentence="1" number="44">of</token>
<token t_id="79" sentence="1" number="45">Series</token>
<token t_id="80" sentence="1" number="46">D</token>
<token t_id="81" sentence="1" number="47">convertible</token>
<token t_id="82" sentence="1" number="48">preferred</token>
<token t_id="83" sentence="1" number="49">stock</token>
<token t_id="84" sentence="1" number="50">,</token>
<token t_id="85" sentence="1" number="51">and</token>
<token t_id="86" sentence="1" number="52">to</token>
<token t_id="87" sentence="1" number="53">purchase</token>
<token t_id="88" sentence="1" number="54">a</token>
<token t_id="89" sentence="1" number="55">10</token>
<token t_id="90" sentence="1" number="56">%</token>
<token t_id="91" sentence="1" number="57">net</token>
<token t_id="92" sentence="1" number="58">-</token>
<token t_id="93" sentence="1" number="59">profits</token>
<token t_id="94" sentence="1" number="60">interest</token>
<token t_id="95" sentence="1" number="61">in</token>
<token t_id="96" sentence="1" number="62">certain</token>
<token t_id="97" sentence="1" number="63">oil</token>
<token t_id="98" sentence="1" number="64">and</token>
<token t_id="99" sentence="1" number="65">gas</token>
<token t_id="100" sentence="1" number="66">properties</token>
<token t_id="101" sentence="1" number="67">from</token>
<token t_id="102" sentence="1" number="68">one</token>
<token t_id="103" sentence="1" number="69">of</token>
<token t_id="104" sentence="1" number="70">its</token>
<token t_id="105" sentence="1" number="71">existing</token>
<token t_id="106" sentence="1" number="72">lenders</token>
<token t_id="107" sentence="1" number="73">,</token>
<token t_id="108" sentence="1" number="74">National</token>
<token t_id="109" sentence="1" number="75">Canada</token>
<token t_id="110" sentence="1" number="76">Corp</token>
<token t_id="111" sentence="1" number="77">.</token>
<token t_id="112" sentence="2" number="0">The</token>
<token t_id="113" sentence="2" number="1">remaining</token>
<token t_id="114" sentence="2" number="2">$</token>
<token t_id="115" sentence="2" number="3">40</token>
<token t_id="116" sentence="2" number="4">million</token>
<token t_id="117" sentence="2" number="5">can</token>
<token t_id="118" sentence="2" number="6">be</token>
<token t_id="119" sentence="2" number="7">used</token>
<token t_id="120" sentence="2" number="8">over</token>
<token t_id="121" sentence="2" number="9">three</token>
<token t_id="122" sentence="2" number="10">years</token>
<token t_id="123" sentence="2" number="11">for</token>
<token t_id="124" sentence="2" number="12">oil</token>
<token t_id="125" sentence="2" number="13">and</token>
<token t_id="126" sentence="2" number="14">gas</token>
<token t_id="127" sentence="2" number="15">acquisitions</token>
<token t_id="128" sentence="2" number="16">,</token>
<token t_id="129" sentence="2" number="17">the</token>
<token t_id="130" sentence="2" number="18">company</token>
<token t_id="131" sentence="2" number="19">said</token>
<token t_id="132" sentence="2" number="20">.</token>
<token t_id="133" sentence="3" number="0">Ted</token>
<token t_id="134" sentence="3" number="1">Eubank</token>
<token t_id="135" sentence="3" number="2">,</token>
<token t_id="136" sentence="3" number="3">Coda</token>
<token t_id="137" sentence="3" number="4">'s</token>
<token t_id="138" sentence="3" number="5">president</token>
<token t_id="139" sentence="3" number="6">,</token>
<token t_id="140" sentence="3" number="7">said</token>
<token t_id="141" sentence="3" number="8">the</token>
<token t_id="142" sentence="3" number="9">loan</token>
<token t_id="143" sentence="3" number="10">carries</token>
<token t_id="144" sentence="3" number="11">an</token>
<token t_id="145" sentence="3" number="12">interest</token>
<token t_id="146" sentence="3" number="13">rate</token>
<token t_id="147" sentence="3" number="14">of</token>
<token t_id="148" sentence="3" number="15">prime</token>
<token t_id="149" sentence="3" number="16">plus</token>
<token t_id="150" sentence="3" number="17">one</token>
<token t_id="151" sentence="3" number="18">percentage</token>
<token t_id="152" sentence="3" number="19">point</token>
<token t_id="153" sentence="3" number="20">,</token>
<token t_id="154" sentence="3" number="21">with</token>
<token t_id="155" sentence="3" number="22">85</token>
<token t_id="156" sentence="3" number="23">%</token>
<token t_id="157" sentence="3" number="24">of</token>
<token t_id="158" sentence="3" number="25">the</token>
<token t_id="159" sentence="3" number="26">company</token>
<token t_id="160" sentence="3" number="27">'s</token>
<token t_id="161" sentence="3" number="28">net</token>
<token t_id="162" sentence="3" number="29">oil</token>
<token t_id="163" sentence="3" number="30">and</token>
<token t_id="164" sentence="3" number="31">gas</token>
<token t_id="165" sentence="3" number="32">revenue</token>
<token t_id="166" sentence="3" number="33">each</token>
<token t_id="167" sentence="3" number="34">month</token>
<token t_id="168" sentence="3" number="35">dedicated</token>
<token t_id="169" sentence="3" number="36">to</token>
<token t_id="170" sentence="3" number="37">repayment</token>
<token t_id="171" sentence="3" number="38">.</token>
<token t_id="172" sentence="4" number="0">The</token>
<token t_id="173" sentence="4" number="1">company</token>
<token t_id="174" sentence="4" number="2">put</token>
<token t_id="175" sentence="4" number="3">up</token>
<token t_id="176" sentence="4" number="4">``</token>
<token t_id="177" sentence="4" number="5">virtually</token>
<token t_id="178" sentence="4" number="6">all</token>
<token t_id="179" sentence="4" number="7">''</token>
<token t_id="180" sentence="4" number="8">of</token>
<token t_id="181" sentence="4" number="9">its</token>
<token t_id="182" sentence="4" number="10">oil</token>
<token t_id="183" sentence="4" number="11">and</token>
<token t_id="184" sentence="4" number="12">gas</token>
<token t_id="185" sentence="4" number="13">properties</token>
<token t_id="186" sentence="4" number="14">as</token>
<token t_id="187" sentence="4" number="15">collateral</token>
<token t_id="188" sentence="4" number="16">,</token>
<token t_id="189" sentence="4" number="17">he</token>
<token t_id="190" sentence="4" number="18">said</token>
<token t_id="191" sentence="4" number="19">.</token>


<Markables>
<NARRATIVE m_id="1" Level="Primary" comment="" conversational-direct="FALSE" conversational-reported="FALSE"  >
<token_anchor t_id="1"/>
<token_anchor t_id="2"/>
<token_anchor t_id="3"/>
<token_anchor t_id="4"/>
<token_anchor t_id="5"/>
</NARRATIVE>
<NARRATIVE m_id="2" Level="Primary" comment="" conversational-direct="FALSE" conversational-reported="TRUE"  >
<token_anchor t_id="6"/>
<token_anchor t_id="7"/>
<token_anchor t_id="8"/>
<token_anchor t_id="9"/>
<token_anchor t_id="10"/>
<token_anchor t_id="11"/>
<token_anchor t_id="12"/>
<token_anchor t_id="13"/>
<token_anchor t_id="14"/>
<token_anchor t_id="15"/>
<token_anchor t_id="16"/>
<token_anchor t_id="17"/>
<token_anchor t_id="18"/>
<token_anchor t_id="19"/>
<token_anchor t_id="20"/>
<token_anchor t_id="21"/>
<token_anchor t_id="22"/>
<token_anchor t_id="23"/>
<token_anchor t_id="24"/>
<token_anchor t_id="25"/>
<token_anchor t_id="26"/>
<token_anchor t_id="27"/>
<token_anchor t_id="28"/>
<token_anchor t_id="29"/>
<token_anchor t_id="30"/>
<token_anchor t_id="31"/>
<token_anchor t_id="32"/>
<token_anchor t_id="33"/>
</NARRATIVE>
<NARRATIVE m_id="3" Level="Primary" comment="" conversational-direct="FALSE" conversational-reported="FALSE"  >
<token_anchor t_id="34"/>
<token_anchor t_id="35"/>
<token_anchor t_id="36"/>
<token_anchor t_id="37"/>
<token_anchor t_id="38"/>
<token_anchor t_id="39"/>
<token_anchor t_id="40"/>
</NARRATIVE>
<NARRATIVE m_id="4" Level="Primary" comment="" conversational-direct="FALSE" conversational-reported="TRUE"  >
<token_anchor t_id="41"/>
<token_anchor t_id="42"/>
<token_anchor t_id="43"/>
<token_anchor t_id="44"/>
<token_anchor t_id="45"/>
<token_anchor t_id="46"/>
<token_anchor t_id="47"/>
<token_anchor t_id="48"/>
<token_anchor t_id="49"/>
<token_anchor t_id="50"/>
</NARRATIVE>
<NARRATIVE m_id="5" Level="Primary" comment="" conversational-direct="FALSE" conversational-reported="TRUE"  >
<token_anchor t_id="51"/>
<token_anchor t_id="52"/>
<token_anchor t_id="53"/>
<token_anchor t_id="54"/>
<token_anchor t_id="55"/>
<token_anchor t_id="56"/>
<token_anchor t_id="57"/>
<token_anchor t_id="58"/>
<token_anchor t_id="59"/>
<token_anchor t_id="60"/>
<token_anchor t_id="61"/>
<token_anchor t_id="62"/>
<token_anchor t_id="63"/>
<token_anchor t_id="64"/>
<token_anchor t_id="65"/>
</NARRATIVE>
<NARRATIVE m_id="6" Level="Primary" comment="" conversational-direct="FALSE" conversational-reported="TRUE"  >
<token_anchor t_id="66"/>
<token_anchor t_id="67"/>
<token_anchor t_id="68"/>
<token_anchor t_id="69"/>
<token_anchor t_id="70"/>
<token_anchor t_id="71"/>
<token_anchor t_id="72"/>
<token_anchor t_id="73"/>
<token_anchor t_id="74"/>
<token_anchor t_id="75"/>
<token_anchor t_id="76"/>
<token_anchor t_id="77"/>
<token_anchor t_id="78"/>
<token_anchor t_id="79"/>
<token_anchor t_id="80"/>
<token_anchor t_id="81"/>
<token_anchor t_id="82"/>
<token_anchor t_id="83"/>
<token_anchor t_id="84"/>
</NARRATIVE>
<NARRATIVE m_id="7" Level="Primary" comment="" conversational-direct="FALSE" conversational-reported="TRUE"  >
<token_anchor t_id="85"/>
<token_anchor t_id="86"/>
<token_anchor t_id="87"/>
<token_anchor t_id="88"/>
<token_anchor t_id="89"/>
<token_anchor t_id="90"/>
<token_anchor t_id="91"/>
<token_anchor t_id="92"/>
<token_anchor t_id="93"/>
<token_anchor t_id="94"/>
<token_anchor t_id="95"/>
<token_anchor t_id="96"/>
<token_anchor t_id="97"/>
<token_anchor t_id="98"/>
<token_anchor t_id="99"/>
<token_anchor t_id="100"/>
<token_anchor t_id="101"/>
<token_anchor t_id="102"/>
<token_anchor t_id="103"/>
<token_anchor t_id="104"/>
<token_anchor t_id="105"/>
<token_anchor t_id="106"/>
<token_anchor t_id="107"/>
<token_anchor t_id="108"/>
<token_anchor t_id="109"/>
<token_anchor t_id="110"/>
<token_anchor t_id="111"/>
</NARRATIVE>
<NARRATIVE m_id="8" Level="Primary" comment="" conversational-direct="FALSE" conversational-reported="TRUE"  >
<token_anchor t_id="112"/>
<token_anchor t_id="113"/>
<token_anchor t_id="114"/>
<token_anchor t_id="115"/>
<token_anchor t_id="116"/>
<token_anchor t_id="117"/>
<token_anchor t_id="118"/>
<token_anchor t_id="119"/>
<token_anchor t_id="120"/>
<token_anchor t_id="121"/>
<token_anchor t_id="122"/>
<token_anchor t_id="123"/>
<token_anchor t_id="124"/>
<token_anchor t_id="125"/>
<token_anchor t_id="126"/>
<token_anchor t_id="127"/>
<token_anchor t_id="128"/>
</NARRATIVE>
<NARRATIVE m_id="9" Level="Primary" comment="" conversational-direct="FALSE" conversational-reported="FALSE"  >
<token_anchor t_id="129"/>
<token_anchor t_id="130"/>
<token_anchor t_id="131"/>
<token_anchor t_id="132"/>
</NARRATIVE>
<NARRATIVE m_id="10" Level="Primary" comment="" conversational-direct="FALSE" conversational-reported="FALSE"  >
<token_anchor t_id="133"/>
<token_anchor t_id="134"/>
<token_anchor t_id="135"/>
<token_anchor t_id="136"/>
<token_anchor t_id="137"/>
<token_anchor t_id="138"/>
<token_anchor t_id="139"/>
<token_anchor t_id="140"/>
</NARRATIVE>
<NARRATIVE m_id="11" Level="Primary" comment="" conversational-direct="FALSE" conversational-reported="TRUE"  >
<token_anchor t_id="141"/>
<token_anchor t_id="142"/>
<token_anchor t_id="143"/>
<token_anchor t_id="144"/>
<token_anchor t_id="145"/>
<token_anchor t_id="146"/>
<token_anchor t_id="147"/>
<token_anchor t_id="148"/>
<token_anchor t_id="149"/>
<token_anchor t_id="150"/>
<token_anchor t_id="151"/>
<token_anchor t_id="152"/>
<token_anchor t_id="153"/>
</NARRATIVE>
<NARRATIVE m_id="12" Level="Primary" comment="" conversational-direct="FALSE" conversational-reported="TRUE"  >
<token_anchor t_id="154"/>
<token_anchor t_id="155"/>
<token_anchor t_id="156"/>
<token_anchor t_id="157"/>
<token_anchor t_id="158"/>
<token_anchor t_id="159"/>
<token_anchor t_id="160"/>
<token_anchor t_id="161"/>
<token_anchor t_id="162"/>
<token_anchor t_id="163"/>
<token_anchor t_id="164"/>
<token_anchor t_id="165"/>
<token_anchor t_id="166"/>
<token_anchor t_id="167"/>
<token_anchor t_id="168"/>
<token_anchor t_id="169"/>
<token_anchor t_id="170"/>
<token_anchor t_id="171"/>
</NARRATIVE>
<NARRATIVE m_id="13" Level="Primary" comment="" conversational-direct="FALSE" conversational-reported="TRUE"  >
<token_anchor t_id="172"/>
<token_anchor t_id="173"/>
<token_anchor t_id="174"/>
<token_anchor t_id="175"/>
<token_anchor t_id="176"/>
<token_anchor t_id="177"/>
<token_anchor t_id="178"/>
<token_anchor t_id="179"/>
<token_anchor t_id="180"/>
<token_anchor t_id="181"/>
<token_anchor t_id="182"/>
<token_anchor t_id="183"/>
<token_anchor t_id="184"/>
<token_anchor t_id="185"/>
<token_anchor t_id="186"/>
<token_anchor t_id="187"/>
<token_anchor t_id="188"/>
</NARRATIVE>
<NARRATIVE m_id="14" Level="" comment="" conversational-direct="FALSE" conversational-reported="FALSE"  >
<token_anchor t_id="189"/>
<token_anchor t_id="190"/>
<token_anchor t_id="191"/>
</NARRATIVE>


</Markables>

<Relations>
</Relations>
</Document>
