<Document doc_name="wsj_1246.xml.conll.txt">
<token t_id="1" sentence="0" number="0">Two</token>
<token t_id="2" sentence="0" number="1">Japanese</token>
<token t_id="3" sentence="0" number="2">scientists</token>
<token t_id="4" sentence="0" number="3">said</token>
<token t_id="5" sentence="0" number="4">they</token>
<token t_id="6" sentence="0" number="5">discovered</token>
<token t_id="7" sentence="0" number="6">an</token>
<token t_id="8" sentence="0" number="7">antibody</token>
<token t_id="9" sentence="0" number="8">that</token>
<token t_id="10" sentence="0" number="9">,</token>
<token t_id="11" sentence="0" number="10">in</token>
<token t_id="12" sentence="0" number="11">laboratory</token>
<token t_id="13" sentence="0" number="12">test</token>
<token t_id="14" sentence="0" number="13">-</token>
<token t_id="15" sentence="0" number="14">tube</token>
<token t_id="16" sentence="0" number="15">experiments</token>
<token t_id="17" sentence="0" number="16">,</token>
<token t_id="18" sentence="0" number="17">kills</token>
<token t_id="19" sentence="0" number="18">AIDS</token>
<token t_id="20" sentence="0" number="19">-</token>
<token t_id="21" sentence="0" number="20">infected</token>
<token t_id="22" sentence="0" number="21">cells</token>
<token t_id="23" sentence="0" number="22">while</token>
<token t_id="24" sentence="0" number="23">preserving</token>
<token t_id="25" sentence="0" number="24">healthy</token>
<token t_id="26" sentence="0" number="25">cells</token>
<token t_id="27" sentence="0" number="26">.</token>
<token t_id="28" sentence="1" number="0">If</token>
<token t_id="29" sentence="1" number="1">further</token>
<token t_id="30" sentence="1" number="2">experiments</token>
<token t_id="31" sentence="1" number="3">are</token>
<token t_id="32" sentence="1" number="4">successful</token>
<token t_id="33" sentence="1" number="5">,</token>
<token t_id="34" sentence="1" number="6">the</token>
<token t_id="35" sentence="1" number="7">work</token>
<token t_id="36" sentence="1" number="8">would</token>
<token t_id="37" sentence="1" number="9">represent</token>
<token t_id="38" sentence="1" number="10">a</token>
<token t_id="39" sentence="1" number="11">major</token>
<token t_id="40" sentence="1" number="12">advance</token>
<token t_id="41" sentence="1" number="13">in</token>
<token t_id="42" sentence="1" number="14">research</token>
<token t_id="43" sentence="1" number="15">on</token>
<token t_id="44" sentence="1" number="16">acquired</token>
<token t_id="45" sentence="1" number="17">immune</token>
<token t_id="46" sentence="1" number="18">deficiency</token>
<token t_id="47" sentence="1" number="19">syndrome</token>
<token t_id="48" sentence="1" number="20">.</token>
<token t_id="49" sentence="2" number="0">The</token>
<token t_id="50" sentence="2" number="1">drug</token>
<token t_id="51" sentence="2" number="2">AZT</token>
<token t_id="52" sentence="2" number="3">,</token>
<token t_id="53" sentence="2" number="4">the</token>
<token t_id="54" sentence="2" number="5">only</token>
<token t_id="55" sentence="2" number="6">treatment</token>
<token t_id="56" sentence="2" number="7">currently</token>
<token t_id="57" sentence="2" number="8">on</token>
<token t_id="58" sentence="2" number="9">the</token>
<token t_id="59" sentence="2" number="10">market</token>
<token t_id="60" sentence="2" number="11">,</token>
<token t_id="61" sentence="2" number="12">claims</token>
<token t_id="62" sentence="2" number="13">only</token>
<token t_id="63" sentence="2" number="14">to</token>
<token t_id="64" sentence="2" number="15">help</token>
<token t_id="65" sentence="2" number="16">stop</token>
<token t_id="66" sentence="2" number="17">the</token>
<token t_id="67" sentence="2" number="18">spread</token>
<token t_id="68" sentence="2" number="19">of</token>
<token t_id="69" sentence="2" number="20">AIDS</token>
<token t_id="70" sentence="2" number="21">,</token>
<token t_id="71" sentence="2" number="22">not</token>
<token t_id="72" sentence="2" number="23">to</token>
<token t_id="73" sentence="2" number="24">cure</token>
<token t_id="74" sentence="2" number="25">it</token>
<token t_id="75" sentence="2" number="26">.</token>
<token t_id="76" sentence="3" number="0">But</token>
<token t_id="77" sentence="3" number="1">several</token>
<token t_id="78" sentence="3" number="2">analysts</token>
<token t_id="79" sentence="3" number="3">and</token>
<token t_id="80" sentence="3" number="4">Japanese</token>
<token t_id="81" sentence="3" number="5">scientists</token>
<token t_id="82" sentence="3" number="6">familiar</token>
<token t_id="83" sentence="3" number="7">with</token>
<token t_id="84" sentence="3" number="8">the</token>
<token t_id="85" sentence="3" number="9">study</token>
<token t_id="86" sentence="3" number="10">,</token>
<token t_id="87" sentence="3" number="11">which</token>
<token t_id="88" sentence="3" number="12">was</token>
<token t_id="89" sentence="3" number="13">announced</token>
<token t_id="90" sentence="3" number="14">at</token>
<token t_id="91" sentence="3" number="15">a</token>
<token t_id="92" sentence="3" number="16">conference</token>
<token t_id="93" sentence="3" number="17">in</token>
<token t_id="94" sentence="3" number="18">Nagoya</token>
<token t_id="95" sentence="3" number="19">yesterday</token>
<token t_id="96" sentence="3" number="20">,</token>
<token t_id="97" sentence="3" number="21">expressed</token>
<token t_id="98" sentence="3" number="22">skepticism</token>
<token t_id="99" sentence="3" number="23">over</token>
<token t_id="100" sentence="3" number="24">the</token>
<token t_id="101" sentence="3" number="25">significance</token>
<token t_id="102" sentence="3" number="26">of</token>
<token t_id="103" sentence="3" number="27">the</token>
<token t_id="104" sentence="3" number="28">results</token>
<token t_id="105" sentence="3" number="29">.</token>
<token t_id="106" sentence="4" number="0">And</token>
<token t_id="107" sentence="4" number="1">the</token>
<token t_id="108" sentence="4" number="2">researchers</token>
<token t_id="109" sentence="4" number="3">themselves</token>
<token t_id="110" sentence="4" number="4">acknowledged</token>
<token t_id="111" sentence="4" number="5">they</token>
<token t_id="112" sentence="4" number="6">still</token>
<token t_id="113" sentence="4" number="7">must</token>
<token t_id="114" sentence="4" number="8">do</token>
<token t_id="115" sentence="4" number="9">much</token>
<token t_id="116" sentence="4" number="10">more</token>
<token t_id="117" sentence="4" number="11">work</token>
<token t_id="118" sentence="4" number="12">before</token>
<token t_id="119" sentence="4" number="13">they</token>
<token t_id="120" sentence="4" number="14">can</token>
<token t_id="121" sentence="4" number="15">say</token>
<token t_id="122" sentence="4" number="16">whether</token>
<token t_id="123" sentence="4" number="17">the</token>
<token t_id="124" sentence="4" number="18">treatment</token>
<token t_id="125" sentence="4" number="19">would</token>
<token t_id="126" sentence="4" number="20">actually</token>
<token t_id="127" sentence="4" number="21">cure</token>
<token t_id="128" sentence="4" number="22">humans</token>
<token t_id="129" sentence="4" number="23">.</token>
<token t_id="130" sentence="5" number="0">Shin</token>
<token t_id="131" sentence="5" number="1">Yonehara</token>
<token t_id="132" sentence="5" number="2">,</token>
<token t_id="133" sentence="5" number="3">a</token>
<token t_id="134" sentence="5" number="4">research</token>
<token t_id="135" sentence="5" number="5">scientist</token>
<token t_id="136" sentence="5" number="6">at</token>
<token t_id="137" sentence="5" number="7">the</token>
<token t_id="138" sentence="5" number="8">Tokyo</token>
<token t_id="139" sentence="5" number="9">Metropolitan</token>
<token t_id="140" sentence="5" number="10">Institute</token>
<token t_id="141" sentence="5" number="11">of</token>
<token t_id="142" sentence="5" number="12">Medical</token>
<token t_id="143" sentence="5" number="13">Science</token>
<token t_id="144" sentence="5" number="14">,</token>
<token t_id="145" sentence="5" number="15">said</token>
<token t_id="146" sentence="5" number="16">the</token>
<token t_id="147" sentence="5" number="17">antibody</token>
<token t_id="148" sentence="5" number="18">he</token>
<token t_id="149" sentence="5" number="19">discovered</token>
<token t_id="150" sentence="5" number="20">works</token>
<token t_id="151" sentence="5" number="21">by</token>
<token t_id="152" sentence="5" number="22">recognizing</token>
<token t_id="153" sentence="5" number="23">an</token>
<token t_id="154" sentence="5" number="24">antigen</token>
<token t_id="155" sentence="5" number="25">called</token>
<token t_id="156" sentence="5" number="26">a</token>
<token t_id="157" sentence="5" number="27">Fas</token>
<token t_id="158" sentence="5" number="28">-</token>
<token t_id="159" sentence="5" number="29">antigen</token>
<token t_id="160" sentence="5" number="30">,</token>
<token t_id="161" sentence="5" number="31">which</token>
<token t_id="162" sentence="5" number="32">is</token>
<token t_id="163" sentence="5" number="33">characteristic</token>
<token t_id="164" sentence="5" number="34">of</token>
<token t_id="165" sentence="5" number="35">an</token>
<token t_id="166" sentence="5" number="36">infected</token>
<token t_id="167" sentence="5" number="37">cell</token>
<token t_id="168" sentence="5" number="38">.</token>
<token t_id="169" sentence="6" number="0">The</token>
<token t_id="170" sentence="6" number="1">antibody</token>
<token t_id="171" sentence="6" number="2">then</token>
<token t_id="172" sentence="6" number="3">kills</token>
<token t_id="173" sentence="6" number="4">the</token>
<token t_id="174" sentence="6" number="5">cell</token>
<token t_id="175" sentence="6" number="6">.</token>
<token t_id="176" sentence="7" number="0">Dr</token>
<token t_id="177" sentence="7" number="1">.</token>
<token t_id="178" sentence="7" number="2">Yonehara</token>
<token t_id="179" sentence="7" number="3">and</token>
<token t_id="180" sentence="7" number="4">his</token>
<token t_id="181" sentence="7" number="5">partner</token>
<token t_id="182" sentence="7" number="6">,</token>
<token t_id="183" sentence="7" number="7">Nobuyuki</token>
<token t_id="184" sentence="7" number="8">Kobayashi</token>
<token t_id="185" sentence="7" number="9">of</token>
<token t_id="186" sentence="7" number="10">Yamaguchi</token>
<token t_id="187" sentence="7" number="11">University</token>
<token t_id="188" sentence="7" number="12">,</token>
<token t_id="189" sentence="7" number="13">said</token>
<token t_id="190" sentence="7" number="14">their</token>
<token t_id="191" sentence="7" number="15">experiments</token>
<token t_id="192" sentence="7" number="16">showed</token>
<token t_id="193" sentence="7" number="17">that</token>
<token t_id="194" sentence="7" number="18">the</token>
<token t_id="195" sentence="7" number="19">antibody</token>
<token t_id="196" sentence="7" number="20">wiped</token>
<token t_id="197" sentence="7" number="21">out</token>
<token t_id="198" sentence="7" number="22">an</token>
<token t_id="199" sentence="7" number="23">average</token>
<token t_id="200" sentence="7" number="24">of</token>
<token t_id="201" sentence="7" number="25">60</token>
<token t_id="202" sentence="7" number="26">%</token>
<token t_id="203" sentence="7" number="27">of</token>
<token t_id="204" sentence="7" number="28">AIDS</token>
<token t_id="205" sentence="7" number="29">-</token>
<token t_id="206" sentence="7" number="30">infected</token>
<token t_id="207" sentence="7" number="31">cells</token>
<token t_id="208" sentence="7" number="32">within</token>
<token t_id="209" sentence="7" number="33">three</token>
<token t_id="210" sentence="7" number="34">days</token>
<token t_id="211" sentence="7" number="35">.</token>
<token t_id="212" sentence="8" number="0">In</token>
<token t_id="213" sentence="8" number="1">some</token>
<token t_id="214" sentence="8" number="2">of</token>
<token t_id="215" sentence="8" number="3">the</token>
<token t_id="216" sentence="8" number="4">experiments</token>
<token t_id="217" sentence="8" number="5">,</token>
<token t_id="218" sentence="8" number="6">it</token>
<token t_id="219" sentence="8" number="7">killed</token>
<token t_id="220" sentence="8" number="8">almost</token>
<token t_id="221" sentence="8" number="9">all</token>
<token t_id="222" sentence="8" number="10">the</token>
<token t_id="223" sentence="8" number="11">infected</token>
<token t_id="224" sentence="8" number="12">cells</token>
<token t_id="225" sentence="8" number="13">,</token>
<token t_id="226" sentence="8" number="14">the</token>
<token t_id="227" sentence="8" number="15">researchers</token>
<token t_id="228" sentence="8" number="16">said</token>
<token t_id="229" sentence="8" number="17">.</token>
<token t_id="230" sentence="9" number="0">Meanwhile</token>
<token t_id="231" sentence="9" number="1">,</token>
<token t_id="232" sentence="9" number="2">fewer</token>
<token t_id="233" sentence="9" number="3">than</token>
<token t_id="234" sentence="9" number="4">10</token>
<token t_id="235" sentence="9" number="5">%</token>
<token t_id="236" sentence="9" number="6">of</token>
<token t_id="237" sentence="9" number="7">the</token>
<token t_id="238" sentence="9" number="8">healthy</token>
<token t_id="239" sentence="9" number="9">cells</token>
<token t_id="240" sentence="9" number="10">were</token>
<token t_id="241" sentence="9" number="11">killed</token>
<token t_id="242" sentence="9" number="12">.</token>
<token t_id="243" sentence="10" number="0">The</token>
<token t_id="244" sentence="10" number="1">two</token>
<token t_id="245" sentence="10" number="2">said</token>
<token t_id="246" sentence="10" number="3">they</token>
<token t_id="247" sentence="10" number="4">must</token>
<token t_id="248" sentence="10" number="5">still</token>
<token t_id="249" sentence="10" number="6">do</token>
<token t_id="250" sentence="10" number="7">more</token>
<token t_id="251" sentence="10" number="8">laboratory</token>
<token t_id="252" sentence="10" number="9">tests</token>
<token t_id="253" sentence="10" number="10">,</token>
<token t_id="254" sentence="10" number="11">then</token>
<token t_id="255" sentence="10" number="12">experiment</token>
<token t_id="256" sentence="10" number="13">on</token>
<token t_id="257" sentence="10" number="14">animals</token>
<token t_id="258" sentence="10" number="15">.</token>
<token t_id="259" sentence="11" number="0">They</token>
<token t_id="260" sentence="11" number="1">said</token>
<token t_id="261" sentence="11" number="2">they</token>
<token t_id="262" sentence="11" number="3">hoped</token>
<token t_id="263" sentence="11" number="4">to</token>
<token t_id="264" sentence="11" number="5">conduct</token>
<token t_id="265" sentence="11" number="6">tests</token>
<token t_id="266" sentence="11" number="7">on</token>
<token t_id="267" sentence="11" number="8">human</token>
<token t_id="268" sentence="11" number="9">patients</token>
<token t_id="269" sentence="11" number="10">in</token>
<token t_id="270" sentence="11" number="11">the</token>
<token t_id="271" sentence="11" number="12">U</token>
<token t_id="272" sentence="11" number="13">.</token>
<token t_id="273" sentence="11" number="14">S</token>
<token t_id="274" sentence="11" number="15">.</token>
<token t_id="275" sentence="11" number="16">by</token>
<token t_id="276" sentence="11" number="17">late</token>
<token t_id="277" sentence="11" number="18">next</token>
<token t_id="278" sentence="11" number="19">year</token>
<token t_id="279" sentence="11" number="20">.</token>
<token t_id="280" sentence="12" number="0">Japan</token>
<token t_id="281" sentence="12" number="1">does</token>
<token t_id="282" sentence="12" number="2">n't</token>
<token t_id="283" sentence="12" number="3">have</token>
<token t_id="284" sentence="12" number="4">enough</token>
<token t_id="285" sentence="12" number="5">AIDS</token>
<token t_id="286" sentence="12" number="6">patients</token>
<token t_id="287" sentence="12" number="7">to</token>
<token t_id="288" sentence="12" number="8">do</token>
<token t_id="289" sentence="12" number="9">significant</token>
<token t_id="290" sentence="12" number="10">experimentation</token>
<token t_id="291" sentence="12" number="11">in</token>
<token t_id="292" sentence="12" number="12">that</token>
<token t_id="293" sentence="12" number="13">country</token>
<token t_id="294" sentence="12" number="14">,</token>
<token t_id="295" sentence="12" number="15">they</token>
<token t_id="296" sentence="12" number="16">said</token>
<token t_id="297" sentence="12" number="17">.</token>
<token t_id="298" sentence="13" number="0">The</token>
<token t_id="299" sentence="13" number="1">announcement</token>
<token t_id="300" sentence="13" number="2">got</token>
<token t_id="301" sentence="13" number="3">wide</token>
<token t_id="302" sentence="13" number="4">exposure</token>
<token t_id="303" sentence="13" number="5">in</token>
<token t_id="304" sentence="13" number="6">the</token>
<token t_id="305" sentence="13" number="7">Japanese</token>
<token t_id="306" sentence="13" number="8">media</token>
<token t_id="307" sentence="13" number="9">,</token>
<token t_id="308" sentence="13" number="10">and</token>
<token t_id="309" sentence="13" number="11">even</token>
<token t_id="310" sentence="13" number="12">moved</token>
<token t_id="311" sentence="13" number="13">some</token>
<token t_id="312" sentence="13" number="14">pharmaceutical</token>
<token t_id="313" sentence="13" number="15">stocks</token>
<token t_id="314" sentence="13" number="16">yesterday</token>
<token t_id="315" sentence="13" number="17">.</token>
<token t_id="316" sentence="14" number="0">But</token>
<token t_id="317" sentence="14" number="1">Takashi</token>
<token t_id="318" sentence="14" number="2">Kitamura</token>
<token t_id="319" sentence="14" number="3">,</token>
<token t_id="320" sentence="14" number="4">director</token>
<token t_id="321" sentence="14" number="5">of</token>
<token t_id="322" sentence="14" number="6">the</token>
<token t_id="323" sentence="14" number="7">biology</token>
<token t_id="324" sentence="14" number="8">department</token>
<token t_id="325" sentence="14" number="9">at</token>
<token t_id="326" sentence="14" number="10">Japan</token>
<token t_id="327" sentence="14" number="11">'s</token>
<token t_id="328" sentence="14" number="12">National</token>
<token t_id="329" sentence="14" number="13">Institute</token>
<token t_id="330" sentence="14" number="14">of</token>
<token t_id="331" sentence="14" number="15">Health</token>
<token t_id="332" sentence="14" number="16">and</token>
<token t_id="333" sentence="14" number="17">secretary</token>
<token t_id="334" sentence="14" number="18">of</token>
<token t_id="335" sentence="14" number="19">the</token>
<token t_id="336" sentence="14" number="20">government</token>
<token t_id="337" sentence="14" number="21">'s</token>
<token t_id="338" sentence="14" number="22">AIDS</token>
<token t_id="339" sentence="14" number="23">-</token>
<token t_id="340" sentence="14" number="24">research</token>
<token t_id="341" sentence="14" number="25">center</token>
<token t_id="342" sentence="14" number="26">,</token>
<token t_id="343" sentence="14" number="27">said</token>
<token t_id="344" sentence="14" number="28">,</token>
<token t_id="345" sentence="14" number="29">``</token>
<token t_id="346" sentence="14" number="30">I</token>
<token t_id="347" sentence="14" number="31">'m</token>
<token t_id="348" sentence="14" number="32">not</token>
<token t_id="349" sentence="14" number="33">so</token>
<token t_id="350" sentence="14" number="34">optimistic</token>
<token t_id="351" sentence="14" number="35">of</token>
<token t_id="352" sentence="14" number="36">its</token>
<token t_id="353" sentence="14" number="37">future</token>
<token t_id="354" sentence="14" number="38">use</token>
<token t_id="355" sentence="14" number="39">in</token>
<token t_id="356" sentence="14" number="40">therapeutic</token>
<token t_id="357" sentence="14" number="41">methods</token>
<token t_id="358" sentence="14" number="42">.</token>
<token t_id="359" sentence="14" number="43">''</token>
<token t_id="360" sentence="15" number="0">He</token>
<token t_id="361" sentence="15" number="1">said</token>
<token t_id="362" sentence="15" number="2">some</token>
<token t_id="363" sentence="15" number="3">infected</token>
<token t_id="364" sentence="15" number="4">cells</token>
<token t_id="365" sentence="15" number="5">may</token>
<token t_id="366" sentence="15" number="6">not</token>
<token t_id="367" sentence="15" number="7">have</token>
<token t_id="368" sentence="15" number="8">the</token>
<token t_id="369" sentence="15" number="9">relevant</token>
<token t_id="370" sentence="15" number="10">antigen</token>
<token t_id="371" sentence="15" number="11">and</token>
<token t_id="372" sentence="15" number="12">so</token>
<token t_id="373" sentence="15" number="13">would</token>
<token t_id="374" sentence="15" number="14">n't</token>
<token t_id="375" sentence="15" number="15">be</token>
<token t_id="376" sentence="15" number="16">killed</token>
<token t_id="377" sentence="15" number="17">even</token>
<token t_id="378" sentence="15" number="18">after</token>
<token t_id="379" sentence="15" number="19">exposure</token>
<token t_id="380" sentence="15" number="20">to</token>
<token t_id="381" sentence="15" number="21">the</token>
<token t_id="382" sentence="15" number="22">antibody</token>
<token t_id="383" sentence="15" number="23">.</token>
<token t_id="384" sentence="16" number="0">``</token>
<token t_id="385" sentence="16" number="1">The</token>
<token t_id="386" sentence="16" number="2">results</token>
<token t_id="387" sentence="16" number="3">seem</token>
<token t_id="388" sentence="16" number="4">to</token>
<token t_id="389" sentence="16" number="5">be</token>
<token t_id="390" sentence="16" number="6">very</token>
<token t_id="391" sentence="16" number="7">premature</token>
<token t_id="392" sentence="16" number="8">,</token>
<token t_id="393" sentence="16" number="9">''</token>
<token t_id="394" sentence="16" number="10">said</token>
<token t_id="395" sentence="16" number="11">Mitsuru</token>
<token t_id="396" sentence="16" number="12">Miyata</token>
<token t_id="397" sentence="16" number="13">,</token>
<token t_id="398" sentence="16" number="14">editor</token>
<token t_id="399" sentence="16" number="15">of</token>
<token t_id="400" sentence="16" number="16">Nikkei</token>
<token t_id="401" sentence="16" number="17">Biotechnology</token>
<token t_id="402" sentence="16" number="18">,</token>
<token t_id="403" sentence="16" number="19">a</token>
<token t_id="404" sentence="16" number="20">leading</token>
<token t_id="405" sentence="16" number="21">Japanese</token>
<token t_id="406" sentence="16" number="22">industry</token>
<token t_id="407" sentence="16" number="23">newsletter</token>
<token t_id="408" sentence="16" number="24">.</token>
<token t_id="409" sentence="17" number="0">Dr</token>
<token t_id="410" sentence="17" number="1">.</token>
<token t_id="411" sentence="17" number="2">Kobayashi</token>
<token t_id="412" sentence="17" number="3">responded</token>
<token t_id="413" sentence="17" number="4">that</token>
<token t_id="414" sentence="17" number="5">he</token>
<token t_id="415" sentence="17" number="6">thought</token>
<token t_id="416" sentence="17" number="7">the</token>
<token t_id="417" sentence="17" number="8">antibody</token>
<token t_id="418" sentence="17" number="9">could</token>
<token t_id="419" sentence="17" number="10">potentially</token>
<token t_id="420" sentence="17" number="11">kill</token>
<token t_id="421" sentence="17" number="12">all</token>
<token t_id="422" sentence="17" number="13">infected</token>
<token t_id="423" sentence="17" number="14">cells</token>
<token t_id="424" sentence="17" number="15">.</token>
<token t_id="425" sentence="18" number="0">But</token>
<token t_id="426" sentence="18" number="1">he</token>
<token t_id="427" sentence="18" number="2">and</token>
<token t_id="428" sentence="18" number="3">Dr</token>
<token t_id="429" sentence="18" number="4">.</token>
<token t_id="430" sentence="18" number="5">Yonehara</token>
<token t_id="431" sentence="18" number="6">said</token>
<token t_id="432" sentence="18" number="7">there</token>
<token t_id="433" sentence="18" number="8">were</token>
<token t_id="434" sentence="18" number="9">still</token>
<token t_id="435" sentence="18" number="10">several</token>
<token t_id="436" sentence="18" number="11">uncertainties</token>
<token t_id="437" sentence="18" number="12">,</token>
<token t_id="438" sentence="18" number="13">particularly</token>
<token t_id="439" sentence="18" number="14">regarding</token>
<token t_id="440" sentence="18" number="15">possible</token>
<token t_id="441" sentence="18" number="16">side</token>
<token t_id="442" sentence="18" number="17">effects</token>
<token t_id="443" sentence="18" number="18">.</token>
<token t_id="444" sentence="19" number="0">``</token>
<token t_id="445" sentence="19" number="1">Our</token>
<token t_id="446" sentence="19" number="2">antibody</token>
<token t_id="447" sentence="19" number="3">specifically</token>
<token t_id="448" sentence="19" number="4">killed</token>
<token t_id="449" sentence="19" number="5">infected</token>
<token t_id="450" sentence="19" number="6">cells</token>
<token t_id="451" sentence="19" number="7">at</token>
<token t_id="452" sentence="19" number="8">a</token>
<token t_id="453" sentence="19" number="9">very</token>
<token t_id="454" sentence="19" number="10">low</token>
<token t_id="455" sentence="19" number="11">dose</token>
<token t_id="456" sentence="19" number="12">,</token>
<token t_id="457" sentence="19" number="13">but</token>
<token t_id="458" sentence="19" number="14">it</token>
<token t_id="459" sentence="19" number="15">can</token>
<token t_id="460" sentence="19" number="16">also</token>
<token t_id="461" sentence="19" number="17">kill</token>
<token t_id="462" sentence="19" number="18">other</token>
<token t_id="463" sentence="19" number="19">cells</token>
<token t_id="464" sentence="19" number="20">,</token>
<token t_id="465" sentence="19" number="21">''</token>
<token t_id="466" sentence="19" number="22">said</token>
<token t_id="467" sentence="19" number="23">Dr</token>
<token t_id="468" sentence="19" number="24">.</token>
<token t_id="469" sentence="19" number="25">Yonehara</token>
<token t_id="470" sentence="19" number="26">.</token>
<token t_id="471" sentence="20" number="0">``</token>
<token t_id="472" sentence="20" number="1">We</token>
<token t_id="473" sentence="20" number="2">do</token>
<token t_id="474" sentence="20" number="3">n't</token>
<token t_id="475" sentence="20" number="4">know</token>
<token t_id="476" sentence="20" number="5">the</token>
<token t_id="477" sentence="20" number="6">effect</token>
<token t_id="478" sentence="20" number="7">of</token>
<token t_id="479" sentence="20" number="8">our</token>
<token t_id="480" sentence="20" number="9">antibody</token>
<token t_id="481" sentence="20" number="10">on</token>
<token t_id="482" sentence="20" number="11">the</token>
<token t_id="483" sentence="20" number="12">human</token>
<token t_id="484" sentence="20" number="13">body</token>
<token t_id="485" sentence="20" number="14">.</token>
<token t_id="486" sentence="20" number="15">''</token>
<token t_id="487" sentence="21" number="0">AIDS</token>
<token t_id="488" sentence="21" number="1">is</token>
<token t_id="489" sentence="21" number="2">n't</token>
<token t_id="490" sentence="21" number="3">considered</token>
<token t_id="491" sentence="21" number="4">a</token>
<token t_id="492" sentence="21" number="5">widespread</token>
<token t_id="493" sentence="21" number="6">problem</token>
<token t_id="494" sentence="21" number="7">in</token>
<token t_id="495" sentence="21" number="8">Japan</token>
<token t_id="496" sentence="21" number="9">-</token>
<token t_id="497" sentence="21" number="10">-</token>
<token t_id="498" sentence="21" number="11">the</token>
<token t_id="499" sentence="21" number="12">government</token>
<token t_id="500" sentence="21" number="13">reports</token>
<token t_id="501" sentence="21" number="14">about</token>
<token t_id="502" sentence="21" number="15">1</token>
<token t_id="503" sentence="21" number="16">,</token>
<token t_id="504" sentence="21" number="17">000</token>
<token t_id="505" sentence="21" number="18">known</token>
<token t_id="506" sentence="21" number="19">carriers</token>
<token t_id="507" sentence="21" number="20">of</token>
<token t_id="508" sentence="21" number="21">the</token>
<token t_id="509" sentence="21" number="22">virus</token>
<token t_id="510" sentence="21" number="23">-</token>
<token t_id="511" sentence="21" number="24">-</token>
<token t_id="512" sentence="21" number="25">but</token>
<token t_id="513" sentence="21" number="26">many</token>
<token t_id="514" sentence="21" number="27">companies</token>
<token t_id="515" sentence="21" number="28">have</token>
<token t_id="516" sentence="21" number="29">poured</token>
<token t_id="517" sentence="21" number="30">substantial</token>
<token t_id="518" sentence="21" number="31">resources</token>
<token t_id="519" sentence="21" number="32">into</token>
<token t_id="520" sentence="21" number="33">research</token>
<token t_id="521" sentence="21" number="34">in</token>
<token t_id="522" sentence="21" number="35">recent</token>
<token t_id="523" sentence="21" number="36">years</token>
<token t_id="524" sentence="21" number="37">,</token>
<token t_id="525" sentence="21" number="38">hoping</token>
<token t_id="526" sentence="21" number="39">to</token>
<token t_id="527" sentence="21" number="40">cash</token>
<token t_id="528" sentence="21" number="41">in</token>
<token t_id="529" sentence="21" number="42">on</token>
<token t_id="530" sentence="21" number="43">a</token>
<token t_id="531" sentence="21" number="44">possible</token>
<token t_id="532" sentence="21" number="45">cure</token>
<token t_id="533" sentence="21" number="46">.</token>
<token t_id="534" sentence="22" number="0">Dr</token>
<token t_id="535" sentence="22" number="1">.</token>
<token t_id="536" sentence="22" number="2">Kitamura</token>
<token t_id="537" sentence="22" number="3">said</token>
<token t_id="538" sentence="22" number="4">about</token>
<token t_id="539" sentence="22" number="5">35</token>
<token t_id="540" sentence="22" number="6">projects</token>
<token t_id="541" sentence="22" number="7">are</token>
<token t_id="542" sentence="22" number="8">currently</token>
<token t_id="543" sentence="22" number="9">under</token>
<token t_id="544" sentence="22" number="10">way</token>
<token t_id="545" sentence="22" number="11">in</token>
<token t_id="546" sentence="22" number="12">Japan</token>
<token t_id="547" sentence="22" number="13">,</token>
<token t_id="548" sentence="22" number="14">and</token>
<token t_id="549" sentence="22" number="15">that</token>
<token t_id="550" sentence="22" number="16">Japanese</token>
<token t_id="551" sentence="22" number="17">researchers</token>
<token t_id="552" sentence="22" number="18">in</token>
<token t_id="553" sentence="22" number="19">the</token>
<token t_id="554" sentence="22" number="20">past</token>
<token t_id="555" sentence="22" number="21">year</token>
<token t_id="556" sentence="22" number="22">have</token>
<token t_id="557" sentence="22" number="23">made</token>
<token t_id="558" sentence="22" number="24">available</token>
<token t_id="559" sentence="22" number="25">three</token>
<token t_id="560" sentence="22" number="26">possible</token>
<token t_id="561" sentence="22" number="27">cures</token>
<token t_id="562" sentence="22" number="28">to</token>
<token t_id="563" sentence="22" number="29">American</token>
<token t_id="564" sentence="22" number="30">researchers</token>
<token t_id="565" sentence="22" number="31">for</token>
<token t_id="566" sentence="22" number="32">clinical</token>
<token t_id="567" sentence="22" number="33">tests</token>
<token t_id="568" sentence="22" number="34">.</token>
<token t_id="569" sentence="23" number="0">He</token>
<token t_id="570" sentence="23" number="1">said</token>
<token t_id="571" sentence="23" number="2">that</token>
<token t_id="572" sentence="23" number="3">when</token>
<token t_id="573" sentence="23" number="4">scientists</token>
<token t_id="574" sentence="23" number="5">from</token>
<token t_id="575" sentence="23" number="6">the</token>
<token t_id="576" sentence="23" number="7">two</token>
<token t_id="577" sentence="23" number="8">countries</token>
<token t_id="578" sentence="23" number="9">meet</token>
<token t_id="579" sentence="23" number="10">again</token>
<token t_id="580" sentence="23" number="11">in</token>
<token t_id="581" sentence="23" number="12">January</token>
<token t_id="582" sentence="23" number="13">in</token>
<token t_id="583" sentence="23" number="14">New</token>
<token t_id="584" sentence="23" number="15">Orleans</token>
<token t_id="585" sentence="23" number="16">,</token>
<token t_id="586" sentence="23" number="17">the</token>
<token t_id="587" sentence="23" number="18">Japanese</token>
<token t_id="588" sentence="23" number="19">will</token>
<token t_id="589" sentence="23" number="20">present</token>
<token t_id="590" sentence="23" number="21">at</token>
<token t_id="591" sentence="23" number="22">least</token>
<token t_id="592" sentence="23" number="23">three</token>
<token t_id="593" sentence="23" number="24">more</token>
<token t_id="594" sentence="23" number="25">drugs</token>
<token t_id="595" sentence="23" number="26">for</token>
<token t_id="596" sentence="23" number="27">human</token>
<token t_id="597" sentence="23" number="28">testing</token>
<token t_id="598" sentence="23" number="29">.</token>
<token t_id="599" sentence="24" number="0">AZT</token>
<token t_id="600" sentence="24" number="1">is</token>
<token t_id="601" sentence="24" number="2">the</token>
<token t_id="602" sentence="24" number="3">world</token>
<token t_id="603" sentence="24" number="4">'s</token>
<token t_id="604" sentence="24" number="5">only</token>
<token t_id="605" sentence="24" number="6">prescription</token>
<token t_id="606" sentence="24" number="7">medicine</token>
<token t_id="607" sentence="24" number="8">approved</token>
<token t_id="608" sentence="24" number="9">for</token>
<token t_id="609" sentence="24" number="10">treating</token>
<token t_id="610" sentence="24" number="11">the</token>
<token t_id="611" sentence="24" number="12">disease</token>
<token t_id="612" sentence="24" number="13">.</token>
<token t_id="613" sentence="25" number="0">Wellcome</token>
<token t_id="614" sentence="25" number="1">PLC</token>
<token t_id="615" sentence="25" number="2">,</token>
<token t_id="616" sentence="25" number="3">a</token>
<token t_id="617" sentence="25" number="4">major</token>
<token t_id="618" sentence="25" number="5">British</token>
<token t_id="619" sentence="25" number="6">pharmaceutical</token>
<token t_id="620" sentence="25" number="7">maker</token>
<token t_id="621" sentence="25" number="8">,</token>
<token t_id="622" sentence="25" number="9">sells</token>
<token t_id="623" sentence="25" number="10">the</token>
<token t_id="624" sentence="25" number="11">drug</token>
<token t_id="625" sentence="25" number="12">under</token>
<token t_id="626" sentence="25" number="13">the</token>
<token t_id="627" sentence="25" number="14">name</token>
<token t_id="628" sentence="25" number="15">Retrovir</token>
<token t_id="629" sentence="25" number="16">.</token>
<token t_id="630" sentence="26" number="0">A</token>
<token t_id="631" sentence="26" number="1">Wellcome</token>
<token t_id="632" sentence="26" number="2">spokesman</token>
<token t_id="633" sentence="26" number="3">declined</token>
<token t_id="634" sentence="26" number="4">to</token>
<token t_id="635" sentence="26" number="5">comment</token>
<token t_id="636" sentence="26" number="6">on</token>
<token t_id="637" sentence="26" number="7">the</token>
<token t_id="638" sentence="26" number="8">discovery</token>
<token t_id="639" sentence="26" number="9">of</token>
<token t_id="640" sentence="26" number="10">the</token>
<token t_id="641" sentence="26" number="11">antibody</token>
<token t_id="642" sentence="26" number="12">in</token>
<token t_id="643" sentence="26" number="13">Japan</token>
<token t_id="644" sentence="26" number="14">.</token>
<token t_id="645" sentence="27" number="0">But</token>
<token t_id="646" sentence="27" number="1">Andrew</token>
<token t_id="647" sentence="27" number="2">Porter</token>
<token t_id="648" sentence="27" number="3">,</token>
<token t_id="649" sentence="27" number="4">a</token>
<token t_id="650" sentence="27" number="5">drug</token>
<token t_id="651" sentence="27" number="6">-</token>
<token t_id="652" sentence="27" number="7">industry</token>
<token t_id="653" sentence="27" number="8">analyst</token>
<token t_id="654" sentence="27" number="9">at</token>
<token t_id="655" sentence="27" number="10">Nikko</token>
<token t_id="656" sentence="27" number="11">Securities</token>
<token t_id="657" sentence="27" number="12">Co</token>
<token t_id="658" sentence="27" number="13">.</token>
<token t_id="659" sentence="27" number="14">in</token>
<token t_id="660" sentence="27" number="15">London</token>
<token t_id="661" sentence="27" number="16">,</token>
<token t_id="662" sentence="27" number="17">said</token>
<token t_id="663" sentence="27" number="18">if</token>
<token t_id="664" sentence="27" number="19">the</token>
<token t_id="665" sentence="27" number="20">product</token>
<token t_id="666" sentence="27" number="21">were</token>
<token t_id="667" sentence="27" number="22">to</token>
<token t_id="668" sentence="27" number="23">be</token>
<token t_id="669" sentence="27" number="24">successfully</token>
<token t_id="670" sentence="27" number="25">developed</token>
<token t_id="671" sentence="27" number="26">it</token>
<token t_id="672" sentence="27" number="27">would</token>
<token t_id="673" sentence="27" number="28">represent</token>
<token t_id="674" sentence="27" number="29">``</token>
<token t_id="675" sentence="27" number="30">a</token>
<token t_id="676" sentence="27" number="31">potential</token>
<token t_id="677" sentence="27" number="32">threat</token>
<token t_id="678" sentence="27" number="33">to</token>
<token t_id="679" sentence="27" number="34">the</token>
<token t_id="680" sentence="27" number="35">long</token>
<token t_id="681" sentence="27" number="36">-</token>
<token t_id="682" sentence="27" number="37">term</token>
<token t_id="683" sentence="27" number="38">viability</token>
<token t_id="684" sentence="27" number="39">of</token>
<token t_id="685" sentence="27" number="40">Retrovir</token>
<token t_id="686" sentence="27" number="41">.</token>


<Markables>
<ARGUMENTATIVE m_id="73" comment="" conversational-direct="FALSE" conversational-reported="TRUE"  >
<token_anchor t_id="671"/>
<token_anchor t_id="672"/>
<token_anchor t_id="673"/>
<token_anchor t_id="674"/>
<token_anchor t_id="675"/>
<token_anchor t_id="676"/>
<token_anchor t_id="677"/>
<token_anchor t_id="678"/>
<token_anchor t_id="679"/>
<token_anchor t_id="680"/>
<token_anchor t_id="681"/>
<token_anchor t_id="682"/>
<token_anchor t_id="683"/>
<token_anchor t_id="684"/>
<token_anchor t_id="685"/>
<token_anchor t_id="686"/>
</ARGUMENTATIVE>
<ARGUMENTATIVE m_id="43" comment="" conversational-direct="TRUE" conversational-reported="FALSE"  >
<token_anchor t_id="384"/>
<token_anchor t_id="385"/>
<token_anchor t_id="386"/>
<token_anchor t_id="387"/>
</ARGUMENTATIVE>
<ARGUMENTATIVE m_id="44" comment="" conversational-direct="TRUE" conversational-reported="FALSE"  >
<token_anchor t_id="388"/>
<token_anchor t_id="389"/>
<token_anchor t_id="390"/>
<token_anchor t_id="391"/>
<token_anchor t_id="392"/>
<token_anchor t_id="393"/>
</ARGUMENTATIVE>
<ARGUMENTATIVE m_id="17" comment="" conversational-direct="FALSE" conversational-reported="FALSE"  >
<token_anchor t_id="76"/>
<token_anchor t_id="77"/>
<token_anchor t_id="78"/>
<token_anchor t_id="79"/>
<token_anchor t_id="80"/>
<token_anchor t_id="81"/>
<token_anchor t_id="82"/>
<token_anchor t_id="83"/>
<token_anchor t_id="84"/>
<token_anchor t_id="85"/>
<token_anchor t_id="86"/>
<token_anchor t_id="97"/>
<token_anchor t_id="98"/>
<token_anchor t_id="99"/>
<token_anchor t_id="100"/>
<token_anchor t_id="101"/>
<token_anchor t_id="102"/>
<token_anchor t_id="103"/>
<token_anchor t_id="104"/>
<token_anchor t_id="105"/>
</ARGUMENTATIVE>
<ARGUMENTATIVE m_id="50" comment="" conversational-direct="FALSE" conversational-reported="TRUE"  >
<token_anchor t_id="432"/>
<token_anchor t_id="433"/>
<token_anchor t_id="434"/>
<token_anchor t_id="435"/>
<token_anchor t_id="436"/>
<token_anchor t_id="437"/>
</ARGUMENTATIVE>
<ARGUMENTATIVE m_id="51" comment="" conversational-direct="FALSE" conversational-reported="TRUE"  >
<token_anchor t_id="438"/>
<token_anchor t_id="439"/>
<token_anchor t_id="440"/>
<token_anchor t_id="441"/>
<token_anchor t_id="442"/>
<token_anchor t_id="443"/>
</ARGUMENTATIVE>
<ARGUMENTATIVE m_id="59" comment="" conversational-direct="FALSE" conversational-reported="FALSE"  >
<token_anchor t_id="525"/>
</ARGUMENTATIVE>
<ARGUMENTATIVE m_id="60" comment="" conversational-direct="FALSE" conversational-reported="FALSE"  >
<token_anchor t_id="526"/>
<token_anchor t_id="527"/>
<token_anchor t_id="528"/>
<token_anchor t_id="529"/>
<token_anchor t_id="530"/>
<token_anchor t_id="531"/>
<token_anchor t_id="532"/>
<token_anchor t_id="533"/>
</ARGUMENTATIVE>
<ARGUMENTATIVE m_id="31" comment="" conversational-direct="FALSE" conversational-reported="TRUE"  >
<token_anchor t_id="261"/>
<token_anchor t_id="262"/>
</ARGUMENTATIVE>
<ARGUMENTATIVE m_id="4" comment="" conversational-direct="FALSE" conversational-reported="FALSE"  >
<token_anchor t_id="28"/>
<token_anchor t_id="29"/>
<token_anchor t_id="30"/>
<token_anchor t_id="31"/>
<token_anchor t_id="32"/>
<token_anchor t_id="33"/>
</ARGUMENTATIVE>
<ARGUMENTATIVE m_id="5" comment="" conversational-direct="FALSE" conversational-reported="FALSE"  >
<token_anchor t_id="34"/>
<token_anchor t_id="35"/>
<token_anchor t_id="36"/>
<token_anchor t_id="37"/>
<token_anchor t_id="38"/>
<token_anchor t_id="39"/>
<token_anchor t_id="40"/>
<token_anchor t_id="41"/>
<token_anchor t_id="42"/>
<token_anchor t_id="43"/>
<token_anchor t_id="44"/>
<token_anchor t_id="45"/>
<token_anchor t_id="46"/>
<token_anchor t_id="47"/>
<token_anchor t_id="48"/>
</ARGUMENTATIVE>
<ARGUMENTATIVE m_id="39" comment="" conversational-direct="TRUE" conversational-reported="FALSE"  >
<token_anchor t_id="345"/>
<token_anchor t_id="346"/>
<token_anchor t_id="347"/>
<token_anchor t_id="348"/>
<token_anchor t_id="349"/>
<token_anchor t_id="350"/>
<token_anchor t_id="351"/>
<token_anchor t_id="352"/>
<token_anchor t_id="353"/>
<token_anchor t_id="354"/>
<token_anchor t_id="355"/>
<token_anchor t_id="356"/>
<token_anchor t_id="357"/>
<token_anchor t_id="358"/>
<token_anchor t_id="359"/>
</ARGUMENTATIVE>
<ARGUMENTATIVE m_id="72" comment="" conversational-direct="FALSE" conversational-reported="TRUE"  >
<token_anchor t_id="663"/>
<token_anchor t_id="664"/>
<token_anchor t_id="665"/>
<token_anchor t_id="666"/>
<token_anchor t_id="667"/>
<token_anchor t_id="668"/>
<token_anchor t_id="669"/>
<token_anchor t_id="670"/>
</ARGUMENTATIVE>
<DESCRIPTIVE m_id="56" Type="Other" comment="" conversational-direct="FALSE" conversational-reported="FALSE"  >
<token_anchor t_id="487"/>
<token_anchor t_id="488"/>
<token_anchor t_id="489"/>
<token_anchor t_id="490"/>
<token_anchor t_id="491"/>
<token_anchor t_id="492"/>
<token_anchor t_id="493"/>
<token_anchor t_id="494"/>
<token_anchor t_id="495"/>
</DESCRIPTIVE>
<DESCRIPTIVE m_id="33" Type="Other" comment="" conversational-direct="FALSE" conversational-reported="TRUE"  >
<token_anchor t_id="280"/>
<token_anchor t_id="281"/>
<token_anchor t_id="282"/>
<token_anchor t_id="283"/>
<token_anchor t_id="284"/>
<token_anchor t_id="285"/>
<token_anchor t_id="286"/>
</DESCRIPTIVE>
<DESCRIPTIVE m_id="34" comment="" Type="" conversational-direct="FALSE" conversational-reported="FALSE"  >
<token_anchor t_id="287"/>
<token_anchor t_id="288"/>
<token_anchor t_id="289"/>
<token_anchor t_id="290"/>
<token_anchor t_id="291"/>
<token_anchor t_id="292"/>
<token_anchor t_id="293"/>
<token_anchor t_id="294"/>
</DESCRIPTIVE>
<DESCRIPTIVE m_id="67" Type="Other" comment="" conversational-direct="FALSE" conversational-reported="FALSE"  >
<token_anchor t_id="599"/>
<token_anchor t_id="600"/>
<token_anchor t_id="601"/>
<token_anchor t_id="602"/>
<token_anchor t_id="603"/>
<token_anchor t_id="604"/>
<token_anchor t_id="605"/>
<token_anchor t_id="606"/>
<token_anchor t_id="607"/>
<token_anchor t_id="608"/>
<token_anchor t_id="609"/>
<token_anchor t_id="610"/>
<token_anchor t_id="611"/>
<token_anchor t_id="612"/>
</DESCRIPTIVE>
<DESCRIPTIVE m_id="68" Type="Other" comment="" conversational-direct="FALSE" conversational-reported="FALSE"  >
<token_anchor t_id="613"/>
<token_anchor t_id="614"/>
<token_anchor t_id="615"/>
<token_anchor t_id="616"/>
<token_anchor t_id="617"/>
<token_anchor t_id="618"/>
<token_anchor t_id="619"/>
<token_anchor t_id="620"/>
<token_anchor t_id="621"/>
<token_anchor t_id="622"/>
<token_anchor t_id="623"/>
<token_anchor t_id="624"/>
<token_anchor t_id="625"/>
<token_anchor t_id="626"/>
<token_anchor t_id="627"/>
<token_anchor t_id="628"/>
<token_anchor t_id="629"/>
</DESCRIPTIVE>
<DESCRIPTIVE m_id="7" comment="" Type="" conversational-direct="FALSE" conversational-reported="FALSE"  >
<token_anchor t_id="161"/>
<token_anchor t_id="162"/>
<token_anchor t_id="163"/>
<token_anchor t_id="164"/>
<token_anchor t_id="165"/>
<token_anchor t_id="166"/>
<token_anchor t_id="167"/>
<token_anchor t_id="168"/>
</DESCRIPTIVE>
<NARRATIVE m_id="41" Level="Primary" comment="" conversational-direct="FALSE" conversational-reported="TRUE"  >
<token_anchor t_id="362"/>
<token_anchor t_id="363"/>
<token_anchor t_id="364"/>
<token_anchor t_id="365"/>
<token_anchor t_id="366"/>
<token_anchor t_id="367"/>
<token_anchor t_id="368"/>
<token_anchor t_id="369"/>
<token_anchor t_id="370"/>
</NARRATIVE>
<NARRATIVE m_id="9" Level="Primary" comment="" conversational-direct="FALSE" conversational-reported="FALSE"  >
<token_anchor t_id="230"/>
<token_anchor t_id="231"/>
<token_anchor t_id="232"/>
<token_anchor t_id="233"/>
<token_anchor t_id="234"/>
<token_anchor t_id="235"/>
<token_anchor t_id="236"/>
<token_anchor t_id="237"/>
<token_anchor t_id="238"/>
<token_anchor t_id="239"/>
<token_anchor t_id="240"/>
<token_anchor t_id="241"/>
<token_anchor t_id="242"/>
</NARRATIVE>
<NARRATIVE m_id="42" Level="Primary" comment="" conversational-direct="FALSE" conversational-reported="TRUE"  >
<token_anchor t_id="371"/>
<token_anchor t_id="372"/>
<token_anchor t_id="373"/>
<token_anchor t_id="374"/>
<token_anchor t_id="375"/>
<token_anchor t_id="376"/>
<token_anchor t_id="377"/>
<token_anchor t_id="378"/>
<token_anchor t_id="379"/>
<token_anchor t_id="380"/>
<token_anchor t_id="381"/>
<token_anchor t_id="382"/>
<token_anchor t_id="383"/>
</NARRATIVE>
<NARRATIVE m_id="10" Level="Primary" comment="" conversational-direct="FALSE" conversational-reported="FALSE"  >
<token_anchor t_id="49"/>
<token_anchor t_id="50"/>
<token_anchor t_id="51"/>
<token_anchor t_id="52"/>
<token_anchor t_id="53"/>
<token_anchor t_id="54"/>
<token_anchor t_id="55"/>
<token_anchor t_id="56"/>
<token_anchor t_id="57"/>
<token_anchor t_id="58"/>
<token_anchor t_id="59"/>
<token_anchor t_id="60"/>
<token_anchor t_id="61"/>
<token_anchor t_id="62"/>
</NARRATIVE>
<NARRATIVE m_id="11" Level="Primary" comment="" conversational-direct="FALSE" conversational-reported="FALSE"  >
<token_anchor t_id="63"/>
<token_anchor t_id="64"/>
</NARRATIVE>
<NARRATIVE m_id="12" Level="Primary" comment="" conversational-direct="FALSE" conversational-reported="FALSE"  >
<token_anchor t_id="65"/>
<token_anchor t_id="66"/>
<token_anchor t_id="67"/>
<token_anchor t_id="68"/>
<token_anchor t_id="69"/>
<token_anchor t_id="70"/>
</NARRATIVE>
<NARRATIVE m_id="45" Level="Primary" comment="" conversational-direct="FALSE" conversational-reported="FALSE"  >
<token_anchor t_id="394"/>
<token_anchor t_id="395"/>
<token_anchor t_id="396"/>
<token_anchor t_id="397"/>
<token_anchor t_id="398"/>
<token_anchor t_id="399"/>
<token_anchor t_id="400"/>
<token_anchor t_id="401"/>
<token_anchor t_id="402"/>
<token_anchor t_id="403"/>
<token_anchor t_id="404"/>
<token_anchor t_id="405"/>
<token_anchor t_id="406"/>
<token_anchor t_id="407"/>
<token_anchor t_id="408"/>
</NARRATIVE>
<NARRATIVE m_id="13" Level="Primary" comment="" conversational-direct="FALSE" conversational-reported="FALSE"  >
<token_anchor t_id="71"/>
<token_anchor t_id="72"/>
<token_anchor t_id="73"/>
<token_anchor t_id="74"/>
<token_anchor t_id="75"/>
</NARRATIVE>
<NARRATIVE m_id="46" Level="Primary" comment="" conversational-direct="FALSE" conversational-reported="FALSE"  >
<token_anchor t_id="409"/>
<token_anchor t_id="410"/>
<token_anchor t_id="411"/>
<token_anchor t_id="412"/>
</NARRATIVE>
<NARRATIVE m_id="14" Level="Primary" comment="" conversational-direct="FALSE" conversational-reported="FALSE"  >
<token_anchor t_id="130"/>
<token_anchor t_id="131"/>
<token_anchor t_id="132"/>
<token_anchor t_id="133"/>
<token_anchor t_id="134"/>
<token_anchor t_id="135"/>
<token_anchor t_id="136"/>
<token_anchor t_id="137"/>
<token_anchor t_id="138"/>
<token_anchor t_id="139"/>
<token_anchor t_id="140"/>
<token_anchor t_id="141"/>
<token_anchor t_id="142"/>
<token_anchor t_id="143"/>
<token_anchor t_id="144"/>
<token_anchor t_id="145"/>
</NARRATIVE>
<NARRATIVE m_id="47" Level="Primary" comment="" conversational-direct="FALSE" conversational-reported="TRUE"  >
<token_anchor t_id="413"/>
<token_anchor t_id="414"/>
<token_anchor t_id="415"/>
</NARRATIVE>
<NARRATIVE m_id="15" Level="Primary" comment="" conversational-direct="FALSE" conversational-reported="TRUE"  >
<token_anchor t_id="146"/>
<token_anchor t_id="147"/>
<token_anchor t_id="148"/>
<token_anchor t_id="149"/>
<token_anchor t_id="150"/>
</NARRATIVE>
<NARRATIVE m_id="48" Level="Primary" comment="" conversational-direct="FALSE" conversational-reported="TRUE"  >
<token_anchor t_id="416"/>
<token_anchor t_id="417"/>
<token_anchor t_id="418"/>
<token_anchor t_id="419"/>
<token_anchor t_id="420"/>
<token_anchor t_id="421"/>
<token_anchor t_id="422"/>
<token_anchor t_id="423"/>
<token_anchor t_id="424"/>
</NARRATIVE>
<NARRATIVE m_id="16" Level="Primary" comment="" conversational-direct="FALSE" conversational-reported="TRUE"  >
<token_anchor t_id="151"/>
<token_anchor t_id="152"/>
<token_anchor t_id="153"/>
<token_anchor t_id="154"/>
<token_anchor t_id="155"/>
<token_anchor t_id="156"/>
<token_anchor t_id="157"/>
<token_anchor t_id="158"/>
<token_anchor t_id="159"/>
<token_anchor t_id="160"/>
</NARRATIVE>
<NARRATIVE m_id="49" Level="Primary" comment="" conversational-direct="FALSE" conversational-reported="FALSE"  >
<token_anchor t_id="425"/>
<token_anchor t_id="426"/>
<token_anchor t_id="427"/>
<token_anchor t_id="428"/>
<token_anchor t_id="429"/>
<token_anchor t_id="430"/>
<token_anchor t_id="431"/>
</NARRATIVE>
<NARRATIVE m_id="18" Level="Primary" comment="" conversational-direct="FALSE" conversational-reported="FALSE"  >
<token_anchor t_id="106"/>
<token_anchor t_id="107"/>
<token_anchor t_id="108"/>
<token_anchor t_id="109"/>
<token_anchor t_id="110"/>
</NARRATIVE>
<NARRATIVE m_id="19" Level="Primary" comment="" conversational-direct="FALSE" conversational-reported="TRUE"  >
<token_anchor t_id="111"/>
<token_anchor t_id="112"/>
<token_anchor t_id="113"/>
<token_anchor t_id="114"/>
<token_anchor t_id="115"/>
<token_anchor t_id="116"/>
<token_anchor t_id="117"/>
</NARRATIVE>
<NARRATIVE m_id="52" Level="Primary" comment="" conversational-direct="TRUE" conversational-reported="FALSE"  >
<token_anchor t_id="444"/>
<token_anchor t_id="445"/>
<token_anchor t_id="446"/>
<token_anchor t_id="447"/>
<token_anchor t_id="448"/>
<token_anchor t_id="449"/>
<token_anchor t_id="450"/>
<token_anchor t_id="451"/>
<token_anchor t_id="452"/>
<token_anchor t_id="453"/>
<token_anchor t_id="454"/>
<token_anchor t_id="455"/>
<token_anchor t_id="456"/>
</NARRATIVE>
<NARRATIVE m_id="20" Level="Primary" comment="" conversational-direct="FALSE" conversational-reported="TRUE"  >
<token_anchor t_id="118"/>
<token_anchor t_id="119"/>
<token_anchor t_id="120"/>
<token_anchor t_id="121"/>
</NARRATIVE>
<NARRATIVE m_id="53" Level="Primary" comment="" conversational-direct="TRUE" conversational-reported="FALSE"  >
<token_anchor t_id="457"/>
<token_anchor t_id="458"/>
<token_anchor t_id="459"/>
<token_anchor t_id="460"/>
<token_anchor t_id="461"/>
<token_anchor t_id="462"/>
<token_anchor t_id="463"/>
<token_anchor t_id="464"/>
<token_anchor t_id="465"/>
</NARRATIVE>
<NARRATIVE m_id="21" Level="Primary" comment="" conversational-direct="FALSE" conversational-reported="TRUE"  >
<token_anchor t_id="122"/>
<token_anchor t_id="123"/>
<token_anchor t_id="124"/>
<token_anchor t_id="125"/>
<token_anchor t_id="126"/>
<token_anchor t_id="127"/>
<token_anchor t_id="128"/>
<token_anchor t_id="129"/>
</NARRATIVE>
<NARRATIVE m_id="54" Level="Primary" comment="" conversational-direct="FALSE" conversational-reported="FALSE"  >
<token_anchor t_id="466"/>
<token_anchor t_id="467"/>
<token_anchor t_id="468"/>
<token_anchor t_id="469"/>
<token_anchor t_id="470"/>
</NARRATIVE>
<NARRATIVE m_id="22" Level="Primary" comment="" conversational-direct="FALSE" conversational-reported="FALSE"  >
<token_anchor t_id="176"/>
<token_anchor t_id="177"/>
<token_anchor t_id="178"/>
<token_anchor t_id="179"/>
<token_anchor t_id="180"/>
<token_anchor t_id="181"/>
<token_anchor t_id="182"/>
<token_anchor t_id="183"/>
<token_anchor t_id="184"/>
<token_anchor t_id="185"/>
<token_anchor t_id="186"/>
<token_anchor t_id="187"/>
<token_anchor t_id="188"/>
<token_anchor t_id="189"/>
</NARRATIVE>
<NARRATIVE m_id="55" Level="Primary" comment="" conversational-direct="TRUE" conversational-reported="FALSE"  >
<token_anchor t_id="471"/>
<token_anchor t_id="472"/>
<token_anchor t_id="473"/>
<token_anchor t_id="474"/>
<token_anchor t_id="475"/>
<token_anchor t_id="476"/>
<token_anchor t_id="477"/>
<token_anchor t_id="478"/>
<token_anchor t_id="479"/>
<token_anchor t_id="480"/>
<token_anchor t_id="481"/>
<token_anchor t_id="482"/>
<token_anchor t_id="483"/>
<token_anchor t_id="484"/>
<token_anchor t_id="485"/>
<token_anchor t_id="486"/>
</NARRATIVE>
<NARRATIVE m_id="23" Level="Primary" comment="" conversational-direct="FALSE" conversational-reported="TRUE"  >
<token_anchor t_id="190"/>
<token_anchor t_id="191"/>
<token_anchor t_id="192"/>
</NARRATIVE>
<NARRATIVE m_id="24" Level="Primary" comment="" conversational-direct="FALSE" conversational-reported="TRUE"  >
<token_anchor t_id="193"/>
<token_anchor t_id="194"/>
<token_anchor t_id="195"/>
<token_anchor t_id="196"/>
<token_anchor t_id="197"/>
<token_anchor t_id="198"/>
<token_anchor t_id="199"/>
<token_anchor t_id="200"/>
<token_anchor t_id="201"/>
<token_anchor t_id="202"/>
<token_anchor t_id="203"/>
<token_anchor t_id="204"/>
<token_anchor t_id="205"/>
<token_anchor t_id="206"/>
<token_anchor t_id="207"/>
<token_anchor t_id="208"/>
<token_anchor t_id="209"/>
<token_anchor t_id="210"/>
<token_anchor t_id="211"/>
</NARRATIVE>
<NARRATIVE m_id="57" Level="Primary" comment="" conversational-direct="FALSE" conversational-reported="FALSE"  >
<token_anchor t_id="496"/>
<token_anchor t_id="497"/>
<token_anchor t_id="498"/>
<token_anchor t_id="499"/>
<token_anchor t_id="500"/>
<token_anchor t_id="501"/>
<token_anchor t_id="502"/>
<token_anchor t_id="503"/>
<token_anchor t_id="504"/>
<token_anchor t_id="505"/>
<token_anchor t_id="506"/>
<token_anchor t_id="507"/>
<token_anchor t_id="508"/>
<token_anchor t_id="509"/>
<token_anchor t_id="510"/>
<token_anchor t_id="511"/>
</NARRATIVE>
<NARRATIVE m_id="25" Level="Primary" comment="" conversational-direct="FALSE" conversational-reported="TRUE"  >
<token_anchor t_id="212"/>
<token_anchor t_id="213"/>
<token_anchor t_id="214"/>
<token_anchor t_id="215"/>
<token_anchor t_id="216"/>
<token_anchor t_id="217"/>
<token_anchor t_id="218"/>
<token_anchor t_id="219"/>
<token_anchor t_id="220"/>
<token_anchor t_id="221"/>
<token_anchor t_id="222"/>
<token_anchor t_id="223"/>
<token_anchor t_id="224"/>
<token_anchor t_id="225"/>
</NARRATIVE>
<NARRATIVE m_id="58" Level="Primary" comment="" conversational-direct="FALSE" conversational-reported="FALSE"  >
<token_anchor t_id="512"/>
<token_anchor t_id="513"/>
<token_anchor t_id="514"/>
<token_anchor t_id="515"/>
<token_anchor t_id="516"/>
<token_anchor t_id="517"/>
<token_anchor t_id="518"/>
<token_anchor t_id="519"/>
<token_anchor t_id="520"/>
<token_anchor t_id="521"/>
<token_anchor t_id="522"/>
<token_anchor t_id="523"/>
<token_anchor t_id="524"/>
</NARRATIVE>
<NARRATIVE m_id="26" Level="Primary" comment="" conversational-direct="FALSE" conversational-reported="FALSE"  >
<token_anchor t_id="226"/>
<token_anchor t_id="227"/>
<token_anchor t_id="228"/>
<token_anchor t_id="229"/>
</NARRATIVE>
<NARRATIVE m_id="27" Level="Primary" comment="" conversational-direct="FALSE" conversational-reported="FALSE"  >
<token_anchor t_id="243"/>
<token_anchor t_id="244"/>
<token_anchor t_id="245"/>
</NARRATIVE>
<NARRATIVE m_id="28" Level="Primary" comment="" conversational-direct="FALSE" conversational-reported="TRUE"  >
<token_anchor t_id="246"/>
<token_anchor t_id="247"/>
<token_anchor t_id="248"/>
<token_anchor t_id="249"/>
<token_anchor t_id="250"/>
<token_anchor t_id="251"/>
<token_anchor t_id="252"/>
<token_anchor t_id="253"/>
</NARRATIVE>
<NARRATIVE m_id="61" Level="" comment="" conversational-direct="FALSE" conversational-reported="FALSE"  >
<token_anchor t_id="534"/>
<token_anchor t_id="535"/>
<token_anchor t_id="536"/>
<token_anchor t_id="537"/>
</NARRATIVE>
<NARRATIVE m_id="29" Level="Primary" comment="" conversational-direct="FALSE" conversational-reported="TRUE"  >
<token_anchor t_id="254"/>
<token_anchor t_id="255"/>
<token_anchor t_id="256"/>
<token_anchor t_id="257"/>
<token_anchor t_id="258"/>
</NARRATIVE>
<NARRATIVE m_id="62" Level="Primary" comment="" conversational-direct="FALSE" conversational-reported="TRUE"  >
<token_anchor t_id="538"/>
<token_anchor t_id="539"/>
<token_anchor t_id="540"/>
<token_anchor t_id="541"/>
<token_anchor t_id="542"/>
<token_anchor t_id="543"/>
<token_anchor t_id="544"/>
<token_anchor t_id="545"/>
<token_anchor t_id="546"/>
<token_anchor t_id="547"/>
</NARRATIVE>
<NARRATIVE m_id="30" Level="Primary" comment="" conversational-direct="FALSE" conversational-reported="FALSE"  >
<token_anchor t_id="259"/>
<token_anchor t_id="260"/>
</NARRATIVE>
<NARRATIVE m_id="63" Level="Primary" comment="" conversational-direct="FALSE" conversational-reported="TRUE"  >
<token_anchor t_id="548"/>
<token_anchor t_id="549"/>
<token_anchor t_id="550"/>
<token_anchor t_id="551"/>
<token_anchor t_id="552"/>
<token_anchor t_id="553"/>
<token_anchor t_id="554"/>
<token_anchor t_id="555"/>
<token_anchor t_id="556"/>
<token_anchor t_id="557"/>
<token_anchor t_id="558"/>
<token_anchor t_id="559"/>
<token_anchor t_id="560"/>
<token_anchor t_id="561"/>
<token_anchor t_id="562"/>
<token_anchor t_id="563"/>
<token_anchor t_id="564"/>
<token_anchor t_id="565"/>
<token_anchor t_id="566"/>
<token_anchor t_id="567"/>
<token_anchor t_id="568"/>
</NARRATIVE>
<NARRATIVE m_id="64" Level="" comment="" conversational-direct="FALSE" conversational-reported="FALSE"  >
<token_anchor t_id="569"/>
<token_anchor t_id="570"/>
</NARRATIVE>
<NARRATIVE m_id="32" Level="Primary" comment="" conversational-direct="FALSE" conversational-reported="TRUE"  >
<token_anchor t_id="263"/>
<token_anchor t_id="264"/>
<token_anchor t_id="265"/>
<token_anchor t_id="266"/>
<token_anchor t_id="267"/>
<token_anchor t_id="268"/>
<token_anchor t_id="269"/>
<token_anchor t_id="270"/>
<token_anchor t_id="271"/>
<token_anchor t_id="272"/>
<token_anchor t_id="273"/>
<token_anchor t_id="274"/>
<token_anchor t_id="275"/>
<token_anchor t_id="276"/>
<token_anchor t_id="277"/>
<token_anchor t_id="278"/>
<token_anchor t_id="279"/>
</NARRATIVE>
<NARRATIVE m_id="65" Level="Primary" comment="" conversational-direct="FALSE" conversational-reported="TRUE"  >
<token_anchor t_id="571"/>
<token_anchor t_id="572"/>
<token_anchor t_id="573"/>
<token_anchor t_id="574"/>
<token_anchor t_id="575"/>
<token_anchor t_id="576"/>
<token_anchor t_id="577"/>
<token_anchor t_id="578"/>
<token_anchor t_id="579"/>
<token_anchor t_id="580"/>
<token_anchor t_id="581"/>
<token_anchor t_id="582"/>
<token_anchor t_id="583"/>
<token_anchor t_id="584"/>
<token_anchor t_id="585"/>
</NARRATIVE>
<NARRATIVE m_id="1" Level="Primary" comment="" conversational-direct="FALSE" conversational-reported="FALSE"  >
<token_anchor t_id="1"/>
<token_anchor t_id="2"/>
<token_anchor t_id="3"/>
<token_anchor t_id="4"/>
</NARRATIVE>
<NARRATIVE m_id="66" Level="Primary" comment="" conversational-direct="FALSE" conversational-reported="TRUE"  >
<token_anchor t_id="586"/>
<token_anchor t_id="587"/>
<token_anchor t_id="588"/>
<token_anchor t_id="589"/>
<token_anchor t_id="590"/>
<token_anchor t_id="591"/>
<token_anchor t_id="592"/>
<token_anchor t_id="593"/>
<token_anchor t_id="594"/>
<token_anchor t_id="595"/>
<token_anchor t_id="596"/>
<token_anchor t_id="597"/>
<token_anchor t_id="598"/>
</NARRATIVE>
<NARRATIVE m_id="2" Level="Primary" comment="" conversational-direct="FALSE" conversational-reported="TRUE"  >
<token_anchor t_id="5"/>
<token_anchor t_id="6"/>
<token_anchor t_id="7"/>
<token_anchor t_id="8"/>
<token_anchor t_id="9"/>
<token_anchor t_id="10"/>
<token_anchor t_id="11"/>
<token_anchor t_id="12"/>
<token_anchor t_id="13"/>
<token_anchor t_id="14"/>
<token_anchor t_id="15"/>
<token_anchor t_id="16"/>
<token_anchor t_id="17"/>
<token_anchor t_id="18"/>
<token_anchor t_id="19"/>
<token_anchor t_id="20"/>
<token_anchor t_id="21"/>
<token_anchor t_id="22"/>
</NARRATIVE>
<NARRATIVE m_id="3" Level="Primary" comment="" conversational-direct="FALSE" conversational-reported="TRUE"  >
<token_anchor t_id="23"/>
<token_anchor t_id="24"/>
<token_anchor t_id="25"/>
<token_anchor t_id="26"/>
<token_anchor t_id="27"/>
</NARRATIVE>
<NARRATIVE m_id="35" Level="Primary" comment="" conversational-direct="FALSE" conversational-reported="FALSE"  >
<token_anchor t_id="295"/>
<token_anchor t_id="296"/>
<token_anchor t_id="297"/>
</NARRATIVE>
<NARRATIVE m_id="36" Level="Primary" comment="" conversational-direct="FALSE" conversational-reported="FALSE"  >
<token_anchor t_id="298"/>
<token_anchor t_id="299"/>
<token_anchor t_id="300"/>
<token_anchor t_id="301"/>
<token_anchor t_id="302"/>
<token_anchor t_id="303"/>
<token_anchor t_id="304"/>
<token_anchor t_id="305"/>
<token_anchor t_id="306"/>
<token_anchor t_id="307"/>
</NARRATIVE>
<NARRATIVE m_id="69" Level="Primary" comment="" conversational-direct="FALSE" conversational-reported="FALSE"  >
<token_anchor t_id="630"/>
<token_anchor t_id="631"/>
<token_anchor t_id="632"/>
<token_anchor t_id="633"/>
</NARRATIVE>
<NARRATIVE m_id="37" Level="Primary" comment="" conversational-direct="FALSE" conversational-reported="FALSE"  >
<token_anchor t_id="308"/>
<token_anchor t_id="309"/>
<token_anchor t_id="310"/>
<token_anchor t_id="311"/>
<token_anchor t_id="312"/>
<token_anchor t_id="313"/>
<token_anchor t_id="314"/>
<token_anchor t_id="315"/>
</NARRATIVE>
<NARRATIVE m_id="70" Level="Primary" comment="" conversational-direct="FALSE" conversational-reported="TRUE"  >
<token_anchor t_id="634"/>
<token_anchor t_id="635"/>
<token_anchor t_id="636"/>
<token_anchor t_id="637"/>
<token_anchor t_id="638"/>
<token_anchor t_id="639"/>
<token_anchor t_id="640"/>
<token_anchor t_id="641"/>
<token_anchor t_id="642"/>
<token_anchor t_id="643"/>
<token_anchor t_id="644"/>
</NARRATIVE>
<NARRATIVE m_id="6" Level="" comment="" conversational-direct="FALSE" conversational-reported="FALSE"  >
<token_anchor t_id="87"/>
<token_anchor t_id="88"/>
<token_anchor t_id="89"/>
<token_anchor t_id="90"/>
<token_anchor t_id="91"/>
<token_anchor t_id="92"/>
<token_anchor t_id="93"/>
<token_anchor t_id="94"/>
<token_anchor t_id="95"/>
<token_anchor t_id="96"/>
</NARRATIVE>
<NARRATIVE m_id="38" Level="Primary" comment="" conversational-direct="FALSE" conversational-reported="FALSE"  >
<token_anchor t_id="316"/>
<token_anchor t_id="317"/>
<token_anchor t_id="318"/>
<token_anchor t_id="319"/>
<token_anchor t_id="320"/>
<token_anchor t_id="321"/>
<token_anchor t_id="322"/>
<token_anchor t_id="323"/>
<token_anchor t_id="324"/>
<token_anchor t_id="325"/>
<token_anchor t_id="326"/>
<token_anchor t_id="327"/>
<token_anchor t_id="328"/>
<token_anchor t_id="329"/>
<token_anchor t_id="330"/>
<token_anchor t_id="331"/>
<token_anchor t_id="332"/>
<token_anchor t_id="333"/>
<token_anchor t_id="334"/>
<token_anchor t_id="335"/>
<token_anchor t_id="336"/>
<token_anchor t_id="337"/>
<token_anchor t_id="338"/>
<token_anchor t_id="339"/>
<token_anchor t_id="340"/>
<token_anchor t_id="341"/>
<token_anchor t_id="342"/>
<token_anchor t_id="343"/>
<token_anchor t_id="344"/>
</NARRATIVE>
<NARRATIVE m_id="71" Level="Primary" comment="" conversational-direct="FALSE" conversational-reported="FALSE"  >
<token_anchor t_id="645"/>
<token_anchor t_id="646"/>
<token_anchor t_id="647"/>
<token_anchor t_id="648"/>
<token_anchor t_id="649"/>
<token_anchor t_id="650"/>
<token_anchor t_id="651"/>
<token_anchor t_id="652"/>
<token_anchor t_id="653"/>
<token_anchor t_id="654"/>
<token_anchor t_id="655"/>
<token_anchor t_id="656"/>
<token_anchor t_id="657"/>
<token_anchor t_id="658"/>
<token_anchor t_id="659"/>
<token_anchor t_id="660"/>
<token_anchor t_id="661"/>
<token_anchor t_id="662"/>
</NARRATIVE>
<NARRATIVE m_id="40" Level="" comment="" conversational-direct="FALSE" conversational-reported="FALSE"  >
<token_anchor t_id="360"/>
<token_anchor t_id="361"/>
</NARRATIVE>
<NARRATIVE m_id="8" Level="Primary" comment="" conversational-direct="FALSE" conversational-reported="FALSE"  >
<token_anchor t_id="169"/>
<token_anchor t_id="170"/>
<token_anchor t_id="171"/>
<token_anchor t_id="172"/>
<token_anchor t_id="173"/>
<token_anchor t_id="174"/>
<token_anchor t_id="175"/>
</NARRATIVE>


</Markables>

<Relations>
</Relations>
</Document>
