<Document doc_name="wsj_0807.xml.conll.txt">
<token t_id="1" sentence="0" number="0">Black</token>
<token t_id="2" sentence="0" number="1">&amp;amp</token>
<token t_id="3" sentence="0" number="2">;</token>
<token t_id="4" sentence="0" number="3">Decker</token>
<token t_id="5" sentence="0" number="4">Corp</token>
<token t_id="6" sentence="0" number="5">.</token>
<token t_id="7" sentence="0" number="6">said</token>
<token t_id="8" sentence="0" number="7">it</token>
<token t_id="9" sentence="0" number="8">agreed</token>
<token t_id="10" sentence="0" number="9">to</token>
<token t_id="11" sentence="0" number="10">sell</token>
<token t_id="12" sentence="0" number="11">its</token>
<token t_id="13" sentence="0" number="12">Bostik</token>
<token t_id="14" sentence="0" number="13">chemical</token>
<token t_id="15" sentence="0" number="14">adhesives</token>
<token t_id="16" sentence="0" number="15">unit</token>
<token t_id="17" sentence="0" number="16">to</token>
<token t_id="18" sentence="0" number="17">Orkem</token>
<token t_id="19" sentence="0" number="18">S</token>
<token t_id="20" sentence="0" number="19">.</token>
<token t_id="21" sentence="0" number="20">A</token>
<token t_id="22" sentence="0" number="21">.</token>
<token t_id="23" sentence="0" number="22">,</token>
<token t_id="24" sentence="0" number="23">a</token>
<token t_id="25" sentence="0" number="24">French</token>
<token t_id="26" sentence="0" number="25">chemical</token>
<token t_id="27" sentence="0" number="26">company</token>
<token t_id="28" sentence="0" number="27">,</token>
<token t_id="29" sentence="0" number="28">for</token>
<token t_id="30" sentence="0" number="29">$</token>
<token t_id="31" sentence="0" number="30">345</token>
<token t_id="32" sentence="0" number="31">million</token>
<token t_id="33" sentence="0" number="32">.</token>
<token t_id="34" sentence="1" number="0">Bostik</token>
<token t_id="35" sentence="1" number="1">is</token>
<token t_id="36" sentence="1" number="2">the</token>
<token t_id="37" sentence="1" number="3">first</token>
<token t_id="38" sentence="1" number="4">Emhart</token>
<token t_id="39" sentence="1" number="5">Corp</token>
<token t_id="40" sentence="1" number="6">.</token>
<token t_id="41" sentence="1" number="7">unit</token>
<token t_id="42" sentence="1" number="8">to</token>
<token t_id="43" sentence="1" number="9">be</token>
<token t_id="44" sentence="1" number="10">sold</token>
<token t_id="45" sentence="1" number="11">as</token>
<token t_id="46" sentence="1" number="12">part</token>
<token t_id="47" sentence="1" number="13">of</token>
<token t_id="48" sentence="1" number="14">the</token>
<token t_id="49" sentence="1" number="15">power</token>
<token t_id="50" sentence="1" number="16">-</token>
<token t_id="51" sentence="1" number="17">tool</token>
<token t_id="52" sentence="1" number="18">manufacturer</token>
<token t_id="53" sentence="1" number="19">'s</token>
<token t_id="54" sentence="1" number="20">effort</token>
<token t_id="55" sentence="1" number="21">to</token>
<token t_id="56" sentence="1" number="22">reduce</token>
<token t_id="57" sentence="1" number="23">debt</token>
<token t_id="58" sentence="1" number="24">and</token>
<token t_id="59" sentence="1" number="25">consolidate</token>
<token t_id="60" sentence="1" number="26">operations</token>
<token t_id="61" sentence="1" number="27">after</token>
<token t_id="62" sentence="1" number="28">it</token>
<token t_id="63" sentence="1" number="29">acquired</token>
<token t_id="64" sentence="1" number="30">Emhart</token>
<token t_id="65" sentence="1" number="31">earlier</token>
<token t_id="66" sentence="1" number="32">this</token>
<token t_id="67" sentence="1" number="33">year</token>
<token t_id="68" sentence="1" number="34">.</token>
<token t_id="69" sentence="2" number="0">Black</token>
<token t_id="70" sentence="2" number="1">&amp;amp</token>
<token t_id="71" sentence="2" number="2">;</token>
<token t_id="72" sentence="2" number="3">Decker</token>
<token t_id="73" sentence="2" number="4">said</token>
<token t_id="74" sentence="2" number="5">it</token>
<token t_id="75" sentence="2" number="6">plans</token>
<token t_id="76" sentence="2" number="7">to</token>
<token t_id="77" sentence="2" number="8">put</token>
<token t_id="78" sentence="2" number="9">other</token>
<token t_id="79" sentence="2" number="10">Emhart</token>
<token t_id="80" sentence="2" number="11">units</token>
<token t_id="81" sentence="2" number="12">on</token>
<token t_id="82" sentence="2" number="13">the</token>
<token t_id="83" sentence="2" number="14">block</token>
<token t_id="84" sentence="2" number="15">in</token>
<token t_id="85" sentence="2" number="16">the</token>
<token t_id="86" sentence="2" number="17">future</token>
<token t_id="87" sentence="2" number="18">,</token>
<token t_id="88" sentence="2" number="19">with</token>
<token t_id="89" sentence="2" number="20">the</token>
<token t_id="90" sentence="2" number="21">goal</token>
<token t_id="91" sentence="2" number="22">of</token>
<token t_id="92" sentence="2" number="23">raising</token>
<token t_id="93" sentence="2" number="24">$</token>
<token t_id="94" sentence="2" number="25">1</token>
<token t_id="95" sentence="2" number="26">billion</token>
<token t_id="96" sentence="2" number="27">in</token>
<token t_id="97" sentence="2" number="28">net</token>
<token t_id="98" sentence="2" number="29">proceeds</token>
<token t_id="99" sentence="2" number="30">.</token>
<token t_id="100" sentence="3" number="0">Black</token>
<token t_id="101" sentence="3" number="1">&amp;amp</token>
<token t_id="102" sentence="3" number="2">;</token>
<token t_id="103" sentence="3" number="3">Decker</token>
<token t_id="104" sentence="3" number="4">rescued</token>
<token t_id="105" sentence="3" number="5">Emhart</token>
<token t_id="106" sentence="3" number="6">from</token>
<token t_id="107" sentence="3" number="7">the</token>
<token t_id="108" sentence="3" number="8">takeover</token>
<token t_id="109" sentence="3" number="9">bid</token>
<token t_id="110" sentence="3" number="10">of</token>
<token t_id="111" sentence="3" number="11">Topper</token>
<token t_id="112" sentence="3" number="12">Limited</token>
<token t_id="113" sentence="3" number="13">Partnership</token>
<token t_id="114" sentence="3" number="14">last</token>
<token t_id="115" sentence="3" number="15">March</token>
<token t_id="116" sentence="3" number="16">by</token>
<token t_id="117" sentence="3" number="17">agreeing</token>
<token t_id="118" sentence="3" number="18">to</token>
<token t_id="119" sentence="3" number="19">acquire</token>
<token t_id="120" sentence="3" number="20">the</token>
<token t_id="121" sentence="3" number="21">maker</token>
<token t_id="122" sentence="3" number="22">of</token>
<token t_id="123" sentence="3" number="23">door</token>
<token t_id="124" sentence="3" number="24">locks</token>
<token t_id="125" sentence="3" number="25">and</token>
<token t_id="126" sentence="3" number="26">gardening</token>
<token t_id="127" sentence="3" number="27">tools</token>
<token t_id="128" sentence="3" number="28">for</token>
<token t_id="129" sentence="3" number="29">about</token>
<token t_id="130" sentence="3" number="30">$</token>
<token t_id="131" sentence="3" number="31">2</token>
<token t_id="132" sentence="3" number="32">.</token>
<token t_id="133" sentence="3" number="33">8</token>
<token t_id="134" sentence="3" number="34">billion</token>
<token t_id="135" sentence="3" number="35">.</token>
<token t_id="136" sentence="4" number="0">The</token>
<token t_id="137" sentence="4" number="1">move</token>
<token t_id="138" sentence="4" number="2">significantly</token>
<token t_id="139" sentence="4" number="3">expanded</token>
<token t_id="140" sentence="4" number="4">Black</token>
<token t_id="141" sentence="4" number="5">&amp;amp</token>
<token t_id="142" sentence="4" number="6">;</token>
<token t_id="143" sentence="4" number="7">Decker</token>
<token t_id="144" sentence="4" number="8">'s</token>
<token t_id="145" sentence="4" number="9">product</token>
<token t_id="146" sentence="4" number="10">line</token>
<token t_id="147" sentence="4" number="11">,</token>
<token t_id="148" sentence="4" number="12">but</token>
<token t_id="149" sentence="4" number="13">also</token>
<token t_id="150" sentence="4" number="14">significantly</token>
<token t_id="151" sentence="4" number="15">increased</token>
<token t_id="152" sentence="4" number="16">its</token>
<token t_id="153" sentence="4" number="17">debt</token>
<token t_id="154" sentence="4" number="18">load</token>
<token t_id="155" sentence="4" number="19">.</token>
<token t_id="156" sentence="5" number="0">The</token>
<token t_id="157" sentence="5" number="1">acquisition</token>
<token t_id="158" sentence="5" number="2">boosted</token>
<token t_id="159" sentence="5" number="3">Black</token>
<token t_id="160" sentence="5" number="4">&amp;amp</token>
<token t_id="161" sentence="5" number="5">;</token>
<token t_id="162" sentence="5" number="6">Decker</token>
<token t_id="163" sentence="5" number="7">'s</token>
<token t_id="164" sentence="5" number="8">ratio</token>
<token t_id="165" sentence="5" number="9">of</token>
<token t_id="166" sentence="5" number="10">debt</token>
<token t_id="167" sentence="5" number="11">to</token>
<token t_id="168" sentence="5" number="12">total</token>
<token t_id="169" sentence="5" number="13">capital</token>
<token t_id="170" sentence="5" number="14">to</token>
<token t_id="171" sentence="5" number="15">more</token>
<token t_id="172" sentence="5" number="16">than</token>
<token t_id="173" sentence="5" number="17">80</token>
<token t_id="174" sentence="5" number="18">%</token>
<token t_id="175" sentence="5" number="19">.</token>
<token t_id="176" sentence="6" number="0">Company</token>
<token t_id="177" sentence="6" number="1">officials</token>
<token t_id="178" sentence="6" number="2">have</token>
<token t_id="179" sentence="6" number="3">said</token>
<token t_id="180" sentence="6" number="4">they</token>
<token t_id="181" sentence="6" number="5">plan</token>
<token t_id="182" sentence="6" number="6">to</token>
<token t_id="183" sentence="6" number="7">reduce</token>
<token t_id="184" sentence="6" number="8">that</token>
<token t_id="185" sentence="6" number="9">ratio</token>
<token t_id="186" sentence="6" number="10">to</token>
<token t_id="187" sentence="6" number="11">less</token>
<token t_id="188" sentence="6" number="12">than</token>
<token t_id="189" sentence="6" number="13">50</token>
<token t_id="190" sentence="6" number="14">%</token>
<token t_id="191" sentence="6" number="15">over</token>
<token t_id="192" sentence="6" number="16">the</token>
<token t_id="193" sentence="6" number="17">next</token>
<token t_id="194" sentence="6" number="18">2</token>
<token t_id="195" sentence="6" number="19">1</token>
<token t_id="196" sentence="6" number="20">\</token>
<token t_id="197" sentence="6" number="21">/</token>
<token t_id="198" sentence="6" number="22">2</token>
<token t_id="199" sentence="6" number="23">years</token>
<token t_id="200" sentence="6" number="24">.</token>
<token t_id="201" sentence="7" number="0">Earlier</token>
<token t_id="202" sentence="7" number="1">this</token>
<token t_id="203" sentence="7" number="2">year</token>
<token t_id="204" sentence="7" number="3">,</token>
<token t_id="205" sentence="7" number="4">Black</token>
<token t_id="206" sentence="7" number="5">&amp;amp</token>
<token t_id="207" sentence="7" number="6">;</token>
<token t_id="208" sentence="7" number="7">Decker</token>
<token t_id="209" sentence="7" number="8">put</token>
<token t_id="210" sentence="7" number="9">three</token>
<token t_id="211" sentence="7" number="10">Emhart</token>
<token t_id="212" sentence="7" number="11">businesses</token>
<token t_id="213" sentence="7" number="12">on</token>
<token t_id="214" sentence="7" number="13">the</token>
<token t_id="215" sentence="7" number="14">auction</token>
<token t_id="216" sentence="7" number="15">block</token>
<token t_id="217" sentence="7" number="16">:</token>
<token t_id="218" sentence="7" number="17">the</token>
<token t_id="219" sentence="7" number="18">information</token>
<token t_id="220" sentence="7" number="19">and</token>
<token t_id="221" sentence="7" number="20">electronics</token>
<token t_id="222" sentence="7" number="21">segment</token>
<token t_id="223" sentence="7" number="22">,</token>
<token t_id="224" sentence="7" number="23">the</token>
<token t_id="225" sentence="7" number="24">Dynapert</token>
<token t_id="226" sentence="7" number="25">electrical</token>
<token t_id="227" sentence="7" number="26">assembly</token>
<token t_id="228" sentence="7" number="27">business</token>
<token t_id="229" sentence="7" number="28">and</token>
<token t_id="230" sentence="7" number="29">Mallory</token>
<token t_id="231" sentence="7" number="30">Capacitors</token>
<token t_id="232" sentence="7" number="31">.</token>
<token t_id="233" sentence="8" number="0">The</token>
<token t_id="234" sentence="8" number="1">three</token>
<token t_id="235" sentence="8" number="2">units</token>
<token t_id="236" sentence="8" number="3">had</token>
<token t_id="237" sentence="8" number="4">combined</token>
<token t_id="238" sentence="8" number="5">1988</token>
<token t_id="239" sentence="8" number="6">sales</token>
<token t_id="240" sentence="8" number="7">of</token>
<token t_id="241" sentence="8" number="8">about</token>
<token t_id="242" sentence="8" number="9">$</token>
<token t_id="243" sentence="8" number="10">904</token>
<token t_id="244" sentence="8" number="11">million</token>
<token t_id="245" sentence="8" number="12">.</token>
<token t_id="246" sentence="9" number="0">The</token>
<token t_id="247" sentence="9" number="1">three</token>
<token t_id="248" sentence="9" number="2">units</token>
<token t_id="249" sentence="9" number="3">contributed</token>
<token t_id="250" sentence="9" number="4">about</token>
<token t_id="251" sentence="9" number="5">a</token>
<token t_id="252" sentence="9" number="6">third</token>
<token t_id="253" sentence="9" number="7">of</token>
<token t_id="254" sentence="9" number="8">Emhart</token>
<token t_id="255" sentence="9" number="9">'s</token>
<token t_id="256" sentence="9" number="10">total</token>
<token t_id="257" sentence="9" number="11">sales</token>
<token t_id="258" sentence="9" number="12">.</token>
<token t_id="259" sentence="10" number="0">In</token>
<token t_id="260" sentence="10" number="1">addition</token>
<token t_id="261" sentence="10" number="2">,</token>
<token t_id="262" sentence="10" number="3">Black</token>
<token t_id="263" sentence="10" number="4">&amp;amp</token>
<token t_id="264" sentence="10" number="5">;</token>
<token t_id="265" sentence="10" number="6">Decker</token>
<token t_id="266" sentence="10" number="7">had</token>
<token t_id="267" sentence="10" number="8">said</token>
<token t_id="268" sentence="10" number="9">it</token>
<token t_id="269" sentence="10" number="10">would</token>
<token t_id="270" sentence="10" number="11">sell</token>
<token t_id="271" sentence="10" number="12">two</token>
<token t_id="272" sentence="10" number="13">other</token>
<token t_id="273" sentence="10" number="14">undisclosed</token>
<token t_id="274" sentence="10" number="15">Emhart</token>
<token t_id="275" sentence="10" number="16">operations</token>
<token t_id="276" sentence="10" number="17">if</token>
<token t_id="277" sentence="10" number="18">it</token>
<token t_id="278" sentence="10" number="19">received</token>
<token t_id="279" sentence="10" number="20">the</token>
<token t_id="280" sentence="10" number="21">right</token>
<token t_id="281" sentence="10" number="22">price</token>
<token t_id="282" sentence="10" number="23">.</token>
<token t_id="283" sentence="11" number="0">Bostic</token>
<token t_id="284" sentence="11" number="1">is</token>
<token t_id="285" sentence="11" number="2">one</token>
<token t_id="286" sentence="11" number="3">of</token>
<token t_id="287" sentence="11" number="4">the</token>
<token t_id="288" sentence="11" number="5">previously</token>
<token t_id="289" sentence="11" number="6">unnamed</token>
<token t_id="290" sentence="11" number="7">units</token>
<token t_id="291" sentence="11" number="8">,</token>
<token t_id="292" sentence="11" number="9">and</token>
<token t_id="293" sentence="11" number="10">the</token>
<token t_id="294" sentence="11" number="11">first</token>
<token t_id="295" sentence="11" number="12">of</token>
<token t_id="296" sentence="11" number="13">the</token>
<token t_id="297" sentence="11" number="14">five</token>
<token t_id="298" sentence="11" number="15">to</token>
<token t_id="299" sentence="11" number="16">be</token>
<token t_id="300" sentence="11" number="17">sold</token>
<token t_id="301" sentence="11" number="18">.</token>
<token t_id="302" sentence="12" number="0">The</token>
<token t_id="303" sentence="12" number="1">company</token>
<token t_id="304" sentence="12" number="2">is</token>
<token t_id="305" sentence="12" number="3">still</token>
<token t_id="306" sentence="12" number="4">negotiating</token>
<token t_id="307" sentence="12" number="5">the</token>
<token t_id="308" sentence="12" number="6">sales</token>
<token t_id="309" sentence="12" number="7">of</token>
<token t_id="310" sentence="12" number="8">the</token>
<token t_id="311" sentence="12" number="9">other</token>
<token t_id="312" sentence="12" number="10">four</token>
<token t_id="313" sentence="12" number="11">units</token>
<token t_id="314" sentence="12" number="12">and</token>
<token t_id="315" sentence="12" number="13">expects</token>
<token t_id="316" sentence="12" number="14">to</token>
<token t_id="317" sentence="12" number="15">announce</token>
<token t_id="318" sentence="12" number="16">agreements</token>
<token t_id="319" sentence="12" number="17">by</token>
<token t_id="320" sentence="12" number="18">the</token>
<token t_id="321" sentence="12" number="19">end</token>
<token t_id="322" sentence="12" number="20">of</token>
<token t_id="323" sentence="12" number="21">the</token>
<token t_id="324" sentence="12" number="22">year</token>
<token t_id="325" sentence="12" number="23">.</token>
<token t_id="326" sentence="13" number="0">The</token>
<token t_id="327" sentence="13" number="1">five</token>
<token t_id="328" sentence="13" number="2">units</token>
<token t_id="329" sentence="13" number="3">generated</token>
<token t_id="330" sentence="13" number="4">sales</token>
<token t_id="331" sentence="13" number="5">of</token>
<token t_id="332" sentence="13" number="6">about</token>
<token t_id="333" sentence="13" number="7">$</token>
<token t_id="334" sentence="13" number="8">1</token>
<token t_id="335" sentence="13" number="9">.</token>
<token t_id="336" sentence="13" number="10">3</token>
<token t_id="337" sentence="13" number="11">billion</token>
<token t_id="338" sentence="13" number="12">in</token>
<token t_id="339" sentence="13" number="13">1988</token>
<token t_id="340" sentence="13" number="14">,</token>
<token t_id="341" sentence="13" number="15">almost</token>
<token t_id="342" sentence="13" number="16">half</token>
<token t_id="343" sentence="13" number="17">of</token>
<token t_id="344" sentence="13" number="18">Emhart</token>
<token t_id="345" sentence="13" number="19">'s</token>
<token t_id="346" sentence="13" number="20">$</token>
<token t_id="347" sentence="13" number="21">2</token>
<token t_id="348" sentence="13" number="22">.</token>
<token t_id="349" sentence="13" number="23">3</token>
<token t_id="350" sentence="13" number="24">billion</token>
<token t_id="351" sentence="13" number="25">revenue</token>
<token t_id="352" sentence="13" number="26">.</token>
<token t_id="353" sentence="14" number="0">Bostic</token>
<token t_id="354" sentence="14" number="1">posted</token>
<token t_id="355" sentence="14" number="2">1988</token>
<token t_id="356" sentence="14" number="3">sales</token>
<token t_id="357" sentence="14" number="4">of</token>
<token t_id="358" sentence="14" number="5">$</token>
<token t_id="359" sentence="14" number="6">255</token>
<token t_id="360" sentence="14" number="7">million</token>
<token t_id="361" sentence="14" number="8">.</token>
<token t_id="362" sentence="15" number="0">``</token>
<token t_id="363" sentence="15" number="1">Our</token>
<token t_id="364" sentence="15" number="2">divestiture</token>
<token t_id="365" sentence="15" number="3">program</token>
<token t_id="366" sentence="15" number="4">is</token>
<token t_id="367" sentence="15" number="5">on</token>
<token t_id="368" sentence="15" number="6">schedule</token>
<token t_id="369" sentence="15" number="7">,</token>
<token t_id="370" sentence="15" number="8">and</token>
<token t_id="371" sentence="15" number="9">we</token>
<token t_id="372" sentence="15" number="10">remain</token>
<token t_id="373" sentence="15" number="11">confident</token>
<token t_id="374" sentence="15" number="12">that</token>
<token t_id="375" sentence="15" number="13">we</token>
<token t_id="376" sentence="15" number="14">will</token>
<token t_id="377" sentence="15" number="15">achieve</token>
<token t_id="378" sentence="15" number="16">our</token>
<token t_id="379" sentence="15" number="17">stated</token>
<token t_id="380" sentence="15" number="18">goal</token>
<token t_id="381" sentence="15" number="19">of</token>
<token t_id="382" sentence="15" number="20">over</token>
<token t_id="383" sentence="15" number="21">$</token>
<token t_id="384" sentence="15" number="22">1</token>
<token t_id="385" sentence="15" number="23">billion</token>
<token t_id="386" sentence="15" number="24">in</token>
<token t_id="387" sentence="15" number="25">net</token>
<token t_id="388" sentence="15" number="26">proceeds</token>
<token t_id="389" sentence="15" number="27">,</token>
<token t_id="390" sentence="15" number="28">''</token>
<token t_id="391" sentence="15" number="29">said</token>
<token t_id="392" sentence="15" number="30">Nolan</token>
<token t_id="393" sentence="15" number="31">D</token>
<token t_id="394" sentence="15" number="32">.</token>
<token t_id="395" sentence="15" number="33">Archibald</token>
<token t_id="396" sentence="15" number="34">,</token>
<token t_id="397" sentence="15" number="35">Black</token>
<token t_id="398" sentence="15" number="36">&amp;amp</token>
<token t_id="399" sentence="15" number="37">;</token>
<token t_id="400" sentence="15" number="38">Decker</token>
<token t_id="401" sentence="15" number="39">'s</token>
<token t_id="402" sentence="15" number="40">president</token>
<token t_id="403" sentence="15" number="41">and</token>
<token t_id="404" sentence="15" number="42">chief</token>
<token t_id="405" sentence="15" number="43">executive</token>
<token t_id="406" sentence="15" number="44">officer</token>
<token t_id="407" sentence="15" number="45">,</token>
<token t_id="408" sentence="15" number="46">in</token>
<token t_id="409" sentence="15" number="47">a</token>
<token t_id="410" sentence="15" number="48">statement</token>
<token t_id="411" sentence="15" number="49">.</token>
<token t_id="412" sentence="16" number="0">The</token>
<token t_id="413" sentence="16" number="1">sales</token>
<token t_id="414" sentence="16" number="2">are</token>
<token t_id="415" sentence="16" number="3">an</token>
<token t_id="416" sentence="16" number="4">attempt</token>
<token t_id="417" sentence="16" number="5">to</token>
<token t_id="418" sentence="16" number="6">quell</token>
<token t_id="419" sentence="16" number="7">investor</token>
<token t_id="420" sentence="16" number="8">concern</token>
<token t_id="421" sentence="16" number="9">about</token>
<token t_id="422" sentence="16" number="10">Black</token>
<token t_id="423" sentence="16" number="11">&amp;amp</token>
<token t_id="424" sentence="16" number="12">;</token>
<token t_id="425" sentence="16" number="13">Decker</token>
<token t_id="426" sentence="16" number="14">'s</token>
<token t_id="427" sentence="16" number="15">increased</token>
<token t_id="428" sentence="16" number="16">debt</token>
<token t_id="429" sentence="16" number="17">burden</token>
<token t_id="430" sentence="16" number="18">from</token>
<token t_id="431" sentence="16" number="19">the</token>
<token t_id="432" sentence="16" number="20">Emhart</token>
<token t_id="433" sentence="16" number="21">purchase</token>
<token t_id="434" sentence="16" number="22">.</token>
<token t_id="435" sentence="17" number="0">The</token>
<token t_id="436" sentence="17" number="1">company</token>
<token t_id="437" sentence="17" number="2">'s</token>
<token t_id="438" sentence="17" number="3">stock</token>
<token t_id="439" sentence="17" number="4">plunged</token>
<token t_id="440" sentence="17" number="5">when</token>
<token t_id="441" sentence="17" number="6">it</token>
<token t_id="442" sentence="17" number="7">first</token>
<token t_id="443" sentence="17" number="8">announced</token>
<token t_id="444" sentence="17" number="9">that</token>
<token t_id="445" sentence="17" number="10">it</token>
<token t_id="446" sentence="17" number="11">planned</token>
<token t_id="447" sentence="17" number="12">to</token>
<token t_id="448" sentence="17" number="13">acquire</token>
<token t_id="449" sentence="17" number="14">Emhart</token>
<token t_id="450" sentence="17" number="15">.</token>
<token t_id="451" sentence="18" number="0">The</token>
<token t_id="452" sentence="18" number="1">company</token>
<token t_id="453" sentence="18" number="2">maintains</token>
<token t_id="454" sentence="18" number="3">that</token>
<token t_id="455" sentence="18" number="4">it</token>
<token t_id="456" sentence="18" number="5">does</token>
<token t_id="457" sentence="18" number="6">n't</token>
<token t_id="458" sentence="18" number="7">expect</token>
<token t_id="459" sentence="18" number="8">Emhart</token>
<token t_id="460" sentence="18" number="9">to</token>
<token t_id="461" sentence="18" number="10">contribute</token>
<token t_id="462" sentence="18" number="11">to</token>
<token t_id="463" sentence="18" number="12">earnings</token>
<token t_id="464" sentence="18" number="13">for</token>
<token t_id="465" sentence="18" number="14">about</token>
<token t_id="466" sentence="18" number="15">another</token>
<token t_id="467" sentence="18" number="16">12</token>
<token t_id="468" sentence="18" number="17">months</token>
<token t_id="469" sentence="18" number="18">.</token>
<token t_id="470" sentence="19" number="0">In</token>
<token t_id="471" sentence="19" number="1">composite</token>
<token t_id="472" sentence="19" number="2">trading</token>
<token t_id="473" sentence="19" number="3">on</token>
<token t_id="474" sentence="19" number="4">the</token>
<token t_id="475" sentence="19" number="5">New</token>
<token t_id="476" sentence="19" number="6">York</token>
<token t_id="477" sentence="19" number="7">Stock</token>
<token t_id="478" sentence="19" number="8">Exchange</token>
<token t_id="479" sentence="19" number="9">,</token>
<token t_id="480" sentence="19" number="10">Black</token>
<token t_id="481" sentence="19" number="11">&amp;amp</token>
<token t_id="482" sentence="19" number="12">;</token>
<token t_id="483" sentence="19" number="13">Decker</token>
<token t_id="484" sentence="19" number="14">closed</token>
<token t_id="485" sentence="19" number="15">at</token>
<token t_id="486" sentence="19" number="16">$</token>
<token t_id="487" sentence="19" number="17">19</token>
<token t_id="488" sentence="19" number="18">.</token>
<token t_id="489" sentence="19" number="19">75</token>
<token t_id="490" sentence="19" number="20">yesterday</token>
<token t_id="491" sentence="19" number="21">,</token>
<token t_id="492" sentence="19" number="22">down</token>
<token t_id="493" sentence="19" number="23">25</token>
<token t_id="494" sentence="19" number="24">cents</token>
<token t_id="495" sentence="19" number="25">.</token>
<token t_id="496" sentence="20" number="0">The</token>
<token t_id="497" sentence="20" number="1">company</token>
<token t_id="498" sentence="20" number="2">did</token>
<token t_id="499" sentence="20" number="3">n't</token>
<token t_id="500" sentence="20" number="4">announce</token>
<token t_id="501" sentence="20" number="5">the</token>
<token t_id="502" sentence="20" number="6">sale</token>
<token t_id="503" sentence="20" number="7">until</token>
<token t_id="504" sentence="20" number="8">after</token>
<token t_id="505" sentence="20" number="9">the</token>
<token t_id="506" sentence="20" number="10">close</token>
<token t_id="507" sentence="20" number="11">of</token>
<token t_id="508" sentence="20" number="12">the</token>
<token t_id="509" sentence="20" number="13">market</token>
<token t_id="510" sentence="20" number="14">.</token>


<Markables>
<ARGUMENTATIVE m_id="27" comment="" conversational-direct="TRUE" conversational-reported="FALSE"  >
<token_anchor t_id="370"/>
<token_anchor t_id="371"/>
<token_anchor t_id="372"/>
<token_anchor t_id="373"/>
</ARGUMENTATIVE>
<DESCRIPTIVE m_id="44" Type="Other" comment="" conversational-direct="TRUE" conversational-reported="FALSE"  >
<token_anchor t_id="362"/>
<token_anchor t_id="363"/>
<token_anchor t_id="364"/>
<token_anchor t_id="365"/>
<token_anchor t_id="366"/>
<token_anchor t_id="367"/>
<token_anchor t_id="368"/>
<token_anchor t_id="369"/>
</DESCRIPTIVE>
<DESCRIPTIVE m_id="46" Type="Other" comment="" conversational-direct="FALSE" conversational-reported="FALSE"  >
<token_anchor t_id="412"/>
<token_anchor t_id="413"/>
<token_anchor t_id="414"/>
<token_anchor t_id="415"/>
<token_anchor t_id="416"/>
</DESCRIPTIVE>
<DESCRIPTIVE m_id="35" Type="Other" comment="" conversational-direct="FALSE" conversational-reported="FALSE"  >
<token_anchor t_id="34"/>
<token_anchor t_id="35"/>
<token_anchor t_id="36"/>
<token_anchor t_id="37"/>
<token_anchor t_id="38"/>
<token_anchor t_id="39"/>
<token_anchor t_id="40"/>
<token_anchor t_id="41"/>
</DESCRIPTIVE>
<NARRATIVE m_id="41" Level="Primary" comment="" conversational-direct="FALSE" conversational-reported="FALSE"  >
<token_anchor t_id="283"/>
<token_anchor t_id="284"/>
<token_anchor t_id="285"/>
<token_anchor t_id="286"/>
<token_anchor t_id="287"/>
<token_anchor t_id="288"/>
<token_anchor t_id="289"/>
<token_anchor t_id="290"/>
<token_anchor t_id="291"/>
</NARRATIVE>
<NARRATIVE m_id="9" Level="Primary" comment="" conversational-direct="FALSE" conversational-reported="FALSE"  >
<token_anchor t_id="451"/>
<token_anchor t_id="452"/>
<token_anchor t_id="453"/>
</NARRATIVE>
<NARRATIVE m_id="42" Level="Primary" comment="" conversational-direct="FALSE" conversational-reported="FALSE"  >
<token_anchor t_id="292"/>
<token_anchor t_id="293"/>
<token_anchor t_id="294"/>
<token_anchor t_id="295"/>
<token_anchor t_id="296"/>
<token_anchor t_id="297"/>
<token_anchor t_id="298"/>
<token_anchor t_id="299"/>
<token_anchor t_id="300"/>
<token_anchor t_id="301"/>
</NARRATIVE>
<NARRATIVE m_id="10" Level="Primary" comment="" conversational-direct="FALSE" conversational-reported="TRUE"  >
<token_anchor t_id="118"/>
<token_anchor t_id="119"/>
<token_anchor t_id="120"/>
<token_anchor t_id="121"/>
<token_anchor t_id="122"/>
<token_anchor t_id="123"/>
<token_anchor t_id="124"/>
<token_anchor t_id="125"/>
<token_anchor t_id="126"/>
<token_anchor t_id="127"/>
<token_anchor t_id="128"/>
<token_anchor t_id="129"/>
<token_anchor t_id="130"/>
<token_anchor t_id="131"/>
<token_anchor t_id="132"/>
<token_anchor t_id="133"/>
<token_anchor t_id="134"/>
<token_anchor t_id="135"/>
</NARRATIVE>
<NARRATIVE m_id="43" Level="Primary" comment="" conversational-direct="FALSE" conversational-reported="TRUE"  >
<token_anchor t_id="316"/>
<token_anchor t_id="317"/>
<token_anchor t_id="318"/>
<token_anchor t_id="319"/>
<token_anchor t_id="320"/>
<token_anchor t_id="321"/>
<token_anchor t_id="322"/>
<token_anchor t_id="323"/>
<token_anchor t_id="324"/>
<token_anchor t_id="325"/>
</NARRATIVE>
<NARRATIVE m_id="11" Level="Primary" comment="" conversational-direct="FALSE" conversational-reported="FALSE"  >
<token_anchor t_id="136"/>
<token_anchor t_id="137"/>
<token_anchor t_id="138"/>
<token_anchor t_id="139"/>
<token_anchor t_id="140"/>
<token_anchor t_id="141"/>
<token_anchor t_id="142"/>
<token_anchor t_id="143"/>
<token_anchor t_id="144"/>
<token_anchor t_id="145"/>
<token_anchor t_id="146"/>
<token_anchor t_id="147"/>
</NARRATIVE>
<NARRATIVE m_id="12" Level="Primary" comment="" conversational-direct="FALSE" conversational-reported="FALSE"  >
<token_anchor t_id="148"/>
<token_anchor t_id="149"/>
<token_anchor t_id="150"/>
<token_anchor t_id="151"/>
<token_anchor t_id="152"/>
<token_anchor t_id="153"/>
<token_anchor t_id="154"/>
<token_anchor t_id="155"/>
</NARRATIVE>
<NARRATIVE m_id="45" Level="Primary" comment="" conversational-direct="TRUE" conversational-reported="FALSE"  >
<token_anchor t_id="374"/>
<token_anchor t_id="375"/>
<token_anchor t_id="376"/>
<token_anchor t_id="377"/>
<token_anchor t_id="378"/>
<token_anchor t_id="379"/>
<token_anchor t_id="380"/>
<token_anchor t_id="381"/>
<token_anchor t_id="382"/>
<token_anchor t_id="383"/>
<token_anchor t_id="384"/>
<token_anchor t_id="385"/>
<token_anchor t_id="386"/>
<token_anchor t_id="387"/>
<token_anchor t_id="388"/>
<token_anchor t_id="389"/>
<token_anchor t_id="390"/>
</NARRATIVE>
<NARRATIVE m_id="13" Level="Primary" comment="" conversational-direct="FALSE" conversational-reported="FALSE"  >
<token_anchor t_id="156"/>
<token_anchor t_id="157"/>
<token_anchor t_id="158"/>
<token_anchor t_id="159"/>
<token_anchor t_id="160"/>
<token_anchor t_id="161"/>
<token_anchor t_id="162"/>
<token_anchor t_id="163"/>
<token_anchor t_id="164"/>
<token_anchor t_id="165"/>
<token_anchor t_id="166"/>
<token_anchor t_id="167"/>
<token_anchor t_id="168"/>
<token_anchor t_id="169"/>
<token_anchor t_id="170"/>
<token_anchor t_id="171"/>
<token_anchor t_id="172"/>
<token_anchor t_id="173"/>
<token_anchor t_id="174"/>
<token_anchor t_id="175"/>
</NARRATIVE>
<NARRATIVE m_id="14" Level="Primary" comment="" conversational-direct="FALSE" conversational-reported="FALSE"  >
<token_anchor t_id="201"/>
<token_anchor t_id="202"/>
<token_anchor t_id="203"/>
<token_anchor t_id="204"/>
<token_anchor t_id="205"/>
<token_anchor t_id="206"/>
<token_anchor t_id="207"/>
<token_anchor t_id="208"/>
<token_anchor t_id="209"/>
<token_anchor t_id="210"/>
<token_anchor t_id="211"/>
<token_anchor t_id="212"/>
<token_anchor t_id="213"/>
<token_anchor t_id="214"/>
<token_anchor t_id="215"/>
<token_anchor t_id="216"/>
<token_anchor t_id="217"/>
<token_anchor t_id="218"/>
<token_anchor t_id="219"/>
<token_anchor t_id="220"/>
<token_anchor t_id="221"/>
<token_anchor t_id="222"/>
<token_anchor t_id="223"/>
<token_anchor t_id="224"/>
<token_anchor t_id="225"/>
<token_anchor t_id="226"/>
<token_anchor t_id="227"/>
<token_anchor t_id="228"/>
<token_anchor t_id="229"/>
<token_anchor t_id="230"/>
<token_anchor t_id="231"/>
<token_anchor t_id="232"/>
</NARRATIVE>
<NARRATIVE m_id="47" Level="Primary" comment="" conversational-direct="FALSE" conversational-reported="FALSE"  >
<token_anchor t_id="417"/>
<token_anchor t_id="418"/>
<token_anchor t_id="419"/>
<token_anchor t_id="420"/>
<token_anchor t_id="421"/>
<token_anchor t_id="422"/>
<token_anchor t_id="423"/>
<token_anchor t_id="424"/>
<token_anchor t_id="425"/>
<token_anchor t_id="426"/>
<token_anchor t_id="427"/>
<token_anchor t_id="428"/>
<token_anchor t_id="429"/>
<token_anchor t_id="430"/>
<token_anchor t_id="431"/>
<token_anchor t_id="432"/>
<token_anchor t_id="433"/>
<token_anchor t_id="434"/>
</NARRATIVE>
<NARRATIVE m_id="15" Level="Primary" comment="" conversational-direct="FALSE" conversational-reported="FALSE"  >
<token_anchor t_id="233"/>
<token_anchor t_id="234"/>
<token_anchor t_id="235"/>
<token_anchor t_id="236"/>
<token_anchor t_id="237"/>
<token_anchor t_id="238"/>
<token_anchor t_id="239"/>
<token_anchor t_id="240"/>
<token_anchor t_id="241"/>
<token_anchor t_id="242"/>
<token_anchor t_id="243"/>
<token_anchor t_id="244"/>
<token_anchor t_id="245"/>
</NARRATIVE>
<NARRATIVE m_id="48" Level="Primary" comment="" conversational-direct="FALSE" conversational-reported="TRUE"  >
<token_anchor t_id="454"/>
<token_anchor t_id="455"/>
<token_anchor t_id="456"/>
<token_anchor t_id="457"/>
<token_anchor t_id="458"/>
<token_anchor t_id="459"/>
</NARRATIVE>
<NARRATIVE m_id="16" Level="Primary" comment="" conversational-direct="FALSE" conversational-reported="FALSE"  >
<token_anchor t_id="246"/>
<token_anchor t_id="247"/>
<token_anchor t_id="248"/>
<token_anchor t_id="249"/>
<token_anchor t_id="250"/>
<token_anchor t_id="251"/>
<token_anchor t_id="252"/>
<token_anchor t_id="253"/>
<token_anchor t_id="254"/>
<token_anchor t_id="255"/>
<token_anchor t_id="256"/>
<token_anchor t_id="257"/>
<token_anchor t_id="258"/>
</NARRATIVE>
<NARRATIVE m_id="49" Level="Primary" comment="" conversational-direct="FALSE" conversational-reported="TRUE"  >
<token_anchor t_id="460"/>
<token_anchor t_id="461"/>
<token_anchor t_id="462"/>
<token_anchor t_id="463"/>
<token_anchor t_id="464"/>
<token_anchor t_id="465"/>
<token_anchor t_id="466"/>
<token_anchor t_id="467"/>
<token_anchor t_id="468"/>
<token_anchor t_id="469"/>
</NARRATIVE>
<NARRATIVE m_id="17" Level="Primary" comment="" conversational-direct="FALSE" conversational-reported="TRUE"  >
<token_anchor t_id="268"/>
<token_anchor t_id="269"/>
<token_anchor t_id="270"/>
<token_anchor t_id="271"/>
<token_anchor t_id="272"/>
<token_anchor t_id="273"/>
<token_anchor t_id="274"/>
<token_anchor t_id="275"/>
</NARRATIVE>
<NARRATIVE m_id="18" Level="Primary" comment="" conversational-direct="FALSE" conversational-reported="TRUE"  >
<token_anchor t_id="276"/>
<token_anchor t_id="277"/>
<token_anchor t_id="278"/>
<token_anchor t_id="279"/>
<token_anchor t_id="280"/>
<token_anchor t_id="281"/>
<token_anchor t_id="282"/>
</NARRATIVE>
<NARRATIVE m_id="19" Level="Primary" comment="" conversational-direct="FALSE" conversational-reported="FALSE"  >
<token_anchor t_id="302"/>
<token_anchor t_id="303"/>
<token_anchor t_id="304"/>
<token_anchor t_id="305"/>
<token_anchor t_id="306"/>
<token_anchor t_id="307"/>
<token_anchor t_id="308"/>
<token_anchor t_id="309"/>
<token_anchor t_id="310"/>
<token_anchor t_id="311"/>
<token_anchor t_id="312"/>
<token_anchor t_id="313"/>
</NARRATIVE>
<NARRATIVE m_id="20" Level="" comment="" conversational-direct="FALSE" conversational-reported="FALSE"  >
<token_anchor t_id="326"/>
<token_anchor t_id="327"/>
<token_anchor t_id="328"/>
<token_anchor t_id="329"/>
<token_anchor t_id="330"/>
<token_anchor t_id="331"/>
<token_anchor t_id="332"/>
<token_anchor t_id="333"/>
<token_anchor t_id="334"/>
<token_anchor t_id="335"/>
<token_anchor t_id="336"/>
<token_anchor t_id="337"/>
<token_anchor t_id="338"/>
<token_anchor t_id="339"/>
<token_anchor t_id="340"/>
<token_anchor t_id="341"/>
<token_anchor t_id="342"/>
<token_anchor t_id="343"/>
<token_anchor t_id="344"/>
<token_anchor t_id="345"/>
<token_anchor t_id="346"/>
<token_anchor t_id="347"/>
<token_anchor t_id="348"/>
<token_anchor t_id="349"/>
<token_anchor t_id="350"/>
<token_anchor t_id="351"/>
</NARRATIVE>
<NARRATIVE m_id="21" Level="Primary" comment="" conversational-direct="FALSE" conversational-reported="FALSE"  >
<token_anchor t_id="353"/>
<token_anchor t_id="354"/>
<token_anchor t_id="355"/>
<token_anchor t_id="356"/>
<token_anchor t_id="357"/>
<token_anchor t_id="358"/>
<token_anchor t_id="359"/>
<token_anchor t_id="360"/>
</NARRATIVE>
<NARRATIVE m_id="22" Level="Primary" comment="" conversational-direct="FALSE" conversational-reported="FALSE"  >
<token_anchor t_id="435"/>
<token_anchor t_id="436"/>
<token_anchor t_id="437"/>
<token_anchor t_id="438"/>
<token_anchor t_id="439"/>
</NARRATIVE>
<NARRATIVE m_id="23" Level="Primary" comment="" conversational-direct="FALSE" conversational-reported="TRUE"  >
<token_anchor t_id="444"/>
<token_anchor t_id="445"/>
<token_anchor t_id="446"/>
</NARRATIVE>
<NARRATIVE m_id="24" Level="Primary" comment="" conversational-direct="FALSE" conversational-reported="FALSE"  >
<token_anchor t_id="61"/>
<token_anchor t_id="62"/>
<token_anchor t_id="63"/>
<token_anchor t_id="64"/>
<token_anchor t_id="65"/>
<token_anchor t_id="66"/>
<token_anchor t_id="67"/>
<token_anchor t_id="68"/>
</NARRATIVE>
<NARRATIVE m_id="25" Level="Primary" comment="" conversational-direct="FALSE" conversational-reported="TRUE"  >
<token_anchor t_id="447"/>
<token_anchor t_id="448"/>
<token_anchor t_id="449"/>
<token_anchor t_id="450"/>
</NARRATIVE>
<NARRATIVE m_id="26" Level="Primary" comment="" conversational-direct="FALSE" conversational-reported="FALSE"  >
<token_anchor t_id="100"/>
<token_anchor t_id="101"/>
<token_anchor t_id="102"/>
<token_anchor t_id="103"/>
<token_anchor t_id="104"/>
<token_anchor t_id="105"/>
<token_anchor t_id="106"/>
<token_anchor t_id="107"/>
<token_anchor t_id="108"/>
<token_anchor t_id="109"/>
<token_anchor t_id="110"/>
<token_anchor t_id="111"/>
<token_anchor t_id="112"/>
<token_anchor t_id="113"/>
<token_anchor t_id="114"/>
<token_anchor t_id="115"/>
</NARRATIVE>
<NARRATIVE m_id="28" Level="Primary" comment="" conversational-direct="FALSE" conversational-reported="FALSE"  >
<token_anchor t_id="470"/>
<token_anchor t_id="471"/>
<token_anchor t_id="472"/>
<token_anchor t_id="473"/>
<token_anchor t_id="474"/>
<token_anchor t_id="475"/>
<token_anchor t_id="476"/>
<token_anchor t_id="477"/>
<token_anchor t_id="478"/>
<token_anchor t_id="479"/>
<token_anchor t_id="480"/>
<token_anchor t_id="481"/>
<token_anchor t_id="482"/>
<token_anchor t_id="483"/>
<token_anchor t_id="484"/>
<token_anchor t_id="485"/>
<token_anchor t_id="486"/>
<token_anchor t_id="487"/>
<token_anchor t_id="488"/>
<token_anchor t_id="489"/>
<token_anchor t_id="490"/>
<token_anchor t_id="491"/>
<token_anchor t_id="492"/>
<token_anchor t_id="493"/>
<token_anchor t_id="494"/>
<token_anchor t_id="495"/>
</NARRATIVE>
<NARRATIVE m_id="29" Level="Primary" comment="" conversational-direct="FALSE" conversational-reported="FALSE"  >
<token_anchor t_id="496"/>
<token_anchor t_id="497"/>
<token_anchor t_id="498"/>
<token_anchor t_id="499"/>
<token_anchor t_id="500"/>
<token_anchor t_id="501"/>
<token_anchor t_id="502"/>
<token_anchor t_id="503"/>
<token_anchor t_id="504"/>
<token_anchor t_id="505"/>
<token_anchor t_id="506"/>
<token_anchor t_id="507"/>
<token_anchor t_id="508"/>
<token_anchor t_id="509"/>
<token_anchor t_id="510"/>
</NARRATIVE>
<NARRATIVE m_id="30" Level="Primary" comment="" conversational-direct="FALSE" conversational-reported="TRUE"  >
<token_anchor t_id="8"/>
<token_anchor t_id="9"/>
</NARRATIVE>
<NARRATIVE m_id="31" Level="Primary" comment="" conversational-direct="FALSE" conversational-reported="TRUE"  >
<token_anchor t_id="10"/>
<token_anchor t_id="11"/>
<token_anchor t_id="12"/>
<token_anchor t_id="13"/>
<token_anchor t_id="14"/>
<token_anchor t_id="15"/>
<token_anchor t_id="16"/>
<token_anchor t_id="17"/>
<token_anchor t_id="18"/>
<token_anchor t_id="19"/>
<token_anchor t_id="20"/>
<token_anchor t_id="21"/>
<token_anchor t_id="22"/>
<token_anchor t_id="23"/>
<token_anchor t_id="24"/>
<token_anchor t_id="25"/>
<token_anchor t_id="26"/>
<token_anchor t_id="27"/>
<token_anchor t_id="28"/>
<token_anchor t_id="29"/>
<token_anchor t_id="30"/>
<token_anchor t_id="31"/>
<token_anchor t_id="32"/>
<token_anchor t_id="33"/>
</NARRATIVE>
<NARRATIVE m_id="32" Level="Primary" comment="" conversational-direct="FALSE" conversational-reported="TRUE"  >
<token_anchor t_id="76"/>
<token_anchor t_id="77"/>
<token_anchor t_id="78"/>
<token_anchor t_id="79"/>
<token_anchor t_id="80"/>
<token_anchor t_id="81"/>
<token_anchor t_id="82"/>
<token_anchor t_id="83"/>
<token_anchor t_id="84"/>
<token_anchor t_id="85"/>
<token_anchor t_id="86"/>
<token_anchor t_id="87"/>
</NARRATIVE>
<NARRATIVE m_id="1" Level="Primary" comment="" conversational-direct="FALSE" conversational-reported="FALSE"  >
<token_anchor t_id="176"/>
<token_anchor t_id="177"/>
<token_anchor t_id="178"/>
<token_anchor t_id="179"/>
</NARRATIVE>
<NARRATIVE m_id="33" Level="Primary" comment="" conversational-direct="FALSE" conversational-reported="FALSE"  >
<token_anchor t_id="45"/>
<token_anchor t_id="46"/>
<token_anchor t_id="47"/>
<token_anchor t_id="48"/>
<token_anchor t_id="49"/>
<token_anchor t_id="50"/>
<token_anchor t_id="51"/>
<token_anchor t_id="52"/>
<token_anchor t_id="53"/>
<token_anchor t_id="54"/>
<token_anchor t_id="55"/>
<token_anchor t_id="56"/>
<token_anchor t_id="57"/>
</NARRATIVE>
<NARRATIVE m_id="2" Level="Primary" comment="" conversational-direct="FALSE" conversational-reported="FALSE"  >
<token_anchor t_id="259"/>
<token_anchor t_id="260"/>
<token_anchor t_id="261"/>
<token_anchor t_id="262"/>
<token_anchor t_id="263"/>
<token_anchor t_id="264"/>
<token_anchor t_id="265"/>
<token_anchor t_id="266"/>
<token_anchor t_id="267"/>
</NARRATIVE>
<NARRATIVE m_id="34" Level="Primary" comment="" conversational-direct="FALSE" conversational-reported="FALSE"  >
<token_anchor t_id="58"/>
<token_anchor t_id="59"/>
<token_anchor t_id="60"/>
</NARRATIVE>
<NARRATIVE m_id="3" Level="Primary" comment="" conversational-direct="FALSE" conversational-reported="FALSE"  >
<token_anchor t_id="314"/>
<token_anchor t_id="315"/>
</NARRATIVE>
<NARRATIVE m_id="4" Level="Primary" comment="" conversational-direct="FALSE" conversational-reported="FALSE"  >
<token_anchor t_id="391"/>
<token_anchor t_id="392"/>
<token_anchor t_id="393"/>
<token_anchor t_id="394"/>
<token_anchor t_id="395"/>
<token_anchor t_id="396"/>
<token_anchor t_id="397"/>
<token_anchor t_id="398"/>
<token_anchor t_id="399"/>
<token_anchor t_id="400"/>
<token_anchor t_id="401"/>
<token_anchor t_id="402"/>
<token_anchor t_id="403"/>
<token_anchor t_id="404"/>
<token_anchor t_id="405"/>
<token_anchor t_id="406"/>
<token_anchor t_id="407"/>
<token_anchor t_id="408"/>
<token_anchor t_id="409"/>
<token_anchor t_id="410"/>
<token_anchor t_id="411"/>
</NARRATIVE>
<NARRATIVE m_id="36" Level="Primary" comment="" conversational-direct="FALSE" conversational-reported="FALSE"  >
<token_anchor t_id="42"/>
<token_anchor t_id="43"/>
<token_anchor t_id="44"/>
</NARRATIVE>
<NARRATIVE m_id="5" Level="Primary" comment="" conversational-direct="FALSE" conversational-reported="FALSE"  >
<token_anchor t_id="1"/>
<token_anchor t_id="2"/>
<token_anchor t_id="3"/>
<token_anchor t_id="4"/>
<token_anchor t_id="5"/>
<token_anchor t_id="6"/>
<token_anchor t_id="7"/>
</NARRATIVE>
<NARRATIVE m_id="37" Level="Primary" comment="" conversational-direct="FALSE" conversational-reported="TRUE"  >
<token_anchor t_id="74"/>
<token_anchor t_id="75"/>
</NARRATIVE>
<NARRATIVE m_id="6" Level="Primary" comment="" conversational-direct="FALSE" conversational-reported="FALSE"  >
<token_anchor t_id="69"/>
<token_anchor t_id="70"/>
<token_anchor t_id="71"/>
<token_anchor t_id="72"/>
<token_anchor t_id="73"/>
</NARRATIVE>
<NARRATIVE m_id="38" Level="Primary" comment="" conversational-direct="FALSE" conversational-reported="TRUE"  >
<token_anchor t_id="88"/>
<token_anchor t_id="89"/>
<token_anchor t_id="90"/>
<token_anchor t_id="91"/>
<token_anchor t_id="92"/>
<token_anchor t_id="93"/>
<token_anchor t_id="94"/>
<token_anchor t_id="95"/>
<token_anchor t_id="96"/>
<token_anchor t_id="97"/>
<token_anchor t_id="98"/>
<token_anchor t_id="99"/>
</NARRATIVE>
<NARRATIVE m_id="7" Level="Primary" comment="" conversational-direct="FALSE" conversational-reported="FALSE"  >
<token_anchor t_id="440"/>
<token_anchor t_id="441"/>
<token_anchor t_id="442"/>
<token_anchor t_id="443"/>
</NARRATIVE>
<NARRATIVE m_id="39" Level="Primary" comment="" conversational-direct="FALSE" conversational-reported="TRUE"  >
<token_anchor t_id="180"/>
<token_anchor t_id="181"/>
</NARRATIVE>
<NARRATIVE m_id="40" Level="Primary" comment="" conversational-direct="FALSE" conversational-reported="TRUE"  >
<token_anchor t_id="182"/>
<token_anchor t_id="183"/>
<token_anchor t_id="184"/>
<token_anchor t_id="185"/>
<token_anchor t_id="186"/>
<token_anchor t_id="187"/>
<token_anchor t_id="188"/>
<token_anchor t_id="189"/>
<token_anchor t_id="190"/>
<token_anchor t_id="191"/>
<token_anchor t_id="192"/>
<token_anchor t_id="193"/>
<token_anchor t_id="194"/>
<token_anchor t_id="195"/>
<token_anchor t_id="196"/>
<token_anchor t_id="197"/>
<token_anchor t_id="198"/>
<token_anchor t_id="199"/>
<token_anchor t_id="200"/>
</NARRATIVE>
<NARRATIVE m_id="8" Level="Primary" comment="" conversational-direct="FALSE" conversational-reported="FALSE"  >
<token_anchor t_id="116"/>
<token_anchor t_id="117"/>
</NARRATIVE>


</Markables>

<Relations>
</Relations>
</Document>
