<Document doc_name="wsj_0977.xml.conll.txt">
<token t_id="1" sentence="0" number="0">Merksamer</token>
<token t_id="2" sentence="0" number="1">Jewelers</token>
<token t_id="3" sentence="0" number="2">Inc</token>
<token t_id="4" sentence="0" number="3">.</token>
<token t_id="5" sentence="0" number="4">,</token>
<token t_id="6" sentence="0" number="5">a</token>
<token t_id="7" sentence="0" number="6">fast</token>
<token t_id="8" sentence="0" number="7">-</token>
<token t_id="9" sentence="0" number="8">growing</token>
<token t_id="10" sentence="0" number="9">jewelry</token>
<token t_id="11" sentence="0" number="10">store</token>
<token t_id="12" sentence="0" number="11">chain</token>
<token t_id="13" sentence="0" number="12">,</token>
<token t_id="14" sentence="0" number="13">filed</token>
<token t_id="15" sentence="0" number="14">for</token>
<token t_id="16" sentence="0" number="15">Chapter</token>
<token t_id="17" sentence="0" number="16">11</token>
<token t_id="18" sentence="0" number="17">bankruptcy</token>
<token t_id="19" sentence="0" number="18">-</token>
<token t_id="20" sentence="0" number="19">law</token>
<token t_id="21" sentence="0" number="20">protection</token>
<token t_id="22" sentence="0" number="21">from</token>
<token t_id="23" sentence="0" number="22">creditors</token>
<token t_id="24" sentence="0" number="23">,</token>
<token t_id="25" sentence="0" number="24">apparently</token>
<token t_id="26" sentence="0" number="25">to</token>
<token t_id="27" sentence="0" number="26">speed</token>
<token t_id="28" sentence="0" number="27">a</token>
<token t_id="29" sentence="0" number="28">management</token>
<token t_id="30" sentence="0" number="29">buy</token>
<token t_id="31" sentence="0" number="30">-</token>
<token t_id="32" sentence="0" number="31">out</token>
<token t_id="33" sentence="0" number="32">of</token>
<token t_id="34" sentence="0" number="33">the</token>
<token t_id="35" sentence="0" number="34">chain</token>
<token t_id="36" sentence="0" number="35">.</token>
<token t_id="37" sentence="1" number="0">The</token>
<token t_id="38" sentence="1" number="1">filing</token>
<token t_id="39" sentence="1" number="2">,</token>
<token t_id="40" sentence="1" number="3">made</token>
<token t_id="41" sentence="1" number="4">yesterday</token>
<token t_id="42" sentence="1" number="5">in</token>
<token t_id="43" sentence="1" number="6">U</token>
<token t_id="44" sentence="1" number="7">.</token>
<token t_id="45" sentence="1" number="8">S</token>
<token t_id="46" sentence="1" number="9">.</token>
<token t_id="47" sentence="1" number="10">Bankruptcy</token>
<token t_id="48" sentence="1" number="11">Court</token>
<token t_id="49" sentence="1" number="12">here</token>
<token t_id="50" sentence="1" number="13">,</token>
<token t_id="51" sentence="1" number="14">follows</token>
<token t_id="52" sentence="1" number="15">an</token>
<token t_id="53" sentence="1" number="16">agreement</token>
<token t_id="54" sentence="1" number="17">by</token>
<token t_id="55" sentence="1" number="18">L</token>
<token t_id="56" sentence="1" number="19">.</token>
<token t_id="57" sentence="1" number="20">J</token>
<token t_id="58" sentence="1" number="21">.</token>
<token t_id="59" sentence="1" number="22">Hooker</token>
<token t_id="60" sentence="1" number="23">Corp</token>
<token t_id="61" sentence="1" number="24">.</token>
<token t_id="62" sentence="1" number="25">,</token>
<token t_id="63" sentence="1" number="26">Merksamer</token>
<token t_id="64" sentence="1" number="27">'s</token>
<token t_id="65" sentence="1" number="28">owner</token>
<token t_id="66" sentence="1" number="29">,</token>
<token t_id="67" sentence="1" number="30">to</token>
<token t_id="68" sentence="1" number="31">sell</token>
<token t_id="69" sentence="1" number="32">the</token>
<token t_id="70" sentence="1" number="33">chain</token>
<token t_id="71" sentence="1" number="34">to</token>
<token t_id="72" sentence="1" number="35">management</token>
<token t_id="73" sentence="1" number="36">for</token>
<token t_id="74" sentence="1" number="37">an</token>
<token t_id="75" sentence="1" number="38">undisclosed</token>
<token t_id="76" sentence="1" number="39">price</token>
<token t_id="77" sentence="1" number="40">.</token>
<token t_id="78" sentence="2" number="0">GE</token>
<token t_id="79" sentence="2" number="1">Capital</token>
<token t_id="80" sentence="2" number="2">Corp</token>
<token t_id="81" sentence="2" number="3">.</token>
<token t_id="82" sentence="2" number="4">,</token>
<token t_id="83" sentence="2" number="5">a</token>
<token t_id="84" sentence="2" number="6">financial</token>
<token t_id="85" sentence="2" number="7">services</token>
<token t_id="86" sentence="2" number="8">subsidiary</token>
<token t_id="87" sentence="2" number="9">of</token>
<token t_id="88" sentence="2" number="10">General</token>
<token t_id="89" sentence="2" number="11">Electric</token>
<token t_id="90" sentence="2" number="12">Co</token>
<token t_id="91" sentence="2" number="13">.</token>
<token t_id="92" sentence="2" number="14">,</token>
<token t_id="93" sentence="2" number="15">is</token>
<token t_id="94" sentence="2" number="16">providing</token>
<token t_id="95" sentence="2" number="17">Merksamer</token>
<token t_id="96" sentence="2" number="18">management</token>
<token t_id="97" sentence="2" number="19">with</token>
<token t_id="98" sentence="2" number="20">$</token>
<token t_id="99" sentence="2" number="21">15</token>
<token t_id="100" sentence="2" number="22">million</token>
<token t_id="101" sentence="2" number="23">in</token>
<token t_id="102" sentence="2" number="24">financing</token>
<token t_id="103" sentence="2" number="25">.</token>
<token t_id="104" sentence="3" number="0">L</token>
<token t_id="105" sentence="3" number="1">.</token>
<token t_id="106" sentence="3" number="2">J</token>
<token t_id="107" sentence="3" number="3">.</token>
<token t_id="108" sentence="3" number="4">Hooker</token>
<token t_id="109" sentence="3" number="5">,</token>
<token t_id="110" sentence="3" number="6">based</token>
<token t_id="111" sentence="3" number="7">in</token>
<token t_id="112" sentence="3" number="8">Atlanta</token>
<token t_id="113" sentence="3" number="9">,</token>
<token t_id="114" sentence="3" number="10">filed</token>
<token t_id="115" sentence="3" number="11">for</token>
<token t_id="116" sentence="3" number="12">Chapter</token>
<token t_id="117" sentence="3" number="13">11</token>
<token t_id="118" sentence="3" number="14">protection</token>
<token t_id="119" sentence="3" number="15">in</token>
<token t_id="120" sentence="3" number="16">August</token>
<token t_id="121" sentence="3" number="17">and</token>
<token t_id="122" sentence="3" number="18">has</token>
<token t_id="123" sentence="3" number="19">also</token>
<token t_id="124" sentence="3" number="20">announced</token>
<token t_id="125" sentence="3" number="21">its</token>
<token t_id="126" sentence="3" number="22">intention</token>
<token t_id="127" sentence="3" number="23">to</token>
<token t_id="128" sentence="3" number="24">sell</token>
<token t_id="129" sentence="3" number="25">its</token>
<token t_id="130" sentence="3" number="26">B</token>
<token t_id="131" sentence="3" number="27">.</token>
<token t_id="132" sentence="3" number="28">Altman</token>
<token t_id="133" sentence="3" number="29">&amp;amp</token>
<token t_id="134" sentence="3" number="30">;</token>
<token t_id="135" sentence="3" number="31">Co</token>
<token t_id="136" sentence="3" number="32">.</token>
<token t_id="137" sentence="3" number="33">department</token>
<token t_id="138" sentence="3" number="34">store</token>
<token t_id="139" sentence="3" number="35">chain</token>
<token t_id="140" sentence="3" number="36">.</token>
<token t_id="141" sentence="4" number="0">L</token>
<token t_id="142" sentence="4" number="1">.</token>
<token t_id="143" sentence="4" number="2">J</token>
<token t_id="144" sentence="4" number="3">.</token>
<token t_id="145" sentence="4" number="4">Hooker</token>
<token t_id="146" sentence="4" number="5">is</token>
<token t_id="147" sentence="4" number="6">owned</token>
<token t_id="148" sentence="4" number="7">by</token>
<token t_id="149" sentence="4" number="8">Hooker</token>
<token t_id="150" sentence="4" number="9">Corp</token>
<token t_id="151" sentence="4" number="10">.</token>
<token t_id="152" sentence="4" number="11">,</token>
<token t_id="153" sentence="4" number="12">Sydney</token>
<token t_id="154" sentence="4" number="13">,</token>
<token t_id="155" sentence="4" number="14">Australia</token>
<token t_id="156" sentence="4" number="15">,</token>
<token t_id="157" sentence="4" number="16">which</token>
<token t_id="158" sentence="4" number="17">itself</token>
<token t_id="159" sentence="4" number="18">is</token>
<token t_id="160" sentence="4" number="19">currently</token>
<token t_id="161" sentence="4" number="20">being</token>
<token t_id="162" sentence="4" number="21">managed</token>
<token t_id="163" sentence="4" number="22">by</token>
<token t_id="164" sentence="4" number="23">a</token>
<token t_id="165" sentence="4" number="24">court</token>
<token t_id="166" sentence="4" number="25">-</token>
<token t_id="167" sentence="4" number="26">appointed</token>
<token t_id="168" sentence="4" number="27">provisional</token>
<token t_id="169" sentence="4" number="28">liquidator</token>
<token t_id="170" sentence="4" number="29">.</token>
<token t_id="171" sentence="5" number="0">L</token>
<token t_id="172" sentence="5" number="1">.</token>
<token t_id="173" sentence="5" number="2">J</token>
<token t_id="174" sentence="5" number="3">.</token>
<token t_id="175" sentence="5" number="4">Hooker</token>
<token t_id="176" sentence="5" number="5">'s</token>
<token t_id="177" sentence="5" number="6">planned</token>
<token t_id="178" sentence="5" number="7">sale</token>
<token t_id="179" sentence="5" number="8">of</token>
<token t_id="180" sentence="5" number="9">Merksamer</token>
<token t_id="181" sentence="5" number="10">is</token>
<token t_id="182" sentence="5" number="11">subject</token>
<token t_id="183" sentence="5" number="12">to</token>
<token t_id="184" sentence="5" number="13">approval</token>
<token t_id="185" sentence="5" number="14">by</token>
<token t_id="186" sentence="5" number="15">Judge</token>
<token t_id="187" sentence="5" number="16">Tina</token>
<token t_id="188" sentence="5" number="17">Brozman</token>
<token t_id="189" sentence="5" number="18">of</token>
<token t_id="190" sentence="5" number="19">U</token>
<token t_id="191" sentence="5" number="20">.</token>
<token t_id="192" sentence="5" number="21">S</token>
<token t_id="193" sentence="5" number="22">.</token>
<token t_id="194" sentence="5" number="23">Bankruptcy</token>
<token t_id="195" sentence="5" number="24">Court</token>
<token t_id="196" sentence="5" number="25">.</token>
<token t_id="197" sentence="6" number="0">Rumors</token>
<token t_id="198" sentence="6" number="1">to</token>
<token t_id="199" sentence="6" number="2">the</token>
<token t_id="200" sentence="6" number="3">effect</token>
<token t_id="201" sentence="6" number="4">that</token>
<token t_id="202" sentence="6" number="5">the</token>
<token t_id="203" sentence="6" number="6">Merksamer</token>
<token t_id="204" sentence="6" number="7">chain</token>
<token t_id="205" sentence="6" number="8">would</token>
<token t_id="206" sentence="6" number="9">file</token>
<token t_id="207" sentence="6" number="10">for</token>
<token t_id="208" sentence="6" number="11">Chapter</token>
<token t_id="209" sentence="6" number="12">11</token>
<token t_id="210" sentence="6" number="13">arose</token>
<token t_id="211" sentence="6" number="14">last</token>
<token t_id="212" sentence="6" number="15">week</token>
<token t_id="213" sentence="6" number="16">in</token>
<token t_id="214" sentence="6" number="17">the</token>
<token t_id="215" sentence="6" number="18">jewelry</token>
<token t_id="216" sentence="6" number="19">industry</token>
<token t_id="217" sentence="6" number="20">.</token>
<token t_id="218" sentence="7" number="0">At</token>
<token t_id="219" sentence="7" number="1">that</token>
<token t_id="220" sentence="7" number="2">time</token>
<token t_id="221" sentence="7" number="3">,</token>
<token t_id="222" sentence="7" number="4">Sam</token>
<token t_id="223" sentence="7" number="5">Merksamer</token>
<token t_id="224" sentence="7" number="6">,</token>
<token t_id="225" sentence="7" number="7">president</token>
<token t_id="226" sentence="7" number="8">of</token>
<token t_id="227" sentence="7" number="9">the</token>
<token t_id="228" sentence="7" number="10">chain</token>
<token t_id="229" sentence="7" number="11">,</token>
<token t_id="230" sentence="7" number="12">angrily</token>
<token t_id="231" sentence="7" number="13">denied</token>
<token t_id="232" sentence="7" number="14">that</token>
<token t_id="233" sentence="7" number="15">his</token>
<token t_id="234" sentence="7" number="16">company</token>
<token t_id="235" sentence="7" number="17">was</token>
<token t_id="236" sentence="7" number="18">about</token>
<token t_id="237" sentence="7" number="19">to</token>
<token t_id="238" sentence="7" number="20">file</token>
<token t_id="239" sentence="7" number="21">.</token>
<token t_id="240" sentence="8" number="0">Mr</token>
<token t_id="241" sentence="8" number="1">.</token>
<token t_id="242" sentence="8" number="2">Merksamer</token>
<token t_id="243" sentence="8" number="3">is</token>
<token t_id="244" sentence="8" number="4">leading</token>
<token t_id="245" sentence="8" number="5">the</token>
<token t_id="246" sentence="8" number="6">buy</token>
<token t_id="247" sentence="8" number="7">-</token>
<token t_id="248" sentence="8" number="8">out</token>
<token t_id="249" sentence="8" number="9">.</token>
<token t_id="250" sentence="9" number="0">According</token>
<token t_id="251" sentence="9" number="1">to</token>
<token t_id="252" sentence="9" number="2">executives</token>
<token t_id="253" sentence="9" number="3">close</token>
<token t_id="254" sentence="9" number="4">to</token>
<token t_id="255" sentence="9" number="5">the</token>
<token t_id="256" sentence="9" number="6">situation</token>
<token t_id="257" sentence="9" number="7">,</token>
<token t_id="258" sentence="9" number="8">Merksamer</token>
<token t_id="259" sentence="9" number="9">filed</token>
<token t_id="260" sentence="9" number="10">for</token>
<token t_id="261" sentence="9" number="11">Chapter</token>
<token t_id="262" sentence="9" number="12">11</token>
<token t_id="263" sentence="9" number="13">to</token>
<token t_id="264" sentence="9" number="14">speed</token>
<token t_id="265" sentence="9" number="15">the</token>
<token t_id="266" sentence="9" number="16">sale</token>
<token t_id="267" sentence="9" number="17">of</token>
<token t_id="268" sentence="9" number="18">the</token>
<token t_id="269" sentence="9" number="19">chain</token>
<token t_id="270" sentence="9" number="20">.</token>
<token t_id="271" sentence="10" number="0">One</token>
<token t_id="272" sentence="10" number="1">executive</token>
<token t_id="273" sentence="10" number="2">said</token>
<token t_id="274" sentence="10" number="3">an</token>
<token t_id="275" sentence="10" number="4">accord</token>
<token t_id="276" sentence="10" number="5">signed</token>
<token t_id="277" sentence="10" number="6">by</token>
<token t_id="278" sentence="10" number="7">the</token>
<token t_id="279" sentence="10" number="8">unsecured</token>
<token t_id="280" sentence="10" number="9">creditors</token>
<token t_id="281" sentence="10" number="10">of</token>
<token t_id="282" sentence="10" number="11">L</token>
<token t_id="283" sentence="10" number="12">.</token>
<token t_id="284" sentence="10" number="13">J</token>
<token t_id="285" sentence="10" number="14">.</token>
<token t_id="286" sentence="10" number="15">Hooker</token>
<token t_id="287" sentence="10" number="16">Corp</token>
<token t_id="288" sentence="10" number="17">.</token>
<token t_id="289" sentence="10" number="18">had</token>
<token t_id="290" sentence="10" number="19">frozen</token>
<token t_id="291" sentence="10" number="20">in</token>
<token t_id="292" sentence="10" number="21">place</token>
<token t_id="293" sentence="10" number="22">all</token>
<token t_id="294" sentence="10" number="23">of</token>
<token t_id="295" sentence="10" number="24">L</token>
<token t_id="296" sentence="10" number="25">.</token>
<token t_id="297" sentence="10" number="26">J</token>
<token t_id="298" sentence="10" number="27">.</token>
<token t_id="299" sentence="10" number="28">Hooker</token>
<token t_id="300" sentence="10" number="29">'s</token>
<token t_id="301" sentence="10" number="30">assets</token>
<token t_id="302" sentence="10" number="31">.</token>
<token t_id="303" sentence="11" number="0">The</token>
<token t_id="304" sentence="11" number="1">Merksamer</token>
<token t_id="305" sentence="11" number="2">bankruptcy</token>
<token t_id="306" sentence="11" number="3">-</token>
<token t_id="307" sentence="11" number="4">law</token>
<token t_id="308" sentence="11" number="5">filing</token>
<token t_id="309" sentence="11" number="6">appears</token>
<token t_id="310" sentence="11" number="7">to</token>
<token t_id="311" sentence="11" number="8">supersede</token>
<token t_id="312" sentence="11" number="9">that</token>
<token t_id="313" sentence="11" number="10">agreement</token>
<token t_id="314" sentence="11" number="11">.</token>
<token t_id="315" sentence="12" number="0">``</token>
<token t_id="316" sentence="12" number="1">By</token>
<token t_id="317" sentence="12" number="2">filing</token>
<token t_id="318" sentence="12" number="3">for</token>
<token t_id="319" sentence="12" number="4">Chapter</token>
<token t_id="320" sentence="12" number="5">11</token>
<token t_id="321" sentence="12" number="6">,</token>
<token t_id="322" sentence="12" number="7">the</token>
<token t_id="323" sentence="12" number="8">Merksamer</token>
<token t_id="324" sentence="12" number="9">chain</token>
<token t_id="325" sentence="12" number="10">will</token>
<token t_id="326" sentence="12" number="11">only</token>
<token t_id="327" sentence="12" number="12">need</token>
<token t_id="328" sentence="12" number="13">approval</token>
<token t_id="329" sentence="12" number="14">from</token>
<token t_id="330" sentence="12" number="15">a</token>
<token t_id="331" sentence="12" number="16">bankruptcy</token>
<token t_id="332" sentence="12" number="17">judge</token>
<token t_id="333" sentence="12" number="18">for</token>
<token t_id="334" sentence="12" number="19">the</token>
<token t_id="335" sentence="12" number="20">sale</token>
<token t_id="336" sentence="12" number="21">,</token>
<token t_id="337" sentence="12" number="22">not</token>
<token t_id="338" sentence="12" number="23">the</token>
<token t_id="339" sentence="12" number="24">hundreds</token>
<token t_id="340" sentence="12" number="25">of</token>
<token t_id="341" sentence="12" number="26">unsecured</token>
<token t_id="342" sentence="12" number="27">creditors</token>
<token t_id="343" sentence="12" number="28">,</token>
<token t_id="344" sentence="12" number="29">''</token>
<token t_id="345" sentence="12" number="30">said</token>
<token t_id="346" sentence="12" number="31">this</token>
<token t_id="347" sentence="12" number="32">executive</token>
<token t_id="348" sentence="12" number="33">.</token>
<token t_id="349" sentence="13" number="0">``</token>
<token t_id="350" sentence="13" number="1">The</token>
<token t_id="351" sentence="13" number="2">cash</token>
<token t_id="352" sentence="13" number="3">from</token>
<token t_id="353" sentence="13" number="4">the</token>
<token t_id="354" sentence="13" number="5">sale</token>
<token t_id="355" sentence="13" number="6">will</token>
<token t_id="356" sentence="13" number="7">go</token>
<token t_id="357" sentence="13" number="8">to</token>
<token t_id="358" sentence="13" number="9">L</token>
<token t_id="359" sentence="13" number="10">.</token>
<token t_id="360" sentence="13" number="11">J</token>
<token t_id="361" sentence="13" number="12">.</token>
<token t_id="362" sentence="13" number="13">Hooker</token>
<token t_id="363" sentence="13" number="14">,</token>
<token t_id="364" sentence="13" number="15">but</token>
<token t_id="365" sentence="13" number="16">the</token>
<token t_id="366" sentence="13" number="17">company</token>
<token t_id="367" sentence="13" number="18">itself</token>
<token t_id="368" sentence="13" number="19">will</token>
<token t_id="369" sentence="13" number="20">belong</token>
<token t_id="370" sentence="13" number="21">to</token>
<token t_id="371" sentence="13" number="22">Sam</token>
<token t_id="372" sentence="13" number="23">Merksamer</token>
<token t_id="373" sentence="13" number="24">.</token>
<token t_id="374" sentence="13" number="25">''</token>
<token t_id="375" sentence="14" number="0">Mr</token>
<token t_id="376" sentence="14" number="1">.</token>
<token t_id="377" sentence="14" number="2">Merksamer</token>
<token t_id="378" sentence="14" number="3">and</token>
<token t_id="379" sentence="14" number="4">Sanford</token>
<token t_id="380" sentence="14" number="5">Sigoloff</token>
<token t_id="381" sentence="14" number="6">,</token>
<token t_id="382" sentence="14" number="7">chief</token>
<token t_id="383" sentence="14" number="8">executive</token>
<token t_id="384" sentence="14" number="9">of</token>
<token t_id="385" sentence="14" number="10">L</token>
<token t_id="386" sentence="14" number="11">.</token>
<token t_id="387" sentence="14" number="12">J</token>
<token t_id="388" sentence="14" number="13">.</token>
<token t_id="389" sentence="14" number="14">Hooker</token>
<token t_id="390" sentence="14" number="15">,</token>
<token t_id="391" sentence="14" number="16">were</token>
<token t_id="392" sentence="14" number="17">unavailable</token>
<token t_id="393" sentence="14" number="18">for</token>
<token t_id="394" sentence="14" number="19">comment</token>
<token t_id="395" sentence="14" number="20">.</token>
<token t_id="396" sentence="15" number="0">In</token>
<token t_id="397" sentence="15" number="1">a</token>
<token t_id="398" sentence="15" number="2">statement</token>
<token t_id="399" sentence="15" number="3">,</token>
<token t_id="400" sentence="15" number="4">Mr</token>
<token t_id="401" sentence="15" number="5">.</token>
<token t_id="402" sentence="15" number="6">Merksamer</token>
<token t_id="403" sentence="15" number="7">described</token>
<token t_id="404" sentence="15" number="8">the</token>
<token t_id="405" sentence="15" number="9">filing</token>
<token t_id="406" sentence="15" number="10">as</token>
<token t_id="407" sentence="15" number="11">a</token>
<token t_id="408" sentence="15" number="12">``</token>
<token t_id="409" sentence="15" number="13">legal</token>
<token t_id="410" sentence="15" number="14">technicality</token>
<token t_id="411" sentence="15" number="15">,</token>
<token t_id="412" sentence="15" number="16">''</token>
<token t_id="413" sentence="15" number="17">but</token>
<token t_id="414" sentence="15" number="18">also</token>
<token t_id="415" sentence="15" number="19">said</token>
<token t_id="416" sentence="15" number="20">that</token>
<token t_id="417" sentence="15" number="21">``</token>
<token t_id="418" sentence="15" number="22">our</token>
<token t_id="419" sentence="15" number="23">inability</token>
<token t_id="420" sentence="15" number="24">to</token>
<token t_id="421" sentence="15" number="25">obtain</token>
<token t_id="422" sentence="15" number="26">trade</token>
<token t_id="423" sentence="15" number="27">credit</token>
<token t_id="424" sentence="15" number="28">,</token>
<token t_id="425" sentence="15" number="29">combined</token>
<token t_id="426" sentence="15" number="30">with</token>
<token t_id="427" sentence="15" number="31">a</token>
<token t_id="428" sentence="15" number="32">need</token>
<token t_id="429" sentence="15" number="33">to</token>
<token t_id="430" sentence="15" number="34">ensure</token>
<token t_id="431" sentence="15" number="35">that</token>
<token t_id="432" sentence="15" number="36">our</token>
<token t_id="433" sentence="15" number="37">stores</token>
<token t_id="434" sentence="15" number="38">were</token>
<token t_id="435" sentence="15" number="39">properly</token>
<token t_id="436" sentence="15" number="40">stocked</token>
<token t_id="437" sentence="15" number="41">for</token>
<token t_id="438" sentence="15" number="42">the</token>
<token t_id="439" sentence="15" number="43">Christmas</token>
<token t_id="440" sentence="15" number="44">season</token>
<token t_id="441" sentence="15" number="45">,</token>
<token t_id="442" sentence="15" number="46">necessitated</token>
<token t_id="443" sentence="15" number="47">our</token>
<token t_id="444" sentence="15" number="48">filing</token>
<token t_id="445" sentence="15" number="49">Chapter</token>
<token t_id="446" sentence="15" number="50">11</token>
<token t_id="447" sentence="15" number="51">.</token>
<token t_id="448" sentence="15" number="52">''</token>
<token t_id="449" sentence="16" number="0">The</token>
<token t_id="450" sentence="16" number="1">jewelry</token>
<token t_id="451" sentence="16" number="2">chain</token>
<token t_id="452" sentence="16" number="3">,</token>
<token t_id="453" sentence="16" number="4">which</token>
<token t_id="454" sentence="16" number="5">is</token>
<token t_id="455" sentence="16" number="6">based</token>
<token t_id="456" sentence="16" number="7">in</token>
<token t_id="457" sentence="16" number="8">Sacramento</token>
<token t_id="458" sentence="16" number="9">,</token>
<token t_id="459" sentence="16" number="10">Calif</token>
<token t_id="460" sentence="16" number="11">.</token>
<token t_id="461" sentence="16" number="12">,</token>
<token t_id="462" sentence="16" number="13">had</token>
<token t_id="463" sentence="16" number="14">revenue</token>
<token t_id="464" sentence="16" number="15">of</token>
<token t_id="465" sentence="16" number="16">$</token>
<token t_id="466" sentence="16" number="17">62</token>
<token t_id="467" sentence="16" number="18">million</token>
<token t_id="468" sentence="16" number="19">and</token>
<token t_id="469" sentence="16" number="20">operating</token>
<token t_id="470" sentence="16" number="21">profit</token>
<token t_id="471" sentence="16" number="22">of</token>
<token t_id="472" sentence="16" number="23">$</token>
<token t_id="473" sentence="16" number="24">2</token>
<token t_id="474" sentence="16" number="25">.</token>
<token t_id="475" sentence="16" number="26">5</token>
<token t_id="476" sentence="16" number="27">million</token>
<token t_id="477" sentence="16" number="28">for</token>
<token t_id="478" sentence="16" number="29">the</token>
<token t_id="479" sentence="16" number="30">year</token>
<token t_id="480" sentence="16" number="31">ended</token>
<token t_id="481" sentence="16" number="32">June</token>
<token t_id="482" sentence="16" number="33">30</token>
<token t_id="483" sentence="16" number="34">.</token>


<Markables>
<DESCRIPTIVE m_id="10" Type="Other" comment="" conversational-direct="FALSE" conversational-reported="FALSE"  >
<token_anchor t_id="141"/>
<token_anchor t_id="142"/>
<token_anchor t_id="143"/>
<token_anchor t_id="144"/>
<token_anchor t_id="145"/>
<token_anchor t_id="146"/>
<token_anchor t_id="147"/>
<token_anchor t_id="148"/>
<token_anchor t_id="149"/>
<token_anchor t_id="150"/>
<token_anchor t_id="151"/>
<token_anchor t_id="152"/>
<token_anchor t_id="153"/>
<token_anchor t_id="154"/>
<token_anchor t_id="155"/>
<token_anchor t_id="156"/>
</DESCRIPTIVE>
<DESCRIPTIVE m_id="28" comment="" Type="" conversational-direct="FALSE" conversational-reported="FALSE"  >
<token_anchor t_id="396"/>
<token_anchor t_id="397"/>
<token_anchor t_id="398"/>
<token_anchor t_id="399"/>
<token_anchor t_id="400"/>
<token_anchor t_id="401"/>
<token_anchor t_id="402"/>
<token_anchor t_id="403"/>
<token_anchor t_id="404"/>
<token_anchor t_id="405"/>
<token_anchor t_id="406"/>
<token_anchor t_id="407"/>
<token_anchor t_id="408"/>
<token_anchor t_id="409"/>
<token_anchor t_id="410"/>
<token_anchor t_id="411"/>
<token_anchor t_id="412"/>
</DESCRIPTIVE>
<DESCRIPTIVE m_id="34" Type="Other" comment="" conversational-direct="FALSE" conversational-reported="FALSE"  >
<token_anchor t_id="453"/>
<token_anchor t_id="454"/>
<token_anchor t_id="455"/>
<token_anchor t_id="456"/>
<token_anchor t_id="457"/>
<token_anchor t_id="458"/>
<token_anchor t_id="459"/>
<token_anchor t_id="460"/>
<token_anchor t_id="461"/>
</DESCRIPTIVE>
<NARRATIVE m_id="9" Level="Primary" comment="" conversational-direct="FALSE" conversational-reported="TRUE"  >
<token_anchor t_id="125"/>
<token_anchor t_id="126"/>
<token_anchor t_id="127"/>
<token_anchor t_id="128"/>
<token_anchor t_id="129"/>
<token_anchor t_id="130"/>
<token_anchor t_id="131"/>
<token_anchor t_id="132"/>
<token_anchor t_id="133"/>
<token_anchor t_id="134"/>
<token_anchor t_id="135"/>
<token_anchor t_id="136"/>
<token_anchor t_id="137"/>
<token_anchor t_id="138"/>
<token_anchor t_id="139"/>
<token_anchor t_id="140"/>
</NARRATIVE>
<NARRATIVE m_id="11" Level="Primary" comment="" conversational-direct="FALSE" conversational-reported="FALSE"  >
<token_anchor t_id="157"/>
<token_anchor t_id="158"/>
<token_anchor t_id="159"/>
<token_anchor t_id="160"/>
<token_anchor t_id="161"/>
<token_anchor t_id="162"/>
<token_anchor t_id="163"/>
<token_anchor t_id="164"/>
<token_anchor t_id="165"/>
<token_anchor t_id="166"/>
<token_anchor t_id="167"/>
<token_anchor t_id="168"/>
<token_anchor t_id="169"/>
<token_anchor t_id="170"/>
</NARRATIVE>
<NARRATIVE m_id="12" Level="Primary" comment="" conversational-direct="FALSE" conversational-reported="FALSE"  >
<token_anchor t_id="171"/>
<token_anchor t_id="172"/>
<token_anchor t_id="173"/>
<token_anchor t_id="174"/>
<token_anchor t_id="175"/>
<token_anchor t_id="176"/>
<token_anchor t_id="177"/>
<token_anchor t_id="178"/>
<token_anchor t_id="179"/>
<token_anchor t_id="180"/>
<token_anchor t_id="181"/>
<token_anchor t_id="182"/>
<token_anchor t_id="183"/>
<token_anchor t_id="184"/>
<token_anchor t_id="185"/>
<token_anchor t_id="186"/>
<token_anchor t_id="187"/>
<token_anchor t_id="188"/>
<token_anchor t_id="189"/>
<token_anchor t_id="190"/>
<token_anchor t_id="191"/>
<token_anchor t_id="192"/>
<token_anchor t_id="193"/>
<token_anchor t_id="194"/>
<token_anchor t_id="195"/>
<token_anchor t_id="196"/>
</NARRATIVE>
<NARRATIVE m_id="13" Level="Primary" comment="" conversational-direct="FALSE" conversational-reported="FALSE"  >
<token_anchor t_id="197"/>
<token_anchor t_id="198"/>
<token_anchor t_id="199"/>
<token_anchor t_id="200"/>
<token_anchor t_id="201"/>
<token_anchor t_id="202"/>
<token_anchor t_id="203"/>
<token_anchor t_id="204"/>
<token_anchor t_id="205"/>
<token_anchor t_id="206"/>
<token_anchor t_id="207"/>
<token_anchor t_id="208"/>
<token_anchor t_id="209"/>
<token_anchor t_id="210"/>
<token_anchor t_id="211"/>
<token_anchor t_id="212"/>
<token_anchor t_id="213"/>
<token_anchor t_id="214"/>
<token_anchor t_id="215"/>
<token_anchor t_id="216"/>
<token_anchor t_id="217"/>
</NARRATIVE>
<NARRATIVE m_id="14" Level="Primary" comment="" conversational-direct="FALSE" conversational-reported="FALSE"  >
<token_anchor t_id="218"/>
<token_anchor t_id="219"/>
<token_anchor t_id="220"/>
<token_anchor t_id="221"/>
<token_anchor t_id="222"/>
<token_anchor t_id="223"/>
<token_anchor t_id="224"/>
<token_anchor t_id="225"/>
<token_anchor t_id="226"/>
<token_anchor t_id="227"/>
<token_anchor t_id="228"/>
<token_anchor t_id="229"/>
<token_anchor t_id="230"/>
<token_anchor t_id="231"/>
</NARRATIVE>
<NARRATIVE m_id="15" Level="Primary" comment="" conversational-direct="FALSE" conversational-reported="TRUE"  >
<token_anchor t_id="232"/>
<token_anchor t_id="233"/>
<token_anchor t_id="234"/>
<token_anchor t_id="235"/>
<token_anchor t_id="236"/>
<token_anchor t_id="237"/>
<token_anchor t_id="238"/>
<token_anchor t_id="239"/>
</NARRATIVE>
<NARRATIVE m_id="16" Level="Primary" comment="" conversational-direct="FALSE" conversational-reported="FALSE"  >
<token_anchor t_id="240"/>
<token_anchor t_id="241"/>
<token_anchor t_id="242"/>
<token_anchor t_id="243"/>
<token_anchor t_id="244"/>
<token_anchor t_id="245"/>
<token_anchor t_id="246"/>
<token_anchor t_id="247"/>
<token_anchor t_id="248"/>
<token_anchor t_id="249"/>
</NARRATIVE>
<NARRATIVE m_id="17" Level="Primary" comment="" conversational-direct="FALSE" conversational-reported="FALSE"  >
<token_anchor t_id="250"/>
<token_anchor t_id="251"/>
<token_anchor t_id="252"/>
<token_anchor t_id="253"/>
<token_anchor t_id="254"/>
<token_anchor t_id="255"/>
<token_anchor t_id="256"/>
<token_anchor t_id="257"/>
<token_anchor t_id="258"/>
<token_anchor t_id="259"/>
<token_anchor t_id="260"/>
<token_anchor t_id="261"/>
<token_anchor t_id="262"/>
</NARRATIVE>
<NARRATIVE m_id="18" Level="Primary" comment="" conversational-direct="FALSE" conversational-reported="FALSE"  >
<token_anchor t_id="263"/>
<token_anchor t_id="264"/>
<token_anchor t_id="265"/>
<token_anchor t_id="266"/>
<token_anchor t_id="267"/>
<token_anchor t_id="268"/>
<token_anchor t_id="269"/>
<token_anchor t_id="270"/>
</NARRATIVE>
<NARRATIVE m_id="19" Level="Primary" comment="" conversational-direct="FALSE" conversational-reported="FALSE"  >
<token_anchor t_id="271"/>
<token_anchor t_id="272"/>
<token_anchor t_id="273"/>
</NARRATIVE>
<NARRATIVE m_id="20" Level="Primary" comment="" conversational-direct="FALSE" conversational-reported="TRUE"  >
<token_anchor t_id="274"/>
<token_anchor t_id="275"/>
<token_anchor t_id="276"/>
<token_anchor t_id="277"/>
<token_anchor t_id="278"/>
<token_anchor t_id="279"/>
<token_anchor t_id="280"/>
<token_anchor t_id="281"/>
<token_anchor t_id="282"/>
<token_anchor t_id="283"/>
<token_anchor t_id="284"/>
<token_anchor t_id="285"/>
<token_anchor t_id="286"/>
<token_anchor t_id="287"/>
<token_anchor t_id="288"/>
<token_anchor t_id="289"/>
<token_anchor t_id="290"/>
<token_anchor t_id="291"/>
<token_anchor t_id="292"/>
<token_anchor t_id="293"/>
<token_anchor t_id="294"/>
<token_anchor t_id="295"/>
<token_anchor t_id="296"/>
<token_anchor t_id="297"/>
<token_anchor t_id="298"/>
<token_anchor t_id="299"/>
<token_anchor t_id="300"/>
<token_anchor t_id="301"/>
<token_anchor t_id="302"/>
</NARRATIVE>
<NARRATIVE m_id="21" Level="Primary" comment="" conversational-direct="FALSE" conversational-reported="FALSE"  >
<token_anchor t_id="303"/>
<token_anchor t_id="304"/>
<token_anchor t_id="305"/>
<token_anchor t_id="306"/>
<token_anchor t_id="307"/>
<token_anchor t_id="308"/>
<token_anchor t_id="309"/>
</NARRATIVE>
<NARRATIVE m_id="22" Level="Primary" comment="" conversational-direct="FALSE" conversational-reported="FALSE"  >
<token_anchor t_id="310"/>
<token_anchor t_id="311"/>
<token_anchor t_id="312"/>
<token_anchor t_id="313"/>
<token_anchor t_id="314"/>
</NARRATIVE>
<NARRATIVE m_id="23" Level="Primary" comment="" conversational-direct="TRUE" conversational-reported="FALSE"  >
<token_anchor t_id="315"/>
<token_anchor t_id="316"/>
<token_anchor t_id="317"/>
<token_anchor t_id="318"/>
<token_anchor t_id="319"/>
<token_anchor t_id="320"/>
<token_anchor t_id="321"/>
<token_anchor t_id="322"/>
<token_anchor t_id="323"/>
<token_anchor t_id="324"/>
<token_anchor t_id="325"/>
<token_anchor t_id="326"/>
<token_anchor t_id="327"/>
<token_anchor t_id="328"/>
<token_anchor t_id="329"/>
<token_anchor t_id="330"/>
<token_anchor t_id="331"/>
<token_anchor t_id="332"/>
<token_anchor t_id="333"/>
<token_anchor t_id="334"/>
<token_anchor t_id="335"/>
<token_anchor t_id="336"/>
<token_anchor t_id="337"/>
<token_anchor t_id="338"/>
<token_anchor t_id="339"/>
<token_anchor t_id="340"/>
<token_anchor t_id="341"/>
<token_anchor t_id="342"/>
<token_anchor t_id="343"/>
<token_anchor t_id="344"/>
</NARRATIVE>
<NARRATIVE m_id="24" Level="Primary" comment="" conversational-direct="FALSE" conversational-reported="FALSE"  >
<token_anchor t_id="345"/>
<token_anchor t_id="346"/>
<token_anchor t_id="347"/>
<token_anchor t_id="348"/>
</NARRATIVE>
<NARRATIVE m_id="25" Level="Primary" comment="" conversational-direct="TRUE" conversational-reported="FALSE"  >
<token_anchor t_id="349"/>
<token_anchor t_id="350"/>
<token_anchor t_id="351"/>
<token_anchor t_id="352"/>
<token_anchor t_id="353"/>
<token_anchor t_id="354"/>
<token_anchor t_id="355"/>
<token_anchor t_id="356"/>
<token_anchor t_id="357"/>
<token_anchor t_id="358"/>
<token_anchor t_id="359"/>
<token_anchor t_id="360"/>
<token_anchor t_id="361"/>
<token_anchor t_id="362"/>
<token_anchor t_id="363"/>
</NARRATIVE>
<NARRATIVE m_id="26" Level="Primary" comment="" conversational-direct="TRUE" conversational-reported="FALSE"  >
<token_anchor t_id="364"/>
<token_anchor t_id="365"/>
<token_anchor t_id="366"/>
<token_anchor t_id="367"/>
<token_anchor t_id="368"/>
<token_anchor t_id="369"/>
<token_anchor t_id="370"/>
<token_anchor t_id="371"/>
<token_anchor t_id="372"/>
<token_anchor t_id="373"/>
<token_anchor t_id="374"/>
</NARRATIVE>
<NARRATIVE m_id="27" Level="Primary" comment="" conversational-direct="FALSE" conversational-reported="FALSE"  >
<token_anchor t_id="375"/>
<token_anchor t_id="376"/>
<token_anchor t_id="377"/>
<token_anchor t_id="378"/>
<token_anchor t_id="379"/>
<token_anchor t_id="380"/>
<token_anchor t_id="381"/>
<token_anchor t_id="382"/>
<token_anchor t_id="383"/>
<token_anchor t_id="384"/>
<token_anchor t_id="385"/>
<token_anchor t_id="386"/>
<token_anchor t_id="387"/>
<token_anchor t_id="388"/>
<token_anchor t_id="389"/>
<token_anchor t_id="390"/>
<token_anchor t_id="391"/>
<token_anchor t_id="392"/>
<token_anchor t_id="393"/>
<token_anchor t_id="394"/>
<token_anchor t_id="395"/>
</NARRATIVE>
<NARRATIVE m_id="29" Level="" comment="" conversational-direct="FALSE" conversational-reported="FALSE"  >
<token_anchor t_id="413"/>
<token_anchor t_id="414"/>
<token_anchor t_id="415"/>
</NARRATIVE>
<NARRATIVE m_id="30" Level="Primary" comment="" conversational-direct="TRUE" conversational-reported="FALSE"  >
<token_anchor t_id="416"/>
<token_anchor t_id="417"/>
<token_anchor t_id="418"/>
<token_anchor t_id="419"/>
<token_anchor t_id="420"/>
<token_anchor t_id="421"/>
<token_anchor t_id="422"/>
<token_anchor t_id="423"/>
<token_anchor t_id="424"/>
</NARRATIVE>
<NARRATIVE m_id="31" Level="Primary" comment="" conversational-direct="TRUE" conversational-reported="FALSE"  >
<token_anchor t_id="425"/>
<token_anchor t_id="426"/>
<token_anchor t_id="427"/>
<token_anchor t_id="428"/>
</NARRATIVE>
<NARRATIVE m_id="32" Level="Primary" comment="" conversational-direct="TRUE" conversational-reported="FALSE"  >
<token_anchor t_id="429"/>
<token_anchor t_id="430"/>
<token_anchor t_id="431"/>
<token_anchor t_id="432"/>
<token_anchor t_id="433"/>
<token_anchor t_id="434"/>
<token_anchor t_id="435"/>
<token_anchor t_id="436"/>
<token_anchor t_id="437"/>
<token_anchor t_id="438"/>
<token_anchor t_id="439"/>
<token_anchor t_id="440"/>
<token_anchor t_id="441"/>
</NARRATIVE>
<NARRATIVE m_id="1" Level="Primary" comment="" conversational-direct="FALSE" conversational-reported="FALSE"  >
<token_anchor t_id="1"/>
<token_anchor t_id="2"/>
<token_anchor t_id="3"/>
<token_anchor t_id="4"/>
<token_anchor t_id="5"/>
<token_anchor t_id="6"/>
<token_anchor t_id="7"/>
<token_anchor t_id="8"/>
<token_anchor t_id="9"/>
<token_anchor t_id="10"/>
<token_anchor t_id="11"/>
<token_anchor t_id="12"/>
<token_anchor t_id="13"/>
<token_anchor t_id="14"/>
<token_anchor t_id="15"/>
<token_anchor t_id="16"/>
<token_anchor t_id="17"/>
<token_anchor t_id="18"/>
<token_anchor t_id="19"/>
<token_anchor t_id="20"/>
<token_anchor t_id="21"/>
<token_anchor t_id="22"/>
<token_anchor t_id="23"/>
<token_anchor t_id="24"/>
</NARRATIVE>
<NARRATIVE m_id="33" Level="Primary" comment="" conversational-direct="TRUE" conversational-reported="FALSE"  >
<token_anchor t_id="442"/>
<token_anchor t_id="443"/>
<token_anchor t_id="444"/>
<token_anchor t_id="445"/>
<token_anchor t_id="446"/>
<token_anchor t_id="447"/>
<token_anchor t_id="448"/>
</NARRATIVE>
<NARRATIVE m_id="2" Level="Primary" comment="" conversational-direct="FALSE" conversational-reported="FALSE"  >
<token_anchor t_id="25"/>
<token_anchor t_id="26"/>
<token_anchor t_id="27"/>
<token_anchor t_id="28"/>
<token_anchor t_id="29"/>
<token_anchor t_id="30"/>
<token_anchor t_id="31"/>
<token_anchor t_id="32"/>
<token_anchor t_id="33"/>
<token_anchor t_id="34"/>
<token_anchor t_id="35"/>
<token_anchor t_id="36"/>
</NARRATIVE>
<NARRATIVE m_id="3" Level="Primary" comment="" conversational-direct="FALSE" conversational-reported="FALSE"  >
<token_anchor t_id="40"/>
<token_anchor t_id="41"/>
<token_anchor t_id="42"/>
<token_anchor t_id="43"/>
<token_anchor t_id="44"/>
<token_anchor t_id="45"/>
<token_anchor t_id="46"/>
<token_anchor t_id="47"/>
<token_anchor t_id="48"/>
<token_anchor t_id="49"/>
<token_anchor t_id="50"/>
</NARRATIVE>
<NARRATIVE m_id="35" Level="Primary" comment="" conversational-direct="FALSE" conversational-reported="FALSE"  >
<token_anchor t_id="449"/>
<token_anchor t_id="450"/>
<token_anchor t_id="451"/>
<token_anchor t_id="452"/>
<token_anchor t_id="462"/>
<token_anchor t_id="463"/>
<token_anchor t_id="464"/>
<token_anchor t_id="465"/>
<token_anchor t_id="466"/>
<token_anchor t_id="467"/>
</NARRATIVE>
<NARRATIVE m_id="4" Level="Primary" comment="" conversational-direct="FALSE" conversational-reported="FALSE"  >
<token_anchor t_id="37"/>
<token_anchor t_id="38"/>
<token_anchor t_id="39"/>
<token_anchor t_id="51"/>
<token_anchor t_id="52"/>
<token_anchor t_id="53"/>
<token_anchor t_id="54"/>
<token_anchor t_id="55"/>
<token_anchor t_id="56"/>
<token_anchor t_id="57"/>
<token_anchor t_id="58"/>
<token_anchor t_id="59"/>
<token_anchor t_id="60"/>
<token_anchor t_id="61"/>
<token_anchor t_id="62"/>
<token_anchor t_id="63"/>
<token_anchor t_id="64"/>
<token_anchor t_id="65"/>
<token_anchor t_id="66"/>
</NARRATIVE>
<NARRATIVE m_id="36" Level="" comment="" conversational-direct="FALSE" conversational-reported="FALSE"  >
<token_anchor t_id="468"/>
<token_anchor t_id="469"/>
<token_anchor t_id="470"/>
<token_anchor t_id="471"/>
<token_anchor t_id="472"/>
<token_anchor t_id="473"/>
<token_anchor t_id="474"/>
<token_anchor t_id="475"/>
<token_anchor t_id="476"/>
<token_anchor t_id="477"/>
<token_anchor t_id="478"/>
<token_anchor t_id="479"/>
<token_anchor t_id="480"/>
<token_anchor t_id="481"/>
<token_anchor t_id="482"/>
<token_anchor t_id="483"/>
</NARRATIVE>
<NARRATIVE m_id="5" Level="Primary" comment="" conversational-direct="FALSE" conversational-reported="FALSE"  >
<token_anchor t_id="67"/>
<token_anchor t_id="68"/>
<token_anchor t_id="69"/>
<token_anchor t_id="70"/>
<token_anchor t_id="71"/>
<token_anchor t_id="72"/>
<token_anchor t_id="73"/>
<token_anchor t_id="74"/>
<token_anchor t_id="75"/>
<token_anchor t_id="76"/>
<token_anchor t_id="77"/>
</NARRATIVE>
<NARRATIVE m_id="6" Level="Primary" comment="" conversational-direct="FALSE" conversational-reported="FALSE"  >
<token_anchor t_id="78"/>
<token_anchor t_id="79"/>
<token_anchor t_id="80"/>
<token_anchor t_id="81"/>
<token_anchor t_id="82"/>
<token_anchor t_id="83"/>
<token_anchor t_id="84"/>
<token_anchor t_id="85"/>
<token_anchor t_id="86"/>
<token_anchor t_id="87"/>
<token_anchor t_id="88"/>
<token_anchor t_id="89"/>
<token_anchor t_id="90"/>
<token_anchor t_id="91"/>
<token_anchor t_id="92"/>
<token_anchor t_id="93"/>
<token_anchor t_id="94"/>
<token_anchor t_id="95"/>
<token_anchor t_id="96"/>
<token_anchor t_id="97"/>
<token_anchor t_id="98"/>
<token_anchor t_id="99"/>
<token_anchor t_id="100"/>
<token_anchor t_id="101"/>
<token_anchor t_id="102"/>
<token_anchor t_id="103"/>
</NARRATIVE>
<NARRATIVE m_id="7" Level="Primary" comment="" conversational-direct="FALSE" conversational-reported="FALSE"  >
<token_anchor t_id="104"/>
<token_anchor t_id="105"/>
<token_anchor t_id="106"/>
<token_anchor t_id="107"/>
<token_anchor t_id="108"/>
<token_anchor t_id="109"/>
<token_anchor t_id="110"/>
<token_anchor t_id="111"/>
<token_anchor t_id="112"/>
<token_anchor t_id="113"/>
<token_anchor t_id="114"/>
<token_anchor t_id="115"/>
<token_anchor t_id="116"/>
<token_anchor t_id="117"/>
<token_anchor t_id="118"/>
<token_anchor t_id="119"/>
<token_anchor t_id="120"/>
</NARRATIVE>
<NARRATIVE m_id="8" Level="Primary" comment="" conversational-direct="FALSE" conversational-reported="FALSE"  >
<token_anchor t_id="121"/>
<token_anchor t_id="122"/>
<token_anchor t_id="123"/>
<token_anchor t_id="124"/>
</NARRATIVE>


</Markables>

<Relations>
</Relations>
</Document>
