<Document doc_name="WSJ_20130321_1145">
<token t_id="1" sentence="0" number="0">In</token>
<token t_id="2" sentence="0" number="1">competitions</token>
<token t_id="3" sentence="0" number="2">against</token>
<token t_id="4" sentence="0" number="3">the</token>
<token t_id="5" sentence="0" number="4">clock</token>
<token t_id="6" sentence="0" number="5">,</token>
<token t_id="7" sentence="0" number="6">some</token>
<token t_id="8" sentence="0" number="7">athletes</token>
<token t_id="9" sentence="0" number="8">display</token>
<token t_id="10" sentence="0" number="9">an</token>
<token t_id="11" sentence="0" number="10">ability</token>
<token t_id="12" sentence="0" number="11">to</token>
<token t_id="13" sentence="0" number="12">seize</token>
<token t_id="14" sentence="0" number="13">control</token>
<token t_id="15" sentence="0" number="14">.</token>
<token t_id="16" sentence="1" number="15">Think</token>
<token t_id="17" sentence="1" number="16">of</token>
<token t_id="18" sentence="1" number="17">the</token>
<token t_id="19" sentence="1" number="18">Clark-Kent-to-Superman</token>
<token t_id="20" sentence="1" number="19">routines</token>
<token t_id="21" sentence="1" number="20">that</token>
<token t_id="22" sentence="1" number="21">John</token>
<token t_id="23" sentence="1" number="22">Elway</token>
<token t_id="24" sentence="1" number="23">and</token>
<token t_id="25" sentence="1" number="24">Michael</token>
<token t_id="26" sentence="1" number="25">Jordan</token>
<token t_id="27" sentence="1" number="26">often</token>
<token t_id="28" sentence="1" number="27">pulled</token>
<token t_id="29" sentence="1" number="28">in</token>
<token t_id="30" sentence="1" number="29">the</token>
<token t_id="31" sentence="1" number="30">final</token>
<token t_id="32" sentence="1" number="31">seconds</token>
<token t_id="33" sentence="1" number="32">.</token>
<token t_id="34" sentence="2" number="33">But</token>
<token t_id="35" sentence="2" number="34">Iram</token>
<token t_id="36" sentence="2" number="35">Leon</token>
<token t_id="37" sentence="2" number="36">stands</token>
<token t_id="38" sentence="2" number="37">on</token>
<token t_id="39" sentence="2" number="38">the</token>
<token t_id="40" sentence="2" number="39">sidelines</token>
<token t_id="41" sentence="2" number="40">of</token>
<token t_id="42" sentence="2" number="41">his</token>
<token t_id="43" sentence="2" number="42">own</token>
<token t_id="44" sentence="2" number="43">race</token>
<token t_id="45" sentence="2" number="44">against</token>
<token t_id="46" sentence="2" number="45">time</token>
<token t_id="47" sentence="2" number="46">.</token>
<token t_id="48" sentence="3" number="47">Lodged</token>
<token t_id="49" sentence="3" number="48">in</token>
<token t_id="50" sentence="3" number="49">his</token>
<token t_id="51" sentence="3" number="50">brain</token>
<token t_id="52" sentence="3" number="51">is</token>
<token t_id="53" sentence="3" number="52">an</token>
<token t_id="54" sentence="3" number="53">untreatable</token>
<token t_id="55" sentence="3" number="54">and</token>
<token t_id="56" sentence="3" number="55">inoperable</token>
<token t_id="57" sentence="3" number="56">cancerous</token>
<token t_id="58" sentence="3" number="57">tumor</token>
<token t_id="59" sentence="3" number="58">that</token>
<token t_id="60" sentence="3" number="59">statistics</token>
<token t_id="61" sentence="3" number="60">suggest</token>
<token t_id="62" sentence="3" number="61">will</token>
<token t_id="63" sentence="3" number="62">kill</token>
<token t_id="64" sentence="3" number="63">him</token>
<token t_id="65" sentence="3" number="64">before</token>
<token t_id="66" sentence="3" number="65">he</token>
<token t_id="67" sentence="3" number="66">is</token>
<token t_id="68" sentence="3" number="67">40</token>
<token t_id="69" sentence="3" number="68">,</token>
<token t_id="70" sentence="3" number="69">eight</token>
<token t_id="71" sentence="3" number="70">years</token>
<token t_id="72" sentence="3" number="71">from</token>
<token t_id="73" sentence="3" number="72">now</token>
<token t_id="74" sentence="3" number="73">.</token>
<token t_id="75" sentence="4" number="74">Medical</token>
<token t_id="76" sentence="4" number="75">science</token>
<token t_id="77" sentence="4" number="76">is</token>
<token t_id="78" sentence="4" number="77">advancing</token>
<token t_id="79" sentence="4" number="78">at</token>
<token t_id="80" sentence="4" number="79">a</token>
<token t_id="81" sentence="4" number="80">rate</token>
<token t_id="82" sentence="4" number="81">that</token>
<token t_id="83" sentence="4" number="82">does</token>
<token t_id="84" sentence="4" number="83">n't</token>
<token t_id="85" sentence="4" number="84">preclude</token>
<token t_id="86" sentence="4" number="85">the</token>
<token t_id="87" sentence="4" number="86">development</token>
<token t_id="88" sentence="4" number="87">of</token>
<token t_id="89" sentence="4" number="88">a</token>
<token t_id="90" sentence="4" number="89">treatment</token>
<token t_id="91" sentence="4" number="90">,</token>
<token t_id="92" sentence="4" number="91">but</token>
<token t_id="93" sentence="4" number="92">it</token>
<token t_id="94" sentence="4" number="93">'s</token>
<token t_id="95" sentence="4" number="94">not</token>
<token t_id="96" sentence="4" number="95">clear</token>
<token t_id="97" sentence="4" number="96">if</token>
<token t_id="98" sentence="4" number="97">it</token>
<token t_id="99" sentence="4" number="98">will</token>
<token t_id="100" sentence="4" number="99">come</token>
<token t_id="101" sentence="4" number="100">in</token>
<token t_id="102" sentence="4" number="101">time</token>
<token t_id="103" sentence="4" number="102">.</token>
<token t_id="104" sentence="5" number="103">``</token>
<token t_id="105" sentence="5" number="104">No</token>
<token t_id="106" sentence="5" number="105">one</token>
<token t_id="107" sentence="5" number="106">knows</token>
<token t_id="108" sentence="5" number="107">what</token>
<token t_id="109" sentence="5" number="108">technology</token>
<token t_id="110" sentence="5" number="109">will</token>
<token t_id="111" sentence="5" number="110">be</token>
<token t_id="112" sentence="5" number="111">available</token>
<token t_id="113" sentence="5" number="112">in</token>
<token t_id="114" sentence="5" number="113">five</token>
<token t_id="115" sentence="5" number="114">years</token>
<token t_id="116" sentence="5" number="115">,</token>
<token t_id="117" sentence="5" number="116">''</token>
<token t_id="118" sentence="5" number="117">said</token>
<token t_id="119" sentence="5" number="118">Allan</token>
<token t_id="120" sentence="5" number="119">Friedman</token>
<token t_id="121" sentence="5" number="120">,</token>
<token t_id="122" sentence="5" number="121">Duke</token>
<token t_id="123" sentence="5" number="122">University</token>
<token t_id="124" sentence="5" number="123">Hospital</token>
<token t_id="125" sentence="5" number="124">neurosurgeon</token>
<token t_id="126" sentence="5" number="125">in</token>
<token t_id="127" sentence="5" number="126">chief</token>
<token t_id="128" sentence="5" number="127">,</token>
<token t_id="129" sentence="5" number="128">who</token>
<token t_id="130" sentence="5" number="129">in</token>
<token t_id="131" sentence="5" number="130">2011</token>
<token t_id="132" sentence="5" number="131">removed</token>
<token t_id="133" sentence="5" number="132">as</token>
<token t_id="134" sentence="5" number="133">much</token>
<token t_id="135" sentence="5" number="134">of</token>
<token t_id="136" sentence="5" number="135">Leon</token>
<token t_id="137" sentence="5" number="136">'s</token>
<token t_id="138" sentence="5" number="137">brain</token>
<token t_id="139" sentence="5" number="138">tumor</token>
<token t_id="140" sentence="5" number="139">as</token>
<token t_id="141" sentence="5" number="140">possible</token>
<token t_id="142" sentence="5" number="141">.</token>
<token t_id="143" sentence="6" number="142">The</token>
<token t_id="144" sentence="6" number="143">torment</token>
<token t_id="145" sentence="6" number="144">of</token>
<token t_id="146" sentence="6" number="145">enduring</token>
<token t_id="147" sentence="6" number="146">that</token>
<token t_id="148" sentence="6" number="147">wait</token>
<token t_id="149" sentence="6" number="148">can</token>
<token t_id="150" sentence="6" number="149">paste</token>
<token t_id="151" sentence="6" number="150">a</token>
<token t_id="152" sentence="6" number="151">cancer</token>
<token t_id="153" sentence="6" number="152">patient</token>
<token t_id="154" sentence="6" number="153">to</token>
<token t_id="155" sentence="6" number="154">the</token>
<token t_id="156" sentence="6" number="155">couch</token>
<token t_id="157" sentence="6" number="156">,</token>
<token t_id="158" sentence="6" number="157">a</token>
<token t_id="159" sentence="6" number="158">surrender</token>
<token t_id="160" sentence="6" number="159">heavily</token>
<token t_id="161" sentence="6" number="160">associated</token>
<token t_id="162" sentence="6" number="161">with</token>
<token t_id="163" sentence="6" number="162">deadlier</token>
<token t_id="164" sentence="6" number="163">outcomes</token>
<token t_id="165" sentence="6" number="164">.</token>
<token t_id="166" sentence="7" number="165">Some</token>
<token t_id="167" sentence="7" number="166">seek</token>
<token t_id="168" sentence="7" number="167">escape</token>
<token t_id="169" sentence="7" number="168">in</token>
<token t_id="170" sentence="7" number="169">their</token>
<token t_id="171" sentence="7" number="170">careers</token>
<token t_id="172" sentence="7" number="171">,</token>
<token t_id="173" sentence="7" number="172">but</token>
<token t_id="174" sentence="7" number="173">that</token>
<token t_id="175" sentence="7" number="174">is</token>
<token t_id="176" sentence="7" number="175">no</token>
<token t_id="177" sentence="7" number="176">longer</token>
<token t_id="178" sentence="7" number="177">an</token>
<token t_id="179" sentence="7" number="178">option</token>
<token t_id="180" sentence="7" number="179">for</token>
<token t_id="181" sentence="7" number="180">Leon</token>
<token t_id="182" sentence="7" number="181">,</token>
<token t_id="183" sentence="7" number="182">who</token>
<token t_id="184" sentence="7" number="183">early</token>
<token t_id="185" sentence="7" number="184">this</token>
<token t_id="186" sentence="7" number="185">year</token>
<token t_id="187" sentence="7" number="186">was</token>
<token t_id="188" sentence="7" number="187">forced</token>
<token t_id="189" sentence="7" number="188">to</token>
<token t_id="190" sentence="7" number="189">step</token>
<token t_id="191" sentence="7" number="190">down</token>
<token t_id="192" sentence="7" number="191">as</token>
<token t_id="193" sentence="7" number="192">a</token>
<token t_id="194" sentence="7" number="193">juvenile</token>
<token t_id="195" sentence="7" number="194">probation</token>
<token t_id="196" sentence="7" number="195">officer</token>
<token t_id="197" sentence="7" number="196">in</token>
<token t_id="198" sentence="7" number="197">Travis</token>
<token t_id="199" sentence="7" number="198">County</token>
<token t_id="200" sentence="7" number="199">,</token>
<token t_id="201" sentence="7" number="200">Texas</token>
<token t_id="202" sentence="7" number="201">,</token>
<token t_id="203" sentence="7" number="202">a</token>
<token t_id="204" sentence="7" number="203">position</token>
<token t_id="205" sentence="7" number="204">he</token>
<token t_id="206" sentence="7" number="205">had</token>
<token t_id="207" sentence="7" number="206">held</token>
<token t_id="208" sentence="7" number="207">for</token>
<token t_id="209" sentence="7" number="208">almost</token>
<token t_id="210" sentence="7" number="209">seven</token>
<token t_id="211" sentence="7" number="210">years</token>
<token t_id="212" sentence="7" number="211">.</token>
<token t_id="213" sentence="8" number="212">His</token>
<token t_id="214" sentence="8" number="213">thinking</token>
<token t_id="215" sentence="8" number="214">is</token>
<token t_id="216" sentence="8" number="215">no</token>
<token t_id="217" sentence="8" number="216">longer</token>
<token t_id="218" sentence="8" number="217">clear</token>
<token t_id="219" sentence="8" number="218">,</token>
<token t_id="220" sentence="8" number="219">said</token>
<token t_id="221" sentence="8" number="220">Leon</token>
<token t_id="222" sentence="8" number="221">,</token>
<token t_id="223" sentence="8" number="222">adding</token>
<token t_id="224" sentence="8" number="223">,</token>
<token t_id="225" sentence="8" number="224">``</token>
<token t_id="226" sentence="8" number="225">I</token>
<token t_id="227" sentence="8" number="226">was</token>
<token t_id="228" sentence="8" number="227">making</token>
<token t_id="229" sentence="8" number="228">too</token>
<token t_id="230" sentence="8" number="229">many</token>
<token t_id="231" sentence="8" number="230">mistakes</token>
<token t_id="232" sentence="8" number="231">on</token>
<token t_id="233" sentence="8" number="232">the</token>
<token t_id="234" sentence="8" number="233">stand</token>
<token t_id="235" sentence="8" number="234">.</token>
<token t_id="236" sentence="8" number="235">''</token>
<token t_id="237" sentence="9" number="236">But</token>
<token t_id="238" sentence="9" number="237">Leon</token>
<token t_id="239" sentence="9" number="238">can</token>
<token t_id="240" sentence="9" number="239">still</token>
<token t_id="241" sentence="9" number="240">run</token>
<token t_id="242" sentence="9" number="241">.</token>
<token t_id="243" sentence="10" number="242">Two</token>
<token t_id="244" sentence="10" number="243">years</token>
<token t_id="245" sentence="10" number="244">after</token>
<token t_id="246" sentence="10" number="245">his</token>
<token t_id="247" sentence="10" number="246">brain-cancer</token>
<token t_id="248" sentence="10" number="247">diagnosis</token>
<token t_id="249" sentence="10" number="248">,</token>
<token t_id="250" sentence="10" number="249">he</token>
<token t_id="251" sentence="10" number="250">recently</token>
<token t_id="252" sentence="10" number="251">ran</token>
<token t_id="253" sentence="10" number="252">a</token>
<token t_id="254" sentence="10" number="253">sub-five-minute</token>
<token t_id="255" sentence="10" number="254">mile</token>
<token t_id="256" sentence="10" number="255">for</token>
<token t_id="257" sentence="10" number="256">the</token>
<token t_id="258" sentence="10" number="257">first</token>
<token t_id="259" sentence="10" number="258">time</token>
<token t_id="260" sentence="10" number="259">since</token>
<token t_id="261" sentence="10" number="260">high</token>
<token t_id="262" sentence="10" number="261">school</token>
<token t_id="263" sentence="10" number="262">.</token>
<token t_id="264" sentence="11" number="263">What</token>
<token t_id="265" sentence="11" number="264">has</token>
<token t_id="266" sentence="11" number="265">startled</token>
<token t_id="267" sentence="11" number="266">the</token>
<token t_id="268" sentence="11" number="267">medical</token>
<token t_id="269" sentence="11" number="268">community</token>
<token t_id="270" sentence="11" number="269">even</token>
<token t_id="271" sentence="11" number="270">more</token>
<token t_id="272" sentence="11" number="271">is</token>
<token t_id="273" sentence="11" number="272">what</token>
<token t_id="274" sentence="11" number="273">Leon</token>
<token t_id="275" sentence="11" number="274">did</token>
<token t_id="276" sentence="11" number="275">this</token>
<token t_id="277" sentence="11" number="276">month</token>
<token t_id="278" sentence="11" number="277">in</token>
<token t_id="279" sentence="11" number="278">Beaumont</token>
<token t_id="280" sentence="11" number="279">,</token>
<token t_id="281" sentence="11" number="280">Texas</token>
<token t_id="282" sentence="11" number="281">.</token>
<token t_id="283" sentence="12" number="282">He</token>
<token t_id="284" sentence="12" number="283">won</token>
<token t_id="285" sentence="12" number="284">the</token>
<token t_id="286" sentence="12" number="285">Gusher</token>
<token t_id="287" sentence="12" number="286">Marathon</token>
<token t_id="288" sentence="12" number="287">,</token>
<token t_id="289" sentence="12" number="288">finishing</token>
<token t_id="290" sentence="12" number="289">in</token>
<token t_id="291" sentence="12" number="290">3:07:35</token>
<token t_id="292" sentence="12" number="291">.</token>
<token t_id="293" sentence="13" number="292">That</token>
<token t_id="294" sentence="13" number="293">was</token>
<token t_id="295" sentence="13" number="294">one</token>
<token t_id="296" sentence="13" number="295">second</token>
<token t_id="297" sentence="13" number="296">slower</token>
<token t_id="298" sentence="13" number="297">than</token>
<token t_id="299" sentence="13" number="298">his</token>
<token t_id="300" sentence="13" number="299">personal</token>
<token t_id="301" sentence="13" number="300">record</token>
<token t_id="302" sentence="13" number="301">in</token>
<token t_id="303" sentence="13" number="302">the</token>
<token t_id="304" sentence="13" number="303">26.2-mile</token>
<token t_id="305" sentence="13" number="304">event</token>
<token t_id="306" sentence="13" number="305">,</token>
<token t_id="307" sentence="13" number="306">set</token>
<token t_id="308" sentence="13" number="307">days</token>
<token t_id="309" sentence="13" number="308">before</token>
<token t_id="310" sentence="13" number="309">he</token>
<token t_id="311" sentence="13" number="310">underwent</token>
<token t_id="312" sentence="13" number="311">brain</token>
<token t_id="313" sentence="13" number="312">surgery</token>
<token t_id="314" sentence="13" number="313">in</token>
<token t_id="315" sentence="13" number="314">early</token>
<token t_id="316" sentence="13" number="315">2011</token>
<token t_id="317" sentence="13" number="316">.</token>


<Markables>
<ARGUMENTATIVE m_id="15" comment="" conversational-direct="FALSE" conversational-reported="FALSE"  >
<token_anchor t_id="264"/>
<token_anchor t_id="265"/>
<token_anchor t_id="266"/>
<token_anchor t_id="267"/>
<token_anchor t_id="268"/>
<token_anchor t_id="269"/>
<token_anchor t_id="270"/>
<token_anchor t_id="271"/>
</ARGUMENTATIVE>
<ARGUMENTATIVE m_id="16" comment="" conversational-direct="FALSE" conversational-reported="FALSE"  >
<token_anchor t_id="92"/>
<token_anchor t_id="93"/>
<token_anchor t_id="94"/>
<token_anchor t_id="95"/>
<token_anchor t_id="96"/>
</ARGUMENTATIVE>
<ARGUMENTATIVE m_id="17" comment="" conversational-direct="FALSE" conversational-reported="FALSE"  >
<token_anchor t_id="158"/>
<token_anchor t_id="159"/>
<token_anchor t_id="160"/>
<token_anchor t_id="161"/>
<token_anchor t_id="162"/>
<token_anchor t_id="163"/>
<token_anchor t_id="164"/>
<token_anchor t_id="165"/>
</ARGUMENTATIVE>
<ARGUMENTATIVE m_id="18" comment="" conversational-direct="FALSE" conversational-reported="FALSE"  >
<token_anchor t_id="143"/>
<token_anchor t_id="144"/>
<token_anchor t_id="145"/>
<token_anchor t_id="146"/>
<token_anchor t_id="147"/>
<token_anchor t_id="148"/>
<token_anchor t_id="149"/>
<token_anchor t_id="150"/>
<token_anchor t_id="151"/>
<token_anchor t_id="152"/>
<token_anchor t_id="153"/>
<token_anchor t_id="154"/>
<token_anchor t_id="155"/>
<token_anchor t_id="156"/>
<token_anchor t_id="157"/>
</ARGUMENTATIVE>
<ARGUMENTATIVE m_id="26" comment="" conversational-direct="FALSE" conversational-reported="FALSE"  >
<token_anchor t_id="97"/>
<token_anchor t_id="98"/>
<token_anchor t_id="99"/>
<token_anchor t_id="100"/>
<token_anchor t_id="101"/>
<token_anchor t_id="102"/>
<token_anchor t_id="103"/>
</ARGUMENTATIVE>
<ARGUMENTATIVE m_id="28" comment="" conversational-direct="FALSE" conversational-reported="FALSE"  >
<token_anchor t_id="173"/>
<token_anchor t_id="174"/>
<token_anchor t_id="175"/>
<token_anchor t_id="176"/>
<token_anchor t_id="177"/>
<token_anchor t_id="178"/>
<token_anchor t_id="179"/>
<token_anchor t_id="180"/>
<token_anchor t_id="181"/>
<token_anchor t_id="182"/>
</ARGUMENTATIVE>
<DESCRIPTIVE m_id="21" Type="Person" comment="" conversational-direct="FALSE" conversational-reported="FALSE"  >
<token_anchor t_id="34"/>
<token_anchor t_id="35"/>
<token_anchor t_id="36"/>
<token_anchor t_id="37"/>
<token_anchor t_id="38"/>
<token_anchor t_id="39"/>
<token_anchor t_id="40"/>
<token_anchor t_id="41"/>
<token_anchor t_id="42"/>
<token_anchor t_id="43"/>
<token_anchor t_id="44"/>
<token_anchor t_id="45"/>
<token_anchor t_id="46"/>
<token_anchor t_id="47"/>
</DESCRIPTIVE>
<DESCRIPTIVE m_id="30" Type="Person" comment="" conversational-direct="FALSE" conversational-reported="TRUE"  >
<token_anchor t_id="213"/>
<token_anchor t_id="214"/>
<token_anchor t_id="215"/>
<token_anchor t_id="216"/>
<token_anchor t_id="217"/>
<token_anchor t_id="218"/>
<token_anchor t_id="219"/>
</DESCRIPTIVE>
<DESCRIPTIVE m_id="31" Type="Other" comment="" conversational-direct="FALSE" conversational-reported="FALSE"  >
<token_anchor t_id="272"/>
</DESCRIPTIVE>
<EXPOSITORY m_id="20" comment="" conversational-direct="FALSE" conversational-reported="FALSE"  >
<token_anchor t_id="1"/>
<token_anchor t_id="2"/>
<token_anchor t_id="3"/>
<token_anchor t_id="4"/>
<token_anchor t_id="5"/>
<token_anchor t_id="6"/>
<token_anchor t_id="7"/>
<token_anchor t_id="8"/>
<token_anchor t_id="9"/>
<token_anchor t_id="10"/>
<token_anchor t_id="11"/>
<token_anchor t_id="12"/>
<token_anchor t_id="13"/>
<token_anchor t_id="14"/>
<token_anchor t_id="15"/>
</EXPOSITORY>
<EXPOSITORY m_id="29" comment="" conversational-direct="FALSE" conversational-reported="FALSE"  >
<token_anchor t_id="166"/>
<token_anchor t_id="167"/>
<token_anchor t_id="168"/>
<token_anchor t_id="169"/>
<token_anchor t_id="170"/>
<token_anchor t_id="171"/>
<token_anchor t_id="172"/>
</EXPOSITORY>
<NARRATIVE m_id="9" Level="" comment="" conversational-direct="FALSE" conversational-reported="FALSE"  >
<token_anchor t_id="183"/>
<token_anchor t_id="184"/>
<token_anchor t_id="185"/>
<token_anchor t_id="186"/>
<token_anchor t_id="187"/>
<token_anchor t_id="188"/>
<token_anchor t_id="189"/>
<token_anchor t_id="190"/>
<token_anchor t_id="191"/>
<token_anchor t_id="192"/>
<token_anchor t_id="193"/>
<token_anchor t_id="194"/>
<token_anchor t_id="195"/>
<token_anchor t_id="196"/>
<token_anchor t_id="197"/>
<token_anchor t_id="198"/>
<token_anchor t_id="199"/>
<token_anchor t_id="200"/>
<token_anchor t_id="201"/>
<token_anchor t_id="202"/>
</NARRATIVE>
<NARRATIVE m_id="10" Level="Primary" comment="" conversational-direct="FALSE" conversational-reported="FALSE"  >
<token_anchor t_id="243"/>
<token_anchor t_id="244"/>
<token_anchor t_id="245"/>
<token_anchor t_id="246"/>
<token_anchor t_id="247"/>
<token_anchor t_id="248"/>
<token_anchor t_id="249"/>
<token_anchor t_id="250"/>
<token_anchor t_id="251"/>
<token_anchor t_id="252"/>
<token_anchor t_id="253"/>
<token_anchor t_id="254"/>
<token_anchor t_id="255"/>
<token_anchor t_id="256"/>
<token_anchor t_id="257"/>
<token_anchor t_id="258"/>
<token_anchor t_id="259"/>
<token_anchor t_id="260"/>
<token_anchor t_id="261"/>
<token_anchor t_id="262"/>
<token_anchor t_id="263"/>
</NARRATIVE>
<NARRATIVE m_id="11" Level="Primary" comment="" conversational-direct="FALSE" conversational-reported="FALSE"  >
<token_anchor t_id="273"/>
<token_anchor t_id="274"/>
<token_anchor t_id="275"/>
<token_anchor t_id="276"/>
<token_anchor t_id="277"/>
<token_anchor t_id="278"/>
<token_anchor t_id="279"/>
<token_anchor t_id="280"/>
<token_anchor t_id="281"/>
<token_anchor t_id="282"/>
</NARRATIVE>
<NARRATIVE m_id="12" Level="Primary" comment="" conversational-direct="FALSE" conversational-reported="FALSE"  >
<token_anchor t_id="289"/>
<token_anchor t_id="290"/>
<token_anchor t_id="291"/>
<token_anchor t_id="292"/>
</NARRATIVE>
<NARRATIVE m_id="13" Level="Primary" comment="" conversational-direct="FALSE" conversational-reported="FALSE"  >
<token_anchor t_id="283"/>
<token_anchor t_id="284"/>
<token_anchor t_id="285"/>
<token_anchor t_id="286"/>
<token_anchor t_id="287"/>
<token_anchor t_id="288"/>
</NARRATIVE>
<NARRATIVE m_id="14" Level="" comment="" conversational-direct="FALSE" conversational-reported="FALSE"  >
<token_anchor t_id="129"/>
<token_anchor t_id="130"/>
<token_anchor t_id="131"/>
<token_anchor t_id="132"/>
<token_anchor t_id="133"/>
<token_anchor t_id="134"/>
<token_anchor t_id="135"/>
<token_anchor t_id="136"/>
<token_anchor t_id="137"/>
<token_anchor t_id="138"/>
<token_anchor t_id="139"/>
<token_anchor t_id="140"/>
<token_anchor t_id="141"/>
<token_anchor t_id="142"/>
</NARRATIVE>
<NARRATIVE m_id="19" Level="Primary" comment="" conversational-direct="FALSE" conversational-reported="FALSE"  >
<token_anchor t_id="237"/>
<token_anchor t_id="238"/>
<token_anchor t_id="239"/>
<token_anchor t_id="240"/>
<token_anchor t_id="241"/>
<token_anchor t_id="242"/>
</NARRATIVE>
<NARRATIVE m_id="22" Level="Primary" comment="" conversational-direct="FALSE" conversational-reported="FALSE"  >
<token_anchor t_id="16"/>
<token_anchor t_id="17"/>
<token_anchor t_id="18"/>
<token_anchor t_id="19"/>
<token_anchor t_id="20"/>
<token_anchor t_id="21"/>
<token_anchor t_id="22"/>
<token_anchor t_id="23"/>
<token_anchor t_id="24"/>
<token_anchor t_id="25"/>
<token_anchor t_id="26"/>
<token_anchor t_id="27"/>
<token_anchor t_id="28"/>
<token_anchor t_id="29"/>
<token_anchor t_id="30"/>
<token_anchor t_id="31"/>
<token_anchor t_id="32"/>
<token_anchor t_id="33"/>
</NARRATIVE>
<NARRATIVE m_id="23" Level="Primary" comment="" conversational-direct="FALSE" conversational-reported="FALSE"  >
<token_anchor t_id="62"/>
<token_anchor t_id="63"/>
<token_anchor t_id="64"/>
<token_anchor t_id="65"/>
<token_anchor t_id="66"/>
<token_anchor t_id="67"/>
<token_anchor t_id="68"/>
<token_anchor t_id="69"/>
<token_anchor t_id="70"/>
<token_anchor t_id="71"/>
<token_anchor t_id="72"/>
<token_anchor t_id="73"/>
<token_anchor t_id="74"/>
</NARRATIVE>
<NARRATIVE m_id="24" Level="Primary" comment="" conversational-direct="FALSE" conversational-reported="FALSE"  >
<token_anchor t_id="48"/>
<token_anchor t_id="49"/>
<token_anchor t_id="50"/>
<token_anchor t_id="51"/>
<token_anchor t_id="52"/>
<token_anchor t_id="53"/>
<token_anchor t_id="54"/>
<token_anchor t_id="55"/>
<token_anchor t_id="56"/>
<token_anchor t_id="57"/>
<token_anchor t_id="58"/>
</NARRATIVE>
<NARRATIVE m_id="25" Level="Primary" comment="" conversational-direct="FALSE" conversational-reported="FALSE"  >
<token_anchor t_id="75"/>
<token_anchor t_id="76"/>
<token_anchor t_id="77"/>
<token_anchor t_id="78"/>
<token_anchor t_id="79"/>
<token_anchor t_id="80"/>
<token_anchor t_id="81"/>
<token_anchor t_id="82"/>
<token_anchor t_id="83"/>
<token_anchor t_id="84"/>
<token_anchor t_id="85"/>
<token_anchor t_id="86"/>
<token_anchor t_id="87"/>
<token_anchor t_id="88"/>
<token_anchor t_id="89"/>
<token_anchor t_id="90"/>
<token_anchor t_id="91"/>
</NARRATIVE>
<NARRATIVE m_id="27" Level="Primary" comment="" conversational-direct="TRUE" conversational-reported="FALSE"  >
<token_anchor t_id="104"/>
<token_anchor t_id="105"/>
<token_anchor t_id="106"/>
<token_anchor t_id="107"/>
<token_anchor t_id="108"/>
<token_anchor t_id="109"/>
<token_anchor t_id="110"/>
<token_anchor t_id="111"/>
<token_anchor t_id="112"/>
<token_anchor t_id="113"/>
<token_anchor t_id="114"/>
<token_anchor t_id="115"/>
<token_anchor t_id="116"/>
<token_anchor t_id="117"/>
</NARRATIVE>
<NARRATIVE m_id="1" Level="Primary" comment="" conversational-direct="FALSE" conversational-reported="FALSE"  >
<token_anchor t_id="220"/>
<token_anchor t_id="221"/>
<token_anchor t_id="222"/>
</NARRATIVE>
<NARRATIVE m_id="2" Level="Primary" comment="" conversational-direct="FALSE" conversational-reported="TRUE"  >
<token_anchor t_id="223"/>
<token_anchor t_id="224"/>
</NARRATIVE>
<NARRATIVE m_id="3" Level="Primary" comment="" conversational-direct="FALSE" conversational-reported="FALSE"  >
<token_anchor t_id="59"/>
<token_anchor t_id="60"/>
<token_anchor t_id="61"/>
</NARRATIVE>
<NARRATIVE m_id="4" Level="" comment="" conversational-direct="FALSE" conversational-reported="FALSE"  >
<token_anchor t_id="118"/>
<token_anchor t_id="119"/>
<token_anchor t_id="120"/>
<token_anchor t_id="121"/>
<token_anchor t_id="122"/>
<token_anchor t_id="123"/>
<token_anchor t_id="124"/>
<token_anchor t_id="125"/>
<token_anchor t_id="126"/>
<token_anchor t_id="127"/>
<token_anchor t_id="128"/>
</NARRATIVE>
<NARRATIVE m_id="5" Level="" comment="" conversational-direct="FALSE" conversational-reported="FALSE"  >
<token_anchor t_id="203"/>
<token_anchor t_id="204"/>
<token_anchor t_id="205"/>
<token_anchor t_id="206"/>
<token_anchor t_id="207"/>
<token_anchor t_id="208"/>
<token_anchor t_id="209"/>
<token_anchor t_id="210"/>
<token_anchor t_id="211"/>
<token_anchor t_id="212"/>
</NARRATIVE>
<NARRATIVE m_id="6" Level="Primary" comment="" conversational-direct="TRUE" conversational-reported="FALSE"  >
<token_anchor t_id="225"/>
<token_anchor t_id="226"/>
<token_anchor t_id="227"/>
<token_anchor t_id="228"/>
<token_anchor t_id="229"/>
<token_anchor t_id="230"/>
<token_anchor t_id="231"/>
<token_anchor t_id="232"/>
<token_anchor t_id="233"/>
<token_anchor t_id="234"/>
<token_anchor t_id="235"/>
<token_anchor t_id="236"/>
</NARRATIVE>
<NARRATIVE m_id="7" Level="Primary" comment="" conversational-direct="FALSE" conversational-reported="FALSE"  >
<token_anchor t_id="293"/>
<token_anchor t_id="294"/>
<token_anchor t_id="295"/>
<token_anchor t_id="296"/>
<token_anchor t_id="297"/>
<token_anchor t_id="298"/>
<token_anchor t_id="299"/>
<token_anchor t_id="300"/>
<token_anchor t_id="301"/>
<token_anchor t_id="302"/>
<token_anchor t_id="303"/>
<token_anchor t_id="304"/>
<token_anchor t_id="305"/>
<token_anchor t_id="306"/>
</NARRATIVE>
<NARRATIVE m_id="8" Level="Primary" comment="" conversational-direct="FALSE" conversational-reported="FALSE"  >
<token_anchor t_id="307"/>
<token_anchor t_id="308"/>
<token_anchor t_id="309"/>
<token_anchor t_id="310"/>
<token_anchor t_id="311"/>
<token_anchor t_id="312"/>
<token_anchor t_id="313"/>
<token_anchor t_id="314"/>
<token_anchor t_id="315"/>
<token_anchor t_id="316"/>
<token_anchor t_id="317"/>
</NARRATIVE>


</Markables>

<Relations>
</Relations>
</Document>
