<Document doc_name="wsj_0910.xml.conll.txt">
<token t_id="1" sentence="0" number="0">The</token>
<token t_id="2" sentence="0" number="1">Canadian</token>
<token t_id="3" sentence="0" number="2">government</token>
<token t_id="4" sentence="0" number="3">,</token>
<token t_id="5" sentence="0" number="4">with</token>
<token t_id="6" sentence="0" number="5">a</token>
<token t_id="7" sentence="0" number="6">view</token>
<token t_id="8" sentence="0" number="7">to</token>
<token t_id="9" sentence="0" number="8">becoming</token>
<token t_id="10" sentence="0" number="9">more</token>
<token t_id="11" sentence="0" number="10">politically</token>
<token t_id="12" sentence="0" number="11">active</token>
<token t_id="13" sentence="0" number="12">in</token>
<token t_id="14" sentence="0" number="13">Latin</token>
<token t_id="15" sentence="0" number="14">America</token>
<token t_id="16" sentence="0" number="15">,</token>
<token t_id="17" sentence="0" number="16">is</token>
<token t_id="18" sentence="0" number="17">expected</token>
<token t_id="19" sentence="0" number="18">to</token>
<token t_id="20" sentence="0" number="19">announce</token>
<token t_id="21" sentence="0" number="20">tomorrow</token>
<token t_id="22" sentence="0" number="21">its</token>
<token t_id="23" sentence="0" number="22">application</token>
<token t_id="24" sentence="0" number="23">to</token>
<token t_id="25" sentence="0" number="24">join</token>
<token t_id="26" sentence="0" number="25">the</token>
<token t_id="27" sentence="0" number="26">Organization</token>
<token t_id="28" sentence="0" number="27">of</token>
<token t_id="29" sentence="0" number="28">American</token>
<token t_id="30" sentence="0" number="29">States</token>
<token t_id="31" sentence="0" number="30">,</token>
<token t_id="32" sentence="0" number="31">a</token>
<token t_id="33" sentence="0" number="32">Washington</token>
<token t_id="34" sentence="0" number="33">-</token>
<token t_id="35" sentence="0" number="34">based</token>
<token t_id="36" sentence="0" number="35">regional</token>
<token t_id="37" sentence="0" number="36">agency</token>
<token t_id="38" sentence="0" number="37">.</token>
<token t_id="39" sentence="1" number="0">The</token>
<token t_id="40" sentence="1" number="1">expected</token>
<token t_id="41" sentence="1" number="2">Canadian</token>
<token t_id="42" sentence="1" number="3">move</token>
<token t_id="43" sentence="1" number="4">has</token>
<token t_id="44" sentence="1" number="5">been</token>
<token t_id="45" sentence="1" number="6">welcomed</token>
<token t_id="46" sentence="1" number="7">by</token>
<token t_id="47" sentence="1" number="8">the</token>
<token t_id="48" sentence="1" number="9">Bush</token>
<token t_id="49" sentence="1" number="10">administration</token>
<token t_id="50" sentence="1" number="11">even</token>
<token t_id="51" sentence="1" number="12">though</token>
<token t_id="52" sentence="1" number="13">Canada</token>
<token t_id="53" sentence="1" number="14">has</token>
<token t_id="54" sentence="1" number="15">opposed</token>
<token t_id="55" sentence="1" number="16">such</token>
<token t_id="56" sentence="1" number="17">U</token>
<token t_id="57" sentence="1" number="18">.</token>
<token t_id="58" sentence="1" number="19">S</token>
<token t_id="59" sentence="1" number="20">.</token>
<token t_id="60" sentence="1" number="21">actions</token>
<token t_id="61" sentence="1" number="22">as</token>
<token t_id="62" sentence="1" number="23">the</token>
<token t_id="63" sentence="1" number="24">trade</token>
<token t_id="64" sentence="1" number="25">embargo</token>
<token t_id="65" sentence="1" number="26">against</token>
<token t_id="66" sentence="1" number="27">Cuba</token>
<token t_id="67" sentence="1" number="28">,</token>
<token t_id="68" sentence="1" number="29">the</token>
<token t_id="69" sentence="1" number="30">invasion</token>
<token t_id="70" sentence="1" number="31">of</token>
<token t_id="71" sentence="1" number="32">Grenada</token>
<token t_id="72" sentence="1" number="33">and</token>
<token t_id="73" sentence="1" number="34">the</token>
<token t_id="74" sentence="1" number="35">military</token>
<token t_id="75" sentence="1" number="36">support</token>
<token t_id="76" sentence="1" number="37">for</token>
<token t_id="77" sentence="1" number="38">Nicaragua</token>
<token t_id="78" sentence="1" number="39">'s</token>
<token t_id="79" sentence="1" number="40">Contra</token>
<token t_id="80" sentence="1" number="41">guerrillas</token>
<token t_id="81" sentence="1" number="42">.</token>
<token t_id="82" sentence="2" number="0">Latin</token>
<token t_id="83" sentence="2" number="1">American</token>
<token t_id="84" sentence="2" number="2">countries</token>
<token t_id="85" sentence="2" number="3">have</token>
<token t_id="86" sentence="2" number="4">long</token>
<token t_id="87" sentence="2" number="5">urged</token>
<token t_id="88" sentence="2" number="6">Canada</token>
<token t_id="89" sentence="2" number="7">to</token>
<token t_id="90" sentence="2" number="8">join</token>
<token t_id="91" sentence="2" number="9">the</token>
<token t_id="92" sentence="2" number="10">OAS</token>
<token t_id="93" sentence="2" number="11">in</token>
<token t_id="94" sentence="2" number="12">the</token>
<token t_id="95" sentence="2" number="13">hopes</token>
<token t_id="96" sentence="2" number="14">that</token>
<token t_id="97" sentence="2" number="15">it</token>
<token t_id="98" sentence="2" number="16">would</token>
<token t_id="99" sentence="2" number="17">be</token>
<token t_id="100" sentence="2" number="18">a</token>
<token t_id="101" sentence="2" number="19">counterweight</token>
<token t_id="102" sentence="2" number="20">to</token>
<token t_id="103" sentence="2" number="21">the</token>
<token t_id="104" sentence="2" number="22">U</token>
<token t_id="105" sentence="2" number="23">.</token>
<token t_id="106" sentence="2" number="24">S</token>
<token t_id="107" sentence="2" number="25">.</token>
<token t_id="108" sentence="2" number="26">,</token>
<token t_id="109" sentence="2" number="27">which</token>
<token t_id="110" sentence="2" number="28">for</token>
<token t_id="111" sentence="2" number="29">many</token>
<token t_id="112" sentence="2" number="30">years</token>
<token t_id="113" sentence="2" number="31">tended</token>
<token t_id="114" sentence="2" number="32">to</token>
<token t_id="115" sentence="2" number="33">dominate</token>
<token t_id="116" sentence="2" number="34">the</token>
<token t_id="117" sentence="2" number="35">32</token>
<token t_id="118" sentence="2" number="36">-</token>
<token t_id="119" sentence="2" number="37">nation</token>
<token t_id="120" sentence="2" number="38">organization</token>
<token t_id="121" sentence="2" number="39">.</token>
<token t_id="122" sentence="3" number="0">Even</token>
<token t_id="123" sentence="3" number="1">though</token>
<token t_id="124" sentence="3" number="2">the</token>
<token t_id="125" sentence="3" number="3">U</token>
<token t_id="126" sentence="3" number="4">.</token>
<token t_id="127" sentence="3" number="5">S</token>
<token t_id="128" sentence="3" number="6">.</token>
<token t_id="129" sentence="3" number="7">also</token>
<token t_id="130" sentence="3" number="8">has</token>
<token t_id="131" sentence="3" number="9">supported</token>
<token t_id="132" sentence="3" number="10">Canadian</token>
<token t_id="133" sentence="3" number="11">membership</token>
<token t_id="134" sentence="3" number="12">,</token>
<token t_id="135" sentence="3" number="13">it</token>
<token t_id="136" sentence="3" number="14">has</token>
<token t_id="137" sentence="3" number="15">n't</token>
<token t_id="138" sentence="3" number="16">been</token>
<token t_id="139" sentence="3" number="17">a</token>
<token t_id="140" sentence="3" number="18">Washington</token>
<token t_id="141" sentence="3" number="19">priority</token>
<token t_id="142" sentence="3" number="20">.</token>
<token t_id="143" sentence="4" number="0">``</token>
<token t_id="144" sentence="4" number="1">The</token>
<token t_id="145" sentence="4" number="2">fact</token>
<token t_id="146" sentence="4" number="3">that</token>
<token t_id="147" sentence="4" number="4">we</token>
<token t_id="148" sentence="4" number="5">might</token>
<token t_id="149" sentence="4" number="6">not</token>
<token t_id="150" sentence="4" number="7">side</token>
<token t_id="151" sentence="4" number="8">with</token>
<token t_id="152" sentence="4" number="9">the</token>
<token t_id="153" sentence="4" number="10">Americans</token>
<token t_id="154" sentence="4" number="11">may</token>
<token t_id="155" sentence="4" number="12">be</token>
<token t_id="156" sentence="4" number="13">a</token>
<token t_id="157" sentence="4" number="14">reason</token>
<token t_id="158" sentence="4" number="15">why</token>
<token t_id="159" sentence="4" number="16">Canada</token>
<token t_id="160" sentence="4" number="17">'s</token>
<token t_id="161" sentence="4" number="18">membership</token>
<token t_id="162" sentence="4" number="19">in</token>
<token t_id="163" sentence="4" number="20">the</token>
<token t_id="164" sentence="4" number="21">OAS</token>
<token t_id="165" sentence="4" number="22">has</token>
<token t_id="166" sentence="4" number="23">n't</token>
<token t_id="167" sentence="4" number="24">been</token>
<token t_id="168" sentence="4" number="25">,</token>
<token t_id="169" sentence="4" number="26">over</token>
<token t_id="170" sentence="4" number="27">the</token>
<token t_id="171" sentence="4" number="28">years</token>
<token t_id="172" sentence="4" number="29">,</token>
<token t_id="173" sentence="4" number="30">an</token>
<token t_id="174" sentence="4" number="31">item</token>
<token t_id="175" sentence="4" number="32">high</token>
<token t_id="176" sentence="4" number="33">on</token>
<token t_id="177" sentence="4" number="34">the</token>
<token t_id="178" sentence="4" number="35">U</token>
<token t_id="179" sentence="4" number="36">.</token>
<token t_id="180" sentence="4" number="37">S</token>
<token t_id="181" sentence="4" number="38">.</token>
<token t_id="182" sentence="4" number="39">agenda</token>
<token t_id="183" sentence="4" number="40">,</token>
<token t_id="184" sentence="4" number="41">''</token>
<token t_id="185" sentence="4" number="42">said</token>
<token t_id="186" sentence="4" number="43">Allan</token>
<token t_id="187" sentence="4" number="44">Gotlieb</token>
<token t_id="188" sentence="4" number="45">,</token>
<token t_id="189" sentence="4" number="46">former</token>
<token t_id="190" sentence="4" number="47">Canadian</token>
<token t_id="191" sentence="4" number="48">ambassador</token>
<token t_id="192" sentence="4" number="49">to</token>
<token t_id="193" sentence="4" number="50">the</token>
<token t_id="194" sentence="4" number="51">U</token>
<token t_id="195" sentence="4" number="52">.</token>
<token t_id="196" sentence="4" number="53">S</token>
<token t_id="197" sentence="4" number="54">.</token>
<token t_id="198" sentence="5" number="0">The</token>
<token t_id="199" sentence="5" number="1">Canadian</token>
<token t_id="200" sentence="5" number="2">application</token>
<token t_id="201" sentence="5" number="3">is</token>
<token t_id="202" sentence="5" number="4">expected</token>
<token t_id="203" sentence="5" number="5">to</token>
<token t_id="204" sentence="5" number="6">be</token>
<token t_id="205" sentence="5" number="7">announced</token>
<token t_id="206" sentence="5" number="8">in</token>
<token t_id="207" sentence="5" number="9">San</token>
<token t_id="208" sentence="5" number="10">Jose</token>
<token t_id="209" sentence="5" number="11">,</token>
<token t_id="210" sentence="5" number="12">Costa</token>
<token t_id="211" sentence="5" number="13">Rica</token>
<token t_id="212" sentence="5" number="14">,</token>
<token t_id="213" sentence="5" number="15">by</token>
<token t_id="214" sentence="5" number="16">Canadian</token>
<token t_id="215" sentence="5" number="17">Prime</token>
<token t_id="216" sentence="5" number="18">Minister</token>
<token t_id="217" sentence="5" number="19">Brian</token>
<token t_id="218" sentence="5" number="20">Mulroney</token>
<token t_id="219" sentence="5" number="21">,</token>
<token t_id="220" sentence="5" number="22">who</token>
<token t_id="221" sentence="5" number="23">is</token>
<token t_id="222" sentence="5" number="24">attending</token>
<token t_id="223" sentence="5" number="25">a</token>
<token t_id="224" sentence="5" number="26">centenary</token>
<token t_id="225" sentence="5" number="27">celebration</token>
<token t_id="226" sentence="5" number="28">of</token>
<token t_id="227" sentence="5" number="29">Costa</token>
<token t_id="228" sentence="5" number="30">Rican</token>
<token t_id="229" sentence="5" number="31">democracy</token>
<token t_id="230" sentence="5" number="32">.</token>
<token t_id="231" sentence="6" number="0">``</token>
<token t_id="232" sentence="6" number="1">Canada</token>
<token t_id="233" sentence="6" number="2">has</token>
<token t_id="234" sentence="6" number="3">a</token>
<token t_id="235" sentence="6" number="4">larger</token>
<token t_id="236" sentence="6" number="5">and</token>
<token t_id="237" sentence="6" number="6">more</token>
<token t_id="238" sentence="6" number="7">beneficial</token>
<token t_id="239" sentence="6" number="8">role</token>
<token t_id="240" sentence="6" number="9">to</token>
<token t_id="241" sentence="6" number="10">play</token>
<token t_id="242" sentence="6" number="11">in</token>
<token t_id="243" sentence="6" number="12">the</token>
<token t_id="244" sentence="6" number="13">hemisphere</token>
<token t_id="245" sentence="6" number="14">,</token>
<token t_id="246" sentence="6" number="15">''</token>
<token t_id="247" sentence="6" number="16">Mr</token>
<token t_id="248" sentence="6" number="17">.</token>
<token t_id="249" sentence="6" number="18">Mulroney</token>
<token t_id="250" sentence="6" number="19">said</token>
<token t_id="251" sentence="6" number="20">recently</token>
<token t_id="252" sentence="6" number="21">.</token>
<token t_id="253" sentence="7" number="0">Some</token>
<token t_id="254" sentence="7" number="1">Canadian</token>
<token t_id="255" sentence="7" number="2">political</token>
<token t_id="256" sentence="7" number="3">commentators</token>
<token t_id="257" sentence="7" number="4">have</token>
<token t_id="258" sentence="7" number="5">opposed</token>
<token t_id="259" sentence="7" number="6">Canada</token>
<token t_id="260" sentence="7" number="7">'s</token>
<token t_id="261" sentence="7" number="8">joining</token>
<token t_id="262" sentence="7" number="9">what</token>
<token t_id="263" sentence="7" number="10">they</token>
<token t_id="264" sentence="7" number="11">see</token>
<token t_id="265" sentence="7" number="12">as</token>
<token t_id="266" sentence="7" number="13">a</token>
<token t_id="267" sentence="7" number="14">U</token>
<token t_id="268" sentence="7" number="15">.</token>
<token t_id="269" sentence="7" number="16">S</token>
<token t_id="270" sentence="7" number="17">.</token>
<token t_id="271" sentence="7" number="18">-</token>
<token t_id="272" sentence="7" number="19">dominated</token>
<token t_id="273" sentence="7" number="20">organization</token>
<token t_id="274" sentence="7" number="21">.</token>
<token t_id="275" sentence="8" number="0">``</token>
<token t_id="276" sentence="8" number="1">Canada</token>
<token t_id="277" sentence="8" number="2">could</token>
<token t_id="278" sentence="8" number="3">do</token>
<token t_id="279" sentence="8" number="4">plenty</token>
<token t_id="280" sentence="8" number="5">of</token>
<token t_id="281" sentence="8" number="6">things</token>
<token t_id="282" sentence="8" number="7">to</token>
<token t_id="283" sentence="8" number="8">get</token>
<token t_id="284" sentence="8" number="9">serious</token>
<token t_id="285" sentence="8" number="10">about</token>
<token t_id="286" sentence="8" number="11">Latin</token>
<token t_id="287" sentence="8" number="12">America</token>
<token t_id="288" sentence="8" number="13">without</token>
<token t_id="289" sentence="8" number="14">running</token>
<token t_id="290" sentence="8" number="15">the</token>
<token t_id="291" sentence="8" number="16">risk</token>
<token t_id="292" sentence="8" number="17">of</token>
<token t_id="293" sentence="8" number="18">getting</token>
<token t_id="294" sentence="8" number="19">caught</token>
<token t_id="295" sentence="8" number="20">in</token>
<token t_id="296" sentence="8" number="21">the</token>
<token t_id="297" sentence="8" number="22">cross</token>
<token t_id="298" sentence="8" number="23">fire</token>
<token t_id="299" sentence="8" number="24">''</token>
<token t_id="300" sentence="8" number="25">between</token>
<token t_id="301" sentence="8" number="26">the</token>
<token t_id="302" sentence="8" number="27">U</token>
<token t_id="303" sentence="8" number="28">.</token>
<token t_id="304" sentence="8" number="29">S</token>
<token t_id="305" sentence="8" number="30">.</token>
<token t_id="306" sentence="8" number="31">and</token>
<token t_id="307" sentence="8" number="32">Latin</token>
<token t_id="308" sentence="8" number="33">American</token>
<token t_id="309" sentence="8" number="34">members</token>
<token t_id="310" sentence="8" number="35">of</token>
<token t_id="311" sentence="8" number="36">the</token>
<token t_id="312" sentence="8" number="37">OAS</token>
<token t_id="313" sentence="8" number="38">,</token>
<token t_id="314" sentence="8" number="39">said</token>
<token t_id="315" sentence="8" number="40">Jeffrey</token>
<token t_id="316" sentence="8" number="41">Simpson</token>
<token t_id="317" sentence="8" number="42">,</token>
<token t_id="318" sentence="8" number="43">a</token>
<token t_id="319" sentence="8" number="44">columnist</token>
<token t_id="320" sentence="8" number="45">in</token>
<token t_id="321" sentence="8" number="46">Toronto</token>
<token t_id="322" sentence="8" number="47">'s</token>
<token t_id="323" sentence="8" number="48">Globe</token>
<token t_id="324" sentence="8" number="49">&amp;amp</token>
<token t_id="325" sentence="8" number="50">;</token>
<token t_id="326" sentence="8" number="51">Mail</token>
<token t_id="327" sentence="8" number="52">newspaper</token>
<token t_id="328" sentence="8" number="53">.</token>
<token t_id="329" sentence="9" number="0">Canada</token>
<token t_id="330" sentence="9" number="1">,</token>
<token t_id="331" sentence="9" number="2">at</token>
<token t_id="332" sentence="9" number="3">times</token>
<token t_id="333" sentence="9" number="4">,</token>
<token t_id="334" sentence="9" number="5">could</token>
<token t_id="335" sentence="9" number="6">be</token>
<token t_id="336" sentence="9" number="7">an</token>
<token t_id="337" sentence="9" number="8">awkward</token>
<token t_id="338" sentence="9" number="9">OAS</token>
<token t_id="339" sentence="9" number="10">partner</token>
<token t_id="340" sentence="9" number="11">for</token>
<token t_id="341" sentence="9" number="12">the</token>
<token t_id="342" sentence="9" number="13">U</token>
<token t_id="343" sentence="9" number="14">.</token>
<token t_id="344" sentence="9" number="15">S</token>
<token t_id="345" sentence="9" number="16">.</token>
<token t_id="346" sentence="9" number="17">if</token>
<token t_id="347" sentence="9" number="18">its</token>
<token t_id="348" sentence="9" number="19">United</token>
<token t_id="349" sentence="9" number="20">Nations</token>
<token t_id="350" sentence="9" number="21">voting</token>
<token t_id="351" sentence="9" number="22">record</token>
<token t_id="352" sentence="9" number="23">is</token>
<token t_id="353" sentence="9" number="24">an</token>
<token t_id="354" sentence="9" number="25">indication</token>
<token t_id="355" sentence="9" number="26">.</token>
<token t_id="356" sentence="10" number="0">In</token>
<token t_id="357" sentence="10" number="1">U</token>
<token t_id="358" sentence="10" number="2">.</token>
<token t_id="359" sentence="10" number="3">N</token>
<token t_id="360" sentence="10" number="4">.</token>
<token t_id="361" sentence="10" number="5">General</token>
<token t_id="362" sentence="10" number="6">Assembly</token>
<token t_id="363" sentence="10" number="7">votes</token>
<token t_id="364" sentence="10" number="8">last</token>
<token t_id="365" sentence="10" number="9">year</token>
<token t_id="366" sentence="10" number="10">,</token>
<token t_id="367" sentence="10" number="11">Canada</token>
<token t_id="368" sentence="10" number="12">voted</token>
<token t_id="369" sentence="10" number="13">the</token>
<token t_id="370" sentence="10" number="14">same</token>
<token t_id="371" sentence="10" number="15">as</token>
<token t_id="372" sentence="10" number="16">the</token>
<token t_id="373" sentence="10" number="17">U</token>
<token t_id="374" sentence="10" number="18">.</token>
<token t_id="375" sentence="10" number="19">S</token>
<token t_id="376" sentence="10" number="20">.</token>
<token t_id="377" sentence="10" number="21">only</token>
<token t_id="378" sentence="10" number="22">63</token>
<token t_id="379" sentence="10" number="23">%</token>
<token t_id="380" sentence="10" number="24">of</token>
<token t_id="381" sentence="10" number="25">the</token>
<token t_id="382" sentence="10" number="26">time</token>
<token t_id="383" sentence="10" number="27">.</token>
<token t_id="384" sentence="11" number="0">France</token>
<token t_id="385" sentence="11" number="1">voted</token>
<token t_id="386" sentence="11" number="2">the</token>
<token t_id="387" sentence="11" number="3">same</token>
<token t_id="388" sentence="11" number="4">as</token>
<token t_id="389" sentence="11" number="5">the</token>
<token t_id="390" sentence="11" number="6">U</token>
<token t_id="391" sentence="11" number="7">.</token>
<token t_id="392" sentence="11" number="8">S</token>
<token t_id="393" sentence="11" number="9">.</token>
<token t_id="394" sentence="11" number="10">76</token>
<token t_id="395" sentence="11" number="11">%</token>
<token t_id="396" sentence="11" number="12">of</token>
<token t_id="397" sentence="11" number="13">the</token>
<token t_id="398" sentence="11" number="14">time</token>
<token t_id="399" sentence="11" number="15">,</token>
<token t_id="400" sentence="11" number="16">West</token>
<token t_id="401" sentence="11" number="17">Germany</token>
<token t_id="402" sentence="11" number="18">79</token>
<token t_id="403" sentence="11" number="19">%</token>
<token t_id="404" sentence="11" number="20">and</token>
<token t_id="405" sentence="11" number="21">Britain</token>
<token t_id="406" sentence="11" number="22">83</token>
<token t_id="407" sentence="11" number="23">%</token>
<token t_id="408" sentence="11" number="24">.</token>
<token t_id="409" sentence="12" number="0">Larry</token>
<token t_id="410" sentence="12" number="1">Birns</token>
<token t_id="411" sentence="12" number="2">,</token>
<token t_id="412" sentence="12" number="3">director</token>
<token t_id="413" sentence="12" number="4">of</token>
<token t_id="414" sentence="12" number="5">the</token>
<token t_id="415" sentence="12" number="6">Washington</token>
<token t_id="416" sentence="12" number="7">-</token>
<token t_id="417" sentence="12" number="8">based</token>
<token t_id="418" sentence="12" number="9">Council</token>
<token t_id="419" sentence="12" number="10">on</token>
<token t_id="420" sentence="12" number="11">Hemispheric</token>
<token t_id="421" sentence="12" number="12">Affairs</token>
<token t_id="422" sentence="12" number="13">,</token>
<token t_id="423" sentence="12" number="14">a</token>
<token t_id="424" sentence="12" number="15">liberal</token>
<token t_id="425" sentence="12" number="16">research</token>
<token t_id="426" sentence="12" number="17">group</token>
<token t_id="427" sentence="12" number="18">,</token>
<token t_id="428" sentence="12" number="19">said</token>
<token t_id="429" sentence="12" number="20">that</token>
<token t_id="430" sentence="12" number="21">Latin</token>
<token t_id="431" sentence="12" number="22">American</token>
<token t_id="432" sentence="12" number="23">countries</token>
<token t_id="433" sentence="12" number="24">would</token>
<token t_id="434" sentence="12" number="25">be</token>
<token t_id="435" sentence="12" number="26">``</token>
<token t_id="436" sentence="12" number="27">profoundly</token>
<token t_id="437" sentence="12" number="28">disappointed</token>
<token t_id="438" sentence="12" number="29">''</token>
<token t_id="439" sentence="12" number="30">if</token>
<token t_id="440" sentence="12" number="31">Canada</token>
<token t_id="441" sentence="12" number="32">were</token>
<token t_id="442" sentence="12" number="33">to</token>
<token t_id="443" sentence="12" number="34">follow</token>
<token t_id="444" sentence="12" number="35">the</token>
<token t_id="445" sentence="12" number="36">U</token>
<token t_id="446" sentence="12" number="37">.</token>
<token t_id="447" sentence="12" number="38">S</token>
<token t_id="448" sentence="12" number="39">.</token>
<token t_id="449" sentence="12" number="40">lead</token>
<token t_id="450" sentence="12" number="41">in</token>
<token t_id="451" sentence="12" number="42">the</token>
<token t_id="452" sentence="12" number="43">OAS</token>
<token t_id="453" sentence="12" number="44">.</token>
<token t_id="454" sentence="13" number="0">``</token>
<token t_id="455" sentence="13" number="1">Latin</token>
<token t_id="456" sentence="13" number="2">Americans</token>
<token t_id="457" sentence="13" number="3">see</token>
<token t_id="458" sentence="13" number="4">Canada</token>
<token t_id="459" sentence="13" number="5">as</token>
<token t_id="460" sentence="13" number="6">a</token>
<token t_id="461" sentence="13" number="7">non</token>
<token t_id="462" sentence="13" number="8">-</token>
<token t_id="463" sentence="13" number="9">interventionist</token>
<token t_id="464" sentence="13" number="10">power</token>
<token t_id="465" sentence="13" number="11">that</token>
<token t_id="466" sentence="13" number="12">respects</token>
<token t_id="467" sentence="13" number="13">their</token>
<token t_id="468" sentence="13" number="14">sovereignty</token>
<token t_id="469" sentence="13" number="15">,</token>
<token t_id="470" sentence="13" number="16">''</token>
<token t_id="471" sentence="13" number="17">he</token>
<token t_id="472" sentence="13" number="18">said</token>
<token t_id="473" sentence="13" number="19">.</token>
<token t_id="474" sentence="14" number="0">The</token>
<token t_id="475" sentence="14" number="1">OAS</token>
<token t_id="476" sentence="14" number="2">,</token>
<token t_id="477" sentence="14" number="3">which</token>
<token t_id="478" sentence="14" number="4">tries</token>
<token t_id="479" sentence="14" number="5">to</token>
<token t_id="480" sentence="14" number="6">promote</token>
<token t_id="481" sentence="14" number="7">peace</token>
<token t_id="482" sentence="14" number="8">and</token>
<token t_id="483" sentence="14" number="9">economic</token>
<token t_id="484" sentence="14" number="10">development</token>
<token t_id="485" sentence="14" number="11">within</token>
<token t_id="486" sentence="14" number="12">the</token>
<token t_id="487" sentence="14" number="13">Americas</token>
<token t_id="488" sentence="14" number="14">,</token>
<token t_id="489" sentence="14" number="15">is</token>
<token t_id="490" sentence="14" number="16">attempting</token>
<token t_id="491" sentence="14" number="17">to</token>
<token t_id="492" sentence="14" number="18">find</token>
<token t_id="493" sentence="14" number="19">a</token>
<token t_id="494" sentence="14" number="20">settlement</token>
<token t_id="495" sentence="14" number="21">of</token>
<token t_id="496" sentence="14" number="22">the</token>
<token t_id="497" sentence="14" number="23">current</token>
<token t_id="498" sentence="14" number="24">Panama</token>
<token t_id="499" sentence="14" number="25">political</token>
<token t_id="500" sentence="14" number="26">crisis</token>
<token t_id="501" sentence="14" number="27">.</token>
<token t_id="502" sentence="15" number="0">Cuba</token>
<token t_id="503" sentence="15" number="1">has</token>
<token t_id="504" sentence="15" number="2">been</token>
<token t_id="505" sentence="15" number="3">suspended</token>
<token t_id="506" sentence="15" number="4">from</token>
<token t_id="507" sentence="15" number="5">OAS</token>
<token t_id="508" sentence="15" number="6">membership</token>
<token t_id="509" sentence="15" number="7">,</token>
<token t_id="510" sentence="15" number="8">but</token>
<token t_id="511" sentence="15" number="9">the</token>
<token t_id="512" sentence="15" number="10">organization</token>
<token t_id="513" sentence="15" number="11">'s</token>
<token t_id="514" sentence="15" number="12">members</token>
<token t_id="515" sentence="15" number="13">are</token>
<token t_id="516" sentence="15" number="14">discussing</token>
<token t_id="517" sentence="15" number="15">Cuba</token>
<token t_id="518" sentence="15" number="16">'s</token>
<token t_id="519" sentence="15" number="17">reinstatement</token>
<token t_id="520" sentence="15" number="18">.</token>


<Markables>
<ARGUMENTATIVE m_id="9" comment="" conversational-direct="FALSE" conversational-reported="FALSE"  >
<token_anchor t_id="96"/>
<token_anchor t_id="97"/>
<token_anchor t_id="98"/>
<token_anchor t_id="99"/>
<token_anchor t_id="100"/>
<token_anchor t_id="101"/>
<token_anchor t_id="102"/>
<token_anchor t_id="103"/>
<token_anchor t_id="104"/>
<token_anchor t_id="105"/>
<token_anchor t_id="106"/>
<token_anchor t_id="107"/>
<token_anchor t_id="108"/>
</ARGUMENTATIVE>
<ARGUMENTATIVE m_id="11" comment="" conversational-direct="FALSE" conversational-reported="FALSE"  >
<token_anchor t_id="114"/>
<token_anchor t_id="115"/>
<token_anchor t_id="116"/>
<token_anchor t_id="117"/>
<token_anchor t_id="118"/>
<token_anchor t_id="119"/>
<token_anchor t_id="120"/>
<token_anchor t_id="121"/>
</ARGUMENTATIVE>
<ARGUMENTATIVE m_id="13" comment="" conversational-direct="FALSE" conversational-reported="FALSE"  >
<token_anchor t_id="135"/>
<token_anchor t_id="136"/>
<token_anchor t_id="137"/>
<token_anchor t_id="138"/>
<token_anchor t_id="139"/>
<token_anchor t_id="140"/>
<token_anchor t_id="141"/>
<token_anchor t_id="142"/>
</ARGUMENTATIVE>
<ARGUMENTATIVE m_id="20" comment="" conversational-direct="TRUE" conversational-reported="FALSE"  >
<token_anchor t_id="231"/>
<token_anchor t_id="232"/>
<token_anchor t_id="233"/>
<token_anchor t_id="234"/>
<token_anchor t_id="235"/>
<token_anchor t_id="236"/>
<token_anchor t_id="237"/>
<token_anchor t_id="238"/>
<token_anchor t_id="239"/>
</ARGUMENTATIVE>
<ARGUMENTATIVE m_id="21" comment="" conversational-direct="TRUE" conversational-reported="FALSE"  >
<token_anchor t_id="240"/>
<token_anchor t_id="241"/>
<token_anchor t_id="242"/>
<token_anchor t_id="243"/>
<token_anchor t_id="244"/>
<token_anchor t_id="245"/>
<token_anchor t_id="246"/>
</ARGUMENTATIVE>
<ARGUMENTATIVE m_id="25" comment="" conversational-direct="FALSE" conversational-reported="FALSE"  >
<token_anchor t_id="262"/>
<token_anchor t_id="263"/>
<token_anchor t_id="264"/>
</ARGUMENTATIVE>
<ARGUMENTATIVE m_id="26" comment="" conversational-direct="FALSE" conversational-reported="FALSE"  >
<token_anchor t_id="265"/>
<token_anchor t_id="266"/>
<token_anchor t_id="267"/>
<token_anchor t_id="268"/>
<token_anchor t_id="269"/>
<token_anchor t_id="270"/>
<token_anchor t_id="271"/>
<token_anchor t_id="272"/>
<token_anchor t_id="273"/>
<token_anchor t_id="274"/>
</ARGUMENTATIVE>
<ARGUMENTATIVE m_id="27" comment="" conversational-direct="TRUE" conversational-reported="FALSE"  >
<token_anchor t_id="282"/>
<token_anchor t_id="283"/>
<token_anchor t_id="284"/>
<token_anchor t_id="285"/>
<token_anchor t_id="286"/>
<token_anchor t_id="287"/>
</ARGUMENTATIVE>
<ARGUMENTATIVE m_id="28" comment="" conversational-direct="TRUE" conversational-reported="FALSE"  >
<token_anchor t_id="288"/>
<token_anchor t_id="289"/>
<token_anchor t_id="290"/>
<token_anchor t_id="291"/>
<token_anchor t_id="292"/>
<token_anchor t_id="293"/>
<token_anchor t_id="294"/>
<token_anchor t_id="295"/>
<token_anchor t_id="296"/>
<token_anchor t_id="297"/>
<token_anchor t_id="298"/>
<token_anchor t_id="299"/>
<token_anchor t_id="300"/>
<token_anchor t_id="301"/>
<token_anchor t_id="302"/>
<token_anchor t_id="303"/>
<token_anchor t_id="304"/>
<token_anchor t_id="305"/>
<token_anchor t_id="306"/>
<token_anchor t_id="307"/>
<token_anchor t_id="308"/>
<token_anchor t_id="309"/>
<token_anchor t_id="310"/>
<token_anchor t_id="311"/>
<token_anchor t_id="312"/>
<token_anchor t_id="313"/>
</ARGUMENTATIVE>
<ARGUMENTATIVE m_id="31" comment="" conversational-direct="FALSE" conversational-reported="FALSE"  >
<token_anchor t_id="329"/>
<token_anchor t_id="330"/>
<token_anchor t_id="331"/>
<token_anchor t_id="332"/>
<token_anchor t_id="333"/>
<token_anchor t_id="334"/>
<token_anchor t_id="335"/>
<token_anchor t_id="336"/>
<token_anchor t_id="337"/>
<token_anchor t_id="338"/>
<token_anchor t_id="339"/>
<token_anchor t_id="340"/>
<token_anchor t_id="341"/>
<token_anchor t_id="342"/>
<token_anchor t_id="343"/>
<token_anchor t_id="344"/>
<token_anchor t_id="345"/>
</ARGUMENTATIVE>
<ARGUMENTATIVE m_id="1" comment="" conversational-direct="FALSE" conversational-reported="FALSE"  >
<token_anchor t_id="5"/>
<token_anchor t_id="6"/>
<token_anchor t_id="7"/>
<token_anchor t_id="8"/>
<token_anchor t_id="9"/>
<token_anchor t_id="10"/>
<token_anchor t_id="11"/>
<token_anchor t_id="12"/>
<token_anchor t_id="13"/>
<token_anchor t_id="14"/>
<token_anchor t_id="15"/>
<token_anchor t_id="16"/>
</ARGUMENTATIVE>
<ARGUMENTATIVE m_id="36" comment="" conversational-direct="FALSE" conversational-reported="TRUE"  >
<token_anchor t_id="429"/>
<token_anchor t_id="430"/>
<token_anchor t_id="431"/>
<token_anchor t_id="432"/>
<token_anchor t_id="433"/>
<token_anchor t_id="434"/>
<token_anchor t_id="435"/>
<token_anchor t_id="436"/>
<token_anchor t_id="437"/>
<token_anchor t_id="438"/>
</ARGUMENTATIVE>
<DESCRIPTIVE m_id="43" Type="Other" comment="" conversational-direct="FALSE" conversational-reported="FALSE"  >
<token_anchor t_id="477"/>
<token_anchor t_id="478"/>
</DESCRIPTIVE>
<DESCRIPTIVE m_id="44" Type="Other" comment="" conversational-direct="FALSE" conversational-reported="FALSE"  >
<token_anchor t_id="479"/>
<token_anchor t_id="480"/>
<token_anchor t_id="481"/>
<token_anchor t_id="482"/>
<token_anchor t_id="483"/>
<token_anchor t_id="484"/>
<token_anchor t_id="485"/>
<token_anchor t_id="486"/>
<token_anchor t_id="487"/>
<token_anchor t_id="488"/>
</DESCRIPTIVE>
<DESCRIPTIVE m_id="29" Type="Other" comment="" conversational-direct="FALSE" conversational-reported="FALSE"  >
<token_anchor t_id="275"/>
<token_anchor t_id="276"/>
<token_anchor t_id="277"/>
<token_anchor t_id="278"/>
<token_anchor t_id="279"/>
<token_anchor t_id="280"/>
<token_anchor t_id="281"/>
</DESCRIPTIVE>
<NARRATIVE m_id="41" Level="" comment="" conversational-direct="FALSE" conversational-reported="FALSE"  >
<token_anchor t_id="474"/>
<token_anchor t_id="475"/>
<token_anchor t_id="476"/>
<token_anchor t_id="489"/>
<token_anchor t_id="490"/>
</NARRATIVE>
<NARRATIVE m_id="42" Level="" comment="" conversational-direct="FALSE" conversational-reported="FALSE"  >
<token_anchor t_id="491"/>
<token_anchor t_id="492"/>
<token_anchor t_id="493"/>
<token_anchor t_id="494"/>
<token_anchor t_id="495"/>
<token_anchor t_id="496"/>
<token_anchor t_id="497"/>
<token_anchor t_id="498"/>
<token_anchor t_id="499"/>
<token_anchor t_id="500"/>
<token_anchor t_id="501"/>
</NARRATIVE>
<NARRATIVE m_id="10" Level="Primary" comment="" conversational-direct="FALSE" conversational-reported="FALSE"  >
<token_anchor t_id="109"/>
<token_anchor t_id="110"/>
<token_anchor t_id="111"/>
<token_anchor t_id="112"/>
<token_anchor t_id="113"/>
</NARRATIVE>
<NARRATIVE m_id="12" Level="" comment="" conversational-direct="FALSE" conversational-reported="FALSE"  >
<token_anchor t_id="122"/>
<token_anchor t_id="123"/>
<token_anchor t_id="124"/>
<token_anchor t_id="125"/>
<token_anchor t_id="126"/>
<token_anchor t_id="127"/>
<token_anchor t_id="128"/>
<token_anchor t_id="129"/>
<token_anchor t_id="130"/>
<token_anchor t_id="131"/>
<token_anchor t_id="132"/>
<token_anchor t_id="133"/>
<token_anchor t_id="134"/>
</NARRATIVE>
<NARRATIVE m_id="45" Level="Primary" comment="" conversational-direct="FALSE" conversational-reported="FALSE"  >
<token_anchor t_id="502"/>
<token_anchor t_id="503"/>
<token_anchor t_id="504"/>
<token_anchor t_id="505"/>
<token_anchor t_id="506"/>
<token_anchor t_id="507"/>
<token_anchor t_id="508"/>
<token_anchor t_id="509"/>
</NARRATIVE>
<NARRATIVE m_id="46" Level="Primary" comment="" conversational-direct="FALSE" conversational-reported="FALSE"  >
<token_anchor t_id="510"/>
<token_anchor t_id="511"/>
<token_anchor t_id="512"/>
<token_anchor t_id="513"/>
<token_anchor t_id="514"/>
<token_anchor t_id="515"/>
<token_anchor t_id="516"/>
<token_anchor t_id="517"/>
<token_anchor t_id="518"/>
<token_anchor t_id="519"/>
<token_anchor t_id="520"/>
</NARRATIVE>
<NARRATIVE m_id="14" Level="Primary" comment="" conversational-direct="FALSE" conversational-reported="FALSE"  >
<token_anchor t_id="185"/>
<token_anchor t_id="186"/>
<token_anchor t_id="187"/>
<token_anchor t_id="188"/>
<token_anchor t_id="189"/>
<token_anchor t_id="190"/>
<token_anchor t_id="191"/>
<token_anchor t_id="192"/>
<token_anchor t_id="193"/>
<token_anchor t_id="194"/>
<token_anchor t_id="195"/>
<token_anchor t_id="196"/>
<token_anchor t_id="197"/>
</NARRATIVE>
<NARRATIVE m_id="15" Level="Primary" comment="" conversational-direct="TRUE" conversational-reported="FALSE"  >
<token_anchor t_id="143"/>
<token_anchor t_id="144"/>
<token_anchor t_id="145"/>
<token_anchor t_id="146"/>
<token_anchor t_id="147"/>
<token_anchor t_id="148"/>
<token_anchor t_id="149"/>
<token_anchor t_id="150"/>
<token_anchor t_id="151"/>
<token_anchor t_id="152"/>
<token_anchor t_id="153"/>
<token_anchor t_id="154"/>
<token_anchor t_id="155"/>
<token_anchor t_id="156"/>
<token_anchor t_id="157"/>
</NARRATIVE>
<NARRATIVE m_id="16" Level="Primary" comment="" conversational-direct="TRUE" conversational-reported="FALSE"  >
<token_anchor t_id="158"/>
<token_anchor t_id="159"/>
<token_anchor t_id="160"/>
<token_anchor t_id="161"/>
<token_anchor t_id="162"/>
<token_anchor t_id="163"/>
<token_anchor t_id="164"/>
<token_anchor t_id="165"/>
<token_anchor t_id="166"/>
<token_anchor t_id="167"/>
<token_anchor t_id="168"/>
<token_anchor t_id="169"/>
<token_anchor t_id="170"/>
<token_anchor t_id="171"/>
<token_anchor t_id="172"/>
<token_anchor t_id="173"/>
<token_anchor t_id="174"/>
<token_anchor t_id="175"/>
<token_anchor t_id="176"/>
<token_anchor t_id="177"/>
<token_anchor t_id="178"/>
<token_anchor t_id="179"/>
<token_anchor t_id="180"/>
<token_anchor t_id="181"/>
<token_anchor t_id="182"/>
<token_anchor t_id="183"/>
<token_anchor t_id="184"/>
</NARRATIVE>
<NARRATIVE m_id="17" Level="Primary" comment="" conversational-direct="FALSE" conversational-reported="FALSE"  >
<token_anchor t_id="198"/>
<token_anchor t_id="199"/>
<token_anchor t_id="200"/>
<token_anchor t_id="201"/>
<token_anchor t_id="202"/>
</NARRATIVE>
<NARRATIVE m_id="18" Level="Primary" comment="" conversational-direct="FALSE" conversational-reported="FALSE"  >
<token_anchor t_id="203"/>
<token_anchor t_id="204"/>
<token_anchor t_id="205"/>
<token_anchor t_id="206"/>
<token_anchor t_id="207"/>
<token_anchor t_id="208"/>
<token_anchor t_id="209"/>
<token_anchor t_id="210"/>
<token_anchor t_id="211"/>
<token_anchor t_id="212"/>
<token_anchor t_id="213"/>
<token_anchor t_id="214"/>
<token_anchor t_id="215"/>
<token_anchor t_id="216"/>
<token_anchor t_id="217"/>
<token_anchor t_id="218"/>
<token_anchor t_id="219"/>
</NARRATIVE>
<NARRATIVE m_id="19" Level="Secondary" comment="" conversational-direct="FALSE" conversational-reported="FALSE"  >
<token_anchor t_id="220"/>
<token_anchor t_id="221"/>
<token_anchor t_id="222"/>
<token_anchor t_id="223"/>
<token_anchor t_id="224"/>
<token_anchor t_id="225"/>
<token_anchor t_id="226"/>
<token_anchor t_id="227"/>
<token_anchor t_id="228"/>
<token_anchor t_id="229"/>
<token_anchor t_id="230"/>
</NARRATIVE>
<NARRATIVE m_id="22" Level="Primary" comment="" conversational-direct="FALSE" conversational-reported="FALSE"  >
<token_anchor t_id="247"/>
<token_anchor t_id="248"/>
<token_anchor t_id="249"/>
<token_anchor t_id="250"/>
<token_anchor t_id="251"/>
<token_anchor t_id="252"/>
</NARRATIVE>
<NARRATIVE m_id="23" Level="Primary" comment="" conversational-direct="FALSE" conversational-reported="FALSE"  >
<token_anchor t_id="253"/>
<token_anchor t_id="254"/>
<token_anchor t_id="255"/>
<token_anchor t_id="256"/>
<token_anchor t_id="257"/>
<token_anchor t_id="258"/>
</NARRATIVE>
<NARRATIVE m_id="24" Level="Primary" comment="" conversational-direct="FALSE" conversational-reported="FALSE"  >
<token_anchor t_id="259"/>
<token_anchor t_id="260"/>
<token_anchor t_id="261"/>
</NARRATIVE>
<NARRATIVE m_id="30" Level="Primary" comment="" conversational-direct="FALSE" conversational-reported="FALSE"  >
<token_anchor t_id="314"/>
<token_anchor t_id="315"/>
<token_anchor t_id="316"/>
<token_anchor t_id="317"/>
<token_anchor t_id="318"/>
<token_anchor t_id="319"/>
<token_anchor t_id="320"/>
<token_anchor t_id="321"/>
<token_anchor t_id="322"/>
<token_anchor t_id="323"/>
<token_anchor t_id="324"/>
<token_anchor t_id="325"/>
<token_anchor t_id="326"/>
<token_anchor t_id="327"/>
<token_anchor t_id="328"/>
</NARRATIVE>
<NARRATIVE m_id="32" Level="" comment="" conversational-direct="FALSE" conversational-reported="FALSE"  >
<token_anchor t_id="346"/>
<token_anchor t_id="347"/>
<token_anchor t_id="348"/>
<token_anchor t_id="349"/>
<token_anchor t_id="350"/>
<token_anchor t_id="351"/>
<token_anchor t_id="352"/>
<token_anchor t_id="353"/>
<token_anchor t_id="354"/>
<token_anchor t_id="355"/>
</NARRATIVE>
<NARRATIVE m_id="33" Level="Primary" comment="" conversational-direct="FALSE" conversational-reported="FALSE"  >
<token_anchor t_id="356"/>
<token_anchor t_id="357"/>
<token_anchor t_id="358"/>
<token_anchor t_id="359"/>
<token_anchor t_id="360"/>
<token_anchor t_id="361"/>
<token_anchor t_id="362"/>
<token_anchor t_id="363"/>
<token_anchor t_id="364"/>
<token_anchor t_id="365"/>
<token_anchor t_id="366"/>
<token_anchor t_id="367"/>
<token_anchor t_id="368"/>
<token_anchor t_id="369"/>
<token_anchor t_id="370"/>
<token_anchor t_id="371"/>
<token_anchor t_id="372"/>
<token_anchor t_id="373"/>
<token_anchor t_id="374"/>
<token_anchor t_id="375"/>
<token_anchor t_id="376"/>
<token_anchor t_id="377"/>
<token_anchor t_id="378"/>
<token_anchor t_id="379"/>
<token_anchor t_id="380"/>
<token_anchor t_id="381"/>
<token_anchor t_id="382"/>
<token_anchor t_id="383"/>
</NARRATIVE>
<NARRATIVE m_id="2" Level="Primary" comment="" conversational-direct="FALSE" conversational-reported="FALSE"  >
<token_anchor t_id="1"/>
<token_anchor t_id="2"/>
<token_anchor t_id="3"/>
<token_anchor t_id="4"/>
<token_anchor t_id="17"/>
<token_anchor t_id="18"/>
</NARRATIVE>
<NARRATIVE m_id="34" Level="Primary" comment="" conversational-direct="FALSE" conversational-reported="FALSE"  >
<token_anchor t_id="384"/>
<token_anchor t_id="385"/>
<token_anchor t_id="386"/>
<token_anchor t_id="387"/>
<token_anchor t_id="388"/>
<token_anchor t_id="389"/>
<token_anchor t_id="390"/>
<token_anchor t_id="391"/>
<token_anchor t_id="392"/>
<token_anchor t_id="393"/>
<token_anchor t_id="394"/>
<token_anchor t_id="395"/>
<token_anchor t_id="396"/>
<token_anchor t_id="397"/>
<token_anchor t_id="398"/>
<token_anchor t_id="399"/>
<token_anchor t_id="400"/>
<token_anchor t_id="401"/>
<token_anchor t_id="402"/>
<token_anchor t_id="403"/>
<token_anchor t_id="404"/>
<token_anchor t_id="405"/>
<token_anchor t_id="406"/>
<token_anchor t_id="407"/>
<token_anchor t_id="408"/>
</NARRATIVE>
<NARRATIVE m_id="3" Level="Primary" comment="" conversational-direct="FALSE" conversational-reported="FALSE"  >
<token_anchor t_id="19"/>
<token_anchor t_id="20"/>
<token_anchor t_id="21"/>
</NARRATIVE>
<NARRATIVE m_id="35" Level="Primary" comment="" conversational-direct="FALSE" conversational-reported="FALSE"  >
<token_anchor t_id="409"/>
<token_anchor t_id="410"/>
<token_anchor t_id="411"/>
<token_anchor t_id="412"/>
<token_anchor t_id="413"/>
<token_anchor t_id="414"/>
<token_anchor t_id="415"/>
<token_anchor t_id="416"/>
<token_anchor t_id="417"/>
<token_anchor t_id="418"/>
<token_anchor t_id="419"/>
<token_anchor t_id="420"/>
<token_anchor t_id="421"/>
<token_anchor t_id="422"/>
<token_anchor t_id="423"/>
<token_anchor t_id="424"/>
<token_anchor t_id="425"/>
<token_anchor t_id="426"/>
<token_anchor t_id="427"/>
<token_anchor t_id="428"/>
</NARRATIVE>
<NARRATIVE m_id="4" Level="Primary" comment="" conversational-direct="FALSE" conversational-reported="TRUE"  >
<token_anchor t_id="22"/>
<token_anchor t_id="23"/>
<token_anchor t_id="24"/>
<token_anchor t_id="25"/>
<token_anchor t_id="26"/>
<token_anchor t_id="27"/>
<token_anchor t_id="28"/>
<token_anchor t_id="29"/>
<token_anchor t_id="30"/>
<token_anchor t_id="31"/>
<token_anchor t_id="32"/>
<token_anchor t_id="33"/>
<token_anchor t_id="34"/>
<token_anchor t_id="35"/>
<token_anchor t_id="36"/>
<token_anchor t_id="37"/>
<token_anchor t_id="38"/>
</NARRATIVE>
<NARRATIVE m_id="5" Level="Primary" comment="" conversational-direct="FALSE" conversational-reported="FALSE"  >
<token_anchor t_id="39"/>
<token_anchor t_id="40"/>
<token_anchor t_id="41"/>
<token_anchor t_id="42"/>
<token_anchor t_id="43"/>
<token_anchor t_id="44"/>
<token_anchor t_id="45"/>
<token_anchor t_id="46"/>
<token_anchor t_id="47"/>
<token_anchor t_id="48"/>
<token_anchor t_id="49"/>
</NARRATIVE>
<NARRATIVE m_id="37" Level="Primary" comment="" conversational-direct="FALSE" conversational-reported="TRUE"  >
<token_anchor t_id="439"/>
<token_anchor t_id="440"/>
<token_anchor t_id="441"/>
<token_anchor t_id="442"/>
<token_anchor t_id="443"/>
<token_anchor t_id="444"/>
<token_anchor t_id="445"/>
<token_anchor t_id="446"/>
<token_anchor t_id="447"/>
<token_anchor t_id="448"/>
<token_anchor t_id="449"/>
<token_anchor t_id="450"/>
<token_anchor t_id="451"/>
<token_anchor t_id="452"/>
<token_anchor t_id="453"/>
</NARRATIVE>
<NARRATIVE m_id="6" Level="Primary" comment="" conversational-direct="FALSE" conversational-reported="FALSE"  >
<token_anchor t_id="50"/>
<token_anchor t_id="51"/>
<token_anchor t_id="52"/>
<token_anchor t_id="53"/>
<token_anchor t_id="54"/>
<token_anchor t_id="55"/>
<token_anchor t_id="56"/>
<token_anchor t_id="57"/>
<token_anchor t_id="58"/>
<token_anchor t_id="59"/>
<token_anchor t_id="60"/>
<token_anchor t_id="61"/>
<token_anchor t_id="62"/>
<token_anchor t_id="63"/>
<token_anchor t_id="64"/>
<token_anchor t_id="65"/>
<token_anchor t_id="66"/>
<token_anchor t_id="67"/>
<token_anchor t_id="68"/>
<token_anchor t_id="69"/>
<token_anchor t_id="70"/>
<token_anchor t_id="71"/>
<token_anchor t_id="72"/>
<token_anchor t_id="73"/>
<token_anchor t_id="74"/>
<token_anchor t_id="75"/>
<token_anchor t_id="76"/>
<token_anchor t_id="77"/>
<token_anchor t_id="78"/>
<token_anchor t_id="79"/>
<token_anchor t_id="80"/>
<token_anchor t_id="81"/>
</NARRATIVE>
<NARRATIVE m_id="38" Level="Primary" comment="" conversational-direct="TRUE" conversational-reported="FALSE"  >
<token_anchor t_id="454"/>
<token_anchor t_id="455"/>
<token_anchor t_id="456"/>
<token_anchor t_id="457"/>
<token_anchor t_id="458"/>
</NARRATIVE>
<NARRATIVE m_id="7" Level="Primary" comment="" conversational-direct="FALSE" conversational-reported="FALSE"  >
<token_anchor t_id="82"/>
<token_anchor t_id="83"/>
<token_anchor t_id="84"/>
<token_anchor t_id="85"/>
<token_anchor t_id="86"/>
<token_anchor t_id="87"/>
<token_anchor t_id="88"/>
</NARRATIVE>
<NARRATIVE m_id="39" Level="Primary" comment="" conversational-direct="TRUE" conversational-reported="FALSE"  >
<token_anchor t_id="459"/>
<token_anchor t_id="460"/>
<token_anchor t_id="461"/>
<token_anchor t_id="462"/>
<token_anchor t_id="463"/>
<token_anchor t_id="464"/>
<token_anchor t_id="465"/>
<token_anchor t_id="466"/>
<token_anchor t_id="467"/>
<token_anchor t_id="468"/>
<token_anchor t_id="469"/>
<token_anchor t_id="470"/>
</NARRATIVE>
<NARRATIVE m_id="40" Level="Primary" comment="" conversational-direct="FALSE" conversational-reported="FALSE"  >
<token_anchor t_id="471"/>
<token_anchor t_id="472"/>
<token_anchor t_id="473"/>
</NARRATIVE>
<NARRATIVE m_id="8" Level="Primary" comment="" conversational-direct="FALSE" conversational-reported="FALSE"  >
<token_anchor t_id="89"/>
<token_anchor t_id="90"/>
<token_anchor t_id="91"/>
<token_anchor t_id="92"/>
<token_anchor t_id="93"/>
<token_anchor t_id="94"/>
<token_anchor t_id="95"/>
</NARRATIVE>


</Markables>

<Relations>
</Relations>
</Document>
