<Document doc_name="WSJ_20130318_731">
<token t_id="1" sentence="0" number="0">Microsoft</token>
<token t_id="2" sentence="0" number="1">Corp.</token>
<token t_id="3" sentence="0" number="2">.</token>
<token t_id="4" sentence="1" number="3">broke</token>
<token t_id="5" sentence="1" number="4">sales</token>
<token t_id="6" sentence="1" number="5">records</token>
<token t_id="7" sentence="1" number="6">in</token>
<token t_id="8" sentence="1" number="7">2010</token>
<token t_id="9" sentence="1" number="8">when</token>
<token t_id="10" sentence="1" number="9">it</token>
<token t_id="11" sentence="1" number="10">released</token>
<token t_id="12" sentence="1" number="11">its</token>
<token t_id="13" sentence="1" number="12">Kinect</token>
<token t_id="14" sentence="1" number="13">-</token>
<token t_id="15" sentence="1" number="14">a</token>
<token t_id="16" sentence="1" number="15">movement-tracking</token>
<token t_id="17" sentence="1" number="16">device</token>
<token t_id="18" sentence="1" number="17">that</token>
<token t_id="19" sentence="1" number="18">enabled</token>
<token t_id="20" sentence="1" number="19">Xbox</token>
<token t_id="21" sentence="1" number="20">users</token>
<token t_id="22" sentence="1" number="21">to</token>
<token t_id="23" sentence="1" number="22">play</token>
<token t_id="24" sentence="1" number="23">their</token>
<token t_id="25" sentence="1" number="24">favorite</token>
<token t_id="26" sentence="1" number="25">games</token>
<token t_id="27" sentence="1" number="26">through</token>
<token t_id="28" sentence="1" number="27">gestures</token>
<token t_id="29" sentence="1" number="28">alone</token>
<token t_id="30" sentence="1" number="29">,</token>
<token t_id="31" sentence="1" number="30">without</token>
<token t_id="32" sentence="1" number="31">need</token>
<token t_id="33" sentence="1" number="32">of</token>
<token t_id="34" sentence="1" number="33">a</token>
<token t_id="35" sentence="1" number="34">controller</token>
<token t_id="36" sentence="1" number="35">.</token>
<token t_id="37" sentence="2" number="36">Now</token>
<token t_id="38" sentence="2" number="37">,</token>
<token t_id="39" sentence="2" number="38">with</token>
<token t_id="40" sentence="2" number="39">the</token>
<token t_id="41" sentence="2" number="40">help</token>
<token t_id="42" sentence="2" number="41">of</token>
<token t_id="43" sentence="2" number="42">outside</token>
<token t_id="44" sentence="2" number="43">developers</token>
<token t_id="45" sentence="2" number="44">,</token>
<token t_id="46" sentence="2" number="45">the</token>
<token t_id="47" sentence="2" number="46">software</token>
<token t_id="48" sentence="2" number="47">giant</token>
<token t_id="49" sentence="2" number="48">is</token>
<token t_id="50" sentence="2" number="49">hoping</token>
<token t_id="51" sentence="2" number="50">to</token>
<token t_id="52" sentence="2" number="51">move</token>
<token t_id="53" sentence="2" number="52">the</token>
<token t_id="54" sentence="2" number="53">Kinect</token>
<token t_id="55" sentence="2" number="54">beyond</token>
<token t_id="56" sentence="2" number="55">gaming</token>
<token t_id="57" sentence="2" number="56">.</token>
<token t_id="58" sentence="3" number="57">Microsoft</token>
<token t_id="59" sentence="3" number="58">is</token>
<token t_id="60" sentence="3" number="59">expanding</token>
<token t_id="61" sentence="3" number="60">into</token>
<token t_id="62" sentence="3" number="61">China</token>
<token t_id="63" sentence="3" number="62">with</token>
<token t_id="64" sentence="3" number="63">a</token>
<token t_id="65" sentence="3" number="64">company-funded</token>
<token t_id="66" sentence="3" number="65">incubator</token>
<token t_id="67" sentence="3" number="66">program</token>
<token t_id="68" sentence="3" number="67">for</token>
<token t_id="69" sentence="3" number="68">outside</token>
<token t_id="70" sentence="3" number="69">developers</token>
<token t_id="71" sentence="3" number="70">to</token>
<token t_id="72" sentence="3" number="71">build</token>
<token t_id="73" sentence="3" number="72">products</token>
<token t_id="74" sentence="3" number="73">based</token>
<token t_id="75" sentence="3" number="74">on</token>
<token t_id="76" sentence="3" number="75">Kinect</token>
<token t_id="77" sentence="3" number="76">technology</token>
<token t_id="78" sentence="3" number="77">for</token>
<token t_id="79" sentence="3" number="78">a</token>
<token t_id="80" sentence="3" number="79">range</token>
<token t_id="81" sentence="3" number="80">of</token>
<token t_id="82" sentence="3" number="81">industries</token>
<token t_id="83" sentence="3" number="82">including</token>
<token t_id="84" sentence="3" number="83">health</token>
<token t_id="85" sentence="3" number="84">care</token>
<token t_id="86" sentence="3" number="85">and</token>
<token t_id="87" sentence="3" number="86">retail</token>
<token t_id="88" sentence="3" number="87">.</token>
<token t_id="89" sentence="4" number="88">In</token>
<token t_id="90" sentence="4" number="89">the</token>
<token t_id="91" sentence="4" number="90">U.S.</token>
<token t_id="92" sentence="4" number="91">,</token>
<token t_id="93" sentence="4" number="92">11</token>
<token t_id="94" sentence="4" number="93">companies</token>
<token t_id="95" sentence="4" number="94">were</token>
<token t_id="96" sentence="4" number="95">selected</token>
<token t_id="97" sentence="4" number="96">last</token>
<token t_id="98" sentence="4" number="97">year</token>
<token t_id="99" sentence="4" number="98">for</token>
<token t_id="100" sentence="4" number="99">the</token>
<token t_id="101" sentence="4" number="100">accelerator</token>
<token t_id="102" sentence="4" number="101">'s</token>
<token t_id="103" sentence="4" number="102">first</token>
<token t_id="104" sentence="4" number="103">three-month</token>
<token t_id="105" sentence="4" number="104">class</token>
<token t_id="106" sentence="4" number="105">in</token>
<token t_id="107" sentence="4" number="106">Seattle</token>
<token t_id="108" sentence="4" number="107">,</token>
<token t_id="109" sentence="4" number="108">out</token>
<token t_id="110" sentence="4" number="109">of</token>
<token t_id="111" sentence="4" number="110">nearly</token>
<token t_id="112" sentence="4" number="111">500</token>
<token t_id="113" sentence="4" number="112">applicants</token>
<token t_id="114" sentence="4" number="113">.</token>
<token t_id="115" sentence="5" number="114">Microsoft</token>
<token t_id="116" sentence="5" number="115">said</token>
<token t_id="117" sentence="5" number="116">it</token>
<token t_id="118" sentence="5" number="117">has</token>
<token t_id="119" sentence="5" number="118">identified</token>
<token t_id="120" sentence="5" number="119">three</token>
<token t_id="121" sentence="5" number="120">companies</token>
<token t_id="122" sentence="5" number="121">for</token>
<token t_id="123" sentence="5" number="122">the</token>
<token t_id="124" sentence="5" number="123">China</token>
<token t_id="125" sentence="5" number="124">program</token>
<token t_id="126" sentence="5" number="125">to</token>
<token t_id="127" sentence="5" number="126">run</token>
<token t_id="128" sentence="5" number="127">through</token>
<token t_id="129" sentence="5" number="128">June</token>
<token t_id="130" sentence="5" number="129">.</token>
<token t_id="131" sentence="6" number="130">The</token>
<token t_id="132" sentence="6" number="131">company</token>
<token t_id="133" sentence="6" number="132">gives</token>
<token t_id="134" sentence="6" number="133">each</token>
<token t_id="135" sentence="6" number="134">participating</token>
<token t_id="136" sentence="6" number="135">startup</token>
<token t_id="137" sentence="6" number="136">in</token>
<token t_id="138" sentence="6" number="137">the</token>
<token t_id="139" sentence="6" number="138">Seattle</token>
<token t_id="140" sentence="6" number="139">program</token>
<token t_id="141" sentence="6" number="140">$</token>
<token t_id="142" sentence="6" number="141">20,000</token>
<token t_id="143" sentence="6" number="142">to</token>
<token t_id="144" sentence="6" number="143">create</token>
<token t_id="145" sentence="6" number="144">software</token>
<token t_id="146" sentence="6" number="145">that</token>
<token t_id="147" sentence="6" number="146">can</token>
<token t_id="148" sentence="6" number="147">be</token>
<token t_id="149" sentence="6" number="148">used</token>
<token t_id="150" sentence="6" number="149">with</token>
<token t_id="151" sentence="6" number="150">Kinect</token>
<token t_id="152" sentence="6" number="151">for</token>
<token t_id="153" sentence="6" number="152">Windows</token>
<token t_id="154" sentence="6" number="153">,</token>
<token t_id="155" sentence="6" number="154">but</token>
<token t_id="156" sentence="6" number="155">it</token>
<token t_id="157" sentence="6" number="156">is</token>
<token t_id="158" sentence="6" number="157">is</token>
<token t_id="159" sentence="6" number="158">n't</token>
<token t_id="160" sentence="6" number="159">asking</token>
<token t_id="161" sentence="6" number="160">for</token>
<token t_id="162" sentence="6" number="161">any</token>
<token t_id="163" sentence="6" number="162">ownership</token>
<token t_id="164" sentence="6" number="163">stakes</token>
<token t_id="165" sentence="6" number="164">or</token>
<token t_id="166" sentence="6" number="165">intellectual</token>
<token t_id="167" sentence="6" number="166">property</token>
<token t_id="168" sentence="6" number="167">rights</token>
<token t_id="169" sentence="6" number="168">.</token>
<token t_id="170" sentence="7" number="169">Microsoft</token>
<token t_id="171" sentence="7" number="170">also</token>
<token t_id="172" sentence="7" number="171">does</token>
<token t_id="173" sentence="7" number="172">n't</token>
<token t_id="174" sentence="7" number="173">have</token>
<token t_id="175" sentence="7" number="174">any</token>
<token t_id="176" sentence="7" number="175">veto</token>
<token t_id="177" sentence="7" number="176">power</token>
<token t_id="178" sentence="7" number="177">over</token>
<token t_id="179" sentence="7" number="178">the</token>
<token t_id="180" sentence="7" number="179">ideas</token>
<token t_id="181" sentence="7" number="180">.</token>
<token t_id="182" sentence="8" number="181">What</token>
<token t_id="183" sentence="8" number="182">Microsoft</token>
<token t_id="184" sentence="8" number="183">gets</token>
<token t_id="185" sentence="8" number="184">are</token>
<token t_id="186" sentence="8" number="185">developers</token>
<token t_id="187" sentence="8" number="186">around</token>
<token t_id="188" sentence="8" number="187">the</token>
<token t_id="189" sentence="8" number="188">world</token>
<token t_id="190" sentence="8" number="189">working</token>
<token t_id="191" sentence="8" number="190">on</token>
<token t_id="192" sentence="8" number="191">ideas</token>
<token t_id="193" sentence="8" number="192">that</token>
<token t_id="194" sentence="8" number="193">could</token>
<token t_id="195" sentence="8" number="194">potentially</token>
<token t_id="196" sentence="8" number="195">open</token>
<token t_id="197" sentence="8" number="196">up</token>
<token t_id="198" sentence="8" number="197">Kinect</token>
<token t_id="199" sentence="8" number="198">for</token>
<token t_id="200" sentence="8" number="199">Windows</token>
<token t_id="201" sentence="8" number="200">'</token>
<token t_id="202" sentence="8" number="201">technology</token>
<token t_id="203" sentence="8" number="202">to</token>
<token t_id="204" sentence="8" number="203">new</token>
<token t_id="205" sentence="8" number="204">markets</token>
<token t_id="206" sentence="8" number="205">-</token>
<token t_id="207" sentence="8" number="206">and</token>
<token t_id="208" sentence="8" number="207">convince</token>
<token t_id="209" sentence="8" number="208">consumers</token>
<token t_id="210" sentence="8" number="209">and</token>
<token t_id="211" sentence="8" number="210">businesses</token>
<token t_id="212" sentence="8" number="211">to</token>
<token t_id="213" sentence="8" number="212">buy</token>
<token t_id="214" sentence="8" number="213">the</token>
<token t_id="215" sentence="8" number="214">company</token>
<token t_id="216" sentence="8" number="215">'s</token>
<token t_id="217" sentence="8" number="216">hardware</token>
<token t_id="218" sentence="8" number="217">and</token>
<token t_id="219" sentence="8" number="218">make</token>
<token t_id="220" sentence="8" number="219">use</token>
<token t_id="221" sentence="8" number="220">of</token>
<token t_id="222" sentence="8" number="221">the</token>
<token t_id="223" sentence="8" number="222">potential</token>
<token t_id="224" sentence="8" number="223">apps</token>
<token t_id="225" sentence="8" number="224">.</token>
<token t_id="226" sentence="9" number="225">The</token>
<token t_id="227" sentence="9" number="226">Windows-ready</token>
<token t_id="228" sentence="9" number="227">Kinect</token>
<token t_id="229" sentence="9" number="228">sensor</token>
<token t_id="230" sentence="9" number="229">,</token>
<token t_id="231" sentence="9" number="230">which</token>
<token t_id="232" sentence="9" number="231">would</token>
<token t_id="233" sentence="9" number="232">be</token>
<token t_id="234" sentence="9" number="233">necessary</token>
<token t_id="235" sentence="9" number="234">for</token>
<token t_id="236" sentence="9" number="235">any</token>
<token t_id="237" sentence="9" number="236">business</token>
<token t_id="238" sentence="9" number="237">that</token>
<token t_id="239" sentence="9" number="238">wants</token>
<token t_id="240" sentence="9" number="239">to</token>
<token t_id="241" sentence="9" number="240">use</token>
<token t_id="242" sentence="9" number="241">these</token>
<token t_id="243" sentence="9" number="242">potential</token>
<token t_id="244" sentence="9" number="243">new</token>
<token t_id="245" sentence="9" number="244">technologies</token>
<token t_id="246" sentence="9" number="245">,</token>
<token t_id="247" sentence="9" number="246">is</token>
<token t_id="248" sentence="9" number="247">currently</token>
<token t_id="249" sentence="9" number="248">selling</token>
<token t_id="250" sentence="9" number="249">for</token>
<token t_id="251" sentence="9" number="250">$</token>
<token t_id="252" sentence="9" number="251">250</token>
<token t_id="253" sentence="9" number="252">through</token>
<token t_id="254" sentence="9" number="253">Microsoft</token>
<token t_id="255" sentence="9" number="254">,</token>
<token t_id="256" sentence="9" number="255">more</token>
<token t_id="257" sentence="9" number="256">than</token>
<token t_id="258" sentence="9" number="257">twice</token>
<token t_id="259" sentence="9" number="258">what</token>
<token t_id="260" sentence="9" number="259">Microsoft</token>
<token t_id="261" sentence="9" number="260">charges</token>
<token t_id="262" sentence="9" number="261">for</token>
<token t_id="263" sentence="9" number="262">the</token>
<token t_id="264" sentence="9" number="263">gaming-only</token>
<token t_id="265" sentence="9" number="264">Xbox</token>
<token t_id="266" sentence="9" number="265">version</token>
<token t_id="267" sentence="9" number="266">.</token>


<Markables>
<ARGUMENTATIVE m_id="16" comment="" conversational-direct="FALSE" conversational-reported="FALSE"  >
<token_anchor t_id="37"/>
<token_anchor t_id="38"/>
<token_anchor t_id="39"/>
<token_anchor t_id="40"/>
<token_anchor t_id="41"/>
<token_anchor t_id="42"/>
<token_anchor t_id="43"/>
<token_anchor t_id="44"/>
<token_anchor t_id="45"/>
<token_anchor t_id="46"/>
<token_anchor t_id="47"/>
<token_anchor t_id="48"/>
<token_anchor t_id="49"/>
<token_anchor t_id="50"/>
</ARGUMENTATIVE>
<DESCRIPTIVE m_id="15" Type="Other" comment="" conversational-direct="FALSE" conversational-reported="FALSE"  >
<token_anchor t_id="14"/>
<token_anchor t_id="15"/>
<token_anchor t_id="16"/>
<token_anchor t_id="17"/>
<token_anchor t_id="18"/>
<token_anchor t_id="19"/>
<token_anchor t_id="20"/>
<token_anchor t_id="21"/>
<token_anchor t_id="22"/>
<token_anchor t_id="23"/>
<token_anchor t_id="24"/>
<token_anchor t_id="25"/>
<token_anchor t_id="26"/>
<token_anchor t_id="27"/>
<token_anchor t_id="28"/>
<token_anchor t_id="29"/>
<token_anchor t_id="30"/>
<token_anchor t_id="31"/>
<token_anchor t_id="32"/>
<token_anchor t_id="33"/>
<token_anchor t_id="34"/>
<token_anchor t_id="35"/>
<token_anchor t_id="36"/>
</DESCRIPTIVE>
<DESCRIPTIVE m_id="22" Type="Other" comment="" conversational-direct="FALSE" conversational-reported="FALSE"  >
<token_anchor t_id="256"/>
<token_anchor t_id="257"/>
<token_anchor t_id="258"/>
<token_anchor t_id="259"/>
<token_anchor t_id="260"/>
<token_anchor t_id="261"/>
<token_anchor t_id="262"/>
<token_anchor t_id="263"/>
<token_anchor t_id="264"/>
<token_anchor t_id="265"/>
<token_anchor t_id="266"/>
<token_anchor t_id="267"/>
</DESCRIPTIVE>
<NARRATIVE m_id="9" Level="Primary" comment="" conversational-direct="FALSE" conversational-reported="FALSE"  >
<token_anchor t_id="218"/>
<token_anchor t_id="219"/>
<token_anchor t_id="220"/>
<token_anchor t_id="221"/>
<token_anchor t_id="222"/>
<token_anchor t_id="223"/>
<token_anchor t_id="224"/>
<token_anchor t_id="225"/>
</NARRATIVE>
<NARRATIVE m_id="10" Level="Primary" comment="" conversational-direct="FALSE" conversational-reported="FALSE"  >
<token_anchor t_id="71"/>
<token_anchor t_id="72"/>
<token_anchor t_id="73"/>
<token_anchor t_id="74"/>
<token_anchor t_id="75"/>
<token_anchor t_id="76"/>
<token_anchor t_id="77"/>
<token_anchor t_id="78"/>
<token_anchor t_id="79"/>
<token_anchor t_id="80"/>
<token_anchor t_id="81"/>
<token_anchor t_id="82"/>
<token_anchor t_id="83"/>
<token_anchor t_id="84"/>
<token_anchor t_id="85"/>
<token_anchor t_id="86"/>
<token_anchor t_id="87"/>
<token_anchor t_id="88"/>
</NARRATIVE>
<NARRATIVE m_id="11" Level="Primary" comment="" conversational-direct="FALSE" conversational-reported="FALSE"  >
<token_anchor t_id="51"/>
<token_anchor t_id="52"/>
<token_anchor t_id="53"/>
<token_anchor t_id="54"/>
<token_anchor t_id="55"/>
<token_anchor t_id="56"/>
<token_anchor t_id="57"/>
</NARRATIVE>
<NARRATIVE m_id="12" Level="Primary" comment="" conversational-direct="FALSE" conversational-reported="TRUE"  >
<token_anchor t_id="126"/>
<token_anchor t_id="127"/>
<token_anchor t_id="128"/>
<token_anchor t_id="129"/>
<token_anchor t_id="130"/>
</NARRATIVE>
<NARRATIVE m_id="13" Level="Primary" comment="" conversational-direct="FALSE" conversational-reported="FALSE"  >
<token_anchor t_id="58"/>
<token_anchor t_id="59"/>
<token_anchor t_id="60"/>
<token_anchor t_id="61"/>
<token_anchor t_id="62"/>
<token_anchor t_id="63"/>
<token_anchor t_id="64"/>
<token_anchor t_id="65"/>
<token_anchor t_id="66"/>
<token_anchor t_id="67"/>
<token_anchor t_id="68"/>
<token_anchor t_id="69"/>
<token_anchor t_id="70"/>
</NARRATIVE>
<NARRATIVE m_id="14" Level="Primary" comment="" conversational-direct="FALSE" conversational-reported="TRUE"  >
<token_anchor t_id="117"/>
<token_anchor t_id="118"/>
<token_anchor t_id="119"/>
<token_anchor t_id="120"/>
<token_anchor t_id="121"/>
<token_anchor t_id="122"/>
<token_anchor t_id="123"/>
<token_anchor t_id="124"/>
<token_anchor t_id="125"/>
</NARRATIVE>
<NARRATIVE m_id="17" Level="Primary" comment="" conversational-direct="FALSE" conversational-reported="FALSE"  >
<token_anchor t_id="231"/>
<token_anchor t_id="232"/>
<token_anchor t_id="233"/>
<token_anchor t_id="234"/>
<token_anchor t_id="235"/>
<token_anchor t_id="236"/>
<token_anchor t_id="237"/>
<token_anchor t_id="238"/>
<token_anchor t_id="239"/>
<token_anchor t_id="240"/>
<token_anchor t_id="241"/>
<token_anchor t_id="242"/>
<token_anchor t_id="243"/>
<token_anchor t_id="244"/>
<token_anchor t_id="245"/>
<token_anchor t_id="246"/>
</NARRATIVE>
<NARRATIVE m_id="18" Level="Primary" comment="" conversational-direct="FALSE" conversational-reported="FALSE"  >
<token_anchor t_id="170"/>
<token_anchor t_id="171"/>
<token_anchor t_id="172"/>
<token_anchor t_id="173"/>
<token_anchor t_id="174"/>
<token_anchor t_id="175"/>
<token_anchor t_id="176"/>
<token_anchor t_id="177"/>
<token_anchor t_id="178"/>
<token_anchor t_id="179"/>
<token_anchor t_id="180"/>
<token_anchor t_id="181"/>
</NARRATIVE>
<NARRATIVE m_id="19" Level="Primary" comment="" conversational-direct="FALSE" conversational-reported="FALSE"  >
<token_anchor t_id="131"/>
<token_anchor t_id="132"/>
<token_anchor t_id="133"/>
<token_anchor t_id="134"/>
<token_anchor t_id="135"/>
<token_anchor t_id="136"/>
<token_anchor t_id="137"/>
<token_anchor t_id="138"/>
<token_anchor t_id="139"/>
<token_anchor t_id="140"/>
<token_anchor t_id="141"/>
<token_anchor t_id="142"/>
</NARRATIVE>
<NARRATIVE m_id="20" Level="Primary" comment="" conversational-direct="FALSE" conversational-reported="FALSE"  >
<token_anchor t_id="155"/>
<token_anchor t_id="156"/>
<token_anchor t_id="157"/>
<token_anchor t_id="158"/>
<token_anchor t_id="159"/>
<token_anchor t_id="160"/>
<token_anchor t_id="161"/>
<token_anchor t_id="162"/>
<token_anchor t_id="163"/>
<token_anchor t_id="164"/>
<token_anchor t_id="165"/>
<token_anchor t_id="166"/>
<token_anchor t_id="167"/>
<token_anchor t_id="168"/>
<token_anchor t_id="169"/>
</NARRATIVE>
<NARRATIVE m_id="21" Level="Primary" comment="" conversational-direct="FALSE" conversational-reported="FALSE"  >
<token_anchor t_id="226"/>
<token_anchor t_id="227"/>
<token_anchor t_id="228"/>
<token_anchor t_id="229"/>
<token_anchor t_id="230"/>
<token_anchor t_id="247"/>
<token_anchor t_id="248"/>
<token_anchor t_id="249"/>
<token_anchor t_id="250"/>
<token_anchor t_id="251"/>
<token_anchor t_id="252"/>
<token_anchor t_id="253"/>
<token_anchor t_id="254"/>
<token_anchor t_id="255"/>
</NARRATIVE>
<NARRATIVE m_id="1" Level="Primary" comment="" conversational-direct="FALSE" conversational-reported="FALSE"  >
<token_anchor t_id="115"/>
<token_anchor t_id="116"/>
</NARRATIVE>
<NARRATIVE m_id="2" Level="Primary" comment="" conversational-direct="FALSE" conversational-reported="FALSE"  >
<token_anchor t_id="1"/>
<token_anchor t_id="2"/>
<token_anchor t_id="3"/>
<token_anchor t_id="4"/>
<token_anchor t_id="5"/>
<token_anchor t_id="6"/>
<token_anchor t_id="7"/>
<token_anchor t_id="8"/>
</NARRATIVE>
<NARRATIVE m_id="3" Level="Primary" comment="" conversational-direct="FALSE" conversational-reported="FALSE"  >
<token_anchor t_id="9"/>
<token_anchor t_id="10"/>
<token_anchor t_id="11"/>
<token_anchor t_id="12"/>
<token_anchor t_id="13"/>
</NARRATIVE>
<NARRATIVE m_id="4" Level="Primary" comment="" conversational-direct="FALSE" conversational-reported="FALSE"  >
<token_anchor t_id="89"/>
<token_anchor t_id="90"/>
<token_anchor t_id="91"/>
<token_anchor t_id="92"/>
<token_anchor t_id="93"/>
<token_anchor t_id="94"/>
<token_anchor t_id="95"/>
<token_anchor t_id="96"/>
<token_anchor t_id="97"/>
<token_anchor t_id="98"/>
<token_anchor t_id="99"/>
<token_anchor t_id="100"/>
<token_anchor t_id="101"/>
<token_anchor t_id="102"/>
<token_anchor t_id="103"/>
<token_anchor t_id="104"/>
<token_anchor t_id="105"/>
<token_anchor t_id="106"/>
<token_anchor t_id="107"/>
<token_anchor t_id="108"/>
<token_anchor t_id="109"/>
<token_anchor t_id="110"/>
<token_anchor t_id="111"/>
<token_anchor t_id="112"/>
<token_anchor t_id="113"/>
</NARRATIVE>
<NARRATIVE m_id="5" Level="Primary" comment="" conversational-direct="FALSE" conversational-reported="FALSE"  >
<token_anchor t_id="143"/>
<token_anchor t_id="144"/>
<token_anchor t_id="145"/>
<token_anchor t_id="146"/>
<token_anchor t_id="147"/>
<token_anchor t_id="148"/>
<token_anchor t_id="149"/>
<token_anchor t_id="150"/>
<token_anchor t_id="151"/>
<token_anchor t_id="152"/>
<token_anchor t_id="153"/>
<token_anchor t_id="154"/>
</NARRATIVE>
<NARRATIVE m_id="6" Level="Primary" comment="" conversational-direct="FALSE" conversational-reported="FALSE"  >
<token_anchor t_id="182"/>
<token_anchor t_id="183"/>
<token_anchor t_id="184"/>
<token_anchor t_id="185"/>
<token_anchor t_id="186"/>
<token_anchor t_id="187"/>
<token_anchor t_id="188"/>
<token_anchor t_id="189"/>
<token_anchor t_id="190"/>
<token_anchor t_id="191"/>
<token_anchor t_id="192"/>
<token_anchor t_id="193"/>
<token_anchor t_id="194"/>
<token_anchor t_id="195"/>
<token_anchor t_id="196"/>
<token_anchor t_id="197"/>
<token_anchor t_id="198"/>
<token_anchor t_id="199"/>
<token_anchor t_id="200"/>
<token_anchor t_id="201"/>
<token_anchor t_id="202"/>
<token_anchor t_id="203"/>
<token_anchor t_id="204"/>
<token_anchor t_id="205"/>
<token_anchor t_id="206"/>
</NARRATIVE>
<NARRATIVE m_id="7" Level="Primary" comment="" conversational-direct="FALSE" conversational-reported="FALSE"  >
<token_anchor t_id="207"/>
<token_anchor t_id="208"/>
<token_anchor t_id="209"/>
<token_anchor t_id="210"/>
<token_anchor t_id="211"/>
</NARRATIVE>
<NARRATIVE m_id="8" Level="Primary" comment="" conversational-direct="FALSE" conversational-reported="FALSE"  >
<token_anchor t_id="212"/>
<token_anchor t_id="213"/>
<token_anchor t_id="214"/>
<token_anchor t_id="215"/>
<token_anchor t_id="216"/>
<token_anchor t_id="217"/>
</NARRATIVE>


</Markables>

<Relations>
</Relations>
</Document>
