<Document doc_name="wsj_0913.xml.conll.txt">
<token t_id="1" sentence="0" number="0">The</token>
<token t_id="2" sentence="0" number="1">average</token>
<token t_id="3" sentence="0" number="2">unemployment</token>
<token t_id="4" sentence="0" number="3">rate</token>
<token t_id="5" sentence="0" number="4">in</token>
<token t_id="6" sentence="0" number="5">the</token>
<token t_id="7" sentence="0" number="6">15</token>
<token t_id="8" sentence="0" number="7">biggest</token>
<token t_id="9" sentence="0" number="8">industrialized</token>
<token t_id="10" sentence="0" number="9">democracies</token>
<token t_id="11" sentence="0" number="10">was</token>
<token t_id="12" sentence="0" number="11">steady</token>
<token t_id="13" sentence="0" number="12">in</token>
<token t_id="14" sentence="0" number="13">August</token>
<token t_id="15" sentence="0" number="14">at</token>
<token t_id="16" sentence="0" number="15">the</token>
<token t_id="17" sentence="0" number="16">6</token>
<token t_id="18" sentence="0" number="17">.</token>
<token t_id="19" sentence="0" number="18">1</token>
<token t_id="20" sentence="0" number="19">%</token>
<token t_id="21" sentence="0" number="20">rate</token>
<token t_id="22" sentence="0" number="21">of</token>
<token t_id="23" sentence="0" number="22">the</token>
<token t_id="24" sentence="0" number="23">two</token>
<token t_id="25" sentence="0" number="24">previous</token>
<token t_id="26" sentence="0" number="25">months</token>
<token t_id="27" sentence="0" number="26">,</token>
<token t_id="28" sentence="0" number="27">the</token>
<token t_id="29" sentence="0" number="28">Organization</token>
<token t_id="30" sentence="0" number="29">for</token>
<token t_id="31" sentence="0" number="30">Economic</token>
<token t_id="32" sentence="0" number="31">Cooperation</token>
<token t_id="33" sentence="0" number="32">and</token>
<token t_id="34" sentence="0" number="33">Development</token>
<token t_id="35" sentence="0" number="34">-</token>
<token t_id="36" sentence="0" number="35">LRB</token>
<token t_id="37" sentence="0" number="36">-</token>
<token t_id="38" sentence="0" number="37">OECD</token>
<token t_id="39" sentence="0" number="38">-</token>
<token t_id="40" sentence="0" number="39">RRB</token>
<token t_id="41" sentence="0" number="40">-</token>
<token t_id="42" sentence="0" number="41">said</token>
<token t_id="43" sentence="0" number="42">.</token>
<token t_id="44" sentence="1" number="0">The</token>
<token t_id="45" sentence="1" number="1">August</token>
<token t_id="46" sentence="1" number="2">rate</token>
<token t_id="47" sentence="1" number="3">was</token>
<token t_id="48" sentence="1" number="4">0</token>
<token t_id="49" sentence="1" number="5">.</token>
<token t_id="50" sentence="1" number="6">6</token>
<token t_id="51" sentence="1" number="7">percentage</token>
<token t_id="52" sentence="1" number="8">point</token>
<token t_id="53" sentence="1" number="9">lower</token>
<token t_id="54" sentence="1" number="10">than</token>
<token t_id="55" sentence="1" number="11">in</token>
<token t_id="56" sentence="1" number="12">the</token>
<token t_id="57" sentence="1" number="13">like</token>
<token t_id="58" sentence="1" number="14">month</token>
<token t_id="59" sentence="1" number="15">a</token>
<token t_id="60" sentence="1" number="16">year</token>
<token t_id="61" sentence="1" number="17">earlier</token>
<token t_id="62" sentence="1" number="18">,</token>
<token t_id="63" sentence="1" number="19">reflecting</token>
<token t_id="64" sentence="1" number="20">the</token>
<token t_id="65" sentence="1" number="21">pickup</token>
<token t_id="66" sentence="1" number="22">of</token>
<token t_id="67" sentence="1" number="23">activity</token>
<token t_id="68" sentence="1" number="24">in</token>
<token t_id="69" sentence="1" number="25">the</token>
<token t_id="70" sentence="1" number="26">15</token>
<token t_id="71" sentence="1" number="27">countries</token>
<token t_id="72" sentence="1" number="28">.</token>
<token t_id="73" sentence="2" number="0">The</token>
<token t_id="74" sentence="2" number="1">OECD</token>
<token t_id="75" sentence="2" number="2">said</token>
<token t_id="76" sentence="2" number="3">that</token>
<token t_id="77" sentence="2" number="4">most</token>
<token t_id="78" sentence="2" number="5">of</token>
<token t_id="79" sentence="2" number="6">the</token>
<token t_id="80" sentence="2" number="7">improvement</token>
<token t_id="81" sentence="2" number="8">occurred</token>
<token t_id="82" sentence="2" number="9">in</token>
<token t_id="83" sentence="2" number="10">the</token>
<token t_id="84" sentence="2" number="11">second</token>
<token t_id="85" sentence="2" number="12">half</token>
<token t_id="86" sentence="2" number="13">of</token>
<token t_id="87" sentence="2" number="14">last</token>
<token t_id="88" sentence="2" number="15">year</token>
<token t_id="89" sentence="2" number="16">;</token>
<token t_id="90" sentence="2" number="17">since</token>
<token t_id="91" sentence="2" number="18">February</token>
<token t_id="92" sentence="2" number="19">of</token>
<token t_id="93" sentence="2" number="20">this</token>
<token t_id="94" sentence="2" number="21">year</token>
<token t_id="95" sentence="2" number="22">,</token>
<token t_id="96" sentence="2" number="23">unemployment</token>
<token t_id="97" sentence="2" number="24">has</token>
<token t_id="98" sentence="2" number="25">been</token>
<token t_id="99" sentence="2" number="26">steady</token>
<token t_id="100" sentence="2" number="27">at</token>
<token t_id="101" sentence="2" number="28">around</token>
<token t_id="102" sentence="2" number="29">6</token>
<token t_id="103" sentence="2" number="30">.</token>
<token t_id="104" sentence="2" number="31">2</token>
<token t_id="105" sentence="2" number="32">%</token>
<token t_id="106" sentence="2" number="33">of</token>
<token t_id="107" sentence="2" number="34">the</token>
<token t_id="108" sentence="2" number="35">labor</token>
<token t_id="109" sentence="2" number="36">force</token>
<token t_id="110" sentence="2" number="37">.</token>


<Markables>
<NARRATIVE m_id="1" Level="Primary" comment="" conversational-direct="FALSE" conversational-reported="TRUE"  >
<token_anchor t_id="1"/>
<token_anchor t_id="2"/>
<token_anchor t_id="3"/>
<token_anchor t_id="4"/>
<token_anchor t_id="5"/>
<token_anchor t_id="6"/>
<token_anchor t_id="7"/>
<token_anchor t_id="8"/>
<token_anchor t_id="9"/>
<token_anchor t_id="10"/>
<token_anchor t_id="11"/>
<token_anchor t_id="12"/>
<token_anchor t_id="13"/>
<token_anchor t_id="14"/>
<token_anchor t_id="15"/>
<token_anchor t_id="16"/>
<token_anchor t_id="17"/>
<token_anchor t_id="18"/>
<token_anchor t_id="19"/>
<token_anchor t_id="20"/>
<token_anchor t_id="21"/>
<token_anchor t_id="22"/>
<token_anchor t_id="23"/>
<token_anchor t_id="24"/>
<token_anchor t_id="25"/>
<token_anchor t_id="26"/>
<token_anchor t_id="27"/>
</NARRATIVE>
<NARRATIVE m_id="2" Level="Primary" comment="" conversational-direct="FALSE" conversational-reported="FALSE"  >
<token_anchor t_id="28"/>
<token_anchor t_id="29"/>
<token_anchor t_id="30"/>
<token_anchor t_id="31"/>
<token_anchor t_id="32"/>
<token_anchor t_id="33"/>
<token_anchor t_id="34"/>
<token_anchor t_id="35"/>
<token_anchor t_id="36"/>
<token_anchor t_id="37"/>
<token_anchor t_id="38"/>
<token_anchor t_id="39"/>
<token_anchor t_id="40"/>
<token_anchor t_id="41"/>
<token_anchor t_id="42"/>
<token_anchor t_id="43"/>
</NARRATIVE>
<NARRATIVE m_id="3" Level="Primary" comment="" conversational-direct="FALSE" conversational-reported="FALSE"  >
<token_anchor t_id="44"/>
<token_anchor t_id="45"/>
<token_anchor t_id="46"/>
<token_anchor t_id="47"/>
<token_anchor t_id="48"/>
<token_anchor t_id="49"/>
<token_anchor t_id="50"/>
<token_anchor t_id="51"/>
<token_anchor t_id="52"/>
<token_anchor t_id="53"/>
<token_anchor t_id="54"/>
<token_anchor t_id="55"/>
<token_anchor t_id="56"/>
<token_anchor t_id="57"/>
<token_anchor t_id="58"/>
<token_anchor t_id="59"/>
<token_anchor t_id="60"/>
<token_anchor t_id="61"/>
<token_anchor t_id="62"/>
</NARRATIVE>
<NARRATIVE m_id="4" Level="Primary" comment="" conversational-direct="FALSE" conversational-reported="FALSE"  >
<token_anchor t_id="63"/>
<token_anchor t_id="64"/>
<token_anchor t_id="65"/>
<token_anchor t_id="66"/>
<token_anchor t_id="67"/>
<token_anchor t_id="68"/>
<token_anchor t_id="69"/>
<token_anchor t_id="70"/>
<token_anchor t_id="71"/>
<token_anchor t_id="72"/>
</NARRATIVE>
<NARRATIVE m_id="5" Level="" comment="" conversational-direct="FALSE" conversational-reported="FALSE"  >
<token_anchor t_id="73"/>
<token_anchor t_id="74"/>
<token_anchor t_id="75"/>
</NARRATIVE>
<NARRATIVE m_id="6" Level="Primary" comment="" conversational-direct="FALSE" conversational-reported="TRUE"  >
<token_anchor t_id="76"/>
<token_anchor t_id="77"/>
<token_anchor t_id="78"/>
<token_anchor t_id="79"/>
<token_anchor t_id="80"/>
<token_anchor t_id="81"/>
<token_anchor t_id="82"/>
<token_anchor t_id="83"/>
<token_anchor t_id="84"/>
<token_anchor t_id="85"/>
<token_anchor t_id="86"/>
<token_anchor t_id="87"/>
<token_anchor t_id="88"/>
<token_anchor t_id="89"/>
</NARRATIVE>
<NARRATIVE m_id="7" Level="Primary" comment="" conversational-direct="FALSE" conversational-reported="FALSE"  >
<token_anchor t_id="90"/>
<token_anchor t_id="91"/>
<token_anchor t_id="92"/>
<token_anchor t_id="93"/>
<token_anchor t_id="94"/>
<token_anchor t_id="95"/>
<token_anchor t_id="96"/>
<token_anchor t_id="97"/>
<token_anchor t_id="98"/>
<token_anchor t_id="99"/>
<token_anchor t_id="100"/>
<token_anchor t_id="101"/>
<token_anchor t_id="102"/>
<token_anchor t_id="103"/>
<token_anchor t_id="104"/>
<token_anchor t_id="105"/>
<token_anchor t_id="106"/>
<token_anchor t_id="107"/>
<token_anchor t_id="108"/>
<token_anchor t_id="109"/>
<token_anchor t_id="110"/>
</NARRATIVE>


</Markables>

<Relations>
</Relations>
</Document>
