<Document doc_name="wsj_0763.xml.conll.txt">
<token t_id="1" sentence="0" number="0">The</token>
<token t_id="2" sentence="0" number="1">Justice</token>
<token t_id="3" sentence="0" number="2">Department</token>
<token t_id="4" sentence="0" number="3">said</token>
<token t_id="5" sentence="0" number="4">it</token>
<token t_id="6" sentence="0" number="5">is</token>
<token t_id="7" sentence="0" number="6">seeking</token>
<token t_id="8" sentence="0" number="7">to</token>
<token t_id="9" sentence="0" number="8">join</token>
<token t_id="10" sentence="0" number="9">a</token>
<token t_id="11" sentence="0" number="10">private</token>
<token t_id="12" sentence="0" number="11">lawsuit</token>
<token t_id="13" sentence="0" number="12">challenging</token>
<token t_id="14" sentence="0" number="13">a</token>
<token t_id="15" sentence="0" number="14">Pittsburgh</token>
<token t_id="16" sentence="0" number="15">suburb</token>
<token t_id="17" sentence="0" number="16">'s</token>
<token t_id="18" sentence="0" number="17">zoning</token>
<token t_id="19" sentence="0" number="18">ordinance</token>
<token t_id="20" sentence="0" number="19">that</token>
<token t_id="21" sentence="0" number="20">sharply</token>
<token t_id="22" sentence="0" number="21">restricts</token>
<token t_id="23" sentence="0" number="22">the</token>
<token t_id="24" sentence="0" number="23">locations</token>
<token t_id="25" sentence="0" number="24">available</token>
<token t_id="26" sentence="0" number="25">to</token>
<token t_id="27" sentence="0" number="26">group</token>
<token t_id="28" sentence="0" number="27">homes</token>
<token t_id="29" sentence="0" number="28">for</token>
<token t_id="30" sentence="0" number="29">the</token>
<token t_id="31" sentence="0" number="30">handicapped</token>
<token t_id="32" sentence="0" number="31">.</token>
<token t_id="33" sentence="1" number="0">This</token>
<token t_id="34" sentence="1" number="1">would</token>
<token t_id="35" sentence="1" number="2">be</token>
<token t_id="36" sentence="1" number="3">the</token>
<token t_id="37" sentence="1" number="4">department</token>
<token t_id="38" sentence="1" number="5">'s</token>
<token t_id="39" sentence="1" number="6">first</token>
<token t_id="40" sentence="1" number="7">suit</token>
<token t_id="41" sentence="1" number="8">challenging</token>
<token t_id="42" sentence="1" number="9">a</token>
<token t_id="43" sentence="1" number="10">local</token>
<token t_id="44" sentence="1" number="11">zoning</token>
<token t_id="45" sentence="1" number="12">ordinance</token>
<token t_id="46" sentence="1" number="13">under</token>
<token t_id="47" sentence="1" number="14">1988</token>
<token t_id="48" sentence="1" number="15">amendments</token>
<token t_id="49" sentence="1" number="16">to</token>
<token t_id="50" sentence="1" number="17">the</token>
<token t_id="51" sentence="1" number="18">Fair</token>
<token t_id="52" sentence="1" number="19">Housing</token>
<token t_id="53" sentence="1" number="20">Act</token>
<token t_id="54" sentence="1" number="21">.</token>
<token t_id="55" sentence="2" number="0">Under</token>
<token t_id="56" sentence="2" number="1">those</token>
<token t_id="57" sentence="2" number="2">amendments</token>
<token t_id="58" sentence="2" number="3">,</token>
<token t_id="59" sentence="2" number="4">which</token>
<token t_id="60" sentence="2" number="5">took</token>
<token t_id="61" sentence="2" number="6">effect</token>
<token t_id="62" sentence="2" number="7">in</token>
<token t_id="63" sentence="2" number="8">March</token>
<token t_id="64" sentence="2" number="9">of</token>
<token t_id="65" sentence="2" number="10">this</token>
<token t_id="66" sentence="2" number="11">year</token>
<token t_id="67" sentence="2" number="12">,</token>
<token t_id="68" sentence="2" number="13">the</token>
<token t_id="69" sentence="2" number="14">federal</token>
<token t_id="70" sentence="2" number="15">government</token>
<token t_id="71" sentence="2" number="16">can</token>
<token t_id="72" sentence="2" number="17">intervene</token>
<token t_id="73" sentence="2" number="18">in</token>
<token t_id="74" sentence="2" number="19">private</token>
<token t_id="75" sentence="2" number="20">housing</token>
<token t_id="76" sentence="2" number="21">-</token>
<token t_id="77" sentence="2" number="22">discrimination</token>
<token t_id="78" sentence="2" number="23">lawsuits</token>
<token t_id="79" sentence="2" number="24">.</token>
<token t_id="80" sentence="3" number="0">The</token>
<token t_id="81" sentence="3" number="1">ordinance</token>
<token t_id="82" sentence="3" number="2">,</token>
<token t_id="83" sentence="3" number="3">in</token>
<token t_id="84" sentence="3" number="4">Moon</token>
<token t_id="85" sentence="3" number="5">Township</token>
<token t_id="86" sentence="3" number="6">,</token>
<token t_id="87" sentence="3" number="7">prohibits</token>
<token t_id="88" sentence="3" number="8">locating</token>
<token t_id="89" sentence="3" number="9">a</token>
<token t_id="90" sentence="3" number="10">group</token>
<token t_id="91" sentence="3" number="11">home</token>
<token t_id="92" sentence="3" number="12">for</token>
<token t_id="93" sentence="3" number="13">the</token>
<token t_id="94" sentence="3" number="14">handicapped</token>
<token t_id="95" sentence="3" number="15">within</token>
<token t_id="96" sentence="3" number="16">a</token>
<token t_id="97" sentence="3" number="17">mile</token>
<token t_id="98" sentence="3" number="18">of</token>
<token t_id="99" sentence="3" number="19">another</token>
<token t_id="100" sentence="3" number="20">such</token>
<token t_id="101" sentence="3" number="21">facility</token>
<token t_id="102" sentence="3" number="22">.</token>
<token t_id="103" sentence="4" number="0">In</token>
<token t_id="104" sentence="4" number="1">papers</token>
<token t_id="105" sentence="4" number="2">filed</token>
<token t_id="106" sentence="4" number="3">with</token>
<token t_id="107" sentence="4" number="4">the</token>
<token t_id="108" sentence="4" number="5">federal</token>
<token t_id="109" sentence="4" number="6">district</token>
<token t_id="110" sentence="4" number="7">court</token>
<token t_id="111" sentence="4" number="8">in</token>
<token t_id="112" sentence="4" number="9">Pittsburgh</token>
<token t_id="113" sentence="4" number="10">,</token>
<token t_id="114" sentence="4" number="11">the</token>
<token t_id="115" sentence="4" number="12">Justice</token>
<token t_id="116" sentence="4" number="13">Department</token>
<token t_id="117" sentence="4" number="14">alleged</token>
<token t_id="118" sentence="4" number="15">that</token>
<token t_id="119" sentence="4" number="16">the</token>
<token t_id="120" sentence="4" number="17">ordinance</token>
<token t_id="121" sentence="4" number="18">,</token>
<token t_id="122" sentence="4" number="19">by</token>
<token t_id="123" sentence="4" number="20">limiting</token>
<token t_id="124" sentence="4" number="21">the</token>
<token t_id="125" sentence="4" number="22">number</token>
<token t_id="126" sentence="4" number="23">of</token>
<token t_id="127" sentence="4" number="24">group</token>
<token t_id="128" sentence="4" number="25">homes</token>
<token t_id="129" sentence="4" number="26">that</token>
<token t_id="130" sentence="4" number="27">can</token>
<token t_id="131" sentence="4" number="28">be</token>
<token t_id="132" sentence="4" number="29">established</token>
<token t_id="133" sentence="4" number="30">in</token>
<token t_id="134" sentence="4" number="31">the</token>
<token t_id="135" sentence="4" number="32">township</token>
<token t_id="136" sentence="4" number="33">,</token>
<token t_id="137" sentence="4" number="34">makes</token>
<token t_id="138" sentence="4" number="35">housing</token>
<token t_id="139" sentence="4" number="36">unavailable</token>
<token t_id="140" sentence="4" number="37">on</token>
<token t_id="141" sentence="4" number="38">account</token>
<token t_id="142" sentence="4" number="39">of</token>
<token t_id="143" sentence="4" number="40">handicap</token>
<token t_id="144" sentence="4" number="41">.</token>
<token t_id="145" sentence="5" number="0">The</token>
<token t_id="146" sentence="5" number="1">private</token>
<token t_id="147" sentence="5" number="2">suit</token>
<token t_id="148" sentence="5" number="3">was</token>
<token t_id="149" sentence="5" number="4">brought</token>
<token t_id="150" sentence="5" number="5">by</token>
<token t_id="151" sentence="5" number="6">three</token>
<token t_id="152" sentence="5" number="7">mentally</token>
<token t_id="153" sentence="5" number="8">retarded</token>
<token t_id="154" sentence="5" number="9">people</token>
<token t_id="155" sentence="5" number="10">who</token>
<token t_id="156" sentence="5" number="11">live</token>
<token t_id="157" sentence="5" number="12">in</token>
<token t_id="158" sentence="5" number="13">a</token>
<token t_id="159" sentence="5" number="14">group</token>
<token t_id="160" sentence="5" number="15">home</token>
<token t_id="161" sentence="5" number="16">in</token>
<token t_id="162" sentence="5" number="17">Moon</token>
<token t_id="163" sentence="5" number="18">.</token>
<token t_id="164" sentence="6" number="0">Greg</token>
<token t_id="165" sentence="6" number="1">Smith</token>
<token t_id="166" sentence="6" number="2">,</token>
<token t_id="167" sentence="6" number="3">Moon</token>
<token t_id="168" sentence="6" number="4">Township</token>
<token t_id="169" sentence="6" number="5">manager</token>
<token t_id="170" sentence="6" number="6">,</token>
<token t_id="171" sentence="6" number="7">said</token>
<token t_id="172" sentence="6" number="8">the</token>
<token t_id="173" sentence="6" number="9">ordinance</token>
<token t_id="174" sentence="6" number="10">is</token>
<token t_id="175" sentence="6" number="11">intended</token>
<token t_id="176" sentence="6" number="12">to</token>
<token t_id="177" sentence="6" number="13">prevent</token>
<token t_id="178" sentence="6" number="14">the</token>
<token t_id="179" sentence="6" number="15">concentration</token>
<token t_id="180" sentence="6" number="16">of</token>
<token t_id="181" sentence="6" number="17">group</token>
<token t_id="182" sentence="6" number="18">homes</token>
<token t_id="183" sentence="6" number="19">for</token>
<token t_id="184" sentence="6" number="20">the</token>
<token t_id="185" sentence="6" number="21">mentally</token>
<token t_id="186" sentence="6" number="22">retarded</token>
<token t_id="187" sentence="6" number="23">from</token>
<token t_id="188" sentence="6" number="24">changing</token>
<token t_id="189" sentence="6" number="25">``</token>
<token t_id="190" sentence="6" number="26">the</token>
<token t_id="191" sentence="6" number="27">character</token>
<token t_id="192" sentence="6" number="28">and</token>
<token t_id="193" sentence="6" number="29">flavor</token>
<token t_id="194" sentence="6" number="30">of</token>
<token t_id="195" sentence="6" number="31">the</token>
<token t_id="196" sentence="6" number="32">neighborhood</token>
<token t_id="197" sentence="6" number="33">.</token>
<token t_id="198" sentence="6" number="34">''</token>
<token t_id="199" sentence="7" number="0">He</token>
<token t_id="200" sentence="7" number="1">said</token>
<token t_id="201" sentence="7" number="2">the</token>
<token t_id="202" sentence="7" number="3">ordinance</token>
<token t_id="203" sentence="7" number="4">also</token>
<token t_id="204" sentence="7" number="5">will</token>
<token t_id="205" sentence="7" number="6">benefit</token>
<token t_id="206" sentence="7" number="7">the</token>
<token t_id="207" sentence="7" number="8">mentally</token>
<token t_id="208" sentence="7" number="9">retarded</token>
<token t_id="209" sentence="7" number="10">.</token>
<token t_id="210" sentence="8" number="0">``</token>
<token t_id="211" sentence="8" number="1">Our</token>
<token t_id="212" sentence="8" number="2">intent</token>
<token t_id="213" sentence="8" number="3">is</token>
<token t_id="214" sentence="8" number="4">to</token>
<token t_id="215" sentence="8" number="5">spread</token>
<token t_id="216" sentence="8" number="6">them</token>
<token t_id="217" sentence="8" number="7">out</token>
<token t_id="218" sentence="8" number="8">''</token>
<token t_id="219" sentence="8" number="9">to</token>
<token t_id="220" sentence="8" number="10">insure</token>
<token t_id="221" sentence="8" number="11">they</token>
<token t_id="222" sentence="8" number="12">are</token>
<token t_id="223" sentence="8" number="13">well</token>
<token t_id="224" sentence="8" number="14">integrated</token>
<token t_id="225" sentence="8" number="15">into</token>
<token t_id="226" sentence="8" number="16">the</token>
<token t_id="227" sentence="8" number="17">community</token>
<token t_id="228" sentence="8" number="18">,</token>
<token t_id="229" sentence="8" number="19">he</token>
<token t_id="230" sentence="8" number="20">said</token>
<token t_id="231" sentence="8" number="21">.</token>


<Markables>
<ARGUMENTATIVE m_id="16" comment="" conversational-direct="FALSE" conversational-reported="TRUE"  >
<token_anchor t_id="118"/>
<token_anchor t_id="119"/>
<token_anchor t_id="120"/>
<token_anchor t_id="121"/>
<token_anchor t_id="137"/>
<token_anchor t_id="138"/>
<token_anchor t_id="139"/>
<token_anchor t_id="140"/>
<token_anchor t_id="141"/>
<token_anchor t_id="142"/>
<token_anchor t_id="143"/>
<token_anchor t_id="144"/>
</ARGUMENTATIVE>
<NARRATIVE m_id="9" Level="Primary" comment="" conversational-direct="FALSE" conversational-reported="FALSE"  >
<token_anchor t_id="88"/>
<token_anchor t_id="89"/>
<token_anchor t_id="90"/>
<token_anchor t_id="91"/>
<token_anchor t_id="92"/>
<token_anchor t_id="93"/>
<token_anchor t_id="94"/>
<token_anchor t_id="95"/>
<token_anchor t_id="96"/>
<token_anchor t_id="97"/>
<token_anchor t_id="98"/>
<token_anchor t_id="99"/>
<token_anchor t_id="100"/>
<token_anchor t_id="101"/>
<token_anchor t_id="102"/>
</NARRATIVE>
<NARRATIVE m_id="10" Level="Primary" comment="" conversational-direct="FALSE" conversational-reported="FALSE"  >
<token_anchor t_id="199"/>
<token_anchor t_id="200"/>
</NARRATIVE>
<NARRATIVE m_id="11" Level="Primary" comment="" conversational-direct="FALSE" conversational-reported="FALSE"  >
<token_anchor t_id="145"/>
<token_anchor t_id="146"/>
<token_anchor t_id="147"/>
<token_anchor t_id="148"/>
<token_anchor t_id="149"/>
<token_anchor t_id="150"/>
<token_anchor t_id="151"/>
<token_anchor t_id="152"/>
<token_anchor t_id="153"/>
<token_anchor t_id="154"/>
<token_anchor t_id="155"/>
<token_anchor t_id="156"/>
<token_anchor t_id="157"/>
<token_anchor t_id="158"/>
<token_anchor t_id="159"/>
<token_anchor t_id="160"/>
<token_anchor t_id="161"/>
<token_anchor t_id="162"/>
<token_anchor t_id="163"/>
</NARRATIVE>
<NARRATIVE m_id="12" Level="Primary" comment="" conversational-direct="FALSE" conversational-reported="FALSE"  >
<token_anchor t_id="164"/>
<token_anchor t_id="165"/>
<token_anchor t_id="166"/>
<token_anchor t_id="167"/>
<token_anchor t_id="168"/>
<token_anchor t_id="169"/>
<token_anchor t_id="170"/>
<token_anchor t_id="171"/>
</NARRATIVE>
<NARRATIVE m_id="13" Level="Primary" comment="" conversational-direct="FALSE" conversational-reported="FALSE"  >
<token_anchor t_id="229"/>
<token_anchor t_id="230"/>
<token_anchor t_id="231"/>
</NARRATIVE>
<NARRATIVE m_id="14" Level="Primary" comment="" conversational-direct="FALSE" conversational-reported="FALSE"  >
<token_anchor t_id="103"/>
<token_anchor t_id="104"/>
<token_anchor t_id="105"/>
<token_anchor t_id="106"/>
<token_anchor t_id="107"/>
<token_anchor t_id="108"/>
<token_anchor t_id="109"/>
<token_anchor t_id="110"/>
<token_anchor t_id="111"/>
<token_anchor t_id="112"/>
<token_anchor t_id="113"/>
<token_anchor t_id="114"/>
<token_anchor t_id="115"/>
<token_anchor t_id="116"/>
<token_anchor t_id="117"/>
</NARRATIVE>
<NARRATIVE m_id="15" Level="Primary" comment="" conversational-direct="FALSE" conversational-reported="FALSE"  >
<token_anchor t_id="122"/>
<token_anchor t_id="123"/>
<token_anchor t_id="124"/>
<token_anchor t_id="125"/>
<token_anchor t_id="126"/>
<token_anchor t_id="127"/>
<token_anchor t_id="128"/>
<token_anchor t_id="129"/>
<token_anchor t_id="130"/>
<token_anchor t_id="131"/>
<token_anchor t_id="132"/>
<token_anchor t_id="133"/>
<token_anchor t_id="134"/>
<token_anchor t_id="135"/>
<token_anchor t_id="136"/>
</NARRATIVE>
<NARRATIVE m_id="17" Level="Primary" comment="" conversational-direct="FALSE" conversational-reported="TRUE"  >
<token_anchor t_id="172"/>
<token_anchor t_id="173"/>
<token_anchor t_id="174"/>
<token_anchor t_id="175"/>
</NARRATIVE>
<NARRATIVE m_id="18" Level="Primary" comment="" conversational-direct="FALSE" conversational-reported="TRUE"  >
<token_anchor t_id="176"/>
<token_anchor t_id="177"/>
<token_anchor t_id="178"/>
<token_anchor t_id="179"/>
<token_anchor t_id="180"/>
<token_anchor t_id="181"/>
<token_anchor t_id="182"/>
<token_anchor t_id="183"/>
<token_anchor t_id="184"/>
<token_anchor t_id="185"/>
<token_anchor t_id="186"/>
<token_anchor t_id="187"/>
<token_anchor t_id="188"/>
<token_anchor t_id="189"/>
<token_anchor t_id="190"/>
<token_anchor t_id="191"/>
<token_anchor t_id="192"/>
<token_anchor t_id="193"/>
<token_anchor t_id="194"/>
<token_anchor t_id="195"/>
<token_anchor t_id="196"/>
<token_anchor t_id="197"/>
<token_anchor t_id="198"/>
</NARRATIVE>
<NARRATIVE m_id="19" Level="Primary" comment="" conversational-direct="FALSE" conversational-reported="TRUE"  >
<token_anchor t_id="201"/>
<token_anchor t_id="202"/>
<token_anchor t_id="203"/>
<token_anchor t_id="204"/>
<token_anchor t_id="205"/>
<token_anchor t_id="206"/>
<token_anchor t_id="207"/>
<token_anchor t_id="208"/>
<token_anchor t_id="209"/>
</NARRATIVE>
<NARRATIVE m_id="20" Level="Primary" comment="" conversational-direct="TRUE" conversational-reported="FALSE"  >
<token_anchor t_id="210"/>
<token_anchor t_id="211"/>
<token_anchor t_id="212"/>
<token_anchor t_id="213"/>
</NARRATIVE>
<NARRATIVE m_id="21" Level="Primary" comment="" conversational-direct="TRUE" conversational-reported="FALSE"  >
<token_anchor t_id="214"/>
<token_anchor t_id="215"/>
<token_anchor t_id="216"/>
<token_anchor t_id="217"/>
<token_anchor t_id="218"/>
</NARRATIVE>
<NARRATIVE m_id="22" Level="Primary" comment="" conversational-direct="FALSE" conversational-reported="TRUE"  >
<token_anchor t_id="219"/>
<token_anchor t_id="220"/>
</NARRATIVE>
<NARRATIVE m_id="23" Level="Primary" comment="" conversational-direct="FALSE" conversational-reported="TRUE"  >
<token_anchor t_id="221"/>
<token_anchor t_id="222"/>
<token_anchor t_id="223"/>
<token_anchor t_id="224"/>
<token_anchor t_id="225"/>
<token_anchor t_id="226"/>
<token_anchor t_id="227"/>
<token_anchor t_id="228"/>
</NARRATIVE>
<NARRATIVE m_id="1" Level="Primary" comment="" conversational-direct="FALSE" conversational-reported="FALSE"  >
<token_anchor t_id="1"/>
<token_anchor t_id="2"/>
<token_anchor t_id="3"/>
<token_anchor t_id="4"/>
</NARRATIVE>
<NARRATIVE m_id="2" Level="Primary" comment="" conversational-direct="FALSE" conversational-reported="TRUE"  >
<token_anchor t_id="5"/>
<token_anchor t_id="6"/>
<token_anchor t_id="7"/>
</NARRATIVE>
<NARRATIVE m_id="3" Level="Primary" comment="" conversational-direct="FALSE" conversational-reported="TRUE"  >
<token_anchor t_id="8"/>
<token_anchor t_id="9"/>
<token_anchor t_id="10"/>
<token_anchor t_id="11"/>
<token_anchor t_id="12"/>
<token_anchor t_id="13"/>
<token_anchor t_id="14"/>
<token_anchor t_id="15"/>
<token_anchor t_id="16"/>
<token_anchor t_id="17"/>
<token_anchor t_id="18"/>
<token_anchor t_id="19"/>
</NARRATIVE>
<NARRATIVE m_id="4" Level="Primary" comment="" conversational-direct="FALSE" conversational-reported="TRUE"  >
<token_anchor t_id="20"/>
<token_anchor t_id="21"/>
<token_anchor t_id="22"/>
<token_anchor t_id="23"/>
<token_anchor t_id="24"/>
<token_anchor t_id="25"/>
<token_anchor t_id="26"/>
<token_anchor t_id="27"/>
<token_anchor t_id="28"/>
<token_anchor t_id="29"/>
<token_anchor t_id="30"/>
<token_anchor t_id="31"/>
<token_anchor t_id="32"/>
</NARRATIVE>
<NARRATIVE m_id="5" Level="Primary" comment="" conversational-direct="FALSE" conversational-reported="FALSE"  >
<token_anchor t_id="33"/>
<token_anchor t_id="34"/>
<token_anchor t_id="35"/>
<token_anchor t_id="36"/>
<token_anchor t_id="37"/>
<token_anchor t_id="38"/>
<token_anchor t_id="39"/>
<token_anchor t_id="40"/>
<token_anchor t_id="41"/>
<token_anchor t_id="42"/>
<token_anchor t_id="43"/>
<token_anchor t_id="44"/>
<token_anchor t_id="45"/>
<token_anchor t_id="46"/>
<token_anchor t_id="47"/>
<token_anchor t_id="48"/>
<token_anchor t_id="49"/>
<token_anchor t_id="50"/>
<token_anchor t_id="51"/>
<token_anchor t_id="52"/>
<token_anchor t_id="53"/>
<token_anchor t_id="54"/>
</NARRATIVE>
<NARRATIVE m_id="6" Level="Primary" comment="" conversational-direct="FALSE" conversational-reported="FALSE"  >
<token_anchor t_id="59"/>
<token_anchor t_id="60"/>
<token_anchor t_id="61"/>
<token_anchor t_id="62"/>
<token_anchor t_id="63"/>
<token_anchor t_id="64"/>
<token_anchor t_id="65"/>
<token_anchor t_id="66"/>
<token_anchor t_id="67"/>
</NARRATIVE>
<NARRATIVE m_id="7" Level="Primary" comment="" conversational-direct="FALSE" conversational-reported="FALSE"  >
<token_anchor t_id="55"/>
<token_anchor t_id="56"/>
<token_anchor t_id="57"/>
<token_anchor t_id="58"/>
<token_anchor t_id="68"/>
<token_anchor t_id="69"/>
<token_anchor t_id="70"/>
<token_anchor t_id="71"/>
<token_anchor t_id="72"/>
<token_anchor t_id="73"/>
<token_anchor t_id="74"/>
<token_anchor t_id="75"/>
<token_anchor t_id="76"/>
<token_anchor t_id="77"/>
<token_anchor t_id="78"/>
<token_anchor t_id="79"/>
</NARRATIVE>
<NARRATIVE m_id="8" Level="Primary" comment="" conversational-direct="FALSE" conversational-reported="FALSE"  >
<token_anchor t_id="80"/>
<token_anchor t_id="81"/>
<token_anchor t_id="82"/>
<token_anchor t_id="83"/>
<token_anchor t_id="84"/>
<token_anchor t_id="85"/>
<token_anchor t_id="86"/>
<token_anchor t_id="87"/>
</NARRATIVE>


</Markables>

<Relations>
</Relations>
</Document>
