<Document doc_name="wsj_1334.xml.conll.txt">
<token t_id="1" sentence="0" number="0">In</token>
<token t_id="2" sentence="0" number="1">a</token>
<token t_id="3" sentence="0" number="2">last</token>
<token t_id="4" sentence="0" number="3">-</token>
<token t_id="5" sentence="0" number="4">ditch</token>
<token t_id="6" sentence="0" number="5">effort</token>
<token t_id="7" sentence="0" number="6">to</token>
<token t_id="8" sentence="0" number="7">keep</token>
<token t_id="9" sentence="0" number="8">its</token>
<token t_id="10" sentence="0" number="9">sales</token>
<token t_id="11" sentence="0" number="10">force</token>
<token t_id="12" sentence="0" number="11">and</token>
<token t_id="13" sentence="0" number="12">customer</token>
<token t_id="14" sentence="0" number="13">base</token>
<token t_id="15" sentence="0" number="14">,</token>
<token t_id="16" sentence="0" number="15">Integrated</token>
<token t_id="17" sentence="0" number="16">Resources</token>
<token t_id="18" sentence="0" number="17">Inc</token>
<token t_id="19" sentence="0" number="18">.</token>
<token t_id="20" sentence="0" number="19">said</token>
<token t_id="21" sentence="0" number="20">it</token>
<token t_id="22" sentence="0" number="21">agreed</token>
<token t_id="23" sentence="0" number="22">in</token>
<token t_id="24" sentence="0" number="23">principle</token>
<token t_id="25" sentence="0" number="24">to</token>
<token t_id="26" sentence="0" number="25">transfer</token>
<token t_id="27" sentence="0" number="26">ownership</token>
<token t_id="28" sentence="0" number="27">of</token>
<token t_id="29" sentence="0" number="28">its</token>
<token t_id="30" sentence="0" number="29">broker</token>
<token t_id="31" sentence="0" number="30">-</token>
<token t_id="32" sentence="0" number="31">dealer</token>
<token t_id="33" sentence="0" number="32">subsidiary</token>
<token t_id="34" sentence="0" number="33">to</token>
<token t_id="35" sentence="0" number="34">two</token>
<token t_id="36" sentence="0" number="35">of</token>
<token t_id="37" sentence="0" number="36">its</token>
<token t_id="38" sentence="0" number="37">top</token>
<token t_id="39" sentence="0" number="38">executives</token>
<token t_id="40" sentence="0" number="39">.</token>
<token t_id="41" sentence="1" number="0">The</token>
<token t_id="42" sentence="1" number="1">financial</token>
<token t_id="43" sentence="1" number="2">-</token>
<token t_id="44" sentence="1" number="3">services</token>
<token t_id="45" sentence="1" number="4">firm</token>
<token t_id="46" sentence="1" number="5">,</token>
<token t_id="47" sentence="1" number="6">struggling</token>
<token t_id="48" sentence="1" number="7">since</token>
<token t_id="49" sentence="1" number="8">summer</token>
<token t_id="50" sentence="1" number="9">to</token>
<token t_id="51" sentence="1" number="10">avoid</token>
<token t_id="52" sentence="1" number="11">a</token>
<token t_id="53" sentence="1" number="12">bankruptcy</token>
<token t_id="54" sentence="1" number="13">-</token>
<token t_id="55" sentence="1" number="14">law</token>
<token t_id="56" sentence="1" number="15">filing</token>
<token t_id="57" sentence="1" number="16">after</token>
<token t_id="58" sentence="1" number="17">missing</token>
<token t_id="59" sentence="1" number="18">interest</token>
<token t_id="60" sentence="1" number="19">payments</token>
<token t_id="61" sentence="1" number="20">on</token>
<token t_id="62" sentence="1" number="21">about</token>
<token t_id="63" sentence="1" number="22">$</token>
<token t_id="64" sentence="1" number="23">1</token>
<token t_id="65" sentence="1" number="24">billion</token>
<token t_id="66" sentence="1" number="25">of</token>
<token t_id="67" sentence="1" number="26">debt</token>
<token t_id="68" sentence="1" number="27">,</token>
<token t_id="69" sentence="1" number="28">will</token>
<token t_id="70" sentence="1" number="29">retain</token>
<token t_id="71" sentence="1" number="30">the</token>
<token t_id="72" sentence="1" number="31">right</token>
<token t_id="73" sentence="1" number="32">to</token>
<token t_id="74" sentence="1" number="33">regain</token>
<token t_id="75" sentence="1" number="34">the</token>
<token t_id="76" sentence="1" number="35">subsidiary</token>
<token t_id="77" sentence="1" number="36">.</token>
<token t_id="78" sentence="2" number="0">It</token>
<token t_id="79" sentence="2" number="1">said</token>
<token t_id="80" sentence="2" number="2">it</token>
<token t_id="81" sentence="2" number="3">will</token>
<token t_id="82" sentence="2" number="4">exercise</token>
<token t_id="83" sentence="2" number="5">that</token>
<token t_id="84" sentence="2" number="6">right</token>
<token t_id="85" sentence="2" number="7">only</token>
<token t_id="86" sentence="2" number="8">if</token>
<token t_id="87" sentence="2" number="9">it</token>
<token t_id="88" sentence="2" number="10">sells</token>
<token t_id="89" sentence="2" number="11">substantially</token>
<token t_id="90" sentence="2" number="12">all</token>
<token t_id="91" sentence="2" number="13">of</token>
<token t_id="92" sentence="2" number="14">its</token>
<token t_id="93" sentence="2" number="15">other</token>
<token t_id="94" sentence="2" number="16">core</token>
<token t_id="95" sentence="2" number="17">businesses</token>
<token t_id="96" sentence="2" number="18">.</token>
<token t_id="97" sentence="3" number="0">It</token>
<token t_id="98" sentence="3" number="1">also</token>
<token t_id="99" sentence="3" number="2">can</token>
<token t_id="100" sentence="3" number="3">sell</token>
<token t_id="101" sentence="3" number="4">the</token>
<token t_id="102" sentence="3" number="5">right</token>
<token t_id="103" sentence="3" number="6">to</token>
<token t_id="104" sentence="3" number="7">regain</token>
<token t_id="105" sentence="3" number="8">the</token>
<token t_id="106" sentence="3" number="9">subsidiary</token>
<token t_id="107" sentence="3" number="10">to</token>
<token t_id="108" sentence="3" number="11">another</token>
<token t_id="109" sentence="3" number="12">party</token>
<token t_id="110" sentence="3" number="13">.</token>
<token t_id="111" sentence="4" number="0">Also</token>
<token t_id="112" sentence="4" number="1">,</token>
<token t_id="113" sentence="4" number="2">the</token>
<token t_id="114" sentence="4" number="3">broker</token>
<token t_id="115" sentence="4" number="4">-</token>
<token t_id="116" sentence="4" number="5">dealer</token>
<token t_id="117" sentence="4" number="6">subsidiary</token>
<token t_id="118" sentence="4" number="7">,</token>
<token t_id="119" sentence="4" number="8">Integrated</token>
<token t_id="120" sentence="4" number="9">Resources</token>
<token t_id="121" sentence="4" number="10">Equity</token>
<token t_id="122" sentence="4" number="11">Corp</token>
<token t_id="123" sentence="4" number="12">.</token>
<token t_id="124" sentence="4" number="13">,</token>
<token t_id="125" sentence="4" number="14">was</token>
<token t_id="126" sentence="4" number="15">renamed</token>
<token t_id="127" sentence="4" number="16">Royal</token>
<token t_id="128" sentence="4" number="17">Alliance</token>
<token t_id="129" sentence="4" number="18">Associates</token>
<token t_id="130" sentence="4" number="19">Inc</token>
<token t_id="131" sentence="4" number="20">.</token>
<token t_id="132" sentence="5" number="0">Because</token>
<token t_id="133" sentence="5" number="1">of</token>
<token t_id="134" sentence="5" number="2">Integrated</token>
<token t_id="135" sentence="5" number="3">'s</token>
<token t_id="136" sentence="5" number="4">widely</token>
<token t_id="137" sentence="5" number="5">reported</token>
<token t_id="138" sentence="5" number="6">troubles</token>
<token t_id="139" sentence="5" number="7">,</token>
<token t_id="140" sentence="5" number="8">the</token>
<token t_id="141" sentence="5" number="9">unit</token>
<token t_id="142" sentence="5" number="10">'s</token>
<token t_id="143" sentence="5" number="11">representatives</token>
<token t_id="144" sentence="5" number="12">had</token>
<token t_id="145" sentence="5" number="13">been</token>
<token t_id="146" sentence="5" number="14">requesting</token>
<token t_id="147" sentence="5" number="15">a</token>
<token t_id="148" sentence="5" number="16">name</token>
<token t_id="149" sentence="5" number="17">change</token>
<token t_id="150" sentence="5" number="18">.</token>
<token t_id="151" sentence="6" number="0">Royal</token>
<token t_id="152" sentence="6" number="1">Alliance</token>
<token t_id="153" sentence="6" number="2">,</token>
<token t_id="154" sentence="6" number="3">to</token>
<token t_id="155" sentence="6" number="4">which</token>
<token t_id="156" sentence="6" number="5">the</token>
<token t_id="157" sentence="6" number="6">3</token>
<token t_id="158" sentence="6" number="7">,</token>
<token t_id="159" sentence="6" number="8">900</token>
<token t_id="160" sentence="6" number="9">representatives</token>
<token t_id="161" sentence="6" number="10">'</token>
<token t_id="162" sentence="6" number="11">licenses</token>
<token t_id="163" sentence="6" number="12">will</token>
<token t_id="164" sentence="6" number="13">be</token>
<token t_id="165" sentence="6" number="14">transferred</token>
<token t_id="166" sentence="6" number="15">,</token>
<token t_id="167" sentence="6" number="16">is</token>
<token t_id="168" sentence="6" number="17">a</token>
<token t_id="169" sentence="6" number="18">shell</token>
<token t_id="170" sentence="6" number="19">company</token>
<token t_id="171" sentence="6" number="20">Integrated</token>
<token t_id="172" sentence="6" number="21">owns</token>
<token t_id="173" sentence="6" number="22">.</token>
<token t_id="174" sentence="7" number="0">In</token>
<token t_id="175" sentence="7" number="1">the</token>
<token t_id="176" sentence="7" number="2">transaction</token>
<token t_id="177" sentence="7" number="3">,</token>
<token t_id="178" sentence="7" number="4">Integrated</token>
<token t_id="179" sentence="7" number="5">will</token>
<token t_id="180" sentence="7" number="6">transfer</token>
<token t_id="181" sentence="7" number="7">100</token>
<token t_id="182" sentence="7" number="8">%</token>
<token t_id="183" sentence="7" number="9">ownership</token>
<token t_id="184" sentence="7" number="10">of</token>
<token t_id="185" sentence="7" number="11">the</token>
<token t_id="186" sentence="7" number="12">subsidiary</token>
<token t_id="187" sentence="7" number="13">to</token>
<token t_id="188" sentence="7" number="14">Gerard</token>
<token t_id="189" sentence="7" number="15">M</token>
<token t_id="190" sentence="7" number="16">.</token>
<token t_id="191" sentence="7" number="17">Lavin</token>
<token t_id="192" sentence="7" number="18">,</token>
<token t_id="193" sentence="7" number="19">executive</token>
<token t_id="194" sentence="7" number="20">vice</token>
<token t_id="195" sentence="7" number="21">president</token>
<token t_id="196" sentence="7" number="22">of</token>
<token t_id="197" sentence="7" number="23">Integrated</token>
<token t_id="198" sentence="7" number="24">and</token>
<token t_id="199" sentence="7" number="25">head</token>
<token t_id="200" sentence="7" number="26">of</token>
<token t_id="201" sentence="7" number="27">back</token>
<token t_id="202" sentence="7" number="28">-</token>
<token t_id="203" sentence="7" number="29">office</token>
<token t_id="204" sentence="7" number="30">operations</token>
<token t_id="205" sentence="7" number="31">at</token>
<token t_id="206" sentence="7" number="32">the</token>
<token t_id="207" sentence="7" number="33">subsidiary</token>
<token t_id="208" sentence="7" number="34">,</token>
<token t_id="209" sentence="7" number="35">and</token>
<token t_id="210" sentence="7" number="36">Gary</token>
<token t_id="211" sentence="7" number="37">W</token>
<token t_id="212" sentence="7" number="38">.</token>
<token t_id="213" sentence="7" number="39">Krat</token>
<token t_id="214" sentence="7" number="40">,</token>
<token t_id="215" sentence="7" number="41">executive</token>
<token t_id="216" sentence="7" number="42">vice</token>
<token t_id="217" sentence="7" number="43">president</token>
<token t_id="218" sentence="7" number="44">of</token>
<token t_id="219" sentence="7" number="45">the</token>
<token t_id="220" sentence="7" number="46">parent</token>
<token t_id="221" sentence="7" number="47">and</token>
<token t_id="222" sentence="7" number="48">president</token>
<token t_id="223" sentence="7" number="49">of</token>
<token t_id="224" sentence="7" number="50">the</token>
<token t_id="225" sentence="7" number="51">subsidiary</token>
<token t_id="226" sentence="7" number="52">.</token>
<token t_id="227" sentence="8" number="0">Integrated</token>
<token t_id="228" sentence="8" number="1">will</token>
<token t_id="229" sentence="8" number="2">pump</token>
<token t_id="230" sentence="8" number="3">$</token>
<token t_id="231" sentence="8" number="4">3</token>
<token t_id="232" sentence="8" number="5">.</token>
<token t_id="233" sentence="8" number="6">5</token>
<token t_id="234" sentence="8" number="7">million</token>
<token t_id="235" sentence="8" number="8">to</token>
<token t_id="236" sentence="8" number="9">$</token>
<token t_id="237" sentence="8" number="10">4</token>
<token t_id="238" sentence="8" number="11">million</token>
<token t_id="239" sentence="8" number="12">into</token>
<token t_id="240" sentence="8" number="13">Royal</token>
<token t_id="241" sentence="8" number="14">Alliance</token>
<token t_id="242" sentence="8" number="15">as</token>
<token t_id="243" sentence="8" number="16">initial</token>
<token t_id="244" sentence="8" number="17">funding</token>
<token t_id="245" sentence="8" number="18">.</token>
<token t_id="246" sentence="9" number="0">In</token>
<token t_id="247" sentence="9" number="1">an</token>
<token t_id="248" sentence="9" number="2">interview</token>
<token t_id="249" sentence="9" number="3">,</token>
<token t_id="250" sentence="9" number="4">Mr</token>
<token t_id="251" sentence="9" number="5">.</token>
<token t_id="252" sentence="9" number="6">Krat</token>
<token t_id="253" sentence="9" number="7">said</token>
<token t_id="254" sentence="9" number="8">that</token>
<token t_id="255" sentence="9" number="9">based</token>
<token t_id="256" sentence="9" number="10">on</token>
<token t_id="257" sentence="9" number="11">criteria</token>
<token t_id="258" sentence="9" number="12">yet</token>
<token t_id="259" sentence="9" number="13">to</token>
<token t_id="260" sentence="9" number="14">be</token>
<token t_id="261" sentence="9" number="15">determined</token>
<token t_id="262" sentence="9" number="16">,</token>
<token t_id="263" sentence="9" number="17">he</token>
<token t_id="264" sentence="9" number="18">expects</token>
<token t_id="265" sentence="9" number="19">to</token>
<token t_id="266" sentence="9" number="20">distribute</token>
<token t_id="267" sentence="9" number="21">49</token>
<token t_id="268" sentence="9" number="22">%</token>
<token t_id="269" sentence="9" number="23">of</token>
<token t_id="270" sentence="9" number="24">Royal</token>
<token t_id="271" sentence="9" number="25">Alliance</token>
<token t_id="272" sentence="9" number="26">to</token>
<token t_id="273" sentence="9" number="27">the</token>
<token t_id="274" sentence="9" number="28">representatives</token>
<token t_id="275" sentence="9" number="29">,</token>
<token t_id="276" sentence="9" number="30">who</token>
<token t_id="277" sentence="9" number="31">sell</token>
<token t_id="278" sentence="9" number="32">Integrated</token>
<token t_id="279" sentence="9" number="33">'s</token>
<token t_id="280" sentence="9" number="34">insurance</token>
<token t_id="281" sentence="9" number="35">and</token>
<token t_id="282" sentence="9" number="36">mutual</token>
<token t_id="283" sentence="9" number="37">-</token>
<token t_id="284" sentence="9" number="38">fund</token>
<token t_id="285" sentence="9" number="39">products</token>
<token t_id="286" sentence="9" number="40">.</token>
<token t_id="287" sentence="10" number="0">If</token>
<token t_id="288" sentence="10" number="1">Integrated</token>
<token t_id="289" sentence="10" number="2">regains</token>
<token t_id="290" sentence="10" number="3">Royal</token>
<token t_id="291" sentence="10" number="4">Alliance</token>
<token t_id="292" sentence="10" number="5">,</token>
<token t_id="293" sentence="10" number="6">the</token>
<token t_id="294" sentence="10" number="7">representatives</token>
<token t_id="295" sentence="10" number="8">will</token>
<token t_id="296" sentence="10" number="9">retain</token>
<token t_id="297" sentence="10" number="10">their</token>
<token t_id="298" sentence="10" number="11">49</token>
<token t_id="299" sentence="10" number="12">%</token>
<token t_id="300" sentence="10" number="13">ownership</token>
<token t_id="301" sentence="10" number="14">.</token>
<token t_id="302" sentence="11" number="0">Mr</token>
<token t_id="303" sentence="11" number="1">.</token>
<token t_id="304" sentence="11" number="2">Krat</token>
<token t_id="305" sentence="11" number="3">indicated</token>
<token t_id="306" sentence="11" number="4">that</token>
<token t_id="307" sentence="11" number="5">completion</token>
<token t_id="308" sentence="11" number="6">of</token>
<token t_id="309" sentence="11" number="7">the</token>
<token t_id="310" sentence="11" number="8">transaction</token>
<token t_id="311" sentence="11" number="9">could</token>
<token t_id="312" sentence="11" number="10">take</token>
<token t_id="313" sentence="11" number="11">several</token>
<token t_id="314" sentence="11" number="12">weeks</token>
<token t_id="315" sentence="11" number="13">,</token>
<token t_id="316" sentence="11" number="14">and</token>
<token t_id="317" sentence="11" number="15">it</token>
<token t_id="318" sentence="11" number="16">was</token>
<token t_id="319" sentence="11" number="17">n't</token>
<token t_id="320" sentence="11" number="18">immediately</token>
<token t_id="321" sentence="11" number="19">clear</token>
<token t_id="322" sentence="11" number="20">what</token>
<token t_id="323" sentence="11" number="21">would</token>
<token t_id="324" sentence="11" number="22">happen</token>
<token t_id="325" sentence="11" number="23">to</token>
<token t_id="326" sentence="11" number="24">the</token>
<token t_id="327" sentence="11" number="25">broker</token>
<token t_id="328" sentence="11" number="26">-</token>
<token t_id="329" sentence="11" number="27">dealer</token>
<token t_id="330" sentence="11" number="28">subsidiary</token>
<token t_id="331" sentence="11" number="29">if</token>
<token t_id="332" sentence="11" number="30">Integrated</token>
<token t_id="333" sentence="11" number="31">files</token>
<token t_id="334" sentence="11" number="32">for</token>
<token t_id="335" sentence="11" number="33">bankruptcy</token>
<token t_id="336" sentence="11" number="34">-</token>
<token t_id="337" sentence="11" number="35">law</token>
<token t_id="338" sentence="11" number="36">protection</token>
<token t_id="339" sentence="11" number="37">in</token>
<token t_id="340" sentence="11" number="38">the</token>
<token t_id="341" sentence="11" number="39">meantime</token>
<token t_id="342" sentence="11" number="40">.</token>
<token t_id="343" sentence="12" number="0">The</token>
<token t_id="344" sentence="12" number="1">subsidiary</token>
<token t_id="345" sentence="12" number="2">is</token>
<token t_id="346" sentence="12" number="3">n't</token>
<token t_id="347" sentence="12" number="4">expected</token>
<token t_id="348" sentence="12" number="5">to</token>
<token t_id="349" sentence="12" number="6">be</token>
<token t_id="350" sentence="12" number="7">profitable</token>
<token t_id="351" sentence="12" number="8">for</token>
<token t_id="352" sentence="12" number="9">at</token>
<token t_id="353" sentence="12" number="10">least</token>
<token t_id="354" sentence="12" number="11">one</token>
<token t_id="355" sentence="12" number="12">year</token>
<token t_id="356" sentence="12" number="13">.</token>
<token t_id="357" sentence="13" number="0">If</token>
<token t_id="358" sentence="13" number="1">Integrated</token>
<token t_id="359" sentence="13" number="2">regains</token>
<token t_id="360" sentence="13" number="3">the</token>
<token t_id="361" sentence="13" number="4">unit</token>
<token t_id="362" sentence="13" number="5">,</token>
<token t_id="363" sentence="13" number="6">it</token>
<token t_id="364" sentence="13" number="7">would</token>
<token t_id="365" sentence="13" number="8">receive</token>
<token t_id="366" sentence="13" number="9">any</token>
<token t_id="367" sentence="13" number="10">profit</token>
<token t_id="368" sentence="13" number="11">the</token>
<token t_id="369" sentence="13" number="12">unit</token>
<token t_id="370" sentence="13" number="13">reports</token>
<token t_id="371" sentence="13" number="14">,</token>
<token t_id="372" sentence="13" number="15">even</token>
<token t_id="373" sentence="13" number="16">while</token>
<token t_id="374" sentence="13" number="17">the</token>
<token t_id="375" sentence="13" number="18">unit</token>
<token t_id="376" sentence="13" number="19">is</token>
<token t_id="377" sentence="13" number="20">independent</token>
<token t_id="378" sentence="13" number="21">.</token>
<token t_id="379" sentence="14" number="0">If</token>
<token t_id="380" sentence="14" number="1">the</token>
<token t_id="381" sentence="14" number="2">deal</token>
<token t_id="382" sentence="14" number="3">closes</token>
<token t_id="383" sentence="14" number="4">,</token>
<token t_id="384" sentence="14" number="5">the</token>
<token t_id="385" sentence="14" number="6">two</token>
<token t_id="386" sentence="14" number="7">officers</token>
<token t_id="387" sentence="14" number="8">will</token>
<token t_id="388" sentence="14" number="9">draw</token>
<token t_id="389" sentence="14" number="10">salaries</token>
<token t_id="390" sentence="14" number="11">from</token>
<token t_id="391" sentence="14" number="12">the</token>
<token t_id="392" sentence="14" number="13">independent</token>
<token t_id="393" sentence="14" number="14">operation</token>
<token t_id="394" sentence="14" number="15">,</token>
<token t_id="395" sentence="14" number="16">not</token>
<token t_id="396" sentence="14" number="17">from</token>
<token t_id="397" sentence="14" number="18">Integrated</token>
<token t_id="398" sentence="14" number="19">.</token>
<token t_id="399" sentence="15" number="0">Many</token>
<token t_id="400" sentence="15" number="1">aspects</token>
<token t_id="401" sentence="15" number="2">of</token>
<token t_id="402" sentence="15" number="3">the</token>
<token t_id="403" sentence="15" number="4">agreement</token>
<token t_id="404" sentence="15" number="5">were</token>
<token t_id="405" sentence="15" number="6">worked</token>
<token t_id="406" sentence="15" number="7">out</token>
<token t_id="407" sentence="15" number="8">Wednesday</token>
<token t_id="408" sentence="15" number="9">in</token>
<token t_id="409" sentence="15" number="10">Chicago</token>
<token t_id="410" sentence="15" number="11">,</token>
<token t_id="411" sentence="15" number="12">when</token>
<token t_id="412" sentence="15" number="13">Integrated</token>
<token t_id="413" sentence="15" number="14">senior</token>
<token t_id="414" sentence="15" number="15">managers</token>
<token t_id="415" sentence="15" number="16">met</token>
<token t_id="416" sentence="15" number="17">with</token>
<token t_id="417" sentence="15" number="18">about</token>
<token t_id="418" sentence="15" number="19">150</token>
<token t_id="419" sentence="15" number="20">representatives</token>
<token t_id="420" sentence="15" number="21">.</token>
<token t_id="421" sentence="16" number="0">``</token>
<token t_id="422" sentence="16" number="1">I</token>
<token t_id="423" sentence="16" number="2">think</token>
<token t_id="424" sentence="16" number="3">it</token>
<token t_id="425" sentence="16" number="4">was</token>
<token t_id="426" sentence="16" number="5">something</token>
<token t_id="427" sentence="16" number="6">that</token>
<token t_id="428" sentence="16" number="7">we</token>
<token t_id="429" sentence="16" number="8">and</token>
<token t_id="430" sentence="16" number="9">they</token>
<token t_id="431" sentence="16" number="10">thought</token>
<token t_id="432" sentence="16" number="11">was</token>
<token t_id="433" sentence="16" number="12">constructive</token>
<token t_id="434" sentence="16" number="13">,</token>
<token t_id="435" sentence="16" number="14">''</token>
<token t_id="436" sentence="16" number="15">said</token>
<token t_id="437" sentence="16" number="16">Stephen</token>
<token t_id="438" sentence="16" number="17">D</token>
<token t_id="439" sentence="16" number="18">.</token>
<token t_id="440" sentence="16" number="19">Weinroth</token>
<token t_id="441" sentence="16" number="20">,</token>
<token t_id="442" sentence="16" number="21">chairman</token>
<token t_id="443" sentence="16" number="22">and</token>
<token t_id="444" sentence="16" number="23">co</token>
<token t_id="445" sentence="16" number="24">-</token>
<token t_id="446" sentence="16" number="25">chief</token>
<token t_id="447" sentence="16" number="26">executive</token>
<token t_id="448" sentence="16" number="27">officer</token>
<token t_id="449" sentence="16" number="28">of</token>
<token t_id="450" sentence="16" number="29">Integrated</token>
<token t_id="451" sentence="16" number="30">.</token>
<token t_id="452" sentence="17" number="0">Integrated</token>
<token t_id="453" sentence="17" number="1">made</token>
<token t_id="454" sentence="17" number="2">its</token>
<token t_id="455" sentence="17" number="3">announcement</token>
<token t_id="456" sentence="17" number="4">after</token>
<token t_id="457" sentence="17" number="5">the</token>
<token t_id="458" sentence="17" number="6">market</token>
<token t_id="459" sentence="17" number="7">closed</token>
<token t_id="460" sentence="17" number="8">.</token>
<token t_id="461" sentence="18" number="0">In</token>
<token t_id="462" sentence="18" number="1">New</token>
<token t_id="463" sentence="18" number="2">York</token>
<token t_id="464" sentence="18" number="3">Stock</token>
<token t_id="465" sentence="18" number="4">Exchange</token>
<token t_id="466" sentence="18" number="5">Composite</token>
<token t_id="467" sentence="18" number="6">trading</token>
<token t_id="468" sentence="18" number="7">,</token>
<token t_id="469" sentence="18" number="8">Integrated</token>
<token t_id="470" sentence="18" number="9">shares</token>
<token t_id="471" sentence="18" number="10">closed</token>
<token t_id="472" sentence="18" number="11">at</token>
<token t_id="473" sentence="18" number="12">$</token>
<token t_id="474" sentence="18" number="13">1</token>
<token t_id="475" sentence="18" number="14">.</token>
<token t_id="476" sentence="18" number="15">125</token>
<token t_id="477" sentence="18" number="16">,</token>
<token t_id="478" sentence="18" number="17">up</token>
<token t_id="479" sentence="18" number="18">12</token>
<token t_id="480" sentence="18" number="19">.</token>
<token t_id="481" sentence="18" number="20">5</token>
<token t_id="482" sentence="18" number="21">cents</token>
<token t_id="483" sentence="18" number="22">.</token>


<Markables>
<ARGUMENTATIVE m_id="43" comment="" conversational-direct="TRUE" conversational-reported="FALSE"  >
<token_anchor t_id="432"/>
<token_anchor t_id="433"/>
<token_anchor t_id="434"/>
<token_anchor t_id="435"/>
</ARGUMENTATIVE>
<ARGUMENTATIVE m_id="30" comment="" conversational-direct="FALSE" conversational-reported="FALSE"  >
<token_anchor t_id="316"/>
<token_anchor t_id="317"/>
<token_anchor t_id="318"/>
<token_anchor t_id="319"/>
<token_anchor t_id="320"/>
<token_anchor t_id="321"/>
</ARGUMENTATIVE>
<DESCRIPTIVE m_id="14" Type="Other" comment="" conversational-direct="FALSE" conversational-reported="FALSE"  >
<token_anchor t_id="151"/>
<token_anchor t_id="152"/>
<token_anchor t_id="153"/>
<token_anchor t_id="167"/>
<token_anchor t_id="168"/>
<token_anchor t_id="169"/>
<token_anchor t_id="170"/>
</DESCRIPTIVE>
<DESCRIPTIVE m_id="15" Type="Other" comment="" conversational-direct="FALSE" conversational-reported="FALSE"  >
<token_anchor t_id="171"/>
<token_anchor t_id="172"/>
<token_anchor t_id="173"/>
</DESCRIPTIVE>
<DESCRIPTIVE m_id="23" Type="Other" comment="" conversational-direct="FALSE" conversational-reported="FALSE"  >
<token_anchor t_id="276"/>
<token_anchor t_id="277"/>
<token_anchor t_id="278"/>
<token_anchor t_id="279"/>
<token_anchor t_id="280"/>
<token_anchor t_id="281"/>
<token_anchor t_id="282"/>
<token_anchor t_id="283"/>
<token_anchor t_id="284"/>
<token_anchor t_id="285"/>
<token_anchor t_id="286"/>
</DESCRIPTIVE>
<NARRATIVE m_id="41" Level="Primary" comment="" conversational-direct="TRUE" conversational-reported="FALSE"  >
<token_anchor t_id="424"/>
<token_anchor t_id="425"/>
<token_anchor t_id="426"/>
</NARRATIVE>
<NARRATIVE m_id="9" Level="Primary" comment="" conversational-direct="FALSE" conversational-reported="TRUE"  >
<token_anchor t_id="80"/>
<token_anchor t_id="81"/>
<token_anchor t_id="82"/>
<token_anchor t_id="83"/>
<token_anchor t_id="84"/>
</NARRATIVE>
<NARRATIVE m_id="42" Level="Primary" comment="" conversational-direct="TRUE" conversational-reported="FALSE"  >
<token_anchor t_id="427"/>
<token_anchor t_id="428"/>
<token_anchor t_id="429"/>
<token_anchor t_id="430"/>
<token_anchor t_id="431"/>
</NARRATIVE>
<NARRATIVE m_id="10" Level="Primary" comment="" conversational-direct="FALSE" conversational-reported="TRUE"  >
<token_anchor t_id="85"/>
<token_anchor t_id="86"/>
<token_anchor t_id="87"/>
<token_anchor t_id="88"/>
<token_anchor t_id="89"/>
<token_anchor t_id="90"/>
<token_anchor t_id="91"/>
<token_anchor t_id="92"/>
<token_anchor t_id="93"/>
<token_anchor t_id="94"/>
<token_anchor t_id="95"/>
<token_anchor t_id="96"/>
</NARRATIVE>
<NARRATIVE m_id="11" Level="Primary" comment="" conversational-direct="FALSE" conversational-reported="TRUE"  >
<token_anchor t_id="97"/>
<token_anchor t_id="98"/>
<token_anchor t_id="99"/>
<token_anchor t_id="100"/>
<token_anchor t_id="101"/>
<token_anchor t_id="102"/>
<token_anchor t_id="103"/>
<token_anchor t_id="104"/>
<token_anchor t_id="105"/>
<token_anchor t_id="106"/>
<token_anchor t_id="107"/>
<token_anchor t_id="108"/>
<token_anchor t_id="109"/>
<token_anchor t_id="110"/>
</NARRATIVE>
<NARRATIVE m_id="44" Level="Primary" comment="" conversational-direct="FALSE" conversational-reported="FALSE"  >
<token_anchor t_id="436"/>
<token_anchor t_id="437"/>
<token_anchor t_id="438"/>
<token_anchor t_id="439"/>
<token_anchor t_id="440"/>
<token_anchor t_id="441"/>
<token_anchor t_id="442"/>
<token_anchor t_id="443"/>
<token_anchor t_id="444"/>
<token_anchor t_id="445"/>
<token_anchor t_id="446"/>
<token_anchor t_id="447"/>
<token_anchor t_id="448"/>
<token_anchor t_id="449"/>
<token_anchor t_id="450"/>
<token_anchor t_id="451"/>
</NARRATIVE>
<NARRATIVE m_id="12" Level="Primary" comment="" conversational-direct="FALSE" conversational-reported="FALSE"  >
<token_anchor t_id="111"/>
<token_anchor t_id="112"/>
<token_anchor t_id="113"/>
<token_anchor t_id="114"/>
<token_anchor t_id="115"/>
<token_anchor t_id="116"/>
<token_anchor t_id="117"/>
<token_anchor t_id="118"/>
<token_anchor t_id="119"/>
<token_anchor t_id="120"/>
<token_anchor t_id="121"/>
<token_anchor t_id="122"/>
<token_anchor t_id="123"/>
<token_anchor t_id="124"/>
<token_anchor t_id="125"/>
<token_anchor t_id="126"/>
<token_anchor t_id="127"/>
<token_anchor t_id="128"/>
<token_anchor t_id="129"/>
<token_anchor t_id="130"/>
<token_anchor t_id="131"/>
</NARRATIVE>
<NARRATIVE m_id="45" Level="Primary" comment="" conversational-direct="FALSE" conversational-reported="FALSE"  >
<token_anchor t_id="452"/>
<token_anchor t_id="453"/>
<token_anchor t_id="454"/>
<token_anchor t_id="455"/>
</NARRATIVE>
<NARRATIVE m_id="13" Level="Primary" comment="" conversational-direct="FALSE" conversational-reported="FALSE"  >
<token_anchor t_id="132"/>
<token_anchor t_id="133"/>
<token_anchor t_id="134"/>
<token_anchor t_id="135"/>
<token_anchor t_id="136"/>
<token_anchor t_id="137"/>
<token_anchor t_id="138"/>
<token_anchor t_id="139"/>
<token_anchor t_id="140"/>
<token_anchor t_id="141"/>
<token_anchor t_id="142"/>
<token_anchor t_id="143"/>
<token_anchor t_id="144"/>
<token_anchor t_id="145"/>
<token_anchor t_id="146"/>
<token_anchor t_id="147"/>
<token_anchor t_id="148"/>
<token_anchor t_id="149"/>
<token_anchor t_id="150"/>
</NARRATIVE>
<NARRATIVE m_id="46" Level="Primary" comment="" conversational-direct="FALSE" conversational-reported="FALSE"  >
<token_anchor t_id="456"/>
<token_anchor t_id="457"/>
<token_anchor t_id="458"/>
<token_anchor t_id="459"/>
<token_anchor t_id="460"/>
</NARRATIVE>
<NARRATIVE m_id="47" Level="Primary" comment="" conversational-direct="FALSE" conversational-reported="FALSE"  >
<token_anchor t_id="461"/>
<token_anchor t_id="462"/>
<token_anchor t_id="463"/>
<token_anchor t_id="464"/>
<token_anchor t_id="465"/>
<token_anchor t_id="466"/>
<token_anchor t_id="467"/>
<token_anchor t_id="468"/>
<token_anchor t_id="469"/>
<token_anchor t_id="470"/>
<token_anchor t_id="471"/>
<token_anchor t_id="472"/>
<token_anchor t_id="473"/>
<token_anchor t_id="474"/>
<token_anchor t_id="475"/>
<token_anchor t_id="476"/>
<token_anchor t_id="477"/>
<token_anchor t_id="478"/>
<token_anchor t_id="479"/>
<token_anchor t_id="480"/>
<token_anchor t_id="481"/>
<token_anchor t_id="482"/>
<token_anchor t_id="483"/>
</NARRATIVE>
<NARRATIVE m_id="16" Level="Primary" comment="" conversational-direct="FALSE" conversational-reported="FALSE"  >
<token_anchor t_id="154"/>
<token_anchor t_id="155"/>
<token_anchor t_id="156"/>
<token_anchor t_id="157"/>
<token_anchor t_id="158"/>
<token_anchor t_id="159"/>
<token_anchor t_id="160"/>
<token_anchor t_id="161"/>
<token_anchor t_id="162"/>
<token_anchor t_id="163"/>
<token_anchor t_id="164"/>
<token_anchor t_id="165"/>
<token_anchor t_id="166"/>
</NARRATIVE>
<NARRATIVE m_id="17" Level="Primary" comment="" conversational-direct="FALSE" conversational-reported="FALSE"  >
<token_anchor t_id="174"/>
<token_anchor t_id="175"/>
<token_anchor t_id="176"/>
<token_anchor t_id="177"/>
<token_anchor t_id="178"/>
<token_anchor t_id="179"/>
<token_anchor t_id="180"/>
<token_anchor t_id="181"/>
<token_anchor t_id="182"/>
<token_anchor t_id="183"/>
<token_anchor t_id="184"/>
<token_anchor t_id="185"/>
<token_anchor t_id="186"/>
<token_anchor t_id="187"/>
<token_anchor t_id="188"/>
<token_anchor t_id="189"/>
<token_anchor t_id="190"/>
<token_anchor t_id="191"/>
<token_anchor t_id="192"/>
<token_anchor t_id="193"/>
<token_anchor t_id="194"/>
<token_anchor t_id="195"/>
<token_anchor t_id="196"/>
<token_anchor t_id="197"/>
<token_anchor t_id="198"/>
<token_anchor t_id="199"/>
<token_anchor t_id="200"/>
<token_anchor t_id="201"/>
<token_anchor t_id="202"/>
<token_anchor t_id="203"/>
<token_anchor t_id="204"/>
<token_anchor t_id="205"/>
<token_anchor t_id="206"/>
<token_anchor t_id="207"/>
<token_anchor t_id="208"/>
<token_anchor t_id="209"/>
<token_anchor t_id="210"/>
<token_anchor t_id="211"/>
<token_anchor t_id="212"/>
<token_anchor t_id="213"/>
<token_anchor t_id="214"/>
<token_anchor t_id="215"/>
<token_anchor t_id="216"/>
<token_anchor t_id="217"/>
<token_anchor t_id="218"/>
<token_anchor t_id="219"/>
<token_anchor t_id="220"/>
<token_anchor t_id="221"/>
<token_anchor t_id="222"/>
<token_anchor t_id="223"/>
<token_anchor t_id="224"/>
<token_anchor t_id="225"/>
<token_anchor t_id="226"/>
</NARRATIVE>
<NARRATIVE m_id="18" Level="Primary" comment="" conversational-direct="FALSE" conversational-reported="FALSE"  >
<token_anchor t_id="227"/>
<token_anchor t_id="228"/>
<token_anchor t_id="229"/>
<token_anchor t_id="230"/>
<token_anchor t_id="231"/>
<token_anchor t_id="232"/>
<token_anchor t_id="233"/>
<token_anchor t_id="234"/>
<token_anchor t_id="235"/>
<token_anchor t_id="236"/>
<token_anchor t_id="237"/>
<token_anchor t_id="238"/>
<token_anchor t_id="239"/>
<token_anchor t_id="240"/>
<token_anchor t_id="241"/>
<token_anchor t_id="242"/>
<token_anchor t_id="243"/>
<token_anchor t_id="244"/>
<token_anchor t_id="245"/>
</NARRATIVE>
<NARRATIVE m_id="19" Level="Primary" comment="" conversational-direct="FALSE" conversational-reported="FALSE"  >
<token_anchor t_id="246"/>
<token_anchor t_id="247"/>
<token_anchor t_id="248"/>
<token_anchor t_id="249"/>
<token_anchor t_id="250"/>
<token_anchor t_id="251"/>
<token_anchor t_id="252"/>
<token_anchor t_id="253"/>
</NARRATIVE>
<NARRATIVE m_id="20" Level="Primary" comment="" conversational-direct="FALSE" conversational-reported="TRUE"  >
<token_anchor t_id="254"/>
<token_anchor t_id="255"/>
<token_anchor t_id="256"/>
<token_anchor t_id="257"/>
<token_anchor t_id="258"/>
<token_anchor t_id="259"/>
<token_anchor t_id="260"/>
<token_anchor t_id="261"/>
<token_anchor t_id="262"/>
</NARRATIVE>
<NARRATIVE m_id="21" Level="Primary" comment="" conversational-direct="FALSE" conversational-reported="TRUE"  >
<token_anchor t_id="263"/>
<token_anchor t_id="264"/>
</NARRATIVE>
<NARRATIVE m_id="22" Level="Primary" comment="" conversational-direct="FALSE" conversational-reported="TRUE"  >
<token_anchor t_id="265"/>
<token_anchor t_id="266"/>
<token_anchor t_id="267"/>
<token_anchor t_id="268"/>
<token_anchor t_id="269"/>
<token_anchor t_id="270"/>
<token_anchor t_id="271"/>
<token_anchor t_id="272"/>
<token_anchor t_id="273"/>
<token_anchor t_id="274"/>
<token_anchor t_id="275"/>
</NARRATIVE>
<NARRATIVE m_id="24" Level="Primary" comment="" conversational-direct="FALSE" conversational-reported="FALSE"  >
<token_anchor t_id="287"/>
<token_anchor t_id="288"/>
<token_anchor t_id="289"/>
<token_anchor t_id="290"/>
<token_anchor t_id="291"/>
<token_anchor t_id="292"/>
</NARRATIVE>
<NARRATIVE m_id="25" Level="Primary" comment="" conversational-direct="FALSE" conversational-reported="FALSE"  >
<token_anchor t_id="293"/>
<token_anchor t_id="294"/>
<token_anchor t_id="295"/>
<token_anchor t_id="296"/>
<token_anchor t_id="297"/>
<token_anchor t_id="298"/>
<token_anchor t_id="299"/>
<token_anchor t_id="300"/>
<token_anchor t_id="301"/>
</NARRATIVE>
<NARRATIVE m_id="26" Level="Primary" comment="" conversational-direct="FALSE" conversational-reported="FALSE"  >
<token_anchor t_id="302"/>
<token_anchor t_id="303"/>
<token_anchor t_id="304"/>
<token_anchor t_id="305"/>
</NARRATIVE>
<NARRATIVE m_id="27" Level="Primary" comment="" conversational-direct="FALSE" conversational-reported="TRUE"  >
<token_anchor t_id="306"/>
<token_anchor t_id="307"/>
<token_anchor t_id="308"/>
<token_anchor t_id="309"/>
<token_anchor t_id="310"/>
<token_anchor t_id="311"/>
<token_anchor t_id="312"/>
<token_anchor t_id="313"/>
<token_anchor t_id="314"/>
<token_anchor t_id="315"/>
</NARRATIVE>
<NARRATIVE m_id="28" Level="Primary" comment="" conversational-direct="FALSE" conversational-reported="FALSE"  >
<token_anchor t_id="322"/>
<token_anchor t_id="323"/>
<token_anchor t_id="324"/>
<token_anchor t_id="325"/>
<token_anchor t_id="326"/>
<token_anchor t_id="327"/>
<token_anchor t_id="328"/>
<token_anchor t_id="329"/>
<token_anchor t_id="330"/>
</NARRATIVE>
<NARRATIVE m_id="29" Level="Primary" comment="" conversational-direct="FALSE" conversational-reported="FALSE"  >
<token_anchor t_id="331"/>
<token_anchor t_id="332"/>
<token_anchor t_id="333"/>
<token_anchor t_id="334"/>
<token_anchor t_id="335"/>
<token_anchor t_id="336"/>
<token_anchor t_id="337"/>
<token_anchor t_id="338"/>
<token_anchor t_id="339"/>
<token_anchor t_id="340"/>
<token_anchor t_id="341"/>
<token_anchor t_id="342"/>
</NARRATIVE>
<NARRATIVE m_id="31" Level="Primary" comment="" conversational-direct="FALSE" conversational-reported="FALSE"  >
<token_anchor t_id="343"/>
<token_anchor t_id="344"/>
<token_anchor t_id="345"/>
<token_anchor t_id="346"/>
<token_anchor t_id="347"/>
</NARRATIVE>
<NARRATIVE m_id="32" Level="Primary" comment="" conversational-direct="FALSE" conversational-reported="FALSE"  >
<token_anchor t_id="348"/>
<token_anchor t_id="349"/>
<token_anchor t_id="350"/>
<token_anchor t_id="351"/>
<token_anchor t_id="352"/>
<token_anchor t_id="353"/>
<token_anchor t_id="354"/>
<token_anchor t_id="355"/>
<token_anchor t_id="356"/>
</NARRATIVE>
<NARRATIVE m_id="1" Level="Primary" comment="" conversational-direct="FALSE" conversational-reported="FALSE"  >
<token_anchor t_id="41"/>
<token_anchor t_id="42"/>
<token_anchor t_id="43"/>
<token_anchor t_id="44"/>
<token_anchor t_id="45"/>
<token_anchor t_id="46"/>
<token_anchor t_id="69"/>
<token_anchor t_id="70"/>
<token_anchor t_id="71"/>
<token_anchor t_id="72"/>
</NARRATIVE>
<NARRATIVE m_id="33" Level="Primary" comment="" conversational-direct="FALSE" conversational-reported="FALSE"  >
<token_anchor t_id="357"/>
<token_anchor t_id="358"/>
<token_anchor t_id="359"/>
<token_anchor t_id="360"/>
<token_anchor t_id="361"/>
<token_anchor t_id="362"/>
</NARRATIVE>
<NARRATIVE m_id="2" Level="Primary" comment="" conversational-direct="FALSE" conversational-reported="FALSE"  >
<token_anchor t_id="73"/>
<token_anchor t_id="74"/>
<token_anchor t_id="75"/>
<token_anchor t_id="76"/>
<token_anchor t_id="77"/>
</NARRATIVE>
<NARRATIVE m_id="34" Level="Primary" comment="" conversational-direct="FALSE" conversational-reported="FALSE"  >
<token_anchor t_id="363"/>
<token_anchor t_id="364"/>
<token_anchor t_id="365"/>
<token_anchor t_id="366"/>
<token_anchor t_id="367"/>
<token_anchor t_id="368"/>
<token_anchor t_id="369"/>
<token_anchor t_id="370"/>
<token_anchor t_id="371"/>
</NARRATIVE>
<NARRATIVE m_id="3" Level="Primary" comment="" conversational-direct="FALSE" conversational-reported="FALSE"  >
<token_anchor t_id="47"/>
<token_anchor t_id="48"/>
<token_anchor t_id="49"/>
<token_anchor t_id="50"/>
<token_anchor t_id="51"/>
<token_anchor t_id="52"/>
<token_anchor t_id="53"/>
<token_anchor t_id="54"/>
<token_anchor t_id="55"/>
<token_anchor t_id="56"/>
</NARRATIVE>
<NARRATIVE m_id="35" Level="Primary" comment="" conversational-direct="FALSE" conversational-reported="FALSE"  >
<token_anchor t_id="372"/>
<token_anchor t_id="373"/>
<token_anchor t_id="374"/>
<token_anchor t_id="375"/>
<token_anchor t_id="376"/>
<token_anchor t_id="377"/>
<token_anchor t_id="378"/>
</NARRATIVE>
<NARRATIVE m_id="4" Level="Primary" comment="" conversational-direct="FALSE" conversational-reported="FALSE"  >
<token_anchor t_id="57"/>
<token_anchor t_id="58"/>
<token_anchor t_id="59"/>
<token_anchor t_id="60"/>
<token_anchor t_id="61"/>
<token_anchor t_id="62"/>
<token_anchor t_id="63"/>
<token_anchor t_id="64"/>
<token_anchor t_id="65"/>
<token_anchor t_id="66"/>
<token_anchor t_id="67"/>
<token_anchor t_id="68"/>
</NARRATIVE>
<NARRATIVE m_id="36" Level="Primary" comment="" conversational-direct="FALSE" conversational-reported="FALSE"  >
<token_anchor t_id="379"/>
<token_anchor t_id="380"/>
<token_anchor t_id="381"/>
<token_anchor t_id="382"/>
<token_anchor t_id="383"/>
</NARRATIVE>
<NARRATIVE m_id="5" Level="Primary" comment="" conversational-direct="FALSE" conversational-reported="FALSE"  >
<token_anchor t_id="1"/>
<token_anchor t_id="2"/>
<token_anchor t_id="3"/>
<token_anchor t_id="4"/>
<token_anchor t_id="5"/>
<token_anchor t_id="6"/>
<token_anchor t_id="7"/>
<token_anchor t_id="8"/>
<token_anchor t_id="9"/>
<token_anchor t_id="10"/>
<token_anchor t_id="11"/>
<token_anchor t_id="12"/>
<token_anchor t_id="13"/>
<token_anchor t_id="14"/>
<token_anchor t_id="15"/>
<token_anchor t_id="16"/>
<token_anchor t_id="17"/>
<token_anchor t_id="18"/>
<token_anchor t_id="19"/>
<token_anchor t_id="20"/>
</NARRATIVE>
<NARRATIVE m_id="37" Level="Primary" comment="" conversational-direct="FALSE" conversational-reported="FALSE"  >
<token_anchor t_id="384"/>
<token_anchor t_id="385"/>
<token_anchor t_id="386"/>
<token_anchor t_id="387"/>
<token_anchor t_id="388"/>
<token_anchor t_id="389"/>
<token_anchor t_id="390"/>
<token_anchor t_id="391"/>
<token_anchor t_id="392"/>
<token_anchor t_id="393"/>
<token_anchor t_id="394"/>
<token_anchor t_id="395"/>
<token_anchor t_id="396"/>
<token_anchor t_id="397"/>
<token_anchor t_id="398"/>
</NARRATIVE>
<NARRATIVE m_id="6" Level="Primary" comment="" conversational-direct="FALSE" conversational-reported="TRUE"  >
<token_anchor t_id="21"/>
<token_anchor t_id="22"/>
<token_anchor t_id="23"/>
<token_anchor t_id="24"/>
</NARRATIVE>
<NARRATIVE m_id="38" Level="Primary" comment="" conversational-direct="FALSE" conversational-reported="FALSE"  >
<token_anchor t_id="399"/>
<token_anchor t_id="400"/>
<token_anchor t_id="401"/>
<token_anchor t_id="402"/>
<token_anchor t_id="403"/>
<token_anchor t_id="404"/>
<token_anchor t_id="405"/>
<token_anchor t_id="406"/>
<token_anchor t_id="407"/>
<token_anchor t_id="408"/>
<token_anchor t_id="409"/>
<token_anchor t_id="410"/>
</NARRATIVE>
<NARRATIVE m_id="7" Level="Primary" comment="" conversational-direct="FALSE" conversational-reported="TRUE"  >
<token_anchor t_id="25"/>
<token_anchor t_id="26"/>
<token_anchor t_id="27"/>
<token_anchor t_id="28"/>
<token_anchor t_id="29"/>
<token_anchor t_id="30"/>
<token_anchor t_id="31"/>
<token_anchor t_id="32"/>
<token_anchor t_id="33"/>
<token_anchor t_id="34"/>
<token_anchor t_id="35"/>
<token_anchor t_id="36"/>
<token_anchor t_id="37"/>
<token_anchor t_id="38"/>
<token_anchor t_id="39"/>
<token_anchor t_id="40"/>
</NARRATIVE>
<NARRATIVE m_id="39" Level="Primary" comment="" conversational-direct="FALSE" conversational-reported="FALSE"  >
<token_anchor t_id="411"/>
<token_anchor t_id="412"/>
<token_anchor t_id="413"/>
<token_anchor t_id="414"/>
<token_anchor t_id="415"/>
<token_anchor t_id="416"/>
<token_anchor t_id="417"/>
<token_anchor t_id="418"/>
<token_anchor t_id="419"/>
<token_anchor t_id="420"/>
</NARRATIVE>
<NARRATIVE m_id="40" Level="Primary" comment="" conversational-direct="TRUE" conversational-reported="FALSE"  >
<token_anchor t_id="421"/>
<token_anchor t_id="422"/>
<token_anchor t_id="423"/>
</NARRATIVE>
<NARRATIVE m_id="8" Level="" comment="" conversational-direct="FALSE" conversational-reported="FALSE"  >
<token_anchor t_id="78"/>
<token_anchor t_id="79"/>
</NARRATIVE>


</Markables>

<Relations>
</Relations>
</Document>
