<Document doc_name="13)SORRENTO, March 11th.t...">
<token t_id="1" sentence="0" number="0">SORRENTO</token>
<token t_id="2" sentence="0" number="1">,</token>
<token t_id="3" sentence="0" number="2">March</token>
<token t_id="4" sentence="0" number="3">11th</token>
<token t_id="5" sentence="0" number="4">.</token>
<token t_id="6" sentence="1" number="5">We</token>
<token t_id="7" sentence="1" number="6">left</token>
<token t_id="8" sentence="1" number="7">Cava</token>
<token t_id="9" sentence="1" number="8">on</token>
<token t_id="10" sentence="1" number="9">Wednesday</token>
<token t_id="11" sentence="1" number="10">,</token>
<token t_id="12" sentence="1" number="11">and</token>
<token t_id="13" sentence="1" number="12">made</token>
<token t_id="14" sentence="1" number="13">the</token>
<token t_id="15" sentence="1" number="14">tour</token>
<token t_id="16" sentence="1" number="15">from</token>
<token t_id="17" sentence="1" number="16">there</token>
<token t_id="18" sentence="1" number="17">to</token>
<token t_id="19" sentence="1" number="18">Amalfi</token>
<token t_id="20" sentence="1" number="19">in</token>
<token t_id="21" sentence="1" number="20">the</token>
<token t_id="22" sentence="1" number="21">brilliant</token>
<token t_id="23" sentence="1" number="22">morning</token>
<token t_id="24" sentence="1" number="23">sunshine</token>
<token t_id="25" sentence="1" number="24">.</token>
<token t_id="26" sentence="2" number="25">This</token>
<token t_id="27" sentence="2" number="26">is</token>
<token t_id="28" sentence="2" number="27">another</token>
<token t_id="29" sentence="2" number="28">"</token>
<token t_id="30" sentence="2" number="29">Cornice</token>
<token t_id="31" sentence="2" number="30">Drive</token>
<token t_id="32" sentence="2" number="31">,</token>
<token t_id="33" sentence="2" number="32">"</token>
<token t_id="34" sentence="2" number="33">and</token>
<token t_id="35" sentence="2" number="34">far</token>
<token t_id="36" sentence="2" number="35">finer</token>
<token t_id="37" sentence="2" number="36">,</token>
<token t_id="38" sentence="2" number="37">I</token>
<token t_id="39" sentence="2" number="38">think</token>
<token t_id="40" sentence="2" number="39">,</token>
<token t_id="41" sentence="2" number="40">than</token>
<token t_id="42" sentence="2" number="41">that</token>
<token t_id="43" sentence="2" number="42">along</token>
<token t_id="44" sentence="2" number="43">the</token>
<token t_id="45" sentence="2" number="44">Riviera</token>
<token t_id="46" sentence="2" number="45">.</token>
<token t_id="47" sentence="3" number="46">The</token>
<token t_id="48" sentence="3" number="47">road</token>
<token t_id="49" sentence="3" number="48">winds</token>
<token t_id="50" sentence="3" number="49">above</token>
<token t_id="51" sentence="3" number="50">,</token>
<token t_id="52" sentence="3" number="51">beneath</token>
<token t_id="53" sentence="3" number="52">,</token>
<token t_id="54" sentence="3" number="53">and</token>
<token t_id="55" sentence="3" number="54">beside</token>
<token t_id="56" sentence="3" number="55">rugged</token>
<token t_id="57" sentence="3" number="56">cliffs</token>
<token t_id="58" sentence="3" number="57">of</token>
<token t_id="59" sentence="3" number="58">great</token>
<token t_id="60" sentence="3" number="59">height</token>
<token t_id="61" sentence="3" number="60">,</token>
<token t_id="62" sentence="3" number="61">always</token>
<token t_id="63" sentence="3" number="62">with</token>
<token t_id="64" sentence="3" number="63">the</token>
<token t_id="65" sentence="3" number="64">sea</token>
<token t_id="66" sentence="3" number="65">in</token>
<token t_id="67" sentence="3" number="66">full</token>
<token t_id="68" sentence="3" number="67">view</token>
<token t_id="69" sentence="3" number="68">.</token>
<token t_id="70" sentence="4" number="69">Often</token>
<token t_id="71" sentence="4" number="70">from</token>
<token t_id="72" sentence="4" number="71">airy</token>
<token t_id="73" sentence="4" number="72">summits</token>
<token t_id="74" sentence="4" number="73">we</token>
<token t_id="75" sentence="4" number="74">looked</token>
<token t_id="76" sentence="4" number="75">down</token>
<token t_id="77" sentence="4" number="76">upon</token>
<token t_id="78" sentence="4" number="77">fishing</token>
<token t_id="79" sentence="4" number="78">villages</token>
<token t_id="80" sentence="4" number="79">and</token>
<token t_id="81" sentence="4" number="80">towns</token>
<token t_id="82" sentence="4" number="81">built</token>
<token t_id="83" sentence="4" number="82">around</token>
<token t_id="84" sentence="4" number="83">bays</token>
<token t_id="85" sentence="4" number="84">and</token>
<token t_id="86" sentence="4" number="85">inlets</token>
<token t_id="87" sentence="4" number="86">,</token>
<token t_id="88" sentence="4" number="87">as</token>
<token t_id="89" sentence="4" number="88">Cetara</token>
<token t_id="90" sentence="4" number="89">and</token>
<token t_id="91" sentence="4" number="90">Atrani</token>
<token t_id="92" sentence="4" number="91">,</token>
<token t_id="93" sentence="4" number="92">while</token>
<token t_id="94" sentence="4" number="93">upon</token>
<token t_id="95" sentence="4" number="94">projecting</token>
<token t_id="96" sentence="4" number="95">headlands</token>
<token t_id="97" sentence="4" number="96">are</token>
<token t_id="98" sentence="4" number="97">many</token>
<token t_id="99" sentence="4" number="98">watch-towers</token>
<token t_id="100" sentence="4" number="99">,</token>
<token t_id="101" sentence="4" number="100">now</token>
<token t_id="102" sentence="4" number="101">used</token>
<token t_id="103" sentence="4" number="102">chiefly</token>
<token t_id="104" sentence="4" number="103">as</token>
<token t_id="105" sentence="4" number="104">dwellings</token>
<token t_id="106" sentence="4" number="105">.</token>
<token t_id="107" sentence="5" number="106">We</token>
<token t_id="108" sentence="5" number="107">needed</token>
<token t_id="109" sentence="5" number="108">not</token>
<token t_id="110" sentence="5" number="109">to</token>
<token t_id="111" sentence="5" number="110">be</token>
<token t_id="112" sentence="5" number="111">told</token>
<token t_id="113" sentence="5" number="112">that</token>
<token t_id="114" sentence="5" number="113">the</token>
<token t_id="115" sentence="5" number="114">making</token>
<token t_id="116" sentence="5" number="115">of</token>
<token t_id="117" sentence="5" number="116">macaroni</token>
<token t_id="118" sentence="5" number="117">is</token>
<token t_id="119" sentence="5" number="118">one</token>
<token t_id="120" sentence="5" number="119">of</token>
<token t_id="121" sentence="5" number="120">the</token>
<token t_id="122" sentence="5" number="121">chief</token>
<token t_id="123" sentence="5" number="122">industries</token>
<token t_id="124" sentence="5" number="123">of</token>
<token t_id="125" sentence="5" number="124">Amalfi</token>
<token t_id="126" sentence="5" number="125">.</token>
<token t_id="127" sentence="6" number="126">As</token>
<token t_id="128" sentence="6" number="127">we</token>
<token t_id="129" sentence="6" number="128">drew</token>
<token t_id="130" sentence="6" number="129">near</token>
<token t_id="131" sentence="6" number="130">the</token>
<token t_id="132" sentence="6" number="131">town</token>
<token t_id="133" sentence="6" number="132">many</token>
<token t_id="134" sentence="6" number="133">yards</token>
<token t_id="135" sentence="6" number="134">of</token>
<token t_id="136" sentence="6" number="135">it</token>
<token t_id="137" sentence="6" number="136">were</token>
<token t_id="138" sentence="6" number="137">to</token>
<token t_id="139" sentence="6" number="138">be</token>
<token t_id="140" sentence="6" number="139">seen</token>
<token t_id="141" sentence="6" number="140">hanging</token>
<token t_id="142" sentence="6" number="141">upon</token>
<token t_id="143" sentence="6" number="142">lines</token>
<token t_id="144" sentence="6" number="143">like</token>
<token t_id="145" sentence="6" number="144">a</token>
<token t_id="146" sentence="6" number="145">wash</token>
<token t_id="147" sentence="6" number="146">or</token>
<token t_id="148" sentence="6" number="147">spread</token>
<token t_id="149" sentence="6" number="148">upon</token>
<token t_id="150" sentence="6" number="149">the</token>
<token t_id="151" sentence="6" number="150">grass</token>
<token t_id="152" sentence="6" number="151">to</token>
<token t_id="153" sentence="6" number="152">dry</token>
<token t_id="154" sentence="6" number="153">.</token>
<token t_id="155" sentence="7" number="154">Amalfi</token>
<token t_id="156" sentence="7" number="155">is</token>
<token t_id="157" sentence="7" number="156">charmingly</token>
<token t_id="158" sentence="7" number="157">situated</token>
<token t_id="159" sentence="7" number="158">at</token>
<token t_id="160" sentence="7" number="159">the</token>
<token t_id="161" sentence="7" number="160">entrance</token>
<token t_id="162" sentence="7" number="161">to</token>
<token t_id="163" sentence="7" number="162">a</token>
<token t_id="164" sentence="7" number="163">deep</token>
<token t_id="165" sentence="7" number="164">ravine</token>
<token t_id="166" sentence="7" number="165">,</token>
<token t_id="167" sentence="7" number="166">surrounded</token>
<token t_id="168" sentence="7" number="167">by</token>
<token t_id="169" sentence="7" number="168">mountains</token>
<token t_id="170" sentence="7" number="169">and</token>
<token t_id="171" sentence="7" number="170">rocks</token>
<token t_id="172" sentence="7" number="171">of</token>
<token t_id="173" sentence="7" number="172">the</token>
<token t_id="174" sentence="7" number="173">most</token>
<token t_id="175" sentence="7" number="174">picturesque</token>
<token t_id="176" sentence="7" number="175">forms</token>
<token t_id="177" sentence="7" number="176">.</token>
<token t_id="178" sentence="8" number="177">We</token>
<token t_id="179" sentence="8" number="178">climbed</token>
<token t_id="180" sentence="8" number="179">up</token>
<token t_id="181" sentence="8" number="180">the</token>
<token t_id="182" sentence="8" number="181">sixty</token>
<token t_id="183" sentence="8" number="182">steps</token>
<token t_id="184" sentence="8" number="183">of</token>
<token t_id="185" sentence="8" number="184">the</token>
<token t_id="186" sentence="8" number="185">Cathedral</token>
<token t_id="187" sentence="8" number="186">of</token>
<token t_id="188" sentence="8" number="187">St.</token>
<token t_id="189" sentence="8" number="188">Andrew</token>
<token t_id="190" sentence="8" number="189">.</token>
<token t_id="191" sentence="9" number="190">Mrs.</token>
<token t_id="192" sentence="9" number="191">Coxe</token>
<token t_id="193" sentence="9" number="192">and</token>
<token t_id="194" sentence="9" number="193">some</token>
<token t_id="195" sentence="9" number="194">of</token>
<token t_id="196" sentence="9" number="195">her</token>
<token t_id="197" sentence="9" number="196">party</token>
<token t_id="198" sentence="9" number="197">were</token>
<token t_id="199" sentence="9" number="198">carried</token>
<token t_id="200" sentence="9" number="199">up</token>
<token t_id="201" sentence="9" number="200">in</token>
<token t_id="202" sentence="9" number="201">chairs</token>
<token t_id="203" sentence="9" number="202">by</token>
<token t_id="204" sentence="9" number="203">two</token>
<token t_id="205" sentence="9" number="204">stout</token>
<token t_id="206" sentence="9" number="205">Calabrians</token>
<token t_id="207" sentence="9" number="206">,</token>
<token t_id="208" sentence="9" number="207">but</token>
<token t_id="209" sentence="9" number="208">we</token>
<token t_id="210" sentence="9" number="209">preferred</token>
<token t_id="211" sentence="9" number="210">to</token>
<token t_id="212" sentence="9" number="211">walk</token>
<token t_id="213" sentence="9" number="212">,</token>
<token t_id="214" sentence="9" number="213">turning</token>
<token t_id="215" sentence="9" number="214">every</token>
<token t_id="216" sentence="9" number="215">now</token>
<token t_id="217" sentence="9" number="216">and</token>
<token t_id="218" sentence="9" number="217">then</token>
<token t_id="219" sentence="9" number="218">to</token>
<token t_id="220" sentence="9" number="219">gaze</token>
<token t_id="221" sentence="9" number="220">upon</token>
<token t_id="222" sentence="9" number="221">the</token>
<token t_id="223" sentence="9" number="222">enchanting</token>
<token t_id="224" sentence="9" number="223">view</token>
<token t_id="225" sentence="9" number="224">spread</token>
<token t_id="226" sentence="9" number="225">before</token>
<token t_id="227" sentence="9" number="226">us</token>
<token t_id="228" sentence="9" number="227">.</token>
<token t_id="229" sentence="10" number="228">At</token>
<token t_id="230" sentence="10" number="229">the</token>
<token t_id="231" sentence="10" number="230">top</token>
<token t_id="232" sentence="10" number="231">of</token>
<token t_id="233" sentence="10" number="232">the</token>
<token t_id="234" sentence="10" number="233">slope</token>
<token t_id="235" sentence="10" number="234">is</token>
<token t_id="236" sentence="10" number="235">a</token>
<token t_id="237" sentence="10" number="236">spacious</token>
<token t_id="238" sentence="10" number="237">garden</token>
<token t_id="239" sentence="10" number="238">terrace</token>
<token t_id="240" sentence="10" number="239">full</token>
<token t_id="241" sentence="10" number="240">of</token>
<token t_id="242" sentence="10" number="241">flowers</token>
<token t_id="243" sentence="10" number="242">,</token>
<token t_id="244" sentence="10" number="243">with</token>
<token t_id="245" sentence="10" number="244">roses</token>
<token t_id="246" sentence="10" number="245">climbing</token>
<token t_id="247" sentence="10" number="246">all</token>
<token t_id="248" sentence="10" number="247">over</token>
<token t_id="249" sentence="10" number="248">its</token>
<token t_id="250" sentence="10" number="249">walls</token>
<token t_id="251" sentence="10" number="250">.</token>
<token t_id="252" sentence="11" number="251">We</token>
<token t_id="253" sentence="11" number="252">stopped</token>
<token t_id="254" sentence="11" number="253">overnight</token>
<token t_id="255" sentence="11" number="254">at</token>
<token t_id="256" sentence="11" number="255">the</token>
<token t_id="257" sentence="11" number="256">old</token>
<token t_id="258" sentence="11" number="257">Capuchin</token>
<token t_id="259" sentence="11" number="258">monastery</token>
<token t_id="260" sentence="11" number="259">,</token>
<token t_id="261" sentence="11" number="260">which</token>
<token t_id="262" sentence="11" number="261">is</token>
<token t_id="263" sentence="11" number="262">now</token>
<token t_id="264" sentence="11" number="263">fitted</token>
<token t_id="265" sentence="11" number="264">up</token>
<token t_id="266" sentence="11" number="265">as</token>
<token t_id="267" sentence="11" number="266">a</token>
<token t_id="268" sentence="11" number="267">hotel</token>
<token t_id="269" sentence="11" number="268">,</token>
<token t_id="270" sentence="11" number="269">and</token>
<token t_id="271" sentence="11" number="270">yesterday</token>
<token t_id="272" sentence="11" number="271">drove</token>
<token t_id="273" sentence="11" number="272">here</token>
<token t_id="274" sentence="11" number="273">,</token>
<token t_id="275" sentence="11" number="274">the</token>
<token t_id="276" sentence="11" number="275">greater</token>
<token t_id="277" sentence="11" number="276">part</token>
<token t_id="278" sentence="11" number="277">of</token>
<token t_id="279" sentence="11" number="278">the</token>
<token t_id="280" sentence="11" number="279">way</token>
<token t_id="281" sentence="11" number="280">beside</token>
<token t_id="282" sentence="11" number="281">terraces</token>
<token t_id="283" sentence="11" number="282">of</token>
<token t_id="284" sentence="11" number="283">lemon-trees</token>
<token t_id="285" sentence="11" number="284">covered</token>
<token t_id="286" sentence="11" number="285">with</token>
<token t_id="287" sentence="11" number="286">ripening</token>
<token t_id="288" sentence="11" number="287">fruit</token>
<token t_id="289" sentence="11" number="288">-</token>
<token t_id="290" sentence="11" number="289">enough</token>
<token t_id="291" sentence="11" number="290">lemons</token>
<token t_id="292" sentence="11" number="291">to</token>
<token t_id="293" sentence="11" number="292">make</token>
<token t_id="294" sentence="11" number="293">lemonade</token>
<token t_id="295" sentence="11" number="294">for</token>
<token t_id="296" sentence="11" number="295">the</token>
<token t_id="297" sentence="11" number="296">whole</token>
<token t_id="298" sentence="11" number="297">world</token>
<token t_id="299" sentence="11" number="298">,</token>
<token t_id="300" sentence="11" number="299">one</token>
<token t_id="301" sentence="11" number="300">would</token>
<token t_id="302" sentence="11" number="301">think</token>
<token t_id="303" sentence="11" number="302">.</token>
<token t_id="304" sentence="12" number="303">As</token>
<token t_id="305" sentence="12" number="304">we</token>
<token t_id="306" sentence="12" number="305">drew</token>
<token t_id="307" sentence="12" number="306">near</token>
<token t_id="308" sentence="12" number="307">Sorrento</token>
<token t_id="309" sentence="12" number="308">orange-trees</token>
<token t_id="310" sentence="12" number="309">took</token>
<token t_id="311" sentence="12" number="310">the</token>
<token t_id="312" sentence="12" number="311">place</token>
<token t_id="313" sentence="12" number="312">of</token>
<token t_id="314" sentence="12" number="313">lemon-trees</token>
<token t_id="315" sentence="12" number="314">,</token>
<token t_id="316" sentence="12" number="315">groves</token>
<token t_id="317" sentence="12" number="316">and</token>
<token t_id="318" sentence="12" number="317">groves</token>
<token t_id="319" sentence="12" number="318">of</token>
<token t_id="320" sentence="12" number="319">them</token>
<token t_id="321" sentence="12" number="320">,</token>
<token t_id="322" sentence="12" number="321">with</token>
<token t_id="323" sentence="12" number="322">their</token>
<token t_id="324" sentence="12" number="323">dark</token>
<token t_id="325" sentence="12" number="324">,</token>
<token t_id="326" sentence="12" number="325">shining</token>
<token t_id="327" sentence="12" number="326">leaves</token>
<token t_id="328" sentence="12" number="327">and</token>
<token t_id="329" sentence="12" number="328">brilliantly</token>
<token t_id="330" sentence="12" number="329">colored</token>
<token t_id="331" sentence="12" number="330">fruit</token>
<token t_id="332" sentence="12" number="331">.</token>
<token t_id="333" sentence="13" number="332">Peasants</token>
<token t_id="334" sentence="13" number="333">brought</token>
<token t_id="335" sentence="13" number="334">oranges</token>
<token t_id="336" sentence="13" number="335">to</token>
<token t_id="337" sentence="13" number="336">the</token>
<token t_id="338" sentence="13" number="337">carriage</token>
<token t_id="339" sentence="13" number="338">for</token>
<token t_id="340" sentence="13" number="339">sale</token>
<token t_id="341" sentence="13" number="340">,</token>
<token t_id="342" sentence="13" number="341">clusters</token>
<token t_id="343" sentence="13" number="342">of</token>
<token t_id="344" sentence="13" number="343">them</token>
<token t_id="345" sentence="13" number="344">,</token>
<token t_id="346" sentence="13" number="345">with</token>
<token t_id="347" sentence="13" number="346">fruit</token>
<token t_id="348" sentence="13" number="347">and</token>
<token t_id="349" sentence="13" number="348">blossoms</token>
<token t_id="350" sentence="13" number="349">growing</token>
<token t_id="351" sentence="13" number="350">together</token>
<token t_id="352" sentence="13" number="351">,</token>
<token t_id="353" sentence="13" number="352">which</token>
<token t_id="354" sentence="13" number="353">they</token>
<token t_id="355" sentence="13" number="354">were</token>
<token t_id="356" sentence="13" number="355">glad</token>
<token t_id="357" sentence="13" number="356">to</token>
<token t_id="358" sentence="13" number="357">give</token>
<token t_id="359" sentence="13" number="358">us</token>
<token t_id="360" sentence="13" number="359">for</token>
<token t_id="361" sentence="13" number="360">a</token>
<token t_id="362" sentence="13" number="361">few</token>
<token t_id="363" sentence="13" number="362">soldi</token>
<token t_id="364" sentence="13" number="363">.</token>
<token t_id="365" sentence="14" number="364">This</token>
<token t_id="366" sentence="14" number="365">morning</token>
<token t_id="367" sentence="14" number="366">we</token>
<token t_id="368" sentence="14" number="367">spent</token>
<token t_id="369" sentence="14" number="368">in</token>
<token t_id="370" sentence="14" number="369">the</token>
<token t_id="371" sentence="14" number="370">shops</token>
<token t_id="372" sentence="14" number="371">buying</token>
<token t_id="373" sentence="14" number="372">wood-carvings</token>
<token t_id="374" sentence="14" number="373">and</token>
<token t_id="375" sentence="14" number="374">silk</token>
<token t_id="376" sentence="14" number="375">,</token>
<token t_id="377" sentence="14" number="376">which</token>
<token t_id="378" sentence="14" number="377">is</token>
<token t_id="379" sentence="14" number="378">made</token>
<token t_id="380" sentence="14" number="379">here</token>
<token t_id="381" sentence="14" number="380">,</token>
<token t_id="382" sentence="14" number="381">and</token>
<token t_id="383" sentence="14" number="382">is</token>
<token t_id="384" sentence="14" number="383">consequently</token>
<token t_id="385" sentence="14" number="384">astonishingly</token>
<token t_id="386" sentence="14" number="385">cheap</token>
<token t_id="387" sentence="14" number="386">.</token>
<token t_id="388" sentence="15" number="387">We</token>
<token t_id="389" sentence="15" number="388">found</token>
<token t_id="390" sentence="15" number="389">Mr.</token>
<token t_id="391" sentence="15" number="390">Crawford</token>
<token t_id="392" sentence="15" number="391">'s</token>
<token t_id="393" sentence="15" number="392">charming</token>
<token t_id="394" sentence="15" number="393">villa</token>
<token t_id="395" sentence="15" number="394">,</token>
<token t_id="396" sentence="15" number="395">and</token>
<token t_id="397" sentence="15" number="396">,</token>
<token t_id="398" sentence="15" number="397">to</token>
<token t_id="399" sentence="15" number="398">Zelphine</token>
<token t_id="400" sentence="15" number="399">'s</token>
<token t_id="401" sentence="15" number="400">great</token>
<token t_id="402" sentence="15" number="401">delight</token>
<token t_id="403" sentence="15" number="402">,</token>
<token t_id="404" sentence="15" number="403">the</token>
<token t_id="405" sentence="15" number="404">house</token>
<token t_id="406" sentence="15" number="405">of</token>
<token t_id="407" sentence="15" number="406">Tasso</token>
<token t_id="408" sentence="15" number="407">'s</token>
<token t_id="409" sentence="15" number="408">sister</token>
<token t_id="410" sentence="15" number="409">on</token>
<token t_id="411" sentence="15" number="410">the</token>
<token t_id="412" sentence="15" number="411">Strada</token>
<token t_id="413" sentence="15" number="412">San</token>
<token t_id="414" sentence="15" number="413">Nicola</token>
<token t_id="415" sentence="15" number="414">.</token>
<token t_id="416" sentence="16" number="415">Tasso</token>
<token t_id="417" sentence="16" number="416">'s</token>
<token t_id="418" sentence="16" number="417">birthplace</token>
<token t_id="419" sentence="16" number="418">and</token>
<token t_id="420" sentence="16" number="419">the</token>
<token t_id="421" sentence="16" number="420">rock</token>
<token t_id="422" sentence="16" number="421">upon</token>
<token t_id="423" sentence="16" number="422">which</token>
<token t_id="424" sentence="16" number="423">the</token>
<token t_id="425" sentence="16" number="424">house</token>
<token t_id="426" sentence="16" number="425">stood</token>
<token t_id="427" sentence="16" number="426">have</token>
<token t_id="428" sentence="16" number="427">both</token>
<token t_id="429" sentence="16" number="428">been</token>
<token t_id="430" sentence="16" number="429">swallowed</token>
<token t_id="431" sentence="16" number="430">up</token>
<token t_id="432" sentence="16" number="431">by</token>
<token t_id="433" sentence="16" number="432">the</token>
<token t_id="434" sentence="16" number="433">sea</token>
<token t_id="435" sentence="16" number="434">;</token>
<token t_id="436" sentence="16" number="435">but</token>
<token t_id="437" sentence="16" number="436">the</token>
<token t_id="438" sentence="16" number="437">house</token>
<token t_id="439" sentence="16" number="438">of</token>
<token t_id="440" sentence="16" number="439">his</token>
<token t_id="441" sentence="16" number="440">sister</token>
<token t_id="442" sentence="16" number="441">Cornelia</token>
<token t_id="443" sentence="16" number="442">,</token>
<token t_id="444" sentence="16" number="443">to</token>
<token t_id="445" sentence="16" number="444">which</token>
<token t_id="446" sentence="16" number="445">the</token>
<token t_id="447" sentence="16" number="446">great</token>
<token t_id="448" sentence="16" number="447">Tasso</token>
<token t_id="449" sentence="16" number="448">came</token>
<token t_id="450" sentence="16" number="449">in</token>
<token t_id="451" sentence="16" number="450">1592</token>
<token t_id="452" sentence="16" number="451">disguised</token>
<token t_id="453" sentence="16" number="452">as</token>
<token t_id="454" sentence="16" number="453">a</token>
<token t_id="455" sentence="16" number="454">shepherd</token>
<token t_id="456" sentence="16" number="455">,</token>
<token t_id="457" sentence="16" number="456">is</token>
<token t_id="458" sentence="16" number="457">still</token>
<token t_id="459" sentence="16" number="458">standing</token>
<token t_id="460" sentence="16" number="459">,</token>
<token t_id="461" sentence="16" number="460">and</token>
<token t_id="462" sentence="16" number="461">there</token>
<token t_id="463" sentence="16" number="462">is</token>
<token t_id="464" sentence="16" number="463">a</token>
<token t_id="465" sentence="16" number="464">statue</token>
<token t_id="466" sentence="16" number="465">of</token>
<token t_id="467" sentence="16" number="466">Torquato</token>
<token t_id="468" sentence="16" number="467">Tasso</token>
<token t_id="469" sentence="16" number="468">in</token>
<token t_id="470" sentence="16" number="469">the</token>
<token t_id="471" sentence="16" number="470">chief</token>
<token t_id="472" sentence="16" number="471">square</token>
<token t_id="473" sentence="16" number="472">of</token>
<token t_id="474" sentence="16" number="473">Sorrento</token>
<token t_id="475" sentence="16" number="474">.</token>
<token t_id="476" sentence="17" number="475">[</token>
<token t_id="477" sentence="17" number="476">Illustration</token>
<token t_id="478" sentence="17" number="477">:</token>
<token t_id="479" sentence="17" number="478">An</token>
<token t_id="480" sentence="17" number="479">Amazonian</token>
<token t_id="481" sentence="17" number="480">Tribute</token>
<token t_id="482" sentence="17" number="481">,</token>
<token t_id="483" sentence="17" number="482">Capri</token>
<token t_id="484" sentence="17" number="483">]</token>
<token t_id="485" sentence="17" number="484">I</token>
<token t_id="486" sentence="17" number="485">am</token>
<token t_id="487" sentence="17" number="486">writing</token>
<token t_id="488" sentence="17" number="487">on</token>
<token t_id="489" sentence="17" number="488">a</token>
<token t_id="490" sentence="17" number="489">fine</token>
<token t_id="491" sentence="17" number="490">terrace</token>
<token t_id="492" sentence="17" number="491">overlooking</token>
<token t_id="493" sentence="17" number="492">the</token>
<token t_id="494" sentence="17" number="493">sea</token>
<token t_id="495" sentence="17" number="494">,</token>
<token t_id="496" sentence="17" number="495">where</token>
<token t_id="497" sentence="17" number="496">stone</token>
<token t_id="498" sentence="17" number="497">benches</token>
<token t_id="499" sentence="17" number="498">and</token>
<token t_id="500" sentence="17" number="499">tables</token>
<token t_id="501" sentence="17" number="500">are</token>
<token t_id="502" sentence="17" number="501">conveniently</token>
<token t_id="503" sentence="17" number="502">arranged</token>
<token t_id="504" sentence="17" number="503">for</token>
<token t_id="505" sentence="17" number="504">our</token>
<token t_id="506" sentence="17" number="505">use</token>
<token t_id="507" sentence="17" number="506">.</token>
<token t_id="508" sentence="18" number="507">The</token>
<token t_id="509" sentence="18" number="508">sun</token>
<token t_id="510" sentence="18" number="509">is</token>
<token t_id="511" sentence="18" number="510">like</token>
<token t_id="512" sentence="18" number="511">that</token>
<token t_id="513" sentence="18" number="512">of</token>
<token t_id="514" sentence="18" number="513">June</token>
<token t_id="515" sentence="18" number="514">,</token>
<token t_id="516" sentence="18" number="515">and</token>
<token t_id="517" sentence="18" number="516">roses</token>
<token t_id="518" sentence="18" number="517">such</token>
<token t_id="519" sentence="18" number="518">as</token>
<token t_id="520" sentence="18" number="519">belong</token>
<token t_id="521" sentence="18" number="520">to</token>
<token t_id="522" sentence="18" number="521">that</token>
<token t_id="523" sentence="18" number="522">month</token>
<token t_id="524" sentence="18" number="523">are</token>
<token t_id="525" sentence="18" number="524">blooming</token>
<token t_id="526" sentence="18" number="525">all</token>
<token t_id="527" sentence="18" number="526">over</token>
<token t_id="528" sentence="18" number="527">the</token>
<token t_id="529" sentence="18" number="528">wall</token>
<token t_id="530" sentence="18" number="529">beside</token>
<token t_id="531" sentence="18" number="530">me</token>
<token t_id="532" sentence="18" number="531">.</token>
<token t_id="533" sentence="19" number="532">The</token>
<token t_id="534" sentence="19" number="533">concierge</token>
<token t_id="535" sentence="19" number="534">has</token>
<token t_id="536" sentence="19" number="535">just</token>
<token t_id="537" sentence="19" number="536">brought</token>
<token t_id="538" sentence="19" number="537">me</token>
<token t_id="539" sentence="19" number="538">a</token>
<token t_id="540" sentence="19" number="539">handful</token>
<token t_id="541" sentence="19" number="540">of</token>
<token t_id="542" sentence="19" number="541">them</token>
<token t_id="543" sentence="19" number="542">,</token>
<token t_id="544" sentence="19" number="543">charming</token>
<token t_id="545" sentence="19" number="544">pink</token>
<token t_id="546" sentence="19" number="545">and</token>
<token t_id="547" sentence="19" number="546">white</token>
<token t_id="548" sentence="19" number="547">ones</token>
<token t_id="549" sentence="19" number="548">.</token>
<token t_id="550" sentence="20" number="549">We</token>
<token t_id="551" sentence="20" number="550">are</token>
<token t_id="552" sentence="20" number="551">equipped</token>
<token t_id="553" sentence="20" number="552">for</token>
<token t_id="554" sentence="20" number="553">a</token>
<token t_id="555" sentence="20" number="554">drive</token>
<token t_id="556" sentence="20" number="555">to</token>
<token t_id="557" sentence="20" number="556">the</token>
<token t_id="558" sentence="20" number="557">Deserto</token>
<token t_id="559" sentence="20" number="558">,</token>
<token t_id="560" sentence="20" number="559">which</token>
<token t_id="561" sentence="20" number="560">Mrs.</token>
<token t_id="562" sentence="20" number="561">Coxe</token>
<token t_id="563" sentence="20" number="562">,</token>
<token t_id="564" sentence="20" number="563">who</token>
<token t_id="565" sentence="20" number="564">visited</token>
<token t_id="566" sentence="20" number="565">the</token>
<token t_id="567" sentence="20" number="566">place</token>
<token t_id="568" sentence="20" number="567">forty</token>
<token t_id="569" sentence="20" number="568">years</token>
<token t_id="570" sentence="20" number="569">ago</token>
<token t_id="571" sentence="20" number="570">,</token>
<token t_id="572" sentence="20" number="571">tells</token>
<token t_id="573" sentence="20" number="572">us</token>
<token t_id="574" sentence="20" number="573">is</token>
<token t_id="575" sentence="20" number="574">most</token>
<token t_id="576" sentence="20" number="575">interesting</token>
<token t_id="577" sentence="20" number="576">.</token>
<token t_id="578" sentence="21" number="577">Within</token>
<token t_id="579" sentence="21" number="578">a</token>
<token t_id="580" sentence="21" number="579">few</token>
<token t_id="581" sentence="21" number="580">years</token>
<token t_id="582" sentence="21" number="581">the</token>
<token t_id="583" sentence="21" number="582">monastery</token>
<token t_id="584" sentence="21" number="583">has</token>
<token t_id="585" sentence="21" number="584">been</token>
<token t_id="586" sentence="21" number="585">suppressed</token>
<token t_id="587" sentence="21" number="586">,</token>
<token t_id="588" sentence="21" number="587">and</token>
<token t_id="589" sentence="21" number="588">the</token>
<token t_id="590" sentence="21" number="589">building</token>
<token t_id="591" sentence="21" number="590">is</token>
<token t_id="592" sentence="21" number="591">now</token>
<token t_id="593" sentence="21" number="592">used</token>
<token t_id="594" sentence="21" number="593">as</token>
<token t_id="595" sentence="21" number="594">a</token>
<token t_id="596" sentence="21" number="595">home</token>
<token t_id="597" sentence="21" number="596">for</token>
<token t_id="598" sentence="21" number="597">destitute</token>
<token t_id="599" sentence="21" number="598">children</token>
<token t_id="600" sentence="21" number="599">.</token>
<token t_id="601" sentence="22" number="600">We</token>
<token t_id="602" sentence="22" number="601">should</token>
<token t_id="603" sentence="22" number="602">like</token>
<token t_id="604" sentence="22" number="603">to</token>
<token t_id="605" sentence="22" number="604">spend</token>
<token t_id="606" sentence="22" number="605">a</token>
<token t_id="607" sentence="22" number="606">week</token>
<token t_id="608" sentence="22" number="607">in</token>
<token t_id="609" sentence="22" number="608">Sorrento</token>
<token t_id="610" sentence="22" number="609">,</token>
<token t_id="611" sentence="22" number="610">which</token>
<token t_id="612" sentence="22" number="611">is</token>
<token t_id="613" sentence="22" number="612">so</token>
<token t_id="614" sentence="22" number="613">beautiful</token>
<token t_id="615" sentence="22" number="614">itself</token>
<token t_id="616" sentence="22" number="615">and</token>
<token t_id="617" sentence="22" number="616">from</token>
<token t_id="618" sentence="22" number="617">which</token>
<token t_id="619" sentence="22" number="618">so</token>
<token t_id="620" sentence="22" number="619">many</token>
<token t_id="621" sentence="22" number="620">excursions</token>
<token t_id="622" sentence="22" number="621">are</token>
<token t_id="623" sentence="22" number="622">to</token>
<token t_id="624" sentence="22" number="623">be</token>
<token t_id="625" sentence="22" number="624">made</token>
<token t_id="626" sentence="22" number="625">;</token>
<token t_id="627" sentence="22" number="626">but</token>
<token t_id="628" sentence="22" number="627">Capri</token>
<token t_id="629" sentence="22" number="628">beckons</token>
<token t_id="630" sentence="22" number="629">to</token>
<token t_id="631" sentence="22" number="630">us</token>
<token t_id="632" sentence="22" number="631">from</token>
<token t_id="633" sentence="22" number="632">across</token>
<token t_id="634" sentence="22" number="633">the</token>
<token t_id="635" sentence="22" number="634">bay</token>
<token t_id="636" sentence="22" number="635">and</token>
<token t_id="637" sentence="22" number="636">our</token>
<token t_id="638" sentence="22" number="637">time</token>
<token t_id="639" sentence="22" number="638">is</token>
<token t_id="640" sentence="22" number="639">limited</token>
<token t_id="641" sentence="22" number="640">,</token>
<token t_id="642" sentence="22" number="641">as</token>
<token t_id="643" sentence="22" number="642">Zelphine</token>
<token t_id="644" sentence="22" number="643">has</token>
<token t_id="645" sentence="22" number="644">promised</token>
<token t_id="646" sentence="22" number="645">to</token>
<token t_id="647" sentence="22" number="646">meet</token>
<token t_id="648" sentence="22" number="647">some</token>
<token t_id="649" sentence="22" number="648">cousins</token>
<token t_id="650" sentence="22" number="649">in</token>
<token t_id="651" sentence="22" number="650">Naples</token>
<token t_id="652" sentence="22" number="651">.</token>


<Markables>
<ARGUMENTATIVE m_id="58" comment="" conversational-direct="FALSE" conversational-reported="TRUE"  >
<token_anchor t_id="574"/>
<token_anchor t_id="575"/>
<token_anchor t_id="576"/>
<token_anchor t_id="577"/>
</ARGUMENTATIVE>
<ARGUMENTATIVE m_id="61" comment="" conversational-direct="FALSE" conversational-reported="FALSE"  >
<token_anchor t_id="155"/>
<token_anchor t_id="156"/>
<token_anchor t_id="157"/>
<token_anchor t_id="158"/>
<token_anchor t_id="159"/>
<token_anchor t_id="160"/>
<token_anchor t_id="161"/>
<token_anchor t_id="162"/>
<token_anchor t_id="163"/>
<token_anchor t_id="164"/>
<token_anchor t_id="165"/>
<token_anchor t_id="166"/>
<token_anchor t_id="167"/>
<token_anchor t_id="168"/>
<token_anchor t_id="169"/>
<token_anchor t_id="170"/>
<token_anchor t_id="171"/>
<token_anchor t_id="172"/>
<token_anchor t_id="173"/>
<token_anchor t_id="174"/>
<token_anchor t_id="175"/>
<token_anchor t_id="176"/>
<token_anchor t_id="177"/>
</ARGUMENTATIVE>
<ARGUMENTATIVE m_id="30" comment="" conversational-direct="FALSE" conversational-reported="FALSE"  >
<token_anchor t_id="290"/>
<token_anchor t_id="291"/>
<token_anchor t_id="292"/>
<token_anchor t_id="293"/>
<token_anchor t_id="294"/>
<token_anchor t_id="295"/>
<token_anchor t_id="296"/>
<token_anchor t_id="297"/>
<token_anchor t_id="298"/>
<token_anchor t_id="299"/>
</ARGUMENTATIVE>
<ARGUMENTATIVE m_id="31" comment="" conversational-direct="FALSE" conversational-reported="FALSE"  >
<token_anchor t_id="300"/>
<token_anchor t_id="301"/>
<token_anchor t_id="302"/>
<token_anchor t_id="303"/>
</ARGUMENTATIVE>
<ARGUMENTATIVE m_id="66" comment="" conversational-direct="FALSE" conversational-reported="FALSE"  >
<token_anchor t_id="353"/>
<token_anchor t_id="354"/>
<token_anchor t_id="355"/>
<token_anchor t_id="356"/>
</ARGUMENTATIVE>
<ARGUMENTATIVE m_id="42" comment="" conversational-direct="FALSE" conversational-reported="FALSE"  >
<token_anchor t_id="26"/>
<token_anchor t_id="27"/>
<token_anchor t_id="28"/>
<token_anchor t_id="29"/>
<token_anchor t_id="30"/>
<token_anchor t_id="31"/>
<token_anchor t_id="32"/>
<token_anchor t_id="33"/>
<token_anchor t_id="34"/>
<token_anchor t_id="35"/>
<token_anchor t_id="36"/>
<token_anchor t_id="37"/>
<token_anchor t_id="41"/>
<token_anchor t_id="42"/>
<token_anchor t_id="43"/>
<token_anchor t_id="44"/>
<token_anchor t_id="45"/>
<token_anchor t_id="46"/>
</ARGUMENTATIVE>
<ARGUMENTATIVE m_id="48" comment="" conversational-direct="FALSE" conversational-reported="FALSE"  >
<token_anchor t_id="601"/>
<token_anchor t_id="602"/>
<token_anchor t_id="603"/>
<token_anchor t_id="604"/>
<token_anchor t_id="605"/>
<token_anchor t_id="606"/>
<token_anchor t_id="607"/>
<token_anchor t_id="608"/>
<token_anchor t_id="609"/>
<token_anchor t_id="610"/>
</ARGUMENTATIVE>
<ARGUMENTATIVE m_id="49" comment="" conversational-direct="FALSE" conversational-reported="FALSE"  >
<token_anchor t_id="616"/>
<token_anchor t_id="617"/>
<token_anchor t_id="618"/>
<token_anchor t_id="619"/>
<token_anchor t_id="620"/>
<token_anchor t_id="621"/>
<token_anchor t_id="622"/>
<token_anchor t_id="623"/>
<token_anchor t_id="624"/>
<token_anchor t_id="625"/>
<token_anchor t_id="626"/>
</ARGUMENTATIVE>
<ARGUMENTATIVE m_id="24" comment="" conversational-direct="FALSE" conversational-reported="FALSE"  >
<token_anchor t_id="611"/>
<token_anchor t_id="612"/>
<token_anchor t_id="613"/>
<token_anchor t_id="614"/>
<token_anchor t_id="615"/>
</ARGUMENTATIVE>
<DESCRIPTIVE m_id="59" Type="Location" comment="" conversational-direct="FALSE" conversational-reported="FALSE"  >
<token_anchor t_id="244"/>
<token_anchor t_id="245"/>
<token_anchor t_id="246"/>
<token_anchor t_id="247"/>
<token_anchor t_id="248"/>
<token_anchor t_id="249"/>
<token_anchor t_id="250"/>
<token_anchor t_id="251"/>
</DESCRIPTIVE>
<DESCRIPTIVE m_id="29" Type="Location" comment="" conversational-direct="FALSE" conversational-reported="FALSE"  >
<token_anchor t_id="229"/>
<token_anchor t_id="230"/>
<token_anchor t_id="231"/>
<token_anchor t_id="232"/>
<token_anchor t_id="233"/>
<token_anchor t_id="234"/>
<token_anchor t_id="235"/>
<token_anchor t_id="236"/>
<token_anchor t_id="237"/>
<token_anchor t_id="238"/>
<token_anchor t_id="239"/>
<token_anchor t_id="240"/>
<token_anchor t_id="241"/>
<token_anchor t_id="242"/>
<token_anchor t_id="243"/>
</DESCRIPTIVE>
<DESCRIPTIVE m_id="62" Type="Location" comment="" conversational-direct="FALSE" conversational-reported="FALSE"  >
<token_anchor t_id="436"/>
<token_anchor t_id="437"/>
<token_anchor t_id="438"/>
<token_anchor t_id="439"/>
<token_anchor t_id="440"/>
<token_anchor t_id="441"/>
<token_anchor t_id="442"/>
<token_anchor t_id="443"/>
<token_anchor t_id="457"/>
<token_anchor t_id="458"/>
<token_anchor t_id="459"/>
<token_anchor t_id="460"/>
</DESCRIPTIVE>
<DESCRIPTIVE m_id="32" Type="Other" comment="" conversational-direct="FALSE" conversational-reported="FALSE"  >
<token_anchor t_id="309"/>
<token_anchor t_id="310"/>
<token_anchor t_id="311"/>
<token_anchor t_id="312"/>
<token_anchor t_id="313"/>
<token_anchor t_id="314"/>
<token_anchor t_id="315"/>
<token_anchor t_id="316"/>
<token_anchor t_id="317"/>
<token_anchor t_id="318"/>
<token_anchor t_id="319"/>
<token_anchor t_id="320"/>
<token_anchor t_id="321"/>
<token_anchor t_id="322"/>
<token_anchor t_id="323"/>
<token_anchor t_id="324"/>
<token_anchor t_id="325"/>
<token_anchor t_id="326"/>
<token_anchor t_id="327"/>
<token_anchor t_id="328"/>
<token_anchor t_id="329"/>
<token_anchor t_id="330"/>
<token_anchor t_id="331"/>
<token_anchor t_id="332"/>
</DESCRIPTIVE>
<DESCRIPTIVE m_id="3" Type="Location" comment="" conversational-direct="FALSE" conversational-reported="FALSE"  >
<token_anchor t_id="47"/>
<token_anchor t_id="48"/>
<token_anchor t_id="49"/>
<token_anchor t_id="50"/>
<token_anchor t_id="51"/>
<token_anchor t_id="52"/>
<token_anchor t_id="53"/>
<token_anchor t_id="54"/>
<token_anchor t_id="55"/>
<token_anchor t_id="56"/>
<token_anchor t_id="57"/>
<token_anchor t_id="58"/>
<token_anchor t_id="59"/>
<token_anchor t_id="60"/>
<token_anchor t_id="61"/>
<token_anchor t_id="62"/>
<token_anchor t_id="63"/>
<token_anchor t_id="64"/>
<token_anchor t_id="65"/>
<token_anchor t_id="66"/>
<token_anchor t_id="67"/>
<token_anchor t_id="68"/>
<token_anchor t_id="69"/>
</DESCRIPTIVE>
<DESCRIPTIVE m_id="4" Type="Location" comment="" conversational-direct="FALSE" conversational-reported="FALSE"  >
<token_anchor t_id="141"/>
<token_anchor t_id="142"/>
<token_anchor t_id="143"/>
<token_anchor t_id="144"/>
<token_anchor t_id="145"/>
<token_anchor t_id="146"/>
<token_anchor t_id="147"/>
<token_anchor t_id="148"/>
<token_anchor t_id="149"/>
<token_anchor t_id="150"/>
<token_anchor t_id="151"/>
<token_anchor t_id="152"/>
<token_anchor t_id="153"/>
<token_anchor t_id="154"/>
</DESCRIPTIVE>
<DESCRIPTIVE m_id="38" Type="Location" comment="" conversational-direct="FALSE" conversational-reported="FALSE"  >
<token_anchor t_id="461"/>
<token_anchor t_id="462"/>
<token_anchor t_id="463"/>
<token_anchor t_id="464"/>
<token_anchor t_id="465"/>
<token_anchor t_id="466"/>
<token_anchor t_id="467"/>
<token_anchor t_id="468"/>
<token_anchor t_id="469"/>
<token_anchor t_id="470"/>
<token_anchor t_id="471"/>
<token_anchor t_id="472"/>
<token_anchor t_id="473"/>
<token_anchor t_id="474"/>
<token_anchor t_id="475"/>
</DESCRIPTIVE>
<DESCRIPTIVE m_id="39" Type="Location" comment="" conversational-direct="FALSE" conversational-reported="FALSE"  >
<token_anchor t_id="77"/>
<token_anchor t_id="78"/>
<token_anchor t_id="79"/>
<token_anchor t_id="80"/>
<token_anchor t_id="81"/>
<token_anchor t_id="82"/>
<token_anchor t_id="83"/>
<token_anchor t_id="84"/>
<token_anchor t_id="85"/>
<token_anchor t_id="86"/>
<token_anchor t_id="87"/>
<token_anchor t_id="88"/>
<token_anchor t_id="89"/>
<token_anchor t_id="90"/>
<token_anchor t_id="91"/>
<token_anchor t_id="92"/>
</DESCRIPTIVE>
<DESCRIPTIVE m_id="40" Type="Location" comment="" conversational-direct="FALSE" conversational-reported="FALSE"  >
<token_anchor t_id="93"/>
<token_anchor t_id="94"/>
<token_anchor t_id="95"/>
<token_anchor t_id="96"/>
<token_anchor t_id="97"/>
<token_anchor t_id="98"/>
<token_anchor t_id="99"/>
<token_anchor t_id="100"/>
</DESCRIPTIVE>
<DESCRIPTIVE m_id="41" Type="Location" comment="" conversational-direct="FALSE" conversational-reported="FALSE"  >
<token_anchor t_id="101"/>
<token_anchor t_id="102"/>
<token_anchor t_id="103"/>
<token_anchor t_id="104"/>
<token_anchor t_id="105"/>
<token_anchor t_id="106"/>
</DESCRIPTIVE>
<DESCRIPTIVE m_id="45" Type="Other" comment="" conversational-direct="FALSE" conversational-reported="FALSE"  >
<token_anchor t_id="508"/>
<token_anchor t_id="509"/>
<token_anchor t_id="510"/>
<token_anchor t_id="511"/>
<token_anchor t_id="512"/>
<token_anchor t_id="513"/>
<token_anchor t_id="514"/>
<token_anchor t_id="515"/>
</DESCRIPTIVE>
<DESCRIPTIVE m_id="46" Type="Other" comment="" conversational-direct="FALSE" conversational-reported="FALSE"  >
<token_anchor t_id="516"/>
<token_anchor t_id="517"/>
<token_anchor t_id="518"/>
<token_anchor t_id="519"/>
<token_anchor t_id="520"/>
<token_anchor t_id="521"/>
<token_anchor t_id="522"/>
<token_anchor t_id="523"/>
</DESCRIPTIVE>
<DESCRIPTIVE m_id="51" Type="Location" comment="" conversational-direct="FALSE" conversational-reported="FALSE"  >
<token_anchor t_id="496"/>
<token_anchor t_id="497"/>
<token_anchor t_id="498"/>
<token_anchor t_id="499"/>
<token_anchor t_id="500"/>
<token_anchor t_id="501"/>
<token_anchor t_id="502"/>
<token_anchor t_id="503"/>
<token_anchor t_id="504"/>
<token_anchor t_id="505"/>
<token_anchor t_id="506"/>
<token_anchor t_id="507"/>
</DESCRIPTIVE>
<DESCRIPTIVE m_id="54" comment="" Type="" conversational-direct="FALSE" conversational-reported="FALSE"  >
<token_anchor t_id="382"/>
<token_anchor t_id="383"/>
<token_anchor t_id="384"/>
<token_anchor t_id="385"/>
<token_anchor t_id="386"/>
<token_anchor t_id="387"/>
</DESCRIPTIVE>
<DESCRIPTIVE m_id="56" Type="Other" comment="" conversational-direct="FALSE" conversational-reported="FALSE"  >
<token_anchor t_id="524"/>
<token_anchor t_id="525"/>
<token_anchor t_id="526"/>
<token_anchor t_id="527"/>
<token_anchor t_id="528"/>
<token_anchor t_id="529"/>
<token_anchor t_id="530"/>
<token_anchor t_id="531"/>
<token_anchor t_id="532"/>
</DESCRIPTIVE>
<EXPOSITORY m_id="53" comment="" conversational-direct="FALSE" conversational-reported="FALSE"  >
<token_anchor t_id="113"/>
<token_anchor t_id="114"/>
<token_anchor t_id="115"/>
<token_anchor t_id="116"/>
<token_anchor t_id="117"/>
<token_anchor t_id="118"/>
<token_anchor t_id="119"/>
<token_anchor t_id="120"/>
<token_anchor t_id="121"/>
<token_anchor t_id="122"/>
<token_anchor t_id="123"/>
<token_anchor t_id="124"/>
<token_anchor t_id="125"/>
<token_anchor t_id="126"/>
</EXPOSITORY>
<LOCATION m_id="34" comment=""  >
<token_anchor t_id="1"/>
</LOCATION>
<NARRATIVE m_id="25" Level="Primary" comment="" conversational-direct="FALSE" conversational-reported="FALSE"  >
<token_anchor t_id="627"/>
<token_anchor t_id="628"/>
<token_anchor t_id="629"/>
<token_anchor t_id="630"/>
<token_anchor t_id="631"/>
<token_anchor t_id="632"/>
<token_anchor t_id="633"/>
<token_anchor t_id="634"/>
<token_anchor t_id="635"/>
</NARRATIVE>
<NARRATIVE m_id="57" Level="" comment="" conversational-direct="FALSE" conversational-reported="FALSE"  >
<token_anchor t_id="560"/>
<token_anchor t_id="561"/>
<token_anchor t_id="562"/>
<token_anchor t_id="563"/>
<token_anchor t_id="572"/>
<token_anchor t_id="573"/>
</NARRATIVE>
<NARRATIVE m_id="26" Level="Primary" comment="" conversational-direct="FALSE" conversational-reported="FALSE"  >
<token_anchor t_id="636"/>
<token_anchor t_id="637"/>
<token_anchor t_id="638"/>
<token_anchor t_id="639"/>
<token_anchor t_id="640"/>
<token_anchor t_id="641"/>
</NARRATIVE>
<NARRATIVE m_id="27" Level="Primary" comment="" conversational-direct="FALSE" conversational-reported="FALSE"  >
<token_anchor t_id="642"/>
<token_anchor t_id="643"/>
<token_anchor t_id="644"/>
<token_anchor t_id="645"/>
</NARRATIVE>
<NARRATIVE m_id="28" Level="Primary" comment="" conversational-direct="FALSE" conversational-reported="FALSE"  >
<token_anchor t_id="646"/>
<token_anchor t_id="647"/>
<token_anchor t_id="648"/>
<token_anchor t_id="649"/>
<token_anchor t_id="650"/>
<token_anchor t_id="651"/>
<token_anchor t_id="652"/>
</NARRATIVE>
<NARRATIVE m_id="60" Level="Primary" comment="" conversational-direct="FALSE" conversational-reported="FALSE"  >
<token_anchor t_id="38"/>
<token_anchor t_id="39"/>
<token_anchor t_id="40"/>
</NARRATIVE>
<NARRATIVE m_id="64" Level="Primary" comment="" conversational-direct="FALSE" conversational-reported="FALSE"  >
<token_anchor t_id="261"/>
<token_anchor t_id="262"/>
<token_anchor t_id="263"/>
<token_anchor t_id="264"/>
<token_anchor t_id="265"/>
<token_anchor t_id="266"/>
<token_anchor t_id="267"/>
<token_anchor t_id="268"/>
<token_anchor t_id="269"/>
</NARRATIVE>
<NARRATIVE m_id="1" Level="Primary" comment="" conversational-direct="FALSE" conversational-reported="FALSE"  >
<token_anchor t_id="6"/>
<token_anchor t_id="7"/>
<token_anchor t_id="8"/>
<token_anchor t_id="9"/>
<token_anchor t_id="10"/>
<token_anchor t_id="11"/>
</NARRATIVE>
<NARRATIVE m_id="65" Level="Primary" comment="" conversational-direct="FALSE" conversational-reported="FALSE"  >
<token_anchor t_id="588"/>
<token_anchor t_id="589"/>
<token_anchor t_id="590"/>
<token_anchor t_id="591"/>
<token_anchor t_id="592"/>
<token_anchor t_id="593"/>
<token_anchor t_id="594"/>
<token_anchor t_id="595"/>
<token_anchor t_id="596"/>
<token_anchor t_id="597"/>
<token_anchor t_id="598"/>
<token_anchor t_id="599"/>
<token_anchor t_id="600"/>
</NARRATIVE>
<NARRATIVE m_id="2" Level="Primary" comment="" conversational-direct="FALSE" conversational-reported="FALSE"  >
<token_anchor t_id="12"/>
<token_anchor t_id="13"/>
<token_anchor t_id="14"/>
<token_anchor t_id="15"/>
<token_anchor t_id="16"/>
<token_anchor t_id="17"/>
<token_anchor t_id="18"/>
<token_anchor t_id="19"/>
<token_anchor t_id="20"/>
<token_anchor t_id="21"/>
<token_anchor t_id="22"/>
<token_anchor t_id="23"/>
<token_anchor t_id="24"/>
<token_anchor t_id="25"/>
</NARRATIVE>
<NARRATIVE m_id="36" Level="Secondary" comment="" conversational-direct="FALSE" conversational-reported="FALSE"  >
<token_anchor t_id="416"/>
<token_anchor t_id="417"/>
<token_anchor t_id="418"/>
<token_anchor t_id="419"/>
<token_anchor t_id="420"/>
<token_anchor t_id="421"/>
<token_anchor t_id="422"/>
<token_anchor t_id="423"/>
<token_anchor t_id="424"/>
<token_anchor t_id="425"/>
<token_anchor t_id="426"/>
</NARRATIVE>
<NARRATIVE m_id="5" Level="Primary" comment="" conversational-direct="FALSE" conversational-reported="FALSE"  >
<token_anchor t_id="178"/>
<token_anchor t_id="179"/>
<token_anchor t_id="180"/>
<token_anchor t_id="181"/>
<token_anchor t_id="182"/>
<token_anchor t_id="183"/>
<token_anchor t_id="184"/>
<token_anchor t_id="185"/>
<token_anchor t_id="186"/>
<token_anchor t_id="187"/>
<token_anchor t_id="188"/>
<token_anchor t_id="189"/>
<token_anchor t_id="190"/>
</NARRATIVE>
<NARRATIVE m_id="37" Level="Secondary" comment="" conversational-direct="FALSE" conversational-reported="FALSE"  >
<token_anchor t_id="444"/>
<token_anchor t_id="445"/>
<token_anchor t_id="446"/>
<token_anchor t_id="447"/>
<token_anchor t_id="448"/>
<token_anchor t_id="449"/>
<token_anchor t_id="450"/>
<token_anchor t_id="451"/>
<token_anchor t_id="452"/>
<token_anchor t_id="453"/>
<token_anchor t_id="454"/>
<token_anchor t_id="455"/>
<token_anchor t_id="456"/>
</NARRATIVE>
<NARRATIVE m_id="6" Level="Primary" comment="" conversational-direct="FALSE" conversational-reported="FALSE"  >
<token_anchor t_id="191"/>
<token_anchor t_id="192"/>
<token_anchor t_id="193"/>
<token_anchor t_id="194"/>
<token_anchor t_id="195"/>
<token_anchor t_id="196"/>
<token_anchor t_id="197"/>
<token_anchor t_id="198"/>
<token_anchor t_id="199"/>
<token_anchor t_id="200"/>
<token_anchor t_id="201"/>
<token_anchor t_id="202"/>
<token_anchor t_id="203"/>
<token_anchor t_id="204"/>
<token_anchor t_id="205"/>
<token_anchor t_id="206"/>
<token_anchor t_id="207"/>
</NARRATIVE>
<NARRATIVE m_id="7" Level="Primary" comment="" conversational-direct="FALSE" conversational-reported="FALSE"  >
<token_anchor t_id="208"/>
<token_anchor t_id="209"/>
<token_anchor t_id="210"/>
<token_anchor t_id="211"/>
<token_anchor t_id="212"/>
<token_anchor t_id="213"/>
</NARRATIVE>
<NARRATIVE m_id="8" Level="Primary" comment="" conversational-direct="FALSE" conversational-reported="FALSE"  >
<token_anchor t_id="214"/>
<token_anchor t_id="215"/>
<token_anchor t_id="216"/>
<token_anchor t_id="217"/>
<token_anchor t_id="218"/>
</NARRATIVE>
<NARRATIVE m_id="9" Level="Primary" comment="" conversational-direct="FALSE" conversational-reported="FALSE"  >
<token_anchor t_id="219"/>
<token_anchor t_id="220"/>
<token_anchor t_id="221"/>
<token_anchor t_id="222"/>
<token_anchor t_id="223"/>
<token_anchor t_id="224"/>
<token_anchor t_id="225"/>
<token_anchor t_id="226"/>
<token_anchor t_id="227"/>
<token_anchor t_id="228"/>
</NARRATIVE>
<NARRATIVE m_id="10" Level="Primary" comment="" conversational-direct="FALSE" conversational-reported="FALSE"  >
<token_anchor t_id="252"/>
<token_anchor t_id="253"/>
<token_anchor t_id="254"/>
<token_anchor t_id="255"/>
<token_anchor t_id="256"/>
<token_anchor t_id="257"/>
<token_anchor t_id="258"/>
<token_anchor t_id="259"/>
<token_anchor t_id="260"/>
</NARRATIVE>
<NARRATIVE m_id="11" Level="Primary" comment="" conversational-direct="FALSE" conversational-reported="FALSE"  >
<token_anchor t_id="270"/>
<token_anchor t_id="271"/>
<token_anchor t_id="272"/>
<token_anchor t_id="273"/>
<token_anchor t_id="274"/>
<token_anchor t_id="275"/>
<token_anchor t_id="276"/>
<token_anchor t_id="277"/>
<token_anchor t_id="278"/>
<token_anchor t_id="279"/>
<token_anchor t_id="280"/>
<token_anchor t_id="281"/>
<token_anchor t_id="282"/>
<token_anchor t_id="283"/>
<token_anchor t_id="284"/>
<token_anchor t_id="285"/>
<token_anchor t_id="286"/>
<token_anchor t_id="287"/>
<token_anchor t_id="288"/>
<token_anchor t_id="289"/>
</NARRATIVE>
<NARRATIVE m_id="43" Level="Primary" comment="" conversational-direct="FALSE" conversational-reported="FALSE"  >
<token_anchor t_id="133"/>
<token_anchor t_id="134"/>
<token_anchor t_id="135"/>
<token_anchor t_id="136"/>
<token_anchor t_id="137"/>
<token_anchor t_id="138"/>
<token_anchor t_id="139"/>
<token_anchor t_id="140"/>
</NARRATIVE>
<NARRATIVE m_id="12" Level="Primary" comment="" conversational-direct="FALSE" conversational-reported="FALSE"  >
<token_anchor t_id="304"/>
<token_anchor t_id="305"/>
<token_anchor t_id="306"/>
<token_anchor t_id="307"/>
<token_anchor t_id="308"/>
</NARRATIVE>
<NARRATIVE m_id="44" Level="Primary" comment="" conversational-direct="FALSE" conversational-reported="FALSE"  >
<token_anchor t_id="372"/>
<token_anchor t_id="373"/>
<token_anchor t_id="374"/>
<token_anchor t_id="375"/>
<token_anchor t_id="376"/>
</NARRATIVE>
<NARRATIVE m_id="13" Level="Primary" comment="" conversational-direct="FALSE" conversational-reported="FALSE"  >
<token_anchor t_id="365"/>
<token_anchor t_id="366"/>
<token_anchor t_id="367"/>
<token_anchor t_id="368"/>
<token_anchor t_id="369"/>
<token_anchor t_id="370"/>
<token_anchor t_id="371"/>
</NARRATIVE>
<NARRATIVE m_id="14" Level="Primary" comment="" conversational-direct="FALSE" conversational-reported="FALSE"  >
<token_anchor t_id="377"/>
<token_anchor t_id="378"/>
<token_anchor t_id="379"/>
<token_anchor t_id="380"/>
<token_anchor t_id="381"/>
</NARRATIVE>
<NARRATIVE m_id="15" Level="Primary" comment="" conversational-direct="FALSE" conversational-reported="FALSE"  >
<token_anchor t_id="388"/>
<token_anchor t_id="389"/>
<token_anchor t_id="390"/>
<token_anchor t_id="391"/>
<token_anchor t_id="392"/>
<token_anchor t_id="393"/>
<token_anchor t_id="394"/>
<token_anchor t_id="395"/>
<token_anchor t_id="396"/>
<token_anchor t_id="397"/>
<token_anchor t_id="398"/>
<token_anchor t_id="399"/>
<token_anchor t_id="400"/>
<token_anchor t_id="401"/>
<token_anchor t_id="402"/>
<token_anchor t_id="403"/>
<token_anchor t_id="404"/>
<token_anchor t_id="405"/>
<token_anchor t_id="406"/>
<token_anchor t_id="407"/>
<token_anchor t_id="408"/>
<token_anchor t_id="409"/>
<token_anchor t_id="410"/>
<token_anchor t_id="411"/>
<token_anchor t_id="412"/>
<token_anchor t_id="413"/>
<token_anchor t_id="414"/>
</NARRATIVE>
<NARRATIVE m_id="47" Level="Secondary" comment="" conversational-direct="FALSE" conversational-reported="FALSE"  >
<token_anchor t_id="578"/>
<token_anchor t_id="579"/>
<token_anchor t_id="580"/>
<token_anchor t_id="581"/>
<token_anchor t_id="582"/>
<token_anchor t_id="583"/>
<token_anchor t_id="584"/>
<token_anchor t_id="585"/>
<token_anchor t_id="586"/>
<token_anchor t_id="587"/>
</NARRATIVE>
<NARRATIVE m_id="16" Level="Primary" comment="" conversational-direct="FALSE" conversational-reported="FALSE"  >
<token_anchor t_id="485"/>
<token_anchor t_id="486"/>
<token_anchor t_id="487"/>
<token_anchor t_id="488"/>
<token_anchor t_id="489"/>
<token_anchor t_id="490"/>
<token_anchor t_id="491"/>
<token_anchor t_id="492"/>
<token_anchor t_id="493"/>
<token_anchor t_id="494"/>
<token_anchor t_id="495"/>
</NARRATIVE>
<NARRATIVE m_id="17" Level="Primary" comment="" conversational-direct="FALSE" conversational-reported="FALSE"  >
<token_anchor t_id="533"/>
<token_anchor t_id="534"/>
<token_anchor t_id="535"/>
<token_anchor t_id="536"/>
<token_anchor t_id="537"/>
<token_anchor t_id="538"/>
<token_anchor t_id="539"/>
<token_anchor t_id="540"/>
<token_anchor t_id="541"/>
<token_anchor t_id="542"/>
<token_anchor t_id="543"/>
<token_anchor t_id="544"/>
<token_anchor t_id="545"/>
<token_anchor t_id="546"/>
<token_anchor t_id="547"/>
<token_anchor t_id="548"/>
<token_anchor t_id="549"/>
</NARRATIVE>
<NARRATIVE m_id="18" Level="" comment="" conversational-direct="FALSE" conversational-reported="FALSE"  >
<token_anchor t_id="550"/>
<token_anchor t_id="551"/>
<token_anchor t_id="552"/>
<token_anchor t_id="553"/>
<token_anchor t_id="554"/>
<token_anchor t_id="555"/>
<token_anchor t_id="556"/>
<token_anchor t_id="557"/>
<token_anchor t_id="558"/>
<token_anchor t_id="559"/>
</NARRATIVE>
<NARRATIVE m_id="19" Level="Secondary" comment="" conversational-direct="FALSE" conversational-reported="FALSE"  >
<token_anchor t_id="564"/>
<token_anchor t_id="565"/>
<token_anchor t_id="566"/>
<token_anchor t_id="567"/>
<token_anchor t_id="568"/>
<token_anchor t_id="569"/>
<token_anchor t_id="570"/>
<token_anchor t_id="571"/>
</NARRATIVE>
<NARRATIVE m_id="20" Level="Primary" comment="" conversational-direct="FALSE" conversational-reported="FALSE"  >
<token_anchor t_id="70"/>
<token_anchor t_id="71"/>
<token_anchor t_id="72"/>
<token_anchor t_id="73"/>
<token_anchor t_id="74"/>
<token_anchor t_id="75"/>
<token_anchor t_id="76"/>
</NARRATIVE>
<NARRATIVE m_id="21" Level="Primary" comment="" conversational-direct="FALSE" conversational-reported="FALSE"  >
<token_anchor t_id="127"/>
<token_anchor t_id="128"/>
<token_anchor t_id="129"/>
<token_anchor t_id="130"/>
<token_anchor t_id="131"/>
<token_anchor t_id="132"/>
</NARRATIVE>
<NARRATIVE m_id="22" Level="Primary" comment="" conversational-direct="FALSE" conversational-reported="FALSE"  >
<token_anchor t_id="333"/>
<token_anchor t_id="334"/>
<token_anchor t_id="335"/>
<token_anchor t_id="336"/>
<token_anchor t_id="337"/>
<token_anchor t_id="338"/>
<token_anchor t_id="339"/>
<token_anchor t_id="340"/>
<token_anchor t_id="341"/>
<token_anchor t_id="342"/>
<token_anchor t_id="343"/>
<token_anchor t_id="344"/>
<token_anchor t_id="345"/>
<token_anchor t_id="346"/>
<token_anchor t_id="347"/>
<token_anchor t_id="348"/>
<token_anchor t_id="349"/>
<token_anchor t_id="350"/>
<token_anchor t_id="351"/>
<token_anchor t_id="352"/>
</NARRATIVE>
<NARRATIVE m_id="23" Level="Primary" comment="" conversational-direct="FALSE" conversational-reported="FALSE"  >
<token_anchor t_id="357"/>
<token_anchor t_id="358"/>
<token_anchor t_id="359"/>
<token_anchor t_id="360"/>
<token_anchor t_id="361"/>
<token_anchor t_id="362"/>
<token_anchor t_id="363"/>
<token_anchor t_id="364"/>
</NARRATIVE>
<NARRATIVE m_id="55" Level="Primary" comment="" conversational-direct="FALSE" conversational-reported="FALSE"  >
<token_anchor t_id="427"/>
<token_anchor t_id="428"/>
<token_anchor t_id="429"/>
<token_anchor t_id="430"/>
<token_anchor t_id="431"/>
<token_anchor t_id="432"/>
<token_anchor t_id="433"/>
<token_anchor t_id="434"/>
<token_anchor t_id="435"/>
</NARRATIVE>
<NONE m_id="33" comment=""  >
<token_anchor t_id="1"/>
<token_anchor t_id="2"/>
<token_anchor t_id="3"/>
<token_anchor t_id="4"/>
<token_anchor t_id="5"/>
</NONE>
<NONE m_id="50" comment="illustration"  >
<token_anchor t_id="476"/>
<token_anchor t_id="477"/>
<token_anchor t_id="478"/>
<token_anchor t_id="479"/>
<token_anchor t_id="480"/>
<token_anchor t_id="481"/>
<token_anchor t_id="482"/>
<token_anchor t_id="483"/>
<token_anchor t_id="484"/>
</NONE>
<OTHER m_id="63" comment="" type="na" conversational-direct="FALSE" conversational-reported="FALSE"  >
<token_anchor t_id="109"/>
<token_anchor t_id="110"/>
<token_anchor t_id="111"/>
<token_anchor t_id="112"/>
</OTHER>
<OTHER m_id="52" comment="" type="na" conversational-direct="FALSE" conversational-reported="FALSE"  >
<token_anchor t_id="107"/>
<token_anchor t_id="108"/>
</OTHER>
<TIMEX3 m_id="35" comment="" DCT="yes" value="XXXX-03-11"  >
<token_anchor t_id="3"/>
<token_anchor t_id="4"/>
</TIMEX3>


</Markables>

<Relations>
</Relations>
</Document>
