<Document doc_name="3)GENOA, February 21st.t...">
<token t_id="1" sentence="0" number="0">GENOA</token>
<token t_id="2" sentence="0" number="1">,</token>
<token t_id="3" sentence="0" number="2">February</token>
<token t_id="4" sentence="0" number="3">21st</token>
<token t_id="5" sentence="0" number="4">.</token>
<token t_id="6" sentence="1" number="5">A</token>
<token t_id="7" sentence="1" number="6">note</token>
<token t_id="8" sentence="1" number="7">has</token>
<token t_id="9" sentence="1" number="8">just</token>
<token t_id="10" sentence="1" number="9">come</token>
<token t_id="11" sentence="1" number="10">from</token>
<token t_id="12" sentence="1" number="11">your</token>
<token t_id="13" sentence="1" number="12">cousin</token>
<token t_id="14" sentence="1" number="13">,</token>
<token t_id="15" sentence="1" number="14">Genevra</token>
<token t_id="16" sentence="1" number="15">Fuller</token>
<token t_id="17" sentence="1" number="16">,</token>
<token t_id="18" sentence="1" number="17">urging</token>
<token t_id="19" sentence="1" number="18">us</token>
<token t_id="20" sentence="1" number="19">to</token>
<token t_id="21" sentence="1" number="20">make</token>
<token t_id="22" sentence="1" number="21">her</token>
<token t_id="23" sentence="1" number="22">a</token>
<token t_id="24" sentence="1" number="23">visit</token>
<token t_id="25" sentence="1" number="24">at</token>
<token t_id="26" sentence="1" number="25">her</token>
<token t_id="27" sentence="1" number="26">home</token>
<token t_id="28" sentence="1" number="27">in</token>
<token t_id="29" sentence="1" number="28">San</token>
<token t_id="30" sentence="1" number="29">Remo</token>
<token t_id="31" sentence="1" number="30">.</token>
<token t_id="32" sentence="2" number="31">This</token>
<token t_id="33" sentence="2" number="32">invitation</token>
<token t_id="34" sentence="2" number="33">,</token>
<token t_id="35" sentence="2" number="34">which</token>
<token t_id="36" sentence="2" number="35">is</token>
<token t_id="37" sentence="2" number="36">most</token>
<token t_id="38" sentence="2" number="37">cordial</token>
<token t_id="39" sentence="2" number="38">,</token>
<token t_id="40" sentence="2" number="39">is</token>
<token t_id="41" sentence="2" number="40">a</token>
<token t_id="42" sentence="2" number="41">temptation</token>
<token t_id="43" sentence="2" number="42">to</token>
<token t_id="44" sentence="2" number="43">us</token>
<token t_id="45" sentence="2" number="44">all</token>
<token t_id="46" sentence="2" number="45">,</token>
<token t_id="47" sentence="2" number="46">but</token>
<token t_id="48" sentence="2" number="47">Zelphine</token>
<token t_id="49" sentence="2" number="48">and</token>
<token t_id="50" sentence="2" number="49">Angela</token>
<token t_id="51" sentence="2" number="50">have</token>
<token t_id="52" sentence="2" number="51">promised</token>
<token t_id="53" sentence="2" number="52">to</token>
<token t_id="54" sentence="2" number="53">spend</token>
<token t_id="55" sentence="2" number="54">their</token>
<token t_id="56" sentence="2" number="55">time</token>
<token t_id="57" sentence="2" number="56">with</token>
<token t_id="58" sentence="2" number="57">friends</token>
<token t_id="59" sentence="2" number="58">in</token>
<token t_id="60" sentence="2" number="59">Nice</token>
<token t_id="61" sentence="2" number="60">,</token>
<token t_id="62" sentence="2" number="61">stopping</token>
<token t_id="63" sentence="2" number="62">for</token>
<token t_id="64" sentence="2" number="63">a</token>
<token t_id="65" sentence="2" number="64">day</token>
<token t_id="66" sentence="2" number="65">at</token>
<token t_id="67" sentence="2" number="66">Monte</token>
<token t_id="68" sentence="2" number="67">Carlo</token>
<token t_id="69" sentence="2" number="68">,</token>
<token t_id="70" sentence="2" number="69">if</token>
<token t_id="71" sentence="2" number="70">their</token>
<token t_id="72" sentence="2" number="71">sporting</token>
<token t_id="73" sentence="2" number="72">tastes</token>
<token t_id="74" sentence="2" number="73">lead</token>
<token t_id="75" sentence="2" number="74">them</token>
<token t_id="76" sentence="2" number="75">so</token>
<token t_id="77" sentence="2" number="76">far</token>
<token t_id="78" sentence="2" number="77">afield</token>
<token t_id="79" sentence="2" number="78">,</token>
<token t_id="80" sentence="2" number="79">while</token>
<token t_id="81" sentence="2" number="80">I</token>
<token t_id="82" sentence="2" number="81">yield</token>
<token t_id="83" sentence="2" number="82">to</token>
<token t_id="84" sentence="2" number="83">Genevra</token>
<token t_id="85" sentence="2" number="84">'s</token>
<token t_id="86" sentence="2" number="85">blandishments</token>
<token t_id="87" sentence="2" number="86">.</token>
<token t_id="88" sentence="3" number="87">You</token>
<token t_id="89" sentence="3" number="88">know</token>
<token t_id="90" sentence="3" number="89">of</token>
<token t_id="91" sentence="3" number="90">old</token>
<token t_id="92" sentence="3" number="91">that</token>
<token t_id="93" sentence="3" number="92">she</token>
<token t_id="94" sentence="3" number="93">is</token>
<token t_id="95" sentence="3" number="94">not</token>
<token t_id="96" sentence="3" number="95">a</token>
<token t_id="97" sentence="3" number="96">person</token>
<token t_id="98" sentence="3" number="97">to</token>
<token t_id="99" sentence="3" number="98">be</token>
<token t_id="100" sentence="3" number="99">lightly</token>
<token t_id="101" sentence="3" number="100">refused</token>
<token t_id="102" sentence="3" number="101">when</token>
<token t_id="103" sentence="3" number="102">she</token>
<token t_id="104" sentence="3" number="103">has</token>
<token t_id="105" sentence="3" number="104">set</token>
<token t_id="106" sentence="3" number="105">her</token>
<token t_id="107" sentence="3" number="106">heart</token>
<token t_id="108" sentence="3" number="107">upon</token>
<token t_id="109" sentence="3" number="108">any</token>
<token t_id="110" sentence="3" number="109">given</token>
<token t_id="111" sentence="3" number="110">thing</token>
<token t_id="112" sentence="3" number="111">-</token>
<token t_id="113" sentence="3" number="112">a</token>
<token t_id="114" sentence="3" number="113">family</token>
<token t_id="115" sentence="3" number="114">trait</token>
<token t_id="116" sentence="3" number="115">,</token>
<token t_id="117" sentence="3" number="116">I</token>
<token t_id="118" sentence="3" number="117">believe</token>
<token t_id="119" sentence="3" number="118">.</token>


<Markables>
<ARGUMENTATIVE m_id="4" comment="" conversational-direct="FALSE" conversational-reported="FALSE"  >
<token_anchor t_id="35"/>
<token_anchor t_id="36"/>
<token_anchor t_id="37"/>
<token_anchor t_id="38"/>
</ARGUMENTATIVE>
<ARGUMENTATIVE m_id="5" comment="" conversational-direct="FALSE" conversational-reported="FALSE"  >
<token_anchor t_id="32"/>
<token_anchor t_id="33"/>
<token_anchor t_id="34"/>
<token_anchor t_id="39"/>
<token_anchor t_id="40"/>
<token_anchor t_id="41"/>
<token_anchor t_id="42"/>
<token_anchor t_id="43"/>
<token_anchor t_id="44"/>
<token_anchor t_id="45"/>
<token_anchor t_id="46"/>
</ARGUMENTATIVE>
<DESCRIPTIVE m_id="14" Type="Person" comment="" conversational-direct="FALSE" conversational-reported="FALSE"  >
<token_anchor t_id="92"/>
<token_anchor t_id="93"/>
<token_anchor t_id="94"/>
<token_anchor t_id="95"/>
<token_anchor t_id="96"/>
<token_anchor t_id="97"/>
</DESCRIPTIVE>
<DESCRIPTIVE m_id="15" Type="Person" comment="" conversational-direct="FALSE" conversational-reported="FALSE"  >
<token_anchor t_id="98"/>
<token_anchor t_id="99"/>
<token_anchor t_id="100"/>
<token_anchor t_id="101"/>
</DESCRIPTIVE>
<DESCRIPTIVE m_id="16" Type="Person" comment="" conversational-direct="FALSE" conversational-reported="FALSE"  >
<token_anchor t_id="102"/>
<token_anchor t_id="103"/>
<token_anchor t_id="104"/>
<token_anchor t_id="105"/>
<token_anchor t_id="106"/>
<token_anchor t_id="107"/>
<token_anchor t_id="108"/>
<token_anchor t_id="109"/>
<token_anchor t_id="110"/>
<token_anchor t_id="111"/>
</DESCRIPTIVE>
<LOCATION m_id="2" comment=""  >
<token_anchor t_id="1"/>
</LOCATION>
<NARRATIVE m_id="6" Level="Primary" comment="" conversational-direct="FALSE" conversational-reported="FALSE"  >
<token_anchor t_id="47"/>
<token_anchor t_id="48"/>
<token_anchor t_id="49"/>
<token_anchor t_id="50"/>
<token_anchor t_id="51"/>
<token_anchor t_id="52"/>
</NARRATIVE>
<NARRATIVE m_id="7" Level="Primary" comment="" conversational-direct="FALSE" conversational-reported="FALSE"  >
<token_anchor t_id="53"/>
<token_anchor t_id="54"/>
<token_anchor t_id="55"/>
<token_anchor t_id="56"/>
<token_anchor t_id="57"/>
<token_anchor t_id="58"/>
<token_anchor t_id="59"/>
<token_anchor t_id="60"/>
<token_anchor t_id="61"/>
</NARRATIVE>
<NARRATIVE m_id="8" Level="Primary" comment="" conversational-direct="FALSE" conversational-reported="FALSE"  >
<token_anchor t_id="62"/>
<token_anchor t_id="63"/>
<token_anchor t_id="64"/>
<token_anchor t_id="65"/>
<token_anchor t_id="66"/>
<token_anchor t_id="67"/>
<token_anchor t_id="68"/>
<token_anchor t_id="69"/>
</NARRATIVE>
<NARRATIVE m_id="9" Level="Primary" comment="" conversational-direct="FALSE" conversational-reported="FALSE"  >
<token_anchor t_id="70"/>
<token_anchor t_id="71"/>
<token_anchor t_id="72"/>
<token_anchor t_id="73"/>
<token_anchor t_id="74"/>
<token_anchor t_id="75"/>
<token_anchor t_id="76"/>
<token_anchor t_id="77"/>
<token_anchor t_id="78"/>
<token_anchor t_id="79"/>
</NARRATIVE>
<NARRATIVE m_id="10" Level="Primary" comment="" conversational-direct="FALSE" conversational-reported="FALSE"  >
<token_anchor t_id="80"/>
<token_anchor t_id="81"/>
<token_anchor t_id="82"/>
<token_anchor t_id="83"/>
<token_anchor t_id="84"/>
<token_anchor t_id="85"/>
<token_anchor t_id="86"/>
<token_anchor t_id="87"/>
</NARRATIVE>
<NARRATIVE m_id="11" Level="Primary" comment="" conversational-direct="FALSE" conversational-reported="FALSE"  >
<token_anchor t_id="6"/>
<token_anchor t_id="7"/>
<token_anchor t_id="8"/>
<token_anchor t_id="9"/>
<token_anchor t_id="10"/>
<token_anchor t_id="11"/>
<token_anchor t_id="12"/>
<token_anchor t_id="13"/>
<token_anchor t_id="14"/>
<token_anchor t_id="15"/>
<token_anchor t_id="16"/>
<token_anchor t_id="17"/>
</NARRATIVE>
<NARRATIVE m_id="12" Level="Primary" comment="" conversational-direct="FALSE" conversational-reported="FALSE"  >
<token_anchor t_id="18"/>
<token_anchor t_id="19"/>
</NARRATIVE>
<NARRATIVE m_id="13" Level="Primary" comment="" conversational-direct="FALSE" conversational-reported="FALSE"  >
<token_anchor t_id="20"/>
<token_anchor t_id="21"/>
<token_anchor t_id="22"/>
<token_anchor t_id="23"/>
<token_anchor t_id="24"/>
<token_anchor t_id="25"/>
<token_anchor t_id="26"/>
<token_anchor t_id="27"/>
<token_anchor t_id="28"/>
<token_anchor t_id="29"/>
<token_anchor t_id="30"/>
<token_anchor t_id="31"/>
</NARRATIVE>
<NARRATIVE m_id="18" Level="Primary" comment="" conversational-direct="FALSE" conversational-reported="FALSE"  >
<token_anchor t_id="112"/>
<token_anchor t_id="113"/>
<token_anchor t_id="114"/>
<token_anchor t_id="115"/>
<token_anchor t_id="116"/>
<token_anchor t_id="117"/>
<token_anchor t_id="118"/>
<token_anchor t_id="119"/>
</NARRATIVE>
<NONE m_id="1" comment=""  >
<token_anchor t_id="1"/>
<token_anchor t_id="2"/>
<token_anchor t_id="3"/>
<token_anchor t_id="4"/>
<token_anchor t_id="5"/>
</NONE>
<OTHER m_id="17" comment="reader" type="reader" conversational-direct="FALSE" conversational-reported="FALSE"  >
<token_anchor t_id="88"/>
<token_anchor t_id="89"/>
<token_anchor t_id="90"/>
<token_anchor t_id="91"/>
</OTHER>
<TIMEX3 m_id="3" comment="" DCT="yes" value="XXXX-02-21"  >
<token_anchor t_id="3"/>
<token_anchor t_id="4"/>
</TIMEX3>


</Markables>

<Relations>
</Relations>
</Document>
