<Document doc_name="7)NAPLES, March 2d.txt">
<token t_id="1" sentence="0" number="0">NAPLES</token>
<token t_id="2" sentence="0" number="1">,</token>
<token t_id="3" sentence="0" number="2">March</token>
<token t_id="4" sentence="0" number="3">2d</token>
<token t_id="5" sentence="0" number="4">.</token>
<token t_id="6" sentence="1" number="5">If</token>
<token t_id="7" sentence="1" number="6">Lady</token>
<token t_id="8" sentence="1" number="7">Morgan</token>
<token t_id="9" sentence="1" number="8">wrote</token>
<token t_id="10" sentence="1" number="9">of</token>
<token t_id="11" sentence="1" number="10">her</token>
<token t_id="12" sentence="1" number="11">beloved</token>
<token t_id="13" sentence="1" number="12">Irish</token>
<token t_id="14" sentence="1" number="13">capital</token>
<token t_id="15" sentence="1" number="14">"</token>
<token t_id="16" sentence="1" number="15">dear</token>
<token t_id="17" sentence="1" number="16">,</token>
<token t_id="18" sentence="1" number="17">dirty</token>
<token t_id="19" sentence="1" number="18">Dublin</token>
<token t_id="20" sentence="1" number="19">,</token>
<token t_id="21" sentence="1" number="20">"</token>
<token t_id="22" sentence="1" number="21">we</token>
<token t_id="23" sentence="1" number="22">may</token>
<token t_id="24" sentence="1" number="23">describe</token>
<token t_id="25" sentence="1" number="24">Naples</token>
<token t_id="26" sentence="1" number="25">less</token>
<token t_id="27" sentence="1" number="26">alliteratively</token>
<token t_id="28" sentence="1" number="27">in</token>
<token t_id="29" sentence="1" number="28">somewhat</token>
<token t_id="30" sentence="1" number="29">the</token>
<token t_id="31" sentence="1" number="30">same</token>
<token t_id="32" sentence="1" number="31">words</token>
<token t_id="33" sentence="1" number="32">,</token>
<token t_id="34" sentence="1" number="33">except</token>
<token t_id="35" sentence="1" number="34">that</token>
<token t_id="36" sentence="1" number="35">to</token>
<token t_id="37" sentence="1" number="36">American</token>
<token t_id="38" sentence="1" number="37">eyes</token>
<token t_id="39" sentence="1" number="38">the</token>
<token t_id="40" sentence="1" number="39">Neapolitan</token>
<token t_id="41" sentence="1" number="40">city</token>
<token t_id="42" sentence="1" number="41">is</token>
<token t_id="43" sentence="1" number="42">even</token>
<token t_id="44" sentence="1" number="43">dirtier</token>
<token t_id="45" sentence="1" number="44">and</token>
<token t_id="46" sentence="1" number="45">vastly</token>
<token t_id="47" sentence="1" number="46">more</token>
<token t_id="48" sentence="1" number="47">beautiful</token>
<token t_id="49" sentence="1" number="48">.</token>
<token t_id="50" sentence="2" number="49">Indeed</token>
<token t_id="51" sentence="2" number="50">,</token>
<token t_id="52" sentence="2" number="51">no</token>
<token t_id="53" sentence="2" number="52">words</token>
<token t_id="54" sentence="2" number="53">written</token>
<token t_id="55" sentence="2" number="54">nor</token>
<token t_id="56" sentence="2" number="55">pictures</token>
<token t_id="57" sentence="2" number="56">painted</token>
<token t_id="58" sentence="2" number="57">give</token>
<token t_id="59" sentence="2" number="58">any</token>
<token t_id="60" sentence="2" number="59">adequate</token>
<token t_id="61" sentence="2" number="60">conception</token>
<token t_id="62" sentence="2" number="61">of</token>
<token t_id="63" sentence="2" number="62">the</token>
<token t_id="64" sentence="2" number="63">blueness</token>
<token t_id="65" sentence="2" number="64">of</token>
<token t_id="66" sentence="2" number="65">the</token>
<token t_id="67" sentence="2" number="66">sea</token>
<token t_id="68" sentence="2" number="67">,</token>
<token t_id="69" sentence="2" number="68">the</token>
<token t_id="70" sentence="2" number="69">soft</token>
<token t_id="71" sentence="2" number="70">purple</token>
<token t_id="72" sentence="2" number="71">shades</token>
<token t_id="73" sentence="2" number="72">upon</token>
<token t_id="74" sentence="2" number="73">the</token>
<token t_id="75" sentence="2" number="74">mountains</token>
<token t_id="76" sentence="2" number="75">,</token>
<token t_id="77" sentence="2" number="76">and</token>
<token t_id="78" sentence="2" number="77">the</token>
<token t_id="79" sentence="2" number="78">fine</token>
<token t_id="80" sentence="2" number="79">transparency</token>
<token t_id="81" sentence="2" number="80">and</token>
<token t_id="82" sentence="2" number="81">lightness</token>
<token t_id="83" sentence="2" number="82">of</token>
<token t_id="84" sentence="2" number="83">this</token>
<token t_id="85" sentence="2" number="84">air</token>
<token t_id="86" sentence="2" number="85">.</token>
<token t_id="87" sentence="3" number="86">One</token>
<token t_id="88" sentence="3" number="87">breathes</token>
<token t_id="89" sentence="3" number="88">in</token>
<token t_id="90" sentence="3" number="89">gayety</token>
<token t_id="91" sentence="3" number="90">with</token>
<token t_id="92" sentence="3" number="91">every</token>
<token t_id="93" sentence="3" number="92">breath</token>
<token t_id="94" sentence="3" number="93">,</token>
<token t_id="95" sentence="3" number="94">a</token>
<token t_id="96" sentence="3" number="95">certain</token>
<token t_id="97" sentence="3" number="96">elasticity</token>
<token t_id="98" sentence="3" number="97">and</token>
<token t_id="99" sentence="3" number="98">joie</token>
<token t_id="100" sentence="3" number="99">de</token>
<token t_id="101" sentence="3" number="100">vivre</token>
<token t_id="102" sentence="3" number="101">which</token>
<token t_id="103" sentence="3" number="102">the</token>
<token t_id="104" sentence="3" number="103">filth</token>
<token t_id="105" sentence="3" number="104">,</token>
<token t_id="106" sentence="3" number="105">the</token>
<token t_id="107" sentence="3" number="106">noise</token>
<token t_id="108" sentence="3" number="107">,</token>
<token t_id="109" sentence="3" number="108">the</token>
<token t_id="110" sentence="3" number="109">bad</token>
<token t_id="111" sentence="3" number="110">odors</token>
<token t_id="112" sentence="3" number="111">,</token>
<token t_id="113" sentence="3" number="112">and</token>
<token t_id="114" sentence="3" number="113">even</token>
<token t_id="115" sentence="3" number="114">the</token>
<token t_id="116" sentence="3" number="115">hopeless</token>
<token t_id="117" sentence="3" number="116">poverty</token>
<token t_id="118" sentence="3" number="117">all</token>
<token t_id="119" sentence="3" number="118">around</token>
<token t_id="120" sentence="3" number="119">us</token>
<token t_id="121" sentence="3" number="120">are</token>
<token t_id="122" sentence="3" number="121">powerless</token>
<token t_id="123" sentence="3" number="122">to</token>
<token t_id="124" sentence="3" number="123">dispel</token>
<token t_id="125" sentence="3" number="124">.</token>
<token t_id="126" sentence="4" number="125">From</token>
<token t_id="127" sentence="4" number="126">the</token>
<token t_id="128" sentence="4" number="127">Strada</token>
<token t_id="129" sentence="4" number="128">Vittorio</token>
<token t_id="130" sentence="4" number="129">Emanuele</token>
<token t_id="131" sentence="4" number="130">,</token>
<token t_id="132" sentence="4" number="131">where</token>
<token t_id="133" sentence="4" number="132">we</token>
<token t_id="134" sentence="4" number="133">are</token>
<token t_id="135" sentence="4" number="134">stopping</token>
<token t_id="136" sentence="4" number="135">,</token>
<token t_id="137" sentence="4" number="136">we</token>
<token t_id="138" sentence="4" number="137">look</token>
<token t_id="139" sentence="4" number="138">down</token>
<token t_id="140" sentence="4" number="139">upon</token>
<token t_id="141" sentence="4" number="140">a</token>
<token t_id="142" sentence="4" number="141">series</token>
<token t_id="143" sentence="4" number="142">of</token>
<token t_id="144" sentence="4" number="143">terraced</token>
<token t_id="145" sentence="4" number="144">gardens</token>
<token t_id="146" sentence="4" number="145">,</token>
<token t_id="147" sentence="4" number="146">some</token>
<token t_id="148" sentence="4" number="147">of</token>
<token t_id="149" sentence="4" number="148">them</token>
<token t_id="150" sentence="4" number="149">very</token>
<token t_id="151" sentence="4" number="150">poor</token>
<token t_id="152" sentence="4" number="151">little</token>
<token t_id="153" sentence="4" number="152">gardens</token>
<token t_id="154" sentence="4" number="153">with</token>
<token t_id="155" sentence="4" number="154">a</token>
<token t_id="156" sentence="4" number="155">few</token>
<token t_id="157" sentence="4" number="156">vegetables</token>
<token t_id="158" sentence="4" number="157">,</token>
<token t_id="159" sentence="4" number="158">among</token>
<token t_id="160" sentence="4" number="159">them</token>
<token t_id="161" sentence="4" number="160">the</token>
<token t_id="162" sentence="4" number="161">omnipresent</token>
<token t_id="163" sentence="4" number="162">and</token>
<token t_id="164" sentence="4" number="163">much</token>
<token t_id="165" sentence="4" number="164">beloved</token>
<token t_id="166" sentence="4" number="165">artichoke</token>
<token t_id="167" sentence="4" number="166">,</token>
<token t_id="168" sentence="4" number="167">the</token>
<token t_id="169" sentence="4" number="168">fennel</token>
<token t_id="170" sentence="4" number="169">,</token>
<token t_id="171" sentence="4" number="170">like</token>
<token t_id="172" sentence="4" number="171">a</token>
<token t_id="173" sentence="4" number="172">coarse</token>
<token t_id="174" sentence="4" number="173">celery</token>
<token t_id="175" sentence="4" number="174">,</token>
<token t_id="176" sentence="4" number="175">and</token>
<token t_id="177" sentence="4" number="176">lettuce</token>
<token t_id="178" sentence="4" number="177">.</token>
<token t_id="179" sentence="5" number="178">Roses</token>
<token t_id="180" sentence="5" number="179">are</token>
<token t_id="181" sentence="5" number="180">climbing</token>
<token t_id="182" sentence="5" number="181">all</token>
<token t_id="183" sentence="5" number="182">over</token>
<token t_id="184" sentence="5" number="183">the</token>
<token t_id="185" sentence="5" number="184">walls</token>
<token t_id="186" sentence="5" number="185">of</token>
<token t_id="187" sentence="5" number="186">these</token>
<token t_id="188" sentence="5" number="187">hillside</token>
<token t_id="189" sentence="5" number="188">gardens</token>
<token t_id="190" sentence="5" number="189">,</token>
<token t_id="191" sentence="5" number="190">and</token>
<token t_id="192" sentence="5" number="191">in</token>
<token t_id="193" sentence="5" number="192">many</token>
<token t_id="194" sentence="5" number="193">of</token>
<token t_id="195" sentence="5" number="194">them</token>
<token t_id="196" sentence="5" number="195">orange-trees</token>
<token t_id="197" sentence="5" number="196">are</token>
<token t_id="198" sentence="5" number="197">blooming</token>
<token t_id="199" sentence="5" number="198">,</token>
<token t_id="200" sentence="5" number="199">spreading</token>
<token t_id="201" sentence="5" number="200">around</token>
<token t_id="202" sentence="5" number="201">them</token>
<token t_id="203" sentence="5" number="202">a</token>
<token t_id="204" sentence="5" number="203">delicious</token>
<token t_id="205" sentence="5" number="204">perfume</token>
<token t_id="206" sentence="5" number="205">.</token>
<token t_id="207" sentence="6" number="206">Here</token>
<token t_id="208" sentence="6" number="207">on</token>
<token t_id="209" sentence="6" number="208">the</token>
<token t_id="210" sentence="6" number="209">heights</token>
<token t_id="211" sentence="6" number="210">we</token>
<token t_id="212" sentence="6" number="211">have</token>
<token t_id="213" sentence="6" number="212">none</token>
<token t_id="214" sentence="6" number="213">of</token>
<token t_id="215" sentence="6" number="214">the</token>
<token t_id="216" sentence="6" number="215">disadvantages</token>
<token t_id="217" sentence="6" number="216">of</token>
<token t_id="218" sentence="6" number="217">Naples</token>
<token t_id="219" sentence="6" number="218">,</token>
<token t_id="220" sentence="6" number="219">the</token>
<token t_id="221" sentence="6" number="220">noise</token>
<token t_id="222" sentence="6" number="221">,</token>
<token t_id="223" sentence="6" number="222">the</token>
<token t_id="224" sentence="6" number="223">unsavory</token>
<token t_id="225" sentence="6" number="224">odors</token>
<token t_id="226" sentence="6" number="225">,</token>
<token t_id="227" sentence="6" number="226">or</token>
<token t_id="228" sentence="6" number="227">the</token>
<token t_id="229" sentence="6" number="228">uncleanliness</token>
<token t_id="230" sentence="6" number="229">.</token>
<token t_id="231" sentence="7" number="230">Above</token>
<token t_id="232" sentence="7" number="231">this</token>
<token t_id="233" sentence="7" number="232">strada</token>
<token t_id="234" sentence="7" number="233">,</token>
<token t_id="235" sentence="7" number="234">which</token>
<token t_id="236" sentence="7" number="235">is</token>
<token t_id="237" sentence="7" number="236">the</token>
<token t_id="238" sentence="7" number="237">name</token>
<token t_id="239" sentence="7" number="238">by</token>
<token t_id="240" sentence="7" number="239">which</token>
<token t_id="241" sentence="7" number="240">the</token>
<token t_id="242" sentence="7" number="241">Neapolitans</token>
<token t_id="243" sentence="7" number="242">call</token>
<token t_id="244" sentence="7" number="243">their</token>
<token t_id="245" sentence="7" number="244">streets</token>
<token t_id="246" sentence="7" number="245">,</token>
<token t_id="247" sentence="7" number="246">the</token>
<token t_id="248" sentence="7" number="247">hills</token>
<token t_id="249" sentence="7" number="248">tower</token>
<token t_id="250" sentence="7" number="249">for</token>
<token t_id="251" sentence="7" number="250">many</token>
<token t_id="252" sentence="7" number="251">feet</token>
<token t_id="253" sentence="7" number="252">,</token>
<token t_id="254" sentence="7" number="253">and</token>
<token t_id="255" sentence="7" number="254">way</token>
<token t_id="256" sentence="7" number="255">up</token>
<token t_id="257" sentence="7" number="256">on</token>
<token t_id="258" sentence="7" number="257">their</token>
<token t_id="259" sentence="7" number="258">crests</token>
<token t_id="260" sentence="7" number="259">are</token>
<token t_id="261" sentence="7" number="260">the</token>
<token t_id="262" sentence="7" number="261">Castle</token>
<token t_id="263" sentence="7" number="262">of</token>
<token t_id="264" sentence="7" number="263">St.</token>
<token t_id="265" sentence="7" number="264">Elmo</token>
<token t_id="266" sentence="7" number="265">and</token>
<token t_id="267" sentence="7" number="266">the</token>
<token t_id="268" sentence="7" number="267">old</token>
<token t_id="269" sentence="7" number="268">Carthusian</token>
<token t_id="270" sentence="7" number="269">monastery</token>
<token t_id="271" sentence="7" number="270">of</token>
<token t_id="272" sentence="7" number="271">San</token>
<token t_id="273" sentence="7" number="272">Martino</token>
<token t_id="274" sentence="7" number="273">.</token>
<token t_id="275" sentence="8" number="274">We</token>
<token t_id="276" sentence="8" number="275">visited</token>
<token t_id="277" sentence="8" number="276">San</token>
<token t_id="278" sentence="8" number="277">Martino</token>
<token t_id="279" sentence="8" number="278">the</token>
<token t_id="280" sentence="8" number="279">day</token>
<token t_id="281" sentence="8" number="280">after</token>
<token t_id="282" sentence="8" number="281">our</token>
<token t_id="283" sentence="8" number="282">arrival</token>
<token t_id="284" sentence="8" number="283">,</token>
<token t_id="285" sentence="8" number="284">because</token>
<token t_id="286" sentence="8" number="285">Zelphine</token>
<token t_id="287" sentence="8" number="286">had</token>
<token t_id="288" sentence="8" number="287">an</token>
<token t_id="289" sentence="8" number="288">irrepressible</token>
<token t_id="290" sentence="8" number="289">desire</token>
<token t_id="291" sentence="8" number="290">to</token>
<token t_id="292" sentence="8" number="291">get</token>
<token t_id="293" sentence="8" number="292">to</token>
<token t_id="294" sentence="8" number="293">the</token>
<token t_id="295" sentence="8" number="294">tip-top</token>
<token t_id="296" sentence="8" number="295">of</token>
<token t_id="297" sentence="8" number="296">everything</token>
<token t_id="298" sentence="8" number="297">and</token>
<token t_id="299" sentence="8" number="298">view</token>
<token t_id="300" sentence="8" number="299">both</token>
<token t_id="301" sentence="8" number="300">the</token>
<token t_id="302" sentence="8" number="301">city</token>
<token t_id="303" sentence="8" number="302">and</token>
<token t_id="304" sentence="8" number="303">bay</token>
<token t_id="305" sentence="8" number="304">from</token>
<token t_id="306" sentence="8" number="305">the</token>
<token t_id="307" sentence="8" number="306">heights</token>
<token t_id="308" sentence="8" number="307">above</token>
<token t_id="309" sentence="8" number="308">us</token>
<token t_id="310" sentence="8" number="309">.</token>
<token t_id="311" sentence="9" number="310">The</token>
<token t_id="312" sentence="9" number="311">ascent</token>
<token t_id="313" sentence="9" number="312">was</token>
<token t_id="314" sentence="9" number="313">made</token>
<token t_id="315" sentence="9" number="314">in</token>
<token t_id="316" sentence="9" number="315">one</token>
<token t_id="317" sentence="9" number="316">of</token>
<token t_id="318" sentence="9" number="317">the</token>
<token t_id="319" sentence="9" number="318">funicolari</token>
<token t_id="320" sentence="9" number="319">,</token>
<token t_id="321" sentence="9" number="320">cable</token>
<token t_id="322" sentence="9" number="321">trams</token>
<token t_id="323" sentence="9" number="322">,</token>
<token t_id="324" sentence="9" number="323">which</token>
<token t_id="325" sentence="9" number="324">are</token>
<token t_id="326" sentence="9" number="325">used</token>
<token t_id="327" sentence="9" number="326">so</token>
<token t_id="328" sentence="9" number="327">much</token>
<token t_id="329" sentence="9" number="328">over</token>
<token t_id="330" sentence="9" number="329">here</token>
<token t_id="331" sentence="9" number="330">.</token>
<token t_id="332" sentence="10" number="331">They</token>
<token t_id="333" sentence="10" number="332">are</token>
<token t_id="334" sentence="10" number="333">rather</token>
<token t_id="335" sentence="10" number="334">terrifying</token>
<token t_id="336" sentence="10" number="335">at</token>
<token t_id="337" sentence="10" number="336">first</token>
<token t_id="338" sentence="10" number="337">,</token>
<token t_id="339" sentence="10" number="338">but</token>
<token t_id="340" sentence="10" number="339">are</token>
<token t_id="341" sentence="10" number="340">said</token>
<token t_id="342" sentence="10" number="341">to</token>
<token t_id="343" sentence="10" number="342">be</token>
<token t_id="344" sentence="10" number="343">quite</token>
<token t_id="345" sentence="10" number="344">safe</token>
<token t_id="346" sentence="10" number="345">,</token>
<token t_id="347" sentence="10" number="346">and</token>
<token t_id="348" sentence="10" number="347">are</token>
<token t_id="349" sentence="10" number="348">,</token>
<token t_id="350" sentence="10" number="349">I</token>
<token t_id="351" sentence="10" number="350">believe</token>
<token t_id="352" sentence="10" number="351">,</token>
<token t_id="353" sentence="10" number="352">less</token>
<token t_id="354" sentence="10" number="353">dangerous</token>
<token t_id="355" sentence="10" number="354">than</token>
<token t_id="356" sentence="10" number="355">many</token>
<token t_id="357" sentence="10" number="356">of</token>
<token t_id="358" sentence="10" number="357">our</token>
<token t_id="359" sentence="10" number="358">elevators</token>
<token t_id="360" sentence="10" number="359">.</token>
<token t_id="361" sentence="11" number="360">[</token>
<token t_id="362" sentence="11" number="361">Illustration</token>
<token t_id="363" sentence="11" number="362">:</token>
<token t_id="364" sentence="11" number="363">The</token>
<token t_id="365" sentence="11" number="364">Bay</token>
<token t_id="366" sentence="11" number="365">of</token>
<token t_id="367" sentence="11" number="366">Naples</token>
<token t_id="368" sentence="11" number="367">]</token>
<token t_id="369" sentence="11" number="368">The</token>
<token t_id="370" sentence="11" number="369">old</token>
<token t_id="371" sentence="11" number="370">monastery</token>
<token t_id="372" sentence="11" number="371">is</token>
<token t_id="373" sentence="11" number="372">now</token>
<token t_id="374" sentence="11" number="373">a</token>
<token t_id="375" sentence="11" number="374">museum</token>
<token t_id="376" sentence="11" number="375">,</token>
<token t_id="377" sentence="11" number="376">under</token>
<token t_id="378" sentence="11" number="377">the</token>
<token t_id="379" sentence="11" number="378">management</token>
<token t_id="380" sentence="11" number="379">of</token>
<token t_id="381" sentence="11" number="380">the</token>
<token t_id="382" sentence="11" number="381">Museo</token>
<token t_id="383" sentence="11" number="382">Nazionale</token>
<token t_id="384" sentence="11" number="383">,</token>
<token t_id="385" sentence="11" number="384">and</token>
<token t_id="386" sentence="11" number="385">contains</token>
<token t_id="387" sentence="11" number="386">many</token>
<token t_id="388" sentence="11" number="387">paintings</token>
<token t_id="389" sentence="11" number="388">,</token>
<token t_id="390" sentence="11" number="389">porcelains</token>
<token t_id="391" sentence="11" number="390">,</token>
<token t_id="392" sentence="11" number="391">carvings</token>
<token t_id="393" sentence="11" number="392">,</token>
<token t_id="394" sentence="11" number="393">and</token>
<token t_id="395" sentence="11" number="394">other</token>
<token t_id="396" sentence="11" number="395">antiques</token>
<token t_id="397" sentence="11" number="396">.</token>
<token t_id="398" sentence="12" number="397">We</token>
<token t_id="399" sentence="12" number="398">neglected</token>
<token t_id="400" sentence="12" number="399">the</token>
<token t_id="401" sentence="12" number="400">treasures</token>
<token t_id="402" sentence="12" number="401">within</token>
<token t_id="403" sentence="12" number="402">for</token>
<token t_id="404" sentence="12" number="403">the</token>
<token t_id="405" sentence="12" number="404">greater</token>
<token t_id="406" sentence="12" number="405">pleasure</token>
<token t_id="407" sentence="12" number="406">of</token>
<token t_id="408" sentence="12" number="407">wandering</token>
<token t_id="409" sentence="12" number="408">at</token>
<token t_id="410" sentence="12" number="409">will</token>
<token t_id="411" sentence="12" number="410">through</token>
<token t_id="412" sentence="12" number="411">the</token>
<token t_id="413" sentence="12" number="412">charming</token>
<token t_id="414" sentence="12" number="413">,</token>
<token t_id="415" sentence="12" number="414">picturesque</token>
<token t_id="416" sentence="12" number="415">cloisters</token>
<token t_id="417" sentence="12" number="416">,</token>
<token t_id="418" sentence="12" number="417">which</token>
<token t_id="419" sentence="12" number="418">are</token>
<token t_id="420" sentence="12" number="419">richly</token>
<token t_id="421" sentence="12" number="420">carved</token>
<token t_id="422" sentence="12" number="421">and</token>
<token t_id="423" sentence="12" number="422">of</token>
<token t_id="424" sentence="12" number="423">a</token>
<token t_id="425" sentence="12" number="424">stone</token>
<token t_id="426" sentence="12" number="425">warm</token>
<token t_id="427" sentence="12" number="426">and</token>
<token t_id="428" sentence="12" number="427">creamy</token>
<token t_id="429" sentence="12" number="428">in</token>
<token t_id="430" sentence="12" number="429">tone</token>
<token t_id="431" sentence="12" number="430">,</token>
<token t_id="432" sentence="12" number="431">so</token>
<token t_id="433" sentence="12" number="432">different</token>
<token t_id="434" sentence="12" number="433">from</token>
<token t_id="435" sentence="12" number="434">the</token>
<token t_id="436" sentence="12" number="435">heavy</token>
<token t_id="437" sentence="12" number="436">,</token>
<token t_id="438" sentence="12" number="437">dark</token>
<token t_id="439" sentence="12" number="438">cloisters</token>
<token t_id="440" sentence="12" number="439">one</token>
<token t_id="441" sentence="12" number="440">sees</token>
<token t_id="442" sentence="12" number="441">in</token>
<token t_id="443" sentence="12" number="442">England</token>
<token t_id="444" sentence="12" number="443">and</token>
<token t_id="445" sentence="12" number="444">elsewhere</token>
<token t_id="446" sentence="12" number="445">.</token>
<token t_id="447" sentence="13" number="446">Most</token>
<token t_id="448" sentence="13" number="447">of</token>
<token t_id="449" sentence="13" number="448">our</token>
<token t_id="450" sentence="13" number="449">morning</token>
<token t_id="451" sentence="13" number="450">was</token>
<token t_id="452" sentence="13" number="451">spent</token>
<token t_id="453" sentence="13" number="452">basking</token>
<token t_id="454" sentence="13" number="453">in</token>
<token t_id="455" sentence="13" number="454">the</token>
<token t_id="456" sentence="13" number="455">sunshine</token>
<token t_id="457" sentence="13" number="456">of</token>
<token t_id="458" sentence="13" number="457">the</token>
<token t_id="459" sentence="13" number="458">court</token>
<token t_id="460" sentence="13" number="459">;</token>
<token t_id="461" sentence="13" number="460">we</token>
<token t_id="462" sentence="13" number="461">could</token>
<token t_id="463" sentence="13" number="462">fancy</token>
<token t_id="464" sentence="13" number="463">the</token>
<token t_id="465" sentence="13" number="464">old</token>
<token t_id="466" sentence="13" number="465">monks</token>
<token t_id="467" sentence="13" number="466">enjoying</token>
<token t_id="468" sentence="13" number="467">,</token>
<token t_id="469" sentence="13" number="468">as</token>
<token t_id="470" sentence="13" number="469">we</token>
<token t_id="471" sentence="13" number="470">did</token>
<token t_id="472" sentence="13" number="471">,</token>
<token t_id="473" sentence="13" number="472">the</token>
<token t_id="474" sentence="13" number="473">genial</token>
<token t_id="475" sentence="13" number="474">warmth</token>
<token t_id="476" sentence="13" number="475">that</token>
<token t_id="477" sentence="13" number="476">in</token>
<token t_id="478" sentence="13" number="477">the</token>
<token t_id="479" sentence="13" number="478">Southern</token>
<token t_id="480" sentence="13" number="479">Italian</token>
<token t_id="481" sentence="13" number="480">winter</token>
<token t_id="482" sentence="13" number="481">is</token>
<token t_id="483" sentence="13" number="482">only</token>
<token t_id="484" sentence="13" number="483">to</token>
<token t_id="485" sentence="13" number="484">be</token>
<token t_id="486" sentence="13" number="485">found</token>
<token t_id="487" sentence="13" number="486">out</token>
<token t_id="488" sentence="13" number="487">of</token>
<token t_id="489" sentence="13" number="488">doors</token>
<token t_id="490" sentence="13" number="489">.</token>
<token t_id="491" sentence="14" number="490">The</token>
<token t_id="492" sentence="14" number="491">museum</token>
<token t_id="493" sentence="14" number="492">itself</token>
<token t_id="494" sentence="14" number="493">was</token>
<token t_id="495" sentence="14" number="494">damp</token>
<token t_id="496" sentence="14" number="495">,</token>
<token t_id="497" sentence="14" number="496">as</token>
<token t_id="498" sentence="14" number="497">are</token>
<token t_id="499" sentence="14" number="498">all</token>
<token t_id="500" sentence="14" number="499">the</token>
<token t_id="501" sentence="14" number="500">galleries</token>
<token t_id="502" sentence="14" number="501">at</token>
<token t_id="503" sentence="14" number="502">this</token>
<token t_id="504" sentence="14" number="503">season</token>
<token t_id="505" sentence="14" number="504">.</token>
<token t_id="506" sentence="15" number="505">In</token>
<token t_id="507" sentence="15" number="506">this</token>
<token t_id="508" sentence="15" number="507">court</token>
<token t_id="509" sentence="15" number="508">are</token>
<token t_id="510" sentence="15" number="509">a</token>
<token t_id="511" sentence="15" number="510">number</token>
<token t_id="512" sentence="15" number="511">of</token>
<token t_id="513" sentence="15" number="512">handsome</token>
<token t_id="514" sentence="15" number="513">sarcophagi</token>
<token t_id="515" sentence="15" number="514">,</token>
<token t_id="516" sentence="15" number="515">with</token>
<token t_id="517" sentence="15" number="516">inscriptions</token>
<token t_id="518" sentence="15" number="517">and</token>
<token t_id="519" sentence="15" number="518">coats-of-arms</token>
<token t_id="520" sentence="15" number="519">carved</token>
<token t_id="521" sentence="15" number="520">in</token>
<token t_id="522" sentence="15" number="521">the</token>
<token t_id="523" sentence="15" number="522">marble</token>
<token t_id="524" sentence="15" number="523">;</token>
<token t_id="525" sentence="15" number="524">from</token>
<token t_id="526" sentence="15" number="525">hence</token>
<token t_id="527" sentence="15" number="526">we</token>
<token t_id="528" sentence="15" number="527">passed</token>
<token t_id="529" sentence="15" number="528">into</token>
<token t_id="530" sentence="15" number="529">the</token>
<token t_id="531" sentence="15" number="530">Belvedere</token>
<token t_id="532" sentence="15" number="531">,</token>
<token t_id="533" sentence="15" number="532">whose</token>
<token t_id="534" sentence="15" number="533">balconies</token>
<token t_id="535" sentence="15" number="534">command</token>
<token t_id="536" sentence="15" number="535">an</token>
<token t_id="537" sentence="15" number="536">exquisite</token>
<token t_id="538" sentence="15" number="537">view</token>
<token t_id="539" sentence="15" number="538">of</token>
<token t_id="540" sentence="15" number="539">the</token>
<token t_id="541" sentence="15" number="540">city</token>
<token t_id="542" sentence="15" number="541">and</token>
<token t_id="543" sentence="15" number="542">bay</token>
<token t_id="544" sentence="15" number="543">.</token>
<token t_id="545" sentence="16" number="544">We</token>
<token t_id="546" sentence="16" number="545">gazed</token>
<token t_id="547" sentence="16" number="546">long</token>
<token t_id="548" sentence="16" number="547">at</token>
<token t_id="549" sentence="16" number="548">the</token>
<token t_id="550" sentence="16" number="549">noble</token>
<token t_id="551" sentence="16" number="550">panorama</token>
<token t_id="552" sentence="16" number="551">spread</token>
<token t_id="553" sentence="16" number="552">before</token>
<token t_id="554" sentence="16" number="553">us</token>
<token t_id="555" sentence="16" number="554">,</token>
<token t_id="556" sentence="16" number="555">from</token>
<token t_id="557" sentence="16" number="556">Posilipo</token>
<token t_id="558" sentence="16" number="557">to</token>
<token t_id="559" sentence="16" number="558">the</token>
<token t_id="560" sentence="16" number="559">hill</token>
<token t_id="561" sentence="16" number="560">of</token>
<token t_id="562" sentence="16" number="561">Capodimonte</token>
<token t_id="563" sentence="16" number="562">.</token>
<token t_id="564" sentence="17" number="563">Over</token>
<token t_id="565" sentence="17" number="564">across</token>
<token t_id="566" sentence="17" number="565">the</token>
<token t_id="567" sentence="17" number="566">bay</token>
<token t_id="568" sentence="17" number="567">were</token>
<token t_id="569" sentence="17" number="568">Ischia</token>
<token t_id="570" sentence="17" number="569">and</token>
<token t_id="571" sentence="17" number="570">Capri</token>
<token t_id="572" sentence="17" number="571">,</token>
<token t_id="573" sentence="17" number="572">blue</token>
<token t_id="574" sentence="17" number="573">as</token>
<token t_id="575" sentence="17" number="574">its</token>
<token t_id="576" sentence="17" number="575">own</token>
<token t_id="577" sentence="17" number="576">grotto</token>
<token t_id="578" sentence="17" number="577">,</token>
<token t_id="579" sentence="17" number="578">with</token>
<token t_id="580" sentence="17" number="579">Sorrento</token>
<token t_id="581" sentence="17" number="580">'s</token>
<token t_id="582" sentence="17" number="581">long</token>
<token t_id="583" sentence="17" number="582">point</token>
<token t_id="584" sentence="17" number="583">of</token>
<token t_id="585" sentence="17" number="584">land</token>
<token t_id="586" sentence="17" number="585">reaching</token>
<token t_id="587" sentence="17" number="586">out</token>
<token t_id="588" sentence="17" number="587">into</token>
<token t_id="589" sentence="17" number="588">the</token>
<token t_id="590" sentence="17" number="589">sea</token>
<token t_id="591" sentence="17" number="590">,</token>
<token t_id="592" sentence="17" number="591">and</token>
<token t_id="593" sentence="17" number="592">off</token>
<token t_id="594" sentence="17" number="593">in</token>
<token t_id="595" sentence="17" number="594">the</token>
<token t_id="596" sentence="17" number="595">far</token>
<token t_id="597" sentence="17" number="596">distance</token>
<token t_id="598" sentence="17" number="597">the</token>
<token t_id="599" sentence="17" number="598">snow-line</token>
<token t_id="600" sentence="17" number="599">of</token>
<token t_id="601" sentence="17" number="600">the</token>
<token t_id="602" sentence="17" number="601">Apennines</token>
<token t_id="603" sentence="17" number="602">.</token>
<token t_id="604" sentence="18" number="603">To</token>
<token t_id="605" sentence="18" number="604">our</token>
<token t_id="606" sentence="18" number="605">left</token>
<token t_id="607" sentence="18" number="606">,</token>
<token t_id="608" sentence="18" number="607">Vesuvius</token>
<token t_id="609" sentence="18" number="608">,</token>
<token t_id="610" sentence="18" number="609">with</token>
<token t_id="611" sentence="18" number="610">its</token>
<token t_id="612" sentence="18" number="611">three</token>
<token t_id="613" sentence="18" number="612">peaks</token>
<token t_id="614" sentence="18" number="613">,</token>
<token t_id="615" sentence="18" number="614">was</token>
<token t_id="616" sentence="18" number="615">smoking</token>
<token t_id="617" sentence="18" number="616">away</token>
<token t_id="618" sentence="18" number="617">as</token>
<token t_id="619" sentence="18" number="618">peacefully</token>
<token t_id="620" sentence="18" number="619">as</token>
<token t_id="621" sentence="18" number="620">a</token>
<token t_id="622" sentence="18" number="621">Hollander</token>
<token t_id="623" sentence="18" number="622">on</token>
<token t_id="624" sentence="18" number="623">his</token>
<token t_id="625" sentence="18" number="624">hooge</token>
<token t_id="626" sentence="18" number="625">stoep</token>
<token t_id="627" sentence="18" number="626">.</token>
<token t_id="628" sentence="19" number="627">Seeing</token>
<token t_id="629" sentence="19" number="628">them</token>
<token t_id="630" sentence="19" number="629">by</token>
<token t_id="631" sentence="19" number="630">day</token>
<token t_id="632" sentence="19" number="631">it</token>
<token t_id="633" sentence="19" number="632">is</token>
<token t_id="634" sentence="19" number="633">hard</token>
<token t_id="635" sentence="19" number="634">to</token>
<token t_id="636" sentence="19" number="635">believe</token>
<token t_id="637" sentence="19" number="636">that</token>
<token t_id="638" sentence="19" number="637">these</token>
<token t_id="639" sentence="19" number="638">fair</token>
<token t_id="640" sentence="19" number="639">blue</token>
<token t_id="641" sentence="19" number="640">hills</token>
<token t_id="642" sentence="19" number="641">could</token>
<token t_id="643" sentence="19" number="642">have</token>
<token t_id="644" sentence="19" number="643">wrought</token>
<token t_id="645" sentence="19" number="644">sudden</token>
<token t_id="646" sentence="19" number="645">destruction</token>
<token t_id="647" sentence="19" number="646">upon</token>
<token t_id="648" sentence="19" number="647">the</token>
<token t_id="649" sentence="19" number="648">cities</token>
<token t_id="650" sentence="19" number="649">of</token>
<token t_id="651" sentence="19" number="650">the</token>
<token t_id="652" sentence="19" number="651">plain</token>
<token t_id="653" sentence="19" number="652">;</token>
<token t_id="654" sentence="19" number="653">but</token>
<token t_id="655" sentence="19" number="654">last</token>
<token t_id="656" sentence="19" number="655">night</token>
<token t_id="657" sentence="19" number="656">,</token>
<token t_id="658" sentence="19" number="657">when</token>
<token t_id="659" sentence="19" number="658">flames</token>
<token t_id="660" sentence="19" number="659">flashed</token>
<token t_id="661" sentence="19" number="660">up</token>
<token t_id="662" sentence="19" number="661">skyward</token>
<token t_id="663" sentence="19" number="662">from</token>
<token t_id="664" sentence="19" number="663">the</token>
<token t_id="665" sentence="19" number="664">smoking</token>
<token t_id="666" sentence="19" number="665">crater</token>
<token t_id="667" sentence="19" number="666">,</token>
<token t_id="668" sentence="19" number="667">I</token>
<token t_id="669" sentence="19" number="668">must</token>
<token t_id="670" sentence="19" number="669">confess</token>
<token t_id="671" sentence="19" number="670">that</token>
<token t_id="672" sentence="19" number="671">we</token>
<token t_id="673" sentence="19" number="672">had</token>
<token t_id="674" sentence="19" number="673">some</token>
<token t_id="675" sentence="19" number="674">misgivings</token>
<token t_id="676" sentence="19" number="675">.</token>
<token t_id="677" sentence="20" number="676">When</token>
<token t_id="678" sentence="20" number="677">we</token>
<token t_id="679" sentence="20" number="678">beheld</token>
<token t_id="680" sentence="20" number="679">these</token>
<token t_id="681" sentence="20" number="680">danger-signals</token>
<token t_id="682" sentence="20" number="681">,</token>
<token t_id="683" sentence="20" number="682">as</token>
<token t_id="684" sentence="20" number="683">they</token>
<token t_id="685" sentence="20" number="684">seemed</token>
<token t_id="686" sentence="20" number="685">to</token>
<token t_id="687" sentence="20" number="686">us</token>
<token t_id="688" sentence="20" number="687">,</token>
<token t_id="689" sentence="20" number="688">we</token>
<token t_id="690" sentence="20" number="689">carried</token>
<token t_id="691" sentence="20" number="690">our</token>
<token t_id="692" sentence="20" number="691">fears</token>
<token t_id="693" sentence="20" number="692">and</token>
<token t_id="694" sentence="20" number="693">our</token>
<token t_id="695" sentence="20" number="694">queries</token>
<token t_id="696" sentence="20" number="695">to</token>
<token t_id="697" sentence="20" number="696">the</token>
<token t_id="698" sentence="20" number="697">padrone</token>
<token t_id="699" sentence="20" number="698">and</token>
<token t_id="700" sentence="20" number="699">the</token>
<token t_id="701" sentence="20" number="700">concierge</token>
<token t_id="702" sentence="20" number="701">,</token>
<token t_id="703" sentence="20" number="702">who</token>
<token t_id="704" sentence="20" number="703">both</token>
<token t_id="705" sentence="20" number="704">assured</token>
<token t_id="706" sentence="20" number="705">us</token>
<token t_id="707" sentence="20" number="706">,</token>
<token t_id="708" sentence="20" number="707">to</token>
<token t_id="709" sentence="20" number="708">their</token>
<token t_id="710" sentence="20" number="709">own</token>
<token t_id="711" sentence="20" number="710">satisfaction</token>
<token t_id="712" sentence="20" number="711">if</token>
<token t_id="713" sentence="20" number="712">not</token>
<token t_id="714" sentence="20" number="713">entirely</token>
<token t_id="715" sentence="20" number="714">to</token>
<token t_id="716" sentence="20" number="715">ours</token>
<token t_id="717" sentence="20" number="716">,</token>
<token t_id="718" sentence="20" number="717">that</token>
<token t_id="719" sentence="20" number="718">Vesuvius</token>
<token t_id="720" sentence="20" number="719">has</token>
<token t_id="721" sentence="20" number="720">never</token>
<token t_id="722" sentence="20" number="721">erupted</token>
<token t_id="723" sentence="20" number="722">in</token>
<token t_id="724" sentence="20" number="723">the</token>
<token t_id="725" sentence="20" number="724">direction</token>
<token t_id="726" sentence="20" number="725">of</token>
<token t_id="727" sentence="20" number="726">Naples</token>
<token t_id="728" sentence="20" number="727">,</token>
<token t_id="729" sentence="20" number="728">evidently</token>
<token t_id="730" sentence="20" number="729">feeling</token>
<token t_id="731" sentence="20" number="730">that</token>
<token t_id="732" sentence="20" number="731">Italian</token>
<token t_id="733" sentence="20" number="732">volcanoes</token>
<token t_id="734" sentence="20" number="733">,</token>
<token t_id="735" sentence="20" number="734">like</token>
<token t_id="736" sentence="20" number="735">Italian</token>
<token t_id="737" sentence="20" number="736">people</token>
<token t_id="738" sentence="20" number="737">,</token>
<token t_id="739" sentence="20" number="738">are</token>
<token t_id="740" sentence="20" number="739">not</token>
<token t_id="741" sentence="20" number="740">in</token>
<token t_id="742" sentence="20" number="741">the</token>
<token t_id="743" sentence="20" number="742">habit</token>
<token t_id="744" sentence="20" number="743">of</token>
<token t_id="745" sentence="20" number="744">changing</token>
<token t_id="746" sentence="20" number="745">their</token>
<token t_id="747" sentence="20" number="746">ways</token>
<token t_id="748" sentence="20" number="747">.</token>
<token t_id="749" sentence="21" number="748">Standing</token>
<token t_id="750" sentence="21" number="749">upon</token>
<token t_id="751" sentence="21" number="750">the</token>
<token t_id="752" sentence="21" number="751">Belvedere</token>
<token t_id="753" sentence="21" number="752">of</token>
<token t_id="754" sentence="21" number="753">San</token>
<token t_id="755" sentence="21" number="754">Martino</token>
<token t_id="756" sentence="21" number="755">,</token>
<token t_id="757" sentence="21" number="756">we</token>
<token t_id="758" sentence="21" number="757">were</token>
<token t_id="759" sentence="21" number="758">able</token>
<token t_id="760" sentence="21" number="759">to</token>
<token t_id="761" sentence="21" number="760">form</token>
<token t_id="762" sentence="21" number="761">some</token>
<token t_id="763" sentence="21" number="762">idea</token>
<token t_id="764" sentence="21" number="763">of</token>
<token t_id="765" sentence="21" number="764">the</token>
<token t_id="766" sentence="21" number="765">great</token>
<token t_id="767" sentence="21" number="766">width</token>
<token t_id="768" sentence="21" number="767">of</token>
<token t_id="769" sentence="21" number="768">the</token>
<token t_id="770" sentence="21" number="769">bay</token>
<token t_id="771" sentence="21" number="770">,</token>
<token t_id="772" sentence="21" number="771">where</token>
<token t_id="773" sentence="21" number="772">just</token>
<token t_id="774" sentence="21" number="773">now</token>
<token t_id="775" sentence="21" number="774">"</token>
<token t_id="776" sentence="21" number="775">William</token>
<token t_id="777" sentence="21" number="776">'s</token>
<token t_id="778" sentence="21" number="777">yacht</token>
<token t_id="779" sentence="21" number="778">,</token>
<token t_id="780" sentence="21" number="779">"</token>
<token t_id="781" sentence="21" number="780">as</token>
<token t_id="782" sentence="21" number="781">one</token>
<token t_id="783" sentence="21" number="782">of</token>
<token t_id="784" sentence="21" number="783">our</token>
<token t_id="785" sentence="21" number="784">English</token>
<token t_id="786" sentence="21" number="785">friends</token>
<token t_id="787" sentence="21" number="786">always</token>
<token t_id="788" sentence="21" number="787">calls</token>
<token t_id="789" sentence="21" number="788">it</token>
<token t_id="790" sentence="21" number="789">,</token>
<token t_id="791" sentence="21" number="790">is</token>
<token t_id="792" sentence="21" number="791">riding</token>
<token t_id="793" sentence="21" number="792">at</token>
<token t_id="794" sentence="21" number="793">anchor</token>
<token t_id="795" sentence="21" number="794">.</token>
<token t_id="796" sentence="22" number="795">The</token>
<token t_id="797" sentence="22" number="796">Kaiser</token>
<token t_id="798" sentence="22" number="797">is</token>
<token t_id="799" sentence="22" number="798">making</token>
<token t_id="800" sentence="22" number="799">one</token>
<token t_id="801" sentence="22" number="800">of</token>
<token t_id="802" sentence="22" number="801">his</token>
<token t_id="803" sentence="22" number="802">rapid</token>
<token t_id="804" sentence="22" number="803">,</token>
<token t_id="805" sentence="22" number="804">semi-official</token>
<token t_id="806" sentence="22" number="805">,</token>
<token t_id="807" sentence="22" number="806">quite</token>
<token t_id="808" sentence="22" number="807">friendly</token>
<token t_id="809" sentence="22" number="808">,</token>
<token t_id="810" sentence="22" number="809">and</token>
<token t_id="811" sentence="22" number="810">wholly</token>
<token t_id="812" sentence="22" number="811">diplomatic</token>
<token t_id="813" sentence="22" number="812">visits</token>
<token t_id="814" sentence="22" number="813">to</token>
<token t_id="815" sentence="22" number="814">Rome</token>
<token t_id="816" sentence="22" number="815">,</token>
<token t_id="817" sentence="22" number="816">and</token>
<token t_id="818" sentence="22" number="817">his</token>
<token t_id="819" sentence="22" number="818">yacht</token>
<token t_id="820" sentence="22" number="819">awaits</token>
<token t_id="821" sentence="22" number="820">him</token>
<token t_id="822" sentence="22" number="821">here</token>
<token t_id="823" sentence="22" number="822">.</token>


<Markables>
<ARGUMENTATIVE m_id="58" comment="" conversational-direct="FALSE" conversational-reported="FALSE"  >
<token_anchor t_id="200"/>
<token_anchor t_id="201"/>
<token_anchor t_id="202"/>
<token_anchor t_id="203"/>
<token_anchor t_id="204"/>
<token_anchor t_id="205"/>
<token_anchor t_id="206"/>
</ARGUMENTATIVE>
<ARGUMENTATIVE m_id="62" comment="" conversational-direct="FALSE" conversational-reported="FALSE"  >
<token_anchor t_id="347"/>
<token_anchor t_id="348"/>
<token_anchor t_id="349"/>
<token_anchor t_id="353"/>
<token_anchor t_id="354"/>
<token_anchor t_id="355"/>
<token_anchor t_id="356"/>
<token_anchor t_id="357"/>
<token_anchor t_id="358"/>
<token_anchor t_id="359"/>
<token_anchor t_id="360"/>
</ARGUMENTATIVE>
<ARGUMENTATIVE m_id="31" comment="" conversational-direct="FALSE" conversational-reported="FALSE"  >
<token_anchor t_id="533"/>
<token_anchor t_id="534"/>
<token_anchor t_id="535"/>
<token_anchor t_id="536"/>
<token_anchor t_id="537"/>
<token_anchor t_id="538"/>
<token_anchor t_id="539"/>
<token_anchor t_id="540"/>
<token_anchor t_id="541"/>
<token_anchor t_id="542"/>
<token_anchor t_id="543"/>
<token_anchor t_id="544"/>
</ARGUMENTATIVE>
<ARGUMENTATIVE m_id="4" comment="" conversational-direct="FALSE" conversational-reported="FALSE"  >
<token_anchor t_id="50"/>
<token_anchor t_id="51"/>
<token_anchor t_id="52"/>
<token_anchor t_id="53"/>
<token_anchor t_id="54"/>
<token_anchor t_id="55"/>
<token_anchor t_id="56"/>
<token_anchor t_id="57"/>
<token_anchor t_id="58"/>
<token_anchor t_id="59"/>
<token_anchor t_id="60"/>
<token_anchor t_id="61"/>
<token_anchor t_id="62"/>
<token_anchor t_id="63"/>
<token_anchor t_id="64"/>
<token_anchor t_id="65"/>
<token_anchor t_id="66"/>
<token_anchor t_id="67"/>
<token_anchor t_id="68"/>
<token_anchor t_id="69"/>
<token_anchor t_id="70"/>
<token_anchor t_id="71"/>
<token_anchor t_id="72"/>
<token_anchor t_id="73"/>
<token_anchor t_id="74"/>
<token_anchor t_id="75"/>
<token_anchor t_id="76"/>
<token_anchor t_id="77"/>
<token_anchor t_id="78"/>
<token_anchor t_id="79"/>
<token_anchor t_id="80"/>
<token_anchor t_id="81"/>
<token_anchor t_id="82"/>
<token_anchor t_id="83"/>
<token_anchor t_id="84"/>
<token_anchor t_id="85"/>
<token_anchor t_id="86"/>
</ARGUMENTATIVE>
<ARGUMENTATIVE m_id="5" comment="" conversational-direct="FALSE" conversational-reported="FALSE"  >
<token_anchor t_id="87"/>
<token_anchor t_id="88"/>
<token_anchor t_id="89"/>
<token_anchor t_id="90"/>
<token_anchor t_id="91"/>
<token_anchor t_id="92"/>
<token_anchor t_id="93"/>
<token_anchor t_id="94"/>
<token_anchor t_id="95"/>
<token_anchor t_id="96"/>
<token_anchor t_id="97"/>
<token_anchor t_id="98"/>
<token_anchor t_id="99"/>
<token_anchor t_id="100"/>
<token_anchor t_id="101"/>
<token_anchor t_id="102"/>
<token_anchor t_id="103"/>
<token_anchor t_id="104"/>
<token_anchor t_id="105"/>
<token_anchor t_id="106"/>
<token_anchor t_id="107"/>
<token_anchor t_id="108"/>
<token_anchor t_id="109"/>
<token_anchor t_id="110"/>
<token_anchor t_id="111"/>
<token_anchor t_id="112"/>
<token_anchor t_id="113"/>
<token_anchor t_id="114"/>
<token_anchor t_id="115"/>
<token_anchor t_id="116"/>
<token_anchor t_id="117"/>
<token_anchor t_id="118"/>
<token_anchor t_id="119"/>
<token_anchor t_id="120"/>
<token_anchor t_id="121"/>
<token_anchor t_id="122"/>
<token_anchor t_id="123"/>
<token_anchor t_id="124"/>
<token_anchor t_id="125"/>
</ARGUMENTATIVE>
<ARGUMENTATIVE m_id="71" comment="" conversational-direct="FALSE" conversational-reported="FALSE"  >
<token_anchor t_id="6"/>
<token_anchor t_id="7"/>
<token_anchor t_id="8"/>
<token_anchor t_id="9"/>
<token_anchor t_id="10"/>
<token_anchor t_id="11"/>
<token_anchor t_id="12"/>
<token_anchor t_id="13"/>
<token_anchor t_id="14"/>
<token_anchor t_id="15"/>
<token_anchor t_id="16"/>
<token_anchor t_id="17"/>
<token_anchor t_id="18"/>
<token_anchor t_id="19"/>
<token_anchor t_id="20"/>
<token_anchor t_id="21"/>
</ARGUMENTATIVE>
<ARGUMENTATIVE m_id="72" comment="" conversational-direct="FALSE" conversational-reported="FALSE"  >
<token_anchor t_id="22"/>
<token_anchor t_id="23"/>
<token_anchor t_id="24"/>
<token_anchor t_id="25"/>
<token_anchor t_id="26"/>
<token_anchor t_id="27"/>
<token_anchor t_id="28"/>
<token_anchor t_id="29"/>
<token_anchor t_id="30"/>
<token_anchor t_id="31"/>
<token_anchor t_id="32"/>
<token_anchor t_id="33"/>
<token_anchor t_id="34"/>
</ARGUMENTATIVE>
<ARGUMENTATIVE m_id="9" comment="" conversational-direct="FALSE" conversational-reported="FALSE"  >
<token_anchor t_id="207"/>
<token_anchor t_id="208"/>
<token_anchor t_id="209"/>
<token_anchor t_id="210"/>
<token_anchor t_id="211"/>
<token_anchor t_id="212"/>
<token_anchor t_id="213"/>
<token_anchor t_id="214"/>
<token_anchor t_id="215"/>
<token_anchor t_id="216"/>
<token_anchor t_id="217"/>
<token_anchor t_id="218"/>
<token_anchor t_id="219"/>
<token_anchor t_id="220"/>
<token_anchor t_id="221"/>
<token_anchor t_id="222"/>
<token_anchor t_id="223"/>
<token_anchor t_id="224"/>
<token_anchor t_id="225"/>
<token_anchor t_id="226"/>
<token_anchor t_id="227"/>
<token_anchor t_id="228"/>
<token_anchor t_id="229"/>
<token_anchor t_id="230"/>
</ARGUMENTATIVE>
<ARGUMENTATIVE m_id="73" comment="" conversational-direct="FALSE" conversational-reported="FALSE"  >
<token_anchor t_id="506"/>
<token_anchor t_id="507"/>
<token_anchor t_id="508"/>
<token_anchor t_id="509"/>
<token_anchor t_id="510"/>
<token_anchor t_id="511"/>
<token_anchor t_id="512"/>
<token_anchor t_id="513"/>
<token_anchor t_id="514"/>
<token_anchor t_id="515"/>
</ARGUMENTATIVE>
<ARGUMENTATIVE m_id="16" comment="" conversational-direct="FALSE" conversational-reported="FALSE"  >
<token_anchor t_id="332"/>
<token_anchor t_id="333"/>
<token_anchor t_id="334"/>
<token_anchor t_id="335"/>
<token_anchor t_id="336"/>
<token_anchor t_id="337"/>
<token_anchor t_id="338"/>
</ARGUMENTATIVE>
<ARGUMENTATIVE m_id="48" comment="" conversational-direct="FALSE" conversational-reported="FALSE"  >
<token_anchor t_id="35"/>
<token_anchor t_id="36"/>
<token_anchor t_id="37"/>
<token_anchor t_id="38"/>
<token_anchor t_id="39"/>
<token_anchor t_id="40"/>
<token_anchor t_id="41"/>
<token_anchor t_id="42"/>
<token_anchor t_id="43"/>
<token_anchor t_id="44"/>
<token_anchor t_id="45"/>
<token_anchor t_id="46"/>
<token_anchor t_id="47"/>
<token_anchor t_id="48"/>
<token_anchor t_id="49"/>
</ARGUMENTATIVE>
<ARGUMENTATIVE m_id="17" comment="" conversational-direct="FALSE" conversational-reported="FALSE"  >
<token_anchor t_id="339"/>
<token_anchor t_id="340"/>
<token_anchor t_id="341"/>
<token_anchor t_id="342"/>
<token_anchor t_id="343"/>
<token_anchor t_id="344"/>
<token_anchor t_id="345"/>
<token_anchor t_id="346"/>
</ARGUMENTATIVE>
<DESCRIPTIVE m_id="27" Type="Location" comment="" conversational-direct="FALSE" conversational-reported="FALSE"  >
<token_anchor t_id="491"/>
<token_anchor t_id="492"/>
<token_anchor t_id="493"/>
<token_anchor t_id="494"/>
<token_anchor t_id="495"/>
<token_anchor t_id="496"/>
</DESCRIPTIVE>
<DESCRIPTIVE m_id="59" Type="Location" comment="" conversational-direct="FALSE" conversational-reported="FALSE"  >
<token_anchor t_id="231"/>
<token_anchor t_id="232"/>
<token_anchor t_id="233"/>
<token_anchor t_id="234"/>
<token_anchor t_id="247"/>
<token_anchor t_id="248"/>
<token_anchor t_id="249"/>
<token_anchor t_id="250"/>
<token_anchor t_id="251"/>
<token_anchor t_id="252"/>
<token_anchor t_id="253"/>
</DESCRIPTIVE>
<DESCRIPTIVE m_id="60" comment="" Type="" conversational-direct="FALSE" conversational-reported="FALSE"  >
<token_anchor t_id="235"/>
<token_anchor t_id="236"/>
<token_anchor t_id="237"/>
<token_anchor t_id="238"/>
</DESCRIPTIVE>
<DESCRIPTIVE m_id="29" Type="Other" comment="" conversational-direct="FALSE" conversational-reported="FALSE"  >
<token_anchor t_id="516"/>
<token_anchor t_id="517"/>
<token_anchor t_id="518"/>
<token_anchor t_id="519"/>
<token_anchor t_id="520"/>
<token_anchor t_id="521"/>
<token_anchor t_id="522"/>
<token_anchor t_id="523"/>
<token_anchor t_id="524"/>
</DESCRIPTIVE>
<DESCRIPTIVE m_id="32" Type="Location" comment="" conversational-direct="FALSE" conversational-reported="FALSE"  >
<token_anchor t_id="564"/>
<token_anchor t_id="565"/>
<token_anchor t_id="566"/>
<token_anchor t_id="567"/>
<token_anchor t_id="568"/>
<token_anchor t_id="569"/>
<token_anchor t_id="570"/>
<token_anchor t_id="571"/>
<token_anchor t_id="572"/>
<token_anchor t_id="573"/>
<token_anchor t_id="574"/>
<token_anchor t_id="575"/>
<token_anchor t_id="576"/>
<token_anchor t_id="577"/>
<token_anchor t_id="578"/>
</DESCRIPTIVE>
<DESCRIPTIVE m_id="64" Type="Location" comment="" conversational-direct="FALSE" conversational-reported="FALSE"  >
<token_anchor t_id="432"/>
<token_anchor t_id="433"/>
<token_anchor t_id="434"/>
<token_anchor t_id="435"/>
<token_anchor t_id="436"/>
<token_anchor t_id="437"/>
<token_anchor t_id="438"/>
<token_anchor t_id="439"/>
<token_anchor t_id="440"/>
<token_anchor t_id="441"/>
<token_anchor t_id="442"/>
<token_anchor t_id="443"/>
<token_anchor t_id="444"/>
<token_anchor t_id="445"/>
<token_anchor t_id="446"/>
</DESCRIPTIVE>
<DESCRIPTIVE m_id="33" Type="Location" comment="" conversational-direct="FALSE" conversational-reported="FALSE"  >
<token_anchor t_id="579"/>
<token_anchor t_id="580"/>
<token_anchor t_id="581"/>
<token_anchor t_id="582"/>
<token_anchor t_id="583"/>
<token_anchor t_id="584"/>
<token_anchor t_id="585"/>
<token_anchor t_id="586"/>
<token_anchor t_id="587"/>
<token_anchor t_id="588"/>
<token_anchor t_id="589"/>
<token_anchor t_id="590"/>
<token_anchor t_id="591"/>
<token_anchor t_id="592"/>
<token_anchor t_id="593"/>
<token_anchor t_id="594"/>
<token_anchor t_id="595"/>
<token_anchor t_id="596"/>
<token_anchor t_id="597"/>
<token_anchor t_id="598"/>
<token_anchor t_id="599"/>
<token_anchor t_id="600"/>
<token_anchor t_id="601"/>
<token_anchor t_id="602"/>
<token_anchor t_id="603"/>
</DESCRIPTIVE>
<DESCRIPTIVE m_id="34" Type="Location" comment="" conversational-direct="FALSE" conversational-reported="FALSE"  >
<token_anchor t_id="604"/>
<token_anchor t_id="605"/>
<token_anchor t_id="606"/>
<token_anchor t_id="607"/>
<token_anchor t_id="608"/>
<token_anchor t_id="609"/>
<token_anchor t_id="610"/>
<token_anchor t_id="611"/>
<token_anchor t_id="612"/>
<token_anchor t_id="613"/>
<token_anchor t_id="614"/>
<token_anchor t_id="615"/>
<token_anchor t_id="616"/>
<token_anchor t_id="617"/>
<token_anchor t_id="618"/>
<token_anchor t_id="619"/>
<token_anchor t_id="620"/>
<token_anchor t_id="621"/>
<token_anchor t_id="622"/>
<token_anchor t_id="623"/>
<token_anchor t_id="624"/>
<token_anchor t_id="625"/>
<token_anchor t_id="626"/>
<token_anchor t_id="627"/>
</DESCRIPTIVE>
<DESCRIPTIVE m_id="6" Type="Location" comment="" conversational-direct="FALSE" conversational-reported="FALSE"  >
<token_anchor t_id="126"/>
<token_anchor t_id="127"/>
<token_anchor t_id="128"/>
<token_anchor t_id="129"/>
<token_anchor t_id="130"/>
<token_anchor t_id="131"/>
<token_anchor t_id="137"/>
<token_anchor t_id="138"/>
<token_anchor t_id="139"/>
<token_anchor t_id="140"/>
<token_anchor t_id="141"/>
<token_anchor t_id="142"/>
<token_anchor t_id="143"/>
<token_anchor t_id="144"/>
<token_anchor t_id="145"/>
<token_anchor t_id="146"/>
<token_anchor t_id="147"/>
<token_anchor t_id="148"/>
<token_anchor t_id="149"/>
<token_anchor t_id="150"/>
<token_anchor t_id="151"/>
<token_anchor t_id="152"/>
<token_anchor t_id="153"/>
<token_anchor t_id="154"/>
<token_anchor t_id="155"/>
<token_anchor t_id="156"/>
<token_anchor t_id="157"/>
<token_anchor t_id="158"/>
<token_anchor t_id="159"/>
<token_anchor t_id="160"/>
<token_anchor t_id="161"/>
<token_anchor t_id="162"/>
<token_anchor t_id="163"/>
<token_anchor t_id="164"/>
<token_anchor t_id="165"/>
<token_anchor t_id="166"/>
<token_anchor t_id="167"/>
<token_anchor t_id="168"/>
<token_anchor t_id="169"/>
<token_anchor t_id="170"/>
<token_anchor t_id="171"/>
<token_anchor t_id="172"/>
<token_anchor t_id="173"/>
<token_anchor t_id="174"/>
<token_anchor t_id="175"/>
<token_anchor t_id="176"/>
<token_anchor t_id="177"/>
<token_anchor t_id="178"/>
</DESCRIPTIVE>
<DESCRIPTIVE m_id="7" Type="Other" comment="" conversational-direct="FALSE" conversational-reported="FALSE"  >
<token_anchor t_id="179"/>
<token_anchor t_id="180"/>
<token_anchor t_id="181"/>
<token_anchor t_id="182"/>
<token_anchor t_id="183"/>
<token_anchor t_id="184"/>
<token_anchor t_id="185"/>
<token_anchor t_id="186"/>
<token_anchor t_id="187"/>
<token_anchor t_id="188"/>
<token_anchor t_id="189"/>
<token_anchor t_id="190"/>
</DESCRIPTIVE>
<DESCRIPTIVE m_id="8" Type="Location" comment="" conversational-direct="FALSE" conversational-reported="FALSE"  >
<token_anchor t_id="191"/>
<token_anchor t_id="192"/>
<token_anchor t_id="193"/>
<token_anchor t_id="194"/>
<token_anchor t_id="195"/>
<token_anchor t_id="196"/>
<token_anchor t_id="197"/>
<token_anchor t_id="198"/>
<token_anchor t_id="199"/>
</DESCRIPTIVE>
<DESCRIPTIVE m_id="10" Type="Location" comment="" conversational-direct="FALSE" conversational-reported="FALSE"  >
<token_anchor t_id="254"/>
<token_anchor t_id="255"/>
<token_anchor t_id="256"/>
<token_anchor t_id="257"/>
<token_anchor t_id="258"/>
<token_anchor t_id="259"/>
<token_anchor t_id="260"/>
<token_anchor t_id="261"/>
<token_anchor t_id="262"/>
<token_anchor t_id="263"/>
<token_anchor t_id="264"/>
<token_anchor t_id="265"/>
<token_anchor t_id="266"/>
<token_anchor t_id="267"/>
<token_anchor t_id="268"/>
<token_anchor t_id="269"/>
<token_anchor t_id="270"/>
<token_anchor t_id="271"/>
<token_anchor t_id="272"/>
<token_anchor t_id="273"/>
<token_anchor t_id="274"/>
</DESCRIPTIVE>
<DESCRIPTIVE m_id="19" Type="Location" comment="" conversational-direct="FALSE" conversational-reported="FALSE"  >
<token_anchor t_id="369"/>
<token_anchor t_id="370"/>
<token_anchor t_id="371"/>
<token_anchor t_id="372"/>
<token_anchor t_id="373"/>
<token_anchor t_id="374"/>
<token_anchor t_id="375"/>
<token_anchor t_id="376"/>
<token_anchor t_id="377"/>
<token_anchor t_id="378"/>
<token_anchor t_id="379"/>
<token_anchor t_id="380"/>
<token_anchor t_id="381"/>
<token_anchor t_id="382"/>
<token_anchor t_id="383"/>
<token_anchor t_id="384"/>
</DESCRIPTIVE>
<DESCRIPTIVE m_id="20" Type="Location" comment="" conversational-direct="FALSE" conversational-reported="FALSE"  >
<token_anchor t_id="385"/>
<token_anchor t_id="386"/>
<token_anchor t_id="387"/>
<token_anchor t_id="388"/>
<token_anchor t_id="389"/>
<token_anchor t_id="390"/>
<token_anchor t_id="391"/>
<token_anchor t_id="392"/>
<token_anchor t_id="393"/>
<token_anchor t_id="394"/>
<token_anchor t_id="395"/>
<token_anchor t_id="396"/>
<token_anchor t_id="397"/>
</DESCRIPTIVE>
<DESCRIPTIVE m_id="23" Type="Location" comment="" conversational-direct="FALSE" conversational-reported="FALSE"  >
<token_anchor t_id="418"/>
<token_anchor t_id="419"/>
<token_anchor t_id="420"/>
<token_anchor t_id="421"/>
<token_anchor t_id="422"/>
<token_anchor t_id="423"/>
<token_anchor t_id="424"/>
<token_anchor t_id="425"/>
<token_anchor t_id="426"/>
<token_anchor t_id="427"/>
<token_anchor t_id="428"/>
<token_anchor t_id="429"/>
<token_anchor t_id="430"/>
<token_anchor t_id="431"/>
</DESCRIPTIVE>
<EXPOSITORY m_id="28" comment="" conversational-direct="FALSE" conversational-reported="FALSE"  >
<token_anchor t_id="497"/>
<token_anchor t_id="498"/>
<token_anchor t_id="499"/>
<token_anchor t_id="500"/>
<token_anchor t_id="501"/>
<token_anchor t_id="502"/>
<token_anchor t_id="503"/>
<token_anchor t_id="504"/>
<token_anchor t_id="505"/>
</EXPOSITORY>
<EXPOSITORY m_id="61" comment="" conversational-direct="FALSE" conversational-reported="FALSE"  >
<token_anchor t_id="239"/>
<token_anchor t_id="240"/>
<token_anchor t_id="241"/>
<token_anchor t_id="242"/>
<token_anchor t_id="243"/>
<token_anchor t_id="244"/>
<token_anchor t_id="245"/>
<token_anchor t_id="246"/>
</EXPOSITORY>
<EXPOSITORY m_id="50" comment="" conversational-direct="FALSE" conversational-reported="FALSE"  >
<token_anchor t_id="476"/>
<token_anchor t_id="477"/>
<token_anchor t_id="478"/>
<token_anchor t_id="479"/>
<token_anchor t_id="480"/>
<token_anchor t_id="481"/>
<token_anchor t_id="482"/>
<token_anchor t_id="483"/>
</EXPOSITORY>
<EXPOSITORY m_id="51" comment="" conversational-direct="FALSE" conversational-reported="FALSE"  >
<token_anchor t_id="484"/>
<token_anchor t_id="485"/>
<token_anchor t_id="486"/>
<token_anchor t_id="487"/>
<token_anchor t_id="488"/>
<token_anchor t_id="489"/>
<token_anchor t_id="490"/>
</EXPOSITORY>
<EXPOSITORY m_id="53" comment="" conversational-direct="FALSE" conversational-reported="FALSE"  >
<token_anchor t_id="731"/>
<token_anchor t_id="732"/>
<token_anchor t_id="733"/>
<token_anchor t_id="734"/>
<token_anchor t_id="735"/>
<token_anchor t_id="736"/>
<token_anchor t_id="737"/>
<token_anchor t_id="738"/>
<token_anchor t_id="739"/>
<token_anchor t_id="740"/>
<token_anchor t_id="741"/>
<token_anchor t_id="742"/>
<token_anchor t_id="743"/>
</EXPOSITORY>
<EXPOSITORY m_id="54" comment="" conversational-direct="FALSE" conversational-reported="FALSE"  >
<token_anchor t_id="744"/>
<token_anchor t_id="745"/>
<token_anchor t_id="746"/>
<token_anchor t_id="747"/>
<token_anchor t_id="748"/>
</EXPOSITORY>
<EXPOSITORY m_id="56" comment="" conversational-direct="FALSE" conversational-reported="FALSE"  >
<token_anchor t_id="324"/>
<token_anchor t_id="325"/>
<token_anchor t_id="326"/>
<token_anchor t_id="327"/>
<token_anchor t_id="328"/>
<token_anchor t_id="329"/>
<token_anchor t_id="330"/>
<token_anchor t_id="331"/>
</EXPOSITORY>
<LOCATION m_id="2" comment=""  >
<token_anchor t_id="1"/>
</LOCATION>
<NARRATIVE m_id="25" Level="Primary" comment="" conversational-direct="FALSE" conversational-reported="FALSE"  >
<token_anchor t_id="453"/>
<token_anchor t_id="454"/>
<token_anchor t_id="455"/>
<token_anchor t_id="456"/>
<token_anchor t_id="457"/>
<token_anchor t_id="458"/>
<token_anchor t_id="459"/>
<token_anchor t_id="460"/>
</NARRATIVE>
<NARRATIVE m_id="57" Level="Primary" comment="" conversational-direct="FALSE" conversational-reported="FALSE"  >
<token_anchor t_id="654"/>
<token_anchor t_id="655"/>
<token_anchor t_id="656"/>
<token_anchor t_id="657"/>
<token_anchor t_id="671"/>
<token_anchor t_id="672"/>
<token_anchor t_id="673"/>
<token_anchor t_id="674"/>
<token_anchor t_id="675"/>
<token_anchor t_id="676"/>
</NARRATIVE>
<NARRATIVE m_id="26" Level="Primary" comment="" conversational-direct="FALSE" conversational-reported="FALSE"  >
<token_anchor t_id="545"/>
<token_anchor t_id="546"/>
<token_anchor t_id="547"/>
<token_anchor t_id="548"/>
<token_anchor t_id="549"/>
<token_anchor t_id="550"/>
<token_anchor t_id="551"/>
<token_anchor t_id="552"/>
<token_anchor t_id="553"/>
<token_anchor t_id="554"/>
<token_anchor t_id="555"/>
<token_anchor t_id="556"/>
<token_anchor t_id="557"/>
<token_anchor t_id="558"/>
<token_anchor t_id="559"/>
<token_anchor t_id="560"/>
<token_anchor t_id="561"/>
<token_anchor t_id="562"/>
<token_anchor t_id="563"/>
</NARRATIVE>
<NARRATIVE m_id="30" Level="Primary" comment="" conversational-direct="FALSE" conversational-reported="FALSE"  >
<token_anchor t_id="525"/>
<token_anchor t_id="526"/>
<token_anchor t_id="527"/>
<token_anchor t_id="528"/>
<token_anchor t_id="529"/>
<token_anchor t_id="530"/>
<token_anchor t_id="531"/>
<token_anchor t_id="532"/>
</NARRATIVE>
<NARRATIVE m_id="63" Level="Primary" comment="" conversational-direct="FALSE" conversational-reported="FALSE"  >
<token_anchor t_id="350"/>
<token_anchor t_id="351"/>
<token_anchor t_id="352"/>
</NARRATIVE>
<NARRATIVE m_id="65" Level="" comment="" conversational-direct="FALSE" conversational-reported="FALSE"  >
<token_anchor t_id="469"/>
<token_anchor t_id="470"/>
<token_anchor t_id="471"/>
<token_anchor t_id="472"/>
</NARRATIVE>
<NARRATIVE m_id="66" Level="Primary" comment="" conversational-direct="FALSE" conversational-reported="FALSE"  >
<token_anchor t_id="461"/>
<token_anchor t_id="462"/>
<token_anchor t_id="463"/>
<token_anchor t_id="464"/>
<token_anchor t_id="465"/>
<token_anchor t_id="466"/>
<token_anchor t_id="467"/>
<token_anchor t_id="468"/>
<token_anchor t_id="473"/>
<token_anchor t_id="474"/>
<token_anchor t_id="475"/>
</NARRATIVE>
<NARRATIVE m_id="35" Level="Primary" comment="" conversational-direct="FALSE" conversational-reported="FALSE"  >
<token_anchor t_id="658"/>
<token_anchor t_id="659"/>
<token_anchor t_id="660"/>
<token_anchor t_id="661"/>
<token_anchor t_id="662"/>
<token_anchor t_id="663"/>
<token_anchor t_id="664"/>
<token_anchor t_id="665"/>
<token_anchor t_id="666"/>
<token_anchor t_id="667"/>
</NARRATIVE>
<NARRATIVE m_id="67" Level="Primary" comment="" conversational-direct="FALSE" conversational-reported="FALSE"  >
<token_anchor t_id="628"/>
<token_anchor t_id="629"/>
<token_anchor t_id="630"/>
<token_anchor t_id="631"/>
</NARRATIVE>
<NARRATIVE m_id="36" Level="Primary" comment="" conversational-direct="FALSE" conversational-reported="FALSE"  >
<token_anchor t_id="668"/>
<token_anchor t_id="669"/>
<token_anchor t_id="670"/>
</NARRATIVE>
<NARRATIVE m_id="68" Level="Primary" comment="" conversational-direct="FALSE" conversational-reported="FALSE"  >
<token_anchor t_id="632"/>
<token_anchor t_id="633"/>
<token_anchor t_id="634"/>
</NARRATIVE>
<NARRATIVE m_id="37" Level="Primary" comment="" conversational-direct="FALSE" conversational-reported="FALSE"  >
<token_anchor t_id="677"/>
<token_anchor t_id="678"/>
<token_anchor t_id="679"/>
<token_anchor t_id="680"/>
<token_anchor t_id="681"/>
<token_anchor t_id="682"/>
</NARRATIVE>
<NARRATIVE m_id="69" Level="Primary" comment="" conversational-direct="FALSE" conversational-reported="FALSE"  >
<token_anchor t_id="635"/>
<token_anchor t_id="636"/>
</NARRATIVE>
<NARRATIVE m_id="38" Level="Primary" comment="" conversational-direct="FALSE" conversational-reported="FALSE"  >
<token_anchor t_id="683"/>
<token_anchor t_id="684"/>
<token_anchor t_id="685"/>
<token_anchor t_id="686"/>
<token_anchor t_id="687"/>
<token_anchor t_id="688"/>
</NARRATIVE>
<NARRATIVE m_id="70" Level="Primary" comment="" conversational-direct="FALSE" conversational-reported="FALSE"  >
<token_anchor t_id="637"/>
<token_anchor t_id="638"/>
<token_anchor t_id="639"/>
<token_anchor t_id="640"/>
<token_anchor t_id="641"/>
<token_anchor t_id="642"/>
<token_anchor t_id="643"/>
<token_anchor t_id="644"/>
<token_anchor t_id="645"/>
<token_anchor t_id="646"/>
<token_anchor t_id="647"/>
<token_anchor t_id="648"/>
<token_anchor t_id="649"/>
<token_anchor t_id="650"/>
<token_anchor t_id="651"/>
<token_anchor t_id="652"/>
<token_anchor t_id="653"/>
</NARRATIVE>
<NARRATIVE m_id="39" Level="Primary" comment="" conversational-direct="FALSE" conversational-reported="FALSE"  >
<token_anchor t_id="689"/>
<token_anchor t_id="690"/>
<token_anchor t_id="691"/>
<token_anchor t_id="692"/>
<token_anchor t_id="693"/>
<token_anchor t_id="694"/>
<token_anchor t_id="695"/>
<token_anchor t_id="696"/>
<token_anchor t_id="697"/>
<token_anchor t_id="698"/>
<token_anchor t_id="699"/>
<token_anchor t_id="700"/>
<token_anchor t_id="701"/>
<token_anchor t_id="702"/>
</NARRATIVE>
<NARRATIVE m_id="40" Level="Primary" comment="" conversational-direct="FALSE" conversational-reported="FALSE"  >
<token_anchor t_id="703"/>
<token_anchor t_id="704"/>
<token_anchor t_id="705"/>
<token_anchor t_id="706"/>
<token_anchor t_id="707"/>
<token_anchor t_id="708"/>
<token_anchor t_id="709"/>
<token_anchor t_id="710"/>
<token_anchor t_id="711"/>
<token_anchor t_id="712"/>
<token_anchor t_id="713"/>
<token_anchor t_id="714"/>
<token_anchor t_id="715"/>
<token_anchor t_id="716"/>
<token_anchor t_id="717"/>
</NARRATIVE>
<NARRATIVE m_id="41" Level="Primary" comment="" conversational-direct="FALSE" conversational-reported="FALSE"  >
<token_anchor t_id="749"/>
<token_anchor t_id="750"/>
<token_anchor t_id="751"/>
<token_anchor t_id="752"/>
<token_anchor t_id="753"/>
<token_anchor t_id="754"/>
<token_anchor t_id="755"/>
<token_anchor t_id="756"/>
</NARRATIVE>
<NARRATIVE m_id="42" Level="Primary" comment="" conversational-direct="FALSE" conversational-reported="FALSE"  >
<token_anchor t_id="757"/>
<token_anchor t_id="758"/>
<token_anchor t_id="759"/>
</NARRATIVE>
<NARRATIVE m_id="11" Level="Primary" comment="" conversational-direct="FALSE" conversational-reported="FALSE"  >
<token_anchor t_id="275"/>
<token_anchor t_id="276"/>
<token_anchor t_id="277"/>
<token_anchor t_id="278"/>
<token_anchor t_id="279"/>
<token_anchor t_id="280"/>
<token_anchor t_id="281"/>
<token_anchor t_id="282"/>
<token_anchor t_id="283"/>
<token_anchor t_id="284"/>
</NARRATIVE>
<NARRATIVE m_id="43" Level="Primary" comment="" conversational-direct="FALSE" conversational-reported="FALSE"  >
<token_anchor t_id="772"/>
<token_anchor t_id="773"/>
<token_anchor t_id="774"/>
<token_anchor t_id="775"/>
<token_anchor t_id="776"/>
<token_anchor t_id="777"/>
<token_anchor t_id="778"/>
<token_anchor t_id="779"/>
<token_anchor t_id="780"/>
<token_anchor t_id="790"/>
<token_anchor t_id="791"/>
<token_anchor t_id="792"/>
<token_anchor t_id="793"/>
<token_anchor t_id="794"/>
<token_anchor t_id="795"/>
</NARRATIVE>
<NARRATIVE m_id="12" Level="Primary" comment="" conversational-direct="FALSE" conversational-reported="FALSE"  >
<token_anchor t_id="285"/>
<token_anchor t_id="286"/>
<token_anchor t_id="287"/>
<token_anchor t_id="288"/>
<token_anchor t_id="289"/>
<token_anchor t_id="290"/>
</NARRATIVE>
<NARRATIVE m_id="44" Level="Primary" comment="" conversational-direct="FALSE" conversational-reported="FALSE"  >
<token_anchor t_id="781"/>
<token_anchor t_id="782"/>
<token_anchor t_id="783"/>
<token_anchor t_id="784"/>
<token_anchor t_id="785"/>
<token_anchor t_id="786"/>
<token_anchor t_id="787"/>
<token_anchor t_id="788"/>
<token_anchor t_id="789"/>
</NARRATIVE>
<NARRATIVE m_id="13" Level="Primary" comment="" conversational-direct="FALSE" conversational-reported="FALSE"  >
<token_anchor t_id="291"/>
<token_anchor t_id="292"/>
<token_anchor t_id="293"/>
<token_anchor t_id="294"/>
<token_anchor t_id="295"/>
<token_anchor t_id="296"/>
<token_anchor t_id="297"/>
</NARRATIVE>
<NARRATIVE m_id="45" Level="Secondary" comment="" conversational-direct="FALSE" conversational-reported="FALSE"  >
<token_anchor t_id="796"/>
<token_anchor t_id="797"/>
<token_anchor t_id="798"/>
<token_anchor t_id="799"/>
<token_anchor t_id="800"/>
<token_anchor t_id="801"/>
<token_anchor t_id="802"/>
<token_anchor t_id="803"/>
<token_anchor t_id="804"/>
<token_anchor t_id="805"/>
<token_anchor t_id="806"/>
<token_anchor t_id="807"/>
<token_anchor t_id="808"/>
<token_anchor t_id="809"/>
<token_anchor t_id="810"/>
<token_anchor t_id="811"/>
<token_anchor t_id="812"/>
<token_anchor t_id="813"/>
<token_anchor t_id="814"/>
<token_anchor t_id="815"/>
<token_anchor t_id="816"/>
</NARRATIVE>
<NARRATIVE m_id="14" Level="Primary" comment="" conversational-direct="FALSE" conversational-reported="FALSE"  >
<token_anchor t_id="298"/>
<token_anchor t_id="299"/>
<token_anchor t_id="300"/>
<token_anchor t_id="301"/>
<token_anchor t_id="302"/>
<token_anchor t_id="303"/>
<token_anchor t_id="304"/>
<token_anchor t_id="305"/>
<token_anchor t_id="306"/>
<token_anchor t_id="307"/>
<token_anchor t_id="308"/>
<token_anchor t_id="309"/>
<token_anchor t_id="310"/>
</NARRATIVE>
<NARRATIVE m_id="46" Level="Secondary" comment="" conversational-direct="FALSE" conversational-reported="FALSE"  >
<token_anchor t_id="817"/>
<token_anchor t_id="818"/>
<token_anchor t_id="819"/>
<token_anchor t_id="820"/>
<token_anchor t_id="821"/>
<token_anchor t_id="822"/>
<token_anchor t_id="823"/>
</NARRATIVE>
<NARRATIVE m_id="15" Level="Primary" comment="" conversational-direct="FALSE" conversational-reported="FALSE"  >
<token_anchor t_id="311"/>
<token_anchor t_id="312"/>
<token_anchor t_id="313"/>
<token_anchor t_id="314"/>
<token_anchor t_id="315"/>
<token_anchor t_id="316"/>
<token_anchor t_id="317"/>
<token_anchor t_id="318"/>
<token_anchor t_id="319"/>
<token_anchor t_id="320"/>
<token_anchor t_id="321"/>
<token_anchor t_id="322"/>
<token_anchor t_id="323"/>
</NARRATIVE>
<NARRATIVE m_id="47" Level="Primary" comment="" conversational-direct="FALSE" conversational-reported="TRUE"  >
<token_anchor t_id="718"/>
<token_anchor t_id="719"/>
<token_anchor t_id="720"/>
<token_anchor t_id="721"/>
<token_anchor t_id="722"/>
<token_anchor t_id="723"/>
<token_anchor t_id="724"/>
<token_anchor t_id="725"/>
<token_anchor t_id="726"/>
<token_anchor t_id="727"/>
<token_anchor t_id="728"/>
</NARRATIVE>
<NARRATIVE m_id="49" Level="Primary" comment="" conversational-direct="FALSE" conversational-reported="FALSE"  >
<token_anchor t_id="132"/>
<token_anchor t_id="133"/>
<token_anchor t_id="134"/>
<token_anchor t_id="135"/>
<token_anchor t_id="136"/>
</NARRATIVE>
<NARRATIVE m_id="52" Level="Primary" comment="" conversational-direct="FALSE" conversational-reported="FALSE"  >
<token_anchor t_id="729"/>
<token_anchor t_id="730"/>
</NARRATIVE>
<NARRATIVE m_id="21" Level="Primary" comment="" conversational-direct="FALSE" conversational-reported="FALSE"  >
<token_anchor t_id="398"/>
<token_anchor t_id="399"/>
<token_anchor t_id="400"/>
<token_anchor t_id="401"/>
<token_anchor t_id="402"/>
</NARRATIVE>
<NARRATIVE m_id="22" Level="Primary" comment="" conversational-direct="FALSE" conversational-reported="FALSE"  >
<token_anchor t_id="403"/>
<token_anchor t_id="404"/>
<token_anchor t_id="405"/>
<token_anchor t_id="406"/>
<token_anchor t_id="407"/>
<token_anchor t_id="408"/>
<token_anchor t_id="409"/>
<token_anchor t_id="410"/>
<token_anchor t_id="411"/>
<token_anchor t_id="412"/>
<token_anchor t_id="413"/>
<token_anchor t_id="414"/>
<token_anchor t_id="415"/>
<token_anchor t_id="416"/>
<token_anchor t_id="417"/>
</NARRATIVE>
<NARRATIVE m_id="55" Level="Primary" comment="" conversational-direct="FALSE" conversational-reported="FALSE"  >
<token_anchor t_id="760"/>
<token_anchor t_id="761"/>
<token_anchor t_id="762"/>
<token_anchor t_id="763"/>
<token_anchor t_id="764"/>
<token_anchor t_id="765"/>
<token_anchor t_id="766"/>
<token_anchor t_id="767"/>
<token_anchor t_id="768"/>
<token_anchor t_id="769"/>
<token_anchor t_id="770"/>
<token_anchor t_id="771"/>
</NARRATIVE>
<NARRATIVE m_id="24" Level="Primary" comment="" conversational-direct="FALSE" conversational-reported="FALSE"  >
<token_anchor t_id="447"/>
<token_anchor t_id="448"/>
<token_anchor t_id="449"/>
<token_anchor t_id="450"/>
<token_anchor t_id="451"/>
<token_anchor t_id="452"/>
</NARRATIVE>
<NONE m_id="1" comment=""  >
<token_anchor t_id="1"/>
<token_anchor t_id="2"/>
<token_anchor t_id="3"/>
<token_anchor t_id="4"/>
<token_anchor t_id="5"/>
</NONE>
<NONE m_id="18" comment=""  >
<token_anchor t_id="361"/>
<token_anchor t_id="362"/>
<token_anchor t_id="363"/>
<token_anchor t_id="364"/>
<token_anchor t_id="365"/>
<token_anchor t_id="366"/>
<token_anchor t_id="367"/>
<token_anchor t_id="368"/>
</NONE>
<TIMEX3 m_id="3" comment="" DCT="yes" value="XXXX-03-02"  >
<token_anchor t_id="3"/>
<token_anchor t_id="4"/>
</TIMEX3>


</Markables>

<Relations>
</Relations>
</Document>
