<Document doc_name="7)Night_at_Pompeii_SKETCHES_AND_STUDIES.txt">
<token t_id="1" sentence="0" number="0">Night</token>
<token t_id="2" sentence="0" number="1">at</token>
<token t_id="3" sentence="0" number="2">Pompeii</token>
<token t_id="4" sentence="1" number="3">On</token>
<token t_id="5" sentence="1" number="4">to</token>
<token t_id="6" sentence="1" number="5">Pompeii</token>
<token t_id="7" sentence="1" number="6">in</token>
<token t_id="8" sentence="1" number="7">the</token>
<token t_id="9" sentence="1" number="8">clear</token>
<token t_id="10" sentence="1" number="9">sunset</token>
<token t_id="11" sentence="1" number="10">,</token>
<token t_id="12" sentence="1" number="11">falling</token>
<token t_id="13" sentence="1" number="12">very</token>
<token t_id="14" sentence="1" number="13">lightly</token>
<token t_id="15" sentence="1" number="14">upon</token>
<token t_id="16" sentence="1" number="15">mountains</token>
<token t_id="17" sentence="1" number="16">,</token>
<token t_id="18" sentence="1" number="17">islands</token>
<token t_id="19" sentence="1" number="18">,</token>
<token t_id="20" sentence="1" number="19">little</token>
<token t_id="21" sentence="1" number="20">ports</token>
<token t_id="22" sentence="1" number="21">,</token>
<token t_id="23" sentence="1" number="22">and</token>
<token t_id="24" sentence="1" number="23">indentations</token>
<token t_id="25" sentence="1" number="24">of</token>
<token t_id="26" sentence="1" number="25">the</token>
<token t_id="27" sentence="1" number="26">bay</token>
<token t_id="28" sentence="1" number="27">.</token>
<token t_id="29" sentence="2" number="28">From</token>
<token t_id="30" sentence="2" number="29">the</token>
<token t_id="31" sentence="2" number="30">railway</token>
<token t_id="32" sentence="2" number="31">station</token>
<token t_id="33" sentence="2" number="32">we</token>
<token t_id="34" sentence="2" number="33">walked</token>
<token t_id="35" sentence="2" number="34">above</token>
<token t_id="36" sentence="2" number="35">half</token>
<token t_id="37" sentence="2" number="36">a</token>
<token t_id="38" sentence="2" number="37">mile</token>
<token t_id="39" sentence="2" number="38">to</token>
<token t_id="40" sentence="2" number="39">the</token>
<token t_id="41" sentence="2" number="40">Albergo</token>
<token t_id="42" sentence="2" number="41">del</token>
<token t_id="43" sentence="2" number="42">Sole</token>
<token t_id="44" sentence="2" number="43">under</token>
<token t_id="45" sentence="2" number="44">a</token>
<token t_id="46" sentence="2" number="45">lucid</token>
<token t_id="47" sentence="2" number="46">heaven</token>
<token t_id="48" sentence="2" number="47">of</token>
<token t_id="49" sentence="2" number="48">aqua-marine</token>
<token t_id="50" sentence="2" number="49">colour</token>
<token t_id="51" sentence="2" number="50">,</token>
<token t_id="52" sentence="2" number="51">with</token>
<token t_id="53" sentence="2" number="52">Venus</token>
<token t_id="54" sentence="2" number="53">large</token>
<token t_id="55" sentence="2" number="54">in</token>
<token t_id="56" sentence="2" number="55">it</token>
<token t_id="57" sentence="2" number="56">upon</token>
<token t_id="58" sentence="2" number="57">the</token>
<token t_id="59" sentence="2" number="58">border</token>
<token t_id="60" sentence="2" number="59">line</token>
<token t_id="61" sentence="2" number="60">between</token>
<token t_id="62" sentence="2" number="61">the</token>
<token t_id="63" sentence="2" number="62">tints</token>
<token t_id="64" sentence="2" number="63">of</token>
<token t_id="65" sentence="2" number="64">green</token>
<token t_id="66" sentence="2" number="65">and</token>
<token t_id="67" sentence="2" number="66">blue</token>
<token t_id="68" sentence="2" number="67">.</token>
<token t_id="69" sentence="3" number="68">The</token>
<token t_id="70" sentence="3" number="69">Albergo</token>
<token t_id="71" sentence="3" number="70">del</token>
<token t_id="72" sentence="3" number="71">Sole</token>
<token t_id="73" sentence="3" number="72">is</token>
<token t_id="74" sentence="3" number="73">worth</token>
<token t_id="75" sentence="3" number="74">commemorating</token>
<token t_id="76" sentence="3" number="75">.</token>
<token t_id="77" sentence="4" number="76">We</token>
<token t_id="78" sentence="4" number="77">stepped</token>
<token t_id="79" sentence="4" number="78">,</token>
<token t_id="80" sentence="4" number="79">without</token>
<token t_id="81" sentence="4" number="80">the</token>
<token t_id="82" sentence="4" number="81">intervention</token>
<token t_id="83" sentence="4" number="82">of</token>
<token t_id="84" sentence="4" number="83">courtyard</token>
<token t_id="85" sentence="4" number="84">or</token>
<token t_id="86" sentence="4" number="85">entrance</token>
<token t_id="87" sentence="4" number="86">hall</token>
<token t_id="88" sentence="4" number="87">,</token>
<token t_id="89" sentence="4" number="88">straight</token>
<token t_id="90" sentence="4" number="89">from</token>
<token t_id="91" sentence="4" number="90">the</token>
<token t_id="92" sentence="4" number="91">little</token>
<token t_id="93" sentence="4" number="92">inn</token>
<token t_id="94" sentence="4" number="93">garden</token>
<token t_id="95" sentence="4" number="94">into</token>
<token t_id="96" sentence="4" number="95">an</token>
<token t_id="97" sentence="4" number="96">open</token>
<token t_id="98" sentence="4" number="97">,</token>
<token t_id="99" sentence="4" number="98">vaulted</token>
<token t_id="100" sentence="4" number="99">room</token>
<token t_id="101" sentence="4" number="100">.</token>
<token t_id="102" sentence="5" number="101">This</token>
<token t_id="103" sentence="5" number="102">was</token>
<token t_id="104" sentence="5" number="103">divided</token>
<token t_id="105" sentence="5" number="104">into</token>
<token t_id="106" sentence="5" number="105">two</token>
<token t_id="107" sentence="5" number="106">compartments</token>
<token t_id="108" sentence="5" number="107">by</token>
<token t_id="109" sentence="5" number="108">a</token>
<token t_id="110" sentence="5" number="109">stout</token>
<token t_id="111" sentence="5" number="110">column</token>
<token t_id="112" sentence="5" number="111">supporting</token>
<token t_id="113" sentence="5" number="112">round</token>
<token t_id="114" sentence="5" number="113">arches</token>
<token t_id="115" sentence="5" number="114">.</token>
<token t_id="116" sentence="6" number="115">Wooden</token>
<token t_id="117" sentence="6" number="116">gates</token>
<token t_id="118" sentence="6" number="117">furnished</token>
<token t_id="119" sentence="6" number="118">a</token>
<token t_id="120" sentence="6" number="119">kind</token>
<token t_id="121" sentence="6" number="120">of</token>
<token t_id="122" sentence="6" number="121">fence</token>
<token t_id="123" sentence="6" number="122">between</token>
<token t_id="124" sentence="6" number="123">the</token>
<token t_id="125" sentence="6" number="124">atrium</token>
<token t_id="126" sentence="6" number="125">and</token>
<token t_id="127" sentence="6" number="126">what</token>
<token t_id="128" sentence="6" number="127">an</token>
<token t_id="129" sentence="6" number="128">old</token>
<token t_id="130" sentence="6" number="129">Pompeian</token>
<token t_id="131" sentence="6" number="130">would</token>
<token t_id="132" sentence="6" number="131">have</token>
<token t_id="133" sentence="6" number="132">styled</token>
<token t_id="134" sentence="6" number="133">the</token>
<token t_id="135" sentence="6" number="134">triclinium</token>
<token t_id="136" sentence="6" number="135">.</token>
<token t_id="137" sentence="7" number="136">For</token>
<token t_id="138" sentence="7" number="137">in</token>
<token t_id="139" sentence="7" number="138">the</token>
<token t_id="140" sentence="7" number="139">further</token>
<token t_id="141" sentence="7" number="140">part</token>
<token t_id="142" sentence="7" number="141">a</token>
<token t_id="143" sentence="7" number="142">table</token>
<token t_id="144" sentence="7" number="143">was</token>
<token t_id="145" sentence="7" number="144">laid</token>
<token t_id="146" sentence="7" number="145">for</token>
<token t_id="147" sentence="7" number="146">supper</token>
<token t_id="148" sentence="7" number="147">and</token>
<token t_id="149" sentence="7" number="148">lighted</token>
<token t_id="150" sentence="7" number="149">with</token>
<token t_id="151" sentence="7" number="150">suspended</token>
<token t_id="152" sentence="7" number="151">lamps</token>
<token t_id="153" sentence="7" number="152">.</token>
<token t_id="154" sentence="8" number="153">And</token>
<token t_id="155" sentence="8" number="154">here</token>
<token t_id="156" sentence="8" number="155">a</token>
<token t_id="157" sentence="8" number="156">party</token>
<token t_id="158" sentence="8" number="157">of</token>
<token t_id="159" sentence="8" number="158">artists</token>
<token t_id="160" sentence="8" number="159">and</token>
<token t_id="161" sentence="8" number="160">students</token>
<token t_id="162" sentence="8" number="161">drank</token>
<token t_id="163" sentence="8" number="162">and</token>
<token t_id="164" sentence="8" number="163">talked</token>
<token t_id="165" sentence="8" number="164">and</token>
<token t_id="166" sentence="8" number="165">smoked</token>
<token t_id="167" sentence="8" number="166">.</token>
<token t_id="168" sentence="9" number="167">A</token>
<token t_id="169" sentence="9" number="168">great</token>
<token t_id="170" sentence="9" number="169">live</token>
<token t_id="171" sentence="9" number="170">peacock</token>
<token t_id="172" sentence="9" number="171">,</token>
<token t_id="173" sentence="9" number="172">half</token>
<token t_id="174" sentence="9" number="173">asleep</token>
<token t_id="175" sentence="9" number="174">and</token>
<token t_id="176" sentence="9" number="175">winking</token>
<token t_id="177" sentence="9" number="176">his</token>
<token t_id="178" sentence="9" number="177">eyes</token>
<token t_id="179" sentence="9" number="178">,</token>
<token t_id="180" sentence="9" number="179">sat</token>
<token t_id="181" sentence="9" number="180">perched</token>
<token t_id="182" sentence="9" number="181">upon</token>
<token t_id="183" sentence="9" number="182">a</token>
<token t_id="184" sentence="9" number="183">heavy</token>
<token t_id="185" sentence="9" number="184">wardrobe</token>
<token t_id="186" sentence="9" number="185">watching</token>
<token t_id="187" sentence="9" number="186">them</token>
<token t_id="188" sentence="9" number="187">.</token>
<token t_id="189" sentence="10" number="188">The</token>
<token t_id="190" sentence="10" number="189">outer</token>
<token t_id="191" sentence="10" number="190">chamber</token>
<token t_id="192" sentence="10" number="191">,</token>
<token t_id="193" sentence="10" number="192">where</token>
<token t_id="194" sentence="10" number="193">we</token>
<token t_id="195" sentence="10" number="194">waited</token>
<token t_id="196" sentence="10" number="195">in</token>
<token t_id="197" sentence="10" number="196">armchairs</token>
<token t_id="198" sentence="10" number="197">of</token>
<token t_id="199" sentence="10" number="198">ample</token>
<token t_id="200" sentence="10" number="199">girth</token>
<token t_id="201" sentence="10" number="200">,</token>
<token t_id="202" sentence="10" number="201">had</token>
<token t_id="203" sentence="10" number="202">its</token>
<token t_id="204" sentence="10" number="203">loggia</token>
<token t_id="205" sentence="10" number="204">windows</token>
<token t_id="206" sentence="10" number="205">and</token>
<token t_id="207" sentence="10" number="206">doors</token>
<token t_id="208" sentence="10" number="207">open</token>
<token t_id="209" sentence="10" number="208">to</token>
<token t_id="210" sentence="10" number="209">the</token>
<token t_id="211" sentence="10" number="210">air</token>
<token t_id="212" sentence="10" number="211">.</token>
<token t_id="213" sentence="11" number="212">There</token>
<token t_id="214" sentence="11" number="213">were</token>
<token t_id="215" sentence="11" number="214">singing-birds</token>
<token t_id="216" sentence="11" number="215">in</token>
<token t_id="217" sentence="11" number="216">cages</token>
<token t_id="218" sentence="11" number="217">;</token>
<token t_id="219" sentence="11" number="218">and</token>
<token t_id="220" sentence="11" number="219">plants</token>
<token t_id="221" sentence="11" number="220">of</token>
<token t_id="222" sentence="11" number="221">rosemary</token>
<token t_id="223" sentence="11" number="222">,</token>
<token t_id="224" sentence="11" number="223">iris</token>
<token t_id="225" sentence="11" number="224">,</token>
<token t_id="226" sentence="11" number="225">and</token>
<token t_id="227" sentence="11" number="226">arundo</token>
<token t_id="228" sentence="11" number="227">sprang</token>
<token t_id="229" sentence="11" number="228">carelessly</token>
<token t_id="230" sentence="11" number="229">from</token>
<token t_id="231" sentence="11" number="230">holes</token>
<token t_id="232" sentence="11" number="231">in</token>
<token t_id="233" sentence="11" number="232">the</token>
<token t_id="234" sentence="11" number="233">floor</token>
<token t_id="235" sentence="11" number="234">.</token>
<token t_id="236" sentence="12" number="235">A</token>
<token t_id="237" sentence="12" number="236">huge</token>
<token t_id="238" sentence="12" number="237">vase</token>
<token t_id="239" sentence="12" number="238">filled</token>
<token t_id="240" sentence="12" number="239">to</token>
<token t_id="241" sentence="12" number="240">overflowing</token>
<token t_id="242" sentence="12" number="241">with</token>
<token t_id="243" sentence="12" number="242">oranges</token>
<token t_id="244" sentence="12" number="243">and</token>
<token t_id="245" sentence="12" number="244">lemons</token>
<token t_id="246" sentence="12" number="245">,</token>
<token t_id="247" sentence="12" number="246">the</token>
<token t_id="248" sentence="12" number="247">very</token>
<token t_id="249" sentence="12" number="248">symbol</token>
<token t_id="250" sentence="12" number="249">of</token>
<token t_id="251" sentence="12" number="250">generous</token>
<token t_id="252" sentence="12" number="251">prodigality</token>
<token t_id="253" sentence="12" number="252">,</token>
<token t_id="254" sentence="12" number="253">stood</token>
<token t_id="255" sentence="12" number="254">in</token>
<token t_id="256" sentence="12" number="255">the</token>
<token t_id="257" sentence="12" number="256">midst</token>
<token t_id="258" sentence="12" number="257">,</token>
<token t_id="259" sentence="12" number="258">and</token>
<token t_id="260" sentence="12" number="259">several</token>
<token t_id="261" sentence="12" number="260">dogs</token>
<token t_id="262" sentence="12" number="261">were</token>
<token t_id="263" sentence="12" number="262">lounging</token>
<token t_id="264" sentence="12" number="263">round</token>
<token t_id="265" sentence="12" number="264">.</token>
<token t_id="266" sentence="13" number="265">The</token>
<token t_id="267" sentence="13" number="266">outer</token>
<token t_id="268" sentence="13" number="267">twilight</token>
<token t_id="269" sentence="13" number="268">,</token>
<token t_id="270" sentence="13" number="269">blending</token>
<token t_id="271" sentence="13" number="270">with</token>
<token t_id="272" sentence="13" number="271">the</token>
<token t_id="273" sentence="13" number="272">dim</token>
<token t_id="274" sentence="13" number="273">sheen</token>
<token t_id="275" sentence="13" number="274">of</token>
<token t_id="276" sentence="13" number="275">the</token>
<token t_id="277" sentence="13" number="276">lamps</token>
<token t_id="278" sentence="13" number="277">,</token>
<token t_id="279" sentence="13" number="278">softened</token>
<token t_id="280" sentence="13" number="279">this</token>
<token t_id="281" sentence="13" number="280">pretty</token>
<token t_id="282" sentence="13" number="281">scene</token>
<token t_id="283" sentence="13" number="282">to</token>
<token t_id="284" sentence="13" number="283">picturesqueness</token>
<token t_id="285" sentence="13" number="284">.</token>
<token t_id="286" sentence="14" number="285">Altogether</token>
<token t_id="287" sentence="14" number="286">it</token>
<token t_id="288" sentence="14" number="287">was</token>
<token t_id="289" sentence="14" number="288">a</token>
<token t_id="290" sentence="14" number="289">strange</token>
<token t_id="291" sentence="14" number="290">and</token>
<token t_id="292" sentence="14" number="291">unexpected</token>
<token t_id="293" sentence="14" number="292">place</token>
<token t_id="294" sentence="14" number="293">.</token>
<token t_id="295" sentence="15" number="294">Much</token>
<token t_id="296" sentence="15" number="295">experienced</token>
<token t_id="297" sentence="15" number="296">as</token>
<token t_id="298" sentence="15" number="297">the</token>
<token t_id="299" sentence="15" number="298">nineteenth-century</token>
<token t_id="300" sentence="15" number="299">nomad</token>
<token t_id="301" sentence="15" number="300">may</token>
<token t_id="302" sentence="15" number="301">be</token>
<token t_id="303" sentence="15" number="302">in</token>
<token t_id="304" sentence="15" number="303">inns</token>
<token t_id="305" sentence="15" number="304">,</token>
<token t_id="306" sentence="15" number="305">he</token>
<token t_id="307" sentence="15" number="306">will</token>
<token t_id="308" sentence="15" number="307">rarely</token>
<token t_id="309" sentence="15" number="308">receive</token>
<token t_id="310" sentence="15" number="309">a</token>
<token t_id="311" sentence="15" number="310">more</token>
<token t_id="312" sentence="15" number="311">powerful</token>
<token t_id="313" sentence="15" number="312">and</token>
<token t_id="314" sentence="15" number="313">refreshing</token>
<token t_id="315" sentence="15" number="314">impression</token>
<token t_id="316" sentence="15" number="315">,</token>
<token t_id="317" sentence="15" number="316">entering</token>
<token t_id="318" sentence="15" number="317">one</token>
<token t_id="319" sentence="15" number="318">at</token>
<token t_id="320" sentence="15" number="319">evenfall</token>
<token t_id="321" sentence="15" number="320">,</token>
<token t_id="322" sentence="15" number="321">than</token>
<token t_id="323" sentence="15" number="322">here</token>
<token t_id="324" sentence="15" number="323">.</token>
<token t_id="325" sentence="16" number="324">There</token>
<token t_id="326" sentence="16" number="325">was</token>
<token t_id="327" sentence="16" number="326">no</token>
<token t_id="328" sentence="16" number="327">room</token>
<token t_id="329" sentence="16" number="328">for</token>
<token t_id="330" sentence="16" number="329">us</token>
<token t_id="331" sentence="16" number="330">in</token>
<token t_id="332" sentence="16" number="331">the</token>
<token t_id="333" sentence="16" number="332">inn</token>
<token t_id="334" sentence="16" number="333">.</token>
<token t_id="335" sentence="17" number="334">We</token>
<token t_id="336" sentence="17" number="335">were</token>
<token t_id="337" sentence="17" number="336">sent</token>
<token t_id="338" sentence="17" number="337">,</token>
<token t_id="339" sentence="17" number="338">attended</token>
<token t_id="340" sentence="17" number="339">by</token>
<token t_id="341" sentence="17" number="340">a</token>
<token t_id="342" sentence="17" number="341">boy</token>
<token t_id="343" sentence="17" number="342">with</token>
<token t_id="344" sentence="17" number="343">a</token>
<token t_id="345" sentence="17" number="344">lantern</token>
<token t_id="346" sentence="17" number="345">,</token>
<token t_id="347" sentence="17" number="346">through</token>
<token t_id="348" sentence="17" number="347">fields</token>
<token t_id="349" sentence="17" number="348">of</token>
<token t_id="350" sentence="17" number="349">dew-drenched</token>
<token t_id="351" sentence="17" number="350">barley</token>
<token t_id="352" sentence="17" number="351">and</token>
<token t_id="353" sentence="17" number="352">folded</token>
<token t_id="354" sentence="17" number="353">poppies</token>
<token t_id="355" sentence="17" number="354">,</token>
<token t_id="356" sentence="17" number="355">to</token>
<token t_id="357" sentence="17" number="356">a</token>
<token t_id="358" sentence="17" number="357">farmhouse</token>
<token t_id="359" sentence="17" number="358">overshadowed</token>
<token t_id="360" sentence="17" number="359">by</token>
<token t_id="361" sentence="17" number="360">four</token>
<token t_id="362" sentence="17" number="361">spreading</token>
<token t_id="363" sentence="17" number="362">pines</token>
<token t_id="364" sentence="17" number="363">.</token>
<token t_id="365" sentence="18" number="364">Exceedingly</token>
<token t_id="366" sentence="18" number="365">soft</token>
<token t_id="367" sentence="18" number="366">and</token>
<token t_id="368" sentence="18" number="367">grey</token>
<token t_id="369" sentence="18" number="368">,</token>
<token t_id="370" sentence="18" number="369">with</token>
<token t_id="371" sentence="18" number="370">rose-tinted</token>
<token t_id="372" sentence="18" number="371">weft</token>
<token t_id="373" sentence="18" number="372">of</token>
<token t_id="374" sentence="18" number="373">steam</token>
<token t_id="375" sentence="18" number="374">upon</token>
<token t_id="376" sentence="18" number="375">its</token>
<token t_id="377" sentence="18" number="376">summit</token>
<token t_id="378" sentence="18" number="377">,</token>
<token t_id="379" sentence="18" number="378">stood</token>
<token t_id="380" sentence="18" number="379">Vesuvius</token>
<token t_id="381" sentence="18" number="380">above</token>
<token t_id="382" sentence="18" number="381">us</token>
<token t_id="383" sentence="18" number="382">in</token>
<token t_id="384" sentence="18" number="383">the</token>
<token t_id="385" sentence="18" number="384">twilight</token>
<token t_id="386" sentence="18" number="385">.</token>
<token t_id="387" sentence="19" number="386">Something</token>
<token t_id="388" sentence="19" number="387">in</token>
<token t_id="389" sentence="19" number="388">the</token>
<token t_id="390" sentence="19" number="389">recent</token>
<token t_id="391" sentence="19" number="390">impression</token>
<token t_id="392" sentence="19" number="391">of</token>
<token t_id="393" sentence="19" number="392">the</token>
<token t_id="394" sentence="19" number="393">dimly</token>
<token t_id="395" sentence="19" number="394">lighted</token>
<token t_id="396" sentence="19" number="395">supper-room</token>
<token t_id="397" sentence="19" number="396">,</token>
<token t_id="398" sentence="19" number="397">and</token>
<token t_id="399" sentence="19" number="398">in</token>
<token t_id="400" sentence="19" number="399">the</token>
<token t_id="401" sentence="19" number="400">idyllic</token>
<token t_id="402" sentence="19" number="401">simplicity</token>
<token t_id="403" sentence="19" number="402">of</token>
<token t_id="404" sentence="19" number="403">this</token>
<token t_id="405" sentence="19" number="404">lantern-litten</token>
<token t_id="406" sentence="19" number="405">journey</token>
<token t_id="407" sentence="19" number="406">through</token>
<token t_id="408" sentence="19" number="407">the</token>
<token t_id="409" sentence="19" number="408">barley</token>
<token t_id="410" sentence="19" number="409">,</token>
<token t_id="411" sentence="19" number="410">suggested</token>
<token t_id="412" sentence="19" number="411">,</token>
<token t_id="413" sentence="19" number="412">by</token>
<token t_id="414" sentence="19" number="413">one</token>
<token t_id="415" sentence="19" number="414">of</token>
<token t_id="416" sentence="19" number="415">those</token>
<token t_id="417" sentence="19" number="416">inexplicable</token>
<token t_id="418" sentence="19" number="417">stirrings</token>
<token t_id="419" sentence="19" number="418">of</token>
<token t_id="420" sentence="19" number="419">association</token>
<token t_id="421" sentence="19" number="420">which</token>
<token t_id="422" sentence="19" number="421">affect</token>
<token t_id="423" sentence="19" number="422">tired</token>
<token t_id="424" sentence="19" number="423">senses</token>
<token t_id="425" sentence="19" number="424">,</token>
<token t_id="426" sentence="19" number="425">a</token>
<token t_id="427" sentence="19" number="426">dim</token>
<token t_id="428" sentence="19" number="427">,</token>
<token t_id="429" sentence="19" number="428">dreamy</token>
<token t_id="430" sentence="19" number="429">thought</token>
<token t_id="431" sentence="19" number="430">of</token>
<token t_id="432" sentence="19" number="431">Palestine</token>
<token t_id="433" sentence="19" number="432">and</token>
<token t_id="434" sentence="19" number="433">Bible</token>
<token t_id="435" sentence="19" number="434">stories</token>
<token t_id="436" sentence="19" number="435">.</token>
<token t_id="437" sentence="20" number="436">The</token>
<token t_id="438" sentence="20" number="437">feeling</token>
<token t_id="439" sentence="20" number="438">of</token>
<token t_id="440" sentence="20" number="439">the</token>
<token t_id="441" sentence="20" number="440">cenacolo</token>
<token t_id="442" sentence="20" number="441">blent</token>
<token t_id="443" sentence="20" number="442">here</token>
<token t_id="444" sentence="20" number="443">with</token>
<token t_id="445" sentence="20" number="444">feelings</token>
<token t_id="446" sentence="20" number="445">of</token>
<token t_id="447" sentence="20" number="446">Ruth</token>
<token t_id="448" sentence="20" number="447">'s</token>
<token t_id="449" sentence="20" number="448">cornfields</token>
<token t_id="450" sentence="20" number="449">,</token>
<token t_id="451" sentence="20" number="450">and</token>
<token t_id="452" sentence="20" number="451">the</token>
<token t_id="453" sentence="20" number="452">white</token>
<token t_id="454" sentence="20" number="453">square</token>
<token t_id="455" sentence="20" number="454">houses</token>
<token t_id="456" sentence="20" number="455">with</token>
<token t_id="457" sentence="20" number="456">their</token>
<token t_id="458" sentence="20" number="457">flat</token>
<token t_id="459" sentence="20" number="458">roofs</token>
<token t_id="460" sentence="20" number="459">enforced</token>
<token t_id="461" sentence="20" number="460">the</token>
<token t_id="462" sentence="20" number="461">illusion</token>
<token t_id="463" sentence="20" number="462">.</token>
<token t_id="464" sentence="21" number="463">Here</token>
<token t_id="465" sentence="21" number="464">we</token>
<token t_id="466" sentence="21" number="465">slept</token>
<token t_id="467" sentence="21" number="466">in</token>
<token t_id="468" sentence="21" number="467">the</token>
<token t_id="469" sentence="21" number="468">middle</token>
<token t_id="470" sentence="21" number="469">of</token>
<token t_id="471" sentence="21" number="470">a</token>
<token t_id="472" sentence="21" number="471">contadino</token>
<token t_id="473" sentence="21" number="472">colony</token>
<token t_id="474" sentence="21" number="473">.</token>
<token t_id="475" sentence="22" number="474">Some</token>
<token t_id="476" sentence="22" number="475">of</token>
<token t_id="477" sentence="22" number="476">the</token>
<token t_id="478" sentence="22" number="477">folk</token>
<token t_id="479" sentence="22" number="478">had</token>
<token t_id="480" sentence="22" number="479">made</token>
<token t_id="481" sentence="22" number="480">way</token>
<token t_id="482" sentence="22" number="481">for</token>
<token t_id="483" sentence="22" number="482">us</token>
<token t_id="484" sentence="22" number="483">;</token>
<token t_id="485" sentence="22" number="484">and</token>
<token t_id="486" sentence="22" number="485">by</token>
<token t_id="487" sentence="22" number="486">the</token>
<token t_id="488" sentence="22" number="487">wheezing</token>
<token t_id="489" sentence="22" number="488">,</token>
<token t_id="490" sentence="22" number="489">coughing</token>
<token t_id="491" sentence="22" number="490">,</token>
<token t_id="492" sentence="22" number="491">and</token>
<token t_id="493" sentence="22" number="492">snoring</token>
<token t_id="494" sentence="22" number="493">of</token>
<token t_id="495" sentence="22" number="494">several</token>
<token t_id="496" sentence="22" number="495">sorts</token>
<token t_id="497" sentence="22" number="496">and</token>
<token t_id="498" sentence="22" number="497">ages</token>
<token t_id="499" sentence="22" number="498">in</token>
<token t_id="500" sentence="22" number="499">the</token>
<token t_id="501" sentence="22" number="500">chamber</token>
<token t_id="502" sentence="22" number="501">next</token>
<token t_id="503" sentence="22" number="502">me</token>
<token t_id="504" sentence="22" number="503">,</token>
<token t_id="505" sentence="22" number="504">I</token>
<token t_id="506" sentence="22" number="505">imagine</token>
<token t_id="507" sentence="22" number="506">they</token>
<token t_id="508" sentence="22" number="507">must</token>
<token t_id="509" sentence="22" number="508">have</token>
<token t_id="510" sentence="22" number="509">endured</token>
<token t_id="511" sentence="22" number="510">considerable</token>
<token t_id="512" sentence="22" number="511">crowding</token>
<token t_id="513" sentence="22" number="512">.</token>
<token t_id="514" sentence="23" number="513">My</token>
<token t_id="515" sentence="23" number="514">bed</token>
<token t_id="516" sentence="23" number="515">was</token>
<token t_id="517" sentence="23" number="516">large</token>
<token t_id="518" sentence="23" number="517">enough</token>
<token t_id="519" sentence="23" number="518">to</token>
<token t_id="520" sentence="23" number="519">have</token>
<token t_id="521" sentence="23" number="520">contained</token>
<token t_id="522" sentence="23" number="521">a</token>
<token t_id="523" sentence="23" number="522">family</token>
<token t_id="524" sentence="23" number="523">.</token>
<token t_id="525" sentence="24" number="524">Over</token>
<token t_id="526" sentence="24" number="525">its</token>
<token t_id="527" sentence="24" number="526">bead</token>
<token t_id="528" sentence="24" number="527">there</token>
<token t_id="529" sentence="24" number="528">was</token>
<token t_id="530" sentence="24" number="529">a</token>
<token t_id="531" sentence="24" number="530">little</token>
<token t_id="532" sentence="24" number="531">shrine</token>
<token t_id="533" sentence="24" number="532">,</token>
<token t_id="534" sentence="24" number="533">hollowed</token>
<token t_id="535" sentence="24" number="534">in</token>
<token t_id="536" sentence="24" number="535">the</token>
<token t_id="537" sentence="24" number="536">thickness</token>
<token t_id="538" sentence="24" number="537">of</token>
<token t_id="539" sentence="24" number="538">the</token>
<token t_id="540" sentence="24" number="539">wall</token>
<token t_id="541" sentence="24" number="540">,</token>
<token t_id="542" sentence="24" number="541">with</token>
<token t_id="543" sentence="24" number="542">several</token>
<token t_id="544" sentence="24" number="543">sacred</token>
<token t_id="545" sentence="24" number="544">emblems</token>
<token t_id="546" sentence="24" number="545">and</token>
<token t_id="547" sentence="24" number="546">a</token>
<token t_id="548" sentence="24" number="547">shallow</token>
<token t_id="549" sentence="24" number="548">vase</token>
<token t_id="550" sentence="24" number="549">of</token>
<token t_id="551" sentence="24" number="550">holy</token>
<token t_id="552" sentence="24" number="551">water</token>
<token t_id="553" sentence="24" number="552">.</token>
<token t_id="554" sentence="25" number="553">On</token>
<token t_id="555" sentence="25" number="554">dressers</token>
<token t_id="556" sentence="25" number="555">at</token>
<token t_id="557" sentence="25" number="556">each</token>
<token t_id="558" sentence="25" number="557">end</token>
<token t_id="559" sentence="25" number="558">of</token>
<token t_id="560" sentence="25" number="559">the</token>
<token t_id="561" sentence="25" number="560">room</token>
<token t_id="562" sentence="25" number="561">stood</token>
<token t_id="563" sentence="25" number="562">glass</token>
<token t_id="564" sentence="25" number="563">shrines</token>
<token t_id="565" sentence="25" number="564">,</token>
<token t_id="566" sentence="25" number="565">occupied</token>
<token t_id="567" sentence="25" number="566">by</token>
<token t_id="568" sentence="25" number="567">finely</token>
<token t_id="569" sentence="25" number="568">dressed</token>
<token t_id="570" sentence="25" number="569">Madonna</token>
<token t_id="571" sentence="25" number="570">dolls</token>
<token t_id="572" sentence="25" number="571">and</token>
<token t_id="573" sentence="25" number="572">pots</token>
<token t_id="574" sentence="25" number="573">of</token>
<token t_id="575" sentence="25" number="574">artificial</token>
<token t_id="576" sentence="25" number="575">flowers</token>
<token t_id="577" sentence="25" number="576">.</token>
<token t_id="578" sentence="26" number="577">Above</token>
<token t_id="579" sentence="26" number="578">the</token>
<token t_id="580" sentence="26" number="579">doors</token>
<token t_id="581" sentence="26" number="580">S.</token>
<token t_id="582" sentence="26" number="581">Michael</token>
<token t_id="583" sentence="26" number="582">and</token>
<token t_id="584" sentence="26" number="583">S.</token>
<token t_id="585" sentence="26" number="584">Francis</token>
<token t_id="586" sentence="26" number="585">,</token>
<token t_id="587" sentence="26" number="586">roughly</token>
<token t_id="588" sentence="26" number="587">embossed</token>
<token t_id="589" sentence="26" number="588">in</token>
<token t_id="590" sentence="26" number="589">low</token>
<token t_id="591" sentence="26" number="590">relief</token>
<token t_id="592" sentence="26" number="591">and</token>
<token t_id="593" sentence="26" number="592">boldly</token>
<token t_id="594" sentence="26" number="593">painted</token>
<token t_id="595" sentence="26" number="594">,</token>
<token t_id="596" sentence="26" number="595">gave</token>
<token t_id="597" sentence="26" number="596">dignity</token>
<token t_id="598" sentence="26" number="597">and</token>
<token t_id="599" sentence="26" number="598">grandeur</token>
<token t_id="600" sentence="26" number="599">to</token>
<token t_id="601" sentence="26" number="600">the</token>
<token t_id="602" sentence="26" number="601">walls</token>
<token t_id="603" sentence="26" number="602">.</token>
<token t_id="604" sentence="27" number="603">These</token>
<token t_id="605" sentence="27" number="604">showed</token>
<token t_id="606" sentence="27" number="605">some</token>
<token t_id="607" sentence="27" number="606">sense</token>
<token t_id="608" sentence="27" number="607">for</token>
<token t_id="609" sentence="27" number="608">art</token>
<token t_id="610" sentence="27" number="609">in</token>
<token t_id="611" sentence="27" number="610">the</token>
<token t_id="612" sentence="27" number="611">first</token>
<token t_id="613" sentence="27" number="612">builders</token>
<token t_id="614" sentence="27" number="613">of</token>
<token t_id="615" sentence="27" number="614">the</token>
<token t_id="616" sentence="27" number="615">house</token>
<token t_id="617" sentence="27" number="616">.</token>
<token t_id="618" sentence="28" number="617">But</token>
<token t_id="619" sentence="28" number="618">the</token>
<token t_id="620" sentence="28" number="619">taste</token>
<token t_id="621" sentence="28" number="620">of</token>
<token t_id="622" sentence="28" number="621">the</token>
<token t_id="623" sentence="28" number="622">inhabitants</token>
<token t_id="624" sentence="28" number="623">could</token>
<token t_id="625" sentence="28" number="624">not</token>
<token t_id="626" sentence="28" number="625">be</token>
<token t_id="627" sentence="28" number="626">praised</token>
<token t_id="628" sentence="28" number="627">.</token>
<token t_id="629" sentence="29" number="628">There</token>
<token t_id="630" sentence="29" number="629">were</token>
<token t_id="631" sentence="29" number="630">countless</token>
<token t_id="632" sentence="29" number="631">gaudy</token>
<token t_id="633" sentence="29" number="632">prints</token>
<token t_id="634" sentence="29" number="633">of</token>
<token t_id="635" sentence="29" number="634">saints</token>
<token t_id="636" sentence="29" number="635">,</token>
<token t_id="637" sentence="29" number="636">and</token>
<token t_id="638" sentence="29" number="637">exactly</token>
<token t_id="639" sentence="29" number="638">five</token>
<token t_id="640" sentence="29" number="639">pictures</token>
<token t_id="641" sentence="29" number="640">of</token>
<token t_id="642" sentence="29" number="641">the</token>
<token t_id="643" sentence="29" number="642">Bambino</token>
<token t_id="644" sentence="29" number="643">,</token>
<token t_id="645" sentence="29" number="644">very</token>
<token t_id="646" sentence="29" number="645">big</token>
<token t_id="647" sentence="29" number="646">,</token>
<token t_id="648" sentence="29" number="647">and</token>
<token t_id="649" sentence="29" number="648">sprawling</token>
<token t_id="650" sentence="29" number="649">in</token>
<token t_id="651" sentence="29" number="650">a</token>
<token t_id="652" sentence="29" number="651">field</token>
<token t_id="653" sentence="29" number="652">alone</token>
<token t_id="654" sentence="29" number="653">.</token>
<token t_id="655" sentence="30" number="654">A</token>
<token t_id="656" sentence="30" number="655">crucifix</token>
<token t_id="657" sentence="30" number="656">,</token>
<token t_id="658" sentence="30" number="657">some</token>
<token t_id="659" sentence="30" number="658">old</token>
<token t_id="660" sentence="30" number="659">bottles</token>
<token t_id="661" sentence="30" number="660">,</token>
<token t_id="662" sentence="30" number="661">a</token>
<token t_id="663" sentence="30" number="662">gun</token>
<token t_id="664" sentence="30" number="663">,</token>
<token t_id="665" sentence="30" number="664">old</token>
<token t_id="666" sentence="30" number="665">clothes</token>
<token t_id="667" sentence="30" number="666">suspended</token>
<token t_id="668" sentence="30" number="667">from</token>
<token t_id="669" sentence="30" number="668">pegs</token>
<token t_id="670" sentence="30" number="669">,</token>
<token t_id="671" sentence="30" number="670">pieces</token>
<token t_id="672" sentence="30" number="671">of</token>
<token t_id="673" sentence="30" number="672">peasant</token>
<token t_id="674" sentence="30" number="673">pottery</token>
<token t_id="675" sentence="30" number="674">and</token>
<token t_id="676" sentence="30" number="675">china</token>
<token t_id="677" sentence="30" number="676">,</token>
<token t_id="678" sentence="30" number="677">completed</token>
<token t_id="679" sentence="30" number="678">the</token>
<token t_id="680" sentence="30" number="679">furniture</token>
<token t_id="681" sentence="30" number="680">of</token>
<token t_id="682" sentence="30" number="681">the</token>
<token t_id="683" sentence="30" number="682">apartment</token>
<token t_id="684" sentence="30" number="683">.</token>
<token t_id="685" sentence="31" number="684">But</token>
<token t_id="686" sentence="31" number="685">what</token>
<token t_id="687" sentence="31" number="686">a</token>
<token t_id="688" sentence="31" number="687">view</token>
<token t_id="689" sentence="31" number="688">it</token>
<token t_id="690" sentence="31" number="689">showed</token>
<token t_id="691" sentence="31" number="690">when</token>
<token t_id="692" sentence="31" number="691">Christian</token>
<token t_id="693" sentence="31" number="692">next</token>
<token t_id="694" sentence="31" number="693">morning</token>
<token t_id="695" sentence="31" number="694">opened</token>
<token t_id="696" sentence="31" number="695">the</token>
<token t_id="697" sentence="31" number="696">door</token>
<token t_id="698" sentence="31" number="697">!</token>
<token t_id="699" sentence="32" number="698">From</token>
<token t_id="700" sentence="32" number="699">my</token>
<token t_id="701" sentence="32" number="700">bed</token>
<token t_id="702" sentence="32" number="701">I</token>
<token t_id="703" sentence="32" number="702">looked</token>
<token t_id="704" sentence="32" number="703">across</token>
<token t_id="705" sentence="32" number="704">the</token>
<token t_id="706" sentence="32" number="705">red-tiled</token>
<token t_id="707" sentence="32" number="706">terrace</token>
<token t_id="708" sentence="32" number="707">to</token>
<token t_id="709" sentence="32" number="708">the</token>
<token t_id="710" sentence="32" number="709">stone-pines</token>
<token t_id="711" sentence="32" number="710">with</token>
<token t_id="712" sentence="32" number="711">their</token>
<token t_id="713" sentence="32" number="712">velvet</token>
<token t_id="714" sentence="32" number="713">roofage</token>
<token t_id="715" sentence="32" number="714">and</token>
<token t_id="716" sentence="32" number="715">the</token>
<token t_id="717" sentence="32" number="716">blue-peaked</token>
<token t_id="718" sentence="32" number="717">hills</token>
<token t_id="719" sentence="32" number="718">of</token>
<token t_id="720" sentence="32" number="719">Stabiae</token>
<token t_id="721" sentence="32" number="720">.</token>


<Markables>
<ARGUMENTATIVE m_id="4" comment="" conversational-direct="FALSE" conversational-reported="FALSE"  >
<token_anchor t_id="69"/>
<token_anchor t_id="70"/>
<token_anchor t_id="71"/>
<token_anchor t_id="72"/>
<token_anchor t_id="73"/>
<token_anchor t_id="74"/>
<token_anchor t_id="75"/>
<token_anchor t_id="76"/>
</ARGUMENTATIVE>
<ARGUMENTATIVE m_id="38" comment="" conversational-direct="FALSE" conversational-reported="FALSE"  >
<token_anchor t_id="685"/>
<token_anchor t_id="686"/>
<token_anchor t_id="687"/>
<token_anchor t_id="688"/>
<token_anchor t_id="689"/>
<token_anchor t_id="690"/>
</ARGUMENTATIVE>
<ARGUMENTATIVE m_id="39" comment="" conversational-direct="FALSE" conversational-reported="FALSE"  >
<token_anchor t_id="691"/>
<token_anchor t_id="692"/>
<token_anchor t_id="693"/>
<token_anchor t_id="694"/>
<token_anchor t_id="695"/>
<token_anchor t_id="696"/>
<token_anchor t_id="697"/>
<token_anchor t_id="698"/>
</ARGUMENTATIVE>
<ARGUMENTATIVE m_id="42" comment="" conversational-direct="FALSE" conversational-reported="FALSE"  >
<token_anchor t_id="437"/>
<token_anchor t_id="438"/>
<token_anchor t_id="439"/>
<token_anchor t_id="440"/>
<token_anchor t_id="441"/>
<token_anchor t_id="442"/>
<token_anchor t_id="443"/>
<token_anchor t_id="444"/>
<token_anchor t_id="445"/>
<token_anchor t_id="446"/>
<token_anchor t_id="447"/>
<token_anchor t_id="448"/>
<token_anchor t_id="449"/>
<token_anchor t_id="450"/>
</ARGUMENTATIVE>
<ARGUMENTATIVE m_id="43" comment="" conversational-direct="FALSE" conversational-reported="FALSE"  >
<token_anchor t_id="451"/>
<token_anchor t_id="452"/>
<token_anchor t_id="453"/>
<token_anchor t_id="454"/>
<token_anchor t_id="455"/>
<token_anchor t_id="456"/>
<token_anchor t_id="457"/>
<token_anchor t_id="458"/>
<token_anchor t_id="459"/>
<token_anchor t_id="460"/>
<token_anchor t_id="461"/>
<token_anchor t_id="462"/>
<token_anchor t_id="463"/>
</ARGUMENTATIVE>
<ARGUMENTATIVE m_id="47" comment="" conversational-direct="FALSE" conversational-reported="FALSE"  >
<token_anchor t_id="618"/>
<token_anchor t_id="619"/>
<token_anchor t_id="620"/>
<token_anchor t_id="621"/>
<token_anchor t_id="622"/>
<token_anchor t_id="623"/>
<token_anchor t_id="624"/>
<token_anchor t_id="625"/>
<token_anchor t_id="626"/>
<token_anchor t_id="627"/>
<token_anchor t_id="628"/>
</ARGUMENTATIVE>
<ARGUMENTATIVE m_id="49" comment="" conversational-direct="FALSE" conversational-reported="FALSE"  >
<token_anchor t_id="295"/>
<token_anchor t_id="296"/>
<token_anchor t_id="297"/>
<token_anchor t_id="298"/>
<token_anchor t_id="299"/>
<token_anchor t_id="300"/>
<token_anchor t_id="301"/>
<token_anchor t_id="302"/>
<token_anchor t_id="303"/>
<token_anchor t_id="304"/>
<token_anchor t_id="305"/>
</ARGUMENTATIVE>
<ARGUMENTATIVE m_id="50" comment="" conversational-direct="FALSE" conversational-reported="FALSE"  >
<token_anchor t_id="387"/>
<token_anchor t_id="388"/>
<token_anchor t_id="389"/>
<token_anchor t_id="390"/>
<token_anchor t_id="391"/>
<token_anchor t_id="392"/>
<token_anchor t_id="393"/>
<token_anchor t_id="394"/>
<token_anchor t_id="395"/>
<token_anchor t_id="396"/>
<token_anchor t_id="397"/>
<token_anchor t_id="398"/>
<token_anchor t_id="399"/>
<token_anchor t_id="400"/>
<token_anchor t_id="401"/>
<token_anchor t_id="402"/>
<token_anchor t_id="403"/>
<token_anchor t_id="404"/>
<token_anchor t_id="405"/>
<token_anchor t_id="406"/>
<token_anchor t_id="407"/>
<token_anchor t_id="408"/>
<token_anchor t_id="409"/>
<token_anchor t_id="410"/>
<token_anchor t_id="411"/>
<token_anchor t_id="412"/>
<token_anchor t_id="426"/>
<token_anchor t_id="427"/>
<token_anchor t_id="428"/>
<token_anchor t_id="429"/>
<token_anchor t_id="430"/>
<token_anchor t_id="431"/>
<token_anchor t_id="432"/>
<token_anchor t_id="433"/>
<token_anchor t_id="434"/>
<token_anchor t_id="435"/>
<token_anchor t_id="436"/>
</ARGUMENTATIVE>
<ARGUMENTATIVE m_id="19" comment="" conversational-direct="FALSE" conversational-reported="FALSE"  >
<token_anchor t_id="266"/>
<token_anchor t_id="267"/>
<token_anchor t_id="268"/>
<token_anchor t_id="269"/>
<token_anchor t_id="279"/>
<token_anchor t_id="280"/>
<token_anchor t_id="281"/>
<token_anchor t_id="282"/>
<token_anchor t_id="283"/>
<token_anchor t_id="284"/>
<token_anchor t_id="285"/>
</ARGUMENTATIVE>
<ARGUMENTATIVE m_id="51" comment="" conversational-direct="FALSE" conversational-reported="FALSE"  >
<token_anchor t_id="413"/>
<token_anchor t_id="414"/>
<token_anchor t_id="415"/>
<token_anchor t_id="416"/>
<token_anchor t_id="417"/>
<token_anchor t_id="418"/>
<token_anchor t_id="419"/>
<token_anchor t_id="420"/>
<token_anchor t_id="421"/>
<token_anchor t_id="422"/>
<token_anchor t_id="423"/>
<token_anchor t_id="424"/>
<token_anchor t_id="425"/>
</ARGUMENTATIVE>
<ARGUMENTATIVE m_id="20" comment="" conversational-direct="FALSE" conversational-reported="FALSE"  >
<token_anchor t_id="286"/>
<token_anchor t_id="287"/>
<token_anchor t_id="288"/>
<token_anchor t_id="289"/>
<token_anchor t_id="290"/>
<token_anchor t_id="291"/>
<token_anchor t_id="292"/>
<token_anchor t_id="293"/>
<token_anchor t_id="294"/>
</ARGUMENTATIVE>
<ARGUMENTATIVE m_id="21" comment="" conversational-direct="FALSE" conversational-reported="FALSE"  >
<token_anchor t_id="306"/>
<token_anchor t_id="307"/>
<token_anchor t_id="308"/>
<token_anchor t_id="309"/>
<token_anchor t_id="310"/>
<token_anchor t_id="311"/>
<token_anchor t_id="312"/>
<token_anchor t_id="313"/>
<token_anchor t_id="314"/>
<token_anchor t_id="315"/>
<token_anchor t_id="316"/>
<token_anchor t_id="322"/>
<token_anchor t_id="323"/>
<token_anchor t_id="324"/>
</ARGUMENTATIVE>
<DESCRIPTIVE m_id="26" Type="Location" comment="" conversational-direct="FALSE" conversational-reported="FALSE"  >
<token_anchor t_id="365"/>
<token_anchor t_id="366"/>
<token_anchor t_id="367"/>
<token_anchor t_id="368"/>
<token_anchor t_id="369"/>
<token_anchor t_id="370"/>
<token_anchor t_id="371"/>
<token_anchor t_id="372"/>
<token_anchor t_id="373"/>
<token_anchor t_id="374"/>
<token_anchor t_id="375"/>
<token_anchor t_id="376"/>
<token_anchor t_id="377"/>
<token_anchor t_id="378"/>
<token_anchor t_id="379"/>
<token_anchor t_id="380"/>
<token_anchor t_id="381"/>
<token_anchor t_id="382"/>
<token_anchor t_id="383"/>
<token_anchor t_id="384"/>
<token_anchor t_id="385"/>
<token_anchor t_id="386"/>
</DESCRIPTIVE>
<DESCRIPTIVE m_id="30" Type="Other" comment="" conversational-direct="FALSE" conversational-reported="FALSE"  >
<token_anchor t_id="514"/>
<token_anchor t_id="515"/>
<token_anchor t_id="516"/>
<token_anchor t_id="517"/>
<token_anchor t_id="518"/>
</DESCRIPTIVE>
<DESCRIPTIVE m_id="31" Type="Other" comment="" conversational-direct="FALSE" conversational-reported="FALSE"  >
<token_anchor t_id="519"/>
<token_anchor t_id="520"/>
<token_anchor t_id="521"/>
<token_anchor t_id="522"/>
<token_anchor t_id="523"/>
<token_anchor t_id="524"/>
</DESCRIPTIVE>
<DESCRIPTIVE m_id="32" Type="Location" comment="" conversational-direct="FALSE" conversational-reported="FALSE"  >
<token_anchor t_id="525"/>
<token_anchor t_id="526"/>
<token_anchor t_id="527"/>
<token_anchor t_id="528"/>
<token_anchor t_id="529"/>
<token_anchor t_id="530"/>
<token_anchor t_id="531"/>
<token_anchor t_id="532"/>
<token_anchor t_id="533"/>
<token_anchor t_id="534"/>
<token_anchor t_id="535"/>
<token_anchor t_id="536"/>
<token_anchor t_id="537"/>
<token_anchor t_id="538"/>
<token_anchor t_id="539"/>
<token_anchor t_id="540"/>
<token_anchor t_id="541"/>
<token_anchor t_id="542"/>
<token_anchor t_id="543"/>
<token_anchor t_id="544"/>
<token_anchor t_id="545"/>
<token_anchor t_id="546"/>
<token_anchor t_id="547"/>
<token_anchor t_id="548"/>
<token_anchor t_id="549"/>
<token_anchor t_id="550"/>
<token_anchor t_id="551"/>
<token_anchor t_id="552"/>
<token_anchor t_id="553"/>
</DESCRIPTIVE>
<DESCRIPTIVE m_id="33" Type="Location" comment="" conversational-direct="FALSE" conversational-reported="FALSE"  >
<token_anchor t_id="554"/>
<token_anchor t_id="555"/>
<token_anchor t_id="556"/>
<token_anchor t_id="557"/>
<token_anchor t_id="558"/>
<token_anchor t_id="559"/>
<token_anchor t_id="560"/>
<token_anchor t_id="561"/>
<token_anchor t_id="562"/>
<token_anchor t_id="563"/>
<token_anchor t_id="564"/>
<token_anchor t_id="565"/>
<token_anchor t_id="566"/>
<token_anchor t_id="567"/>
<token_anchor t_id="568"/>
<token_anchor t_id="569"/>
<token_anchor t_id="570"/>
<token_anchor t_id="571"/>
<token_anchor t_id="572"/>
<token_anchor t_id="573"/>
<token_anchor t_id="574"/>
<token_anchor t_id="575"/>
<token_anchor t_id="576"/>
<token_anchor t_id="577"/>
</DESCRIPTIVE>
<DESCRIPTIVE m_id="34" Type="Location" comment="" conversational-direct="FALSE" conversational-reported="FALSE"  >
<token_anchor t_id="578"/>
<token_anchor t_id="579"/>
<token_anchor t_id="580"/>
<token_anchor t_id="581"/>
<token_anchor t_id="582"/>
<token_anchor t_id="583"/>
<token_anchor t_id="584"/>
<token_anchor t_id="585"/>
<token_anchor t_id="586"/>
<token_anchor t_id="587"/>
<token_anchor t_id="588"/>
<token_anchor t_id="589"/>
<token_anchor t_id="590"/>
<token_anchor t_id="591"/>
<token_anchor t_id="592"/>
<token_anchor t_id="593"/>
<token_anchor t_id="594"/>
<token_anchor t_id="595"/>
<token_anchor t_id="596"/>
<token_anchor t_id="597"/>
<token_anchor t_id="598"/>
<token_anchor t_id="599"/>
<token_anchor t_id="600"/>
<token_anchor t_id="601"/>
<token_anchor t_id="602"/>
<token_anchor t_id="603"/>
</DESCRIPTIVE>
<DESCRIPTIVE m_id="3" Type="Location" comment="" conversational-direct="FALSE" conversational-reported="FALSE"  >
<token_anchor t_id="4"/>
<token_anchor t_id="5"/>
<token_anchor t_id="6"/>
<token_anchor t_id="7"/>
<token_anchor t_id="8"/>
<token_anchor t_id="9"/>
<token_anchor t_id="10"/>
<token_anchor t_id="11"/>
<token_anchor t_id="12"/>
<token_anchor t_id="13"/>
<token_anchor t_id="14"/>
<token_anchor t_id="15"/>
<token_anchor t_id="16"/>
<token_anchor t_id="17"/>
<token_anchor t_id="18"/>
<token_anchor t_id="19"/>
<token_anchor t_id="20"/>
<token_anchor t_id="21"/>
<token_anchor t_id="22"/>
<token_anchor t_id="23"/>
<token_anchor t_id="24"/>
<token_anchor t_id="25"/>
<token_anchor t_id="26"/>
<token_anchor t_id="27"/>
<token_anchor t_id="28"/>
</DESCRIPTIVE>
<DESCRIPTIVE m_id="35" Type="Location" comment="" conversational-direct="FALSE" conversational-reported="FALSE"  >
<token_anchor t_id="604"/>
<token_anchor t_id="605"/>
<token_anchor t_id="606"/>
<token_anchor t_id="607"/>
<token_anchor t_id="608"/>
<token_anchor t_id="609"/>
<token_anchor t_id="610"/>
<token_anchor t_id="611"/>
<token_anchor t_id="612"/>
<token_anchor t_id="613"/>
<token_anchor t_id="614"/>
<token_anchor t_id="615"/>
<token_anchor t_id="616"/>
<token_anchor t_id="617"/>
</DESCRIPTIVE>
<DESCRIPTIVE m_id="36" Type="Location" comment="" conversational-direct="FALSE" conversational-reported="FALSE"  >
<token_anchor t_id="629"/>
<token_anchor t_id="630"/>
<token_anchor t_id="631"/>
<token_anchor t_id="632"/>
<token_anchor t_id="633"/>
<token_anchor t_id="634"/>
<token_anchor t_id="635"/>
<token_anchor t_id="636"/>
<token_anchor t_id="637"/>
<token_anchor t_id="638"/>
<token_anchor t_id="639"/>
<token_anchor t_id="640"/>
<token_anchor t_id="641"/>
<token_anchor t_id="642"/>
<token_anchor t_id="643"/>
<token_anchor t_id="644"/>
<token_anchor t_id="645"/>
<token_anchor t_id="646"/>
<token_anchor t_id="647"/>
<token_anchor t_id="648"/>
<token_anchor t_id="649"/>
<token_anchor t_id="650"/>
<token_anchor t_id="651"/>
<token_anchor t_id="652"/>
<token_anchor t_id="653"/>
<token_anchor t_id="654"/>
</DESCRIPTIVE>
<DESCRIPTIVE m_id="37" Type="Location" comment="" conversational-direct="FALSE" conversational-reported="FALSE"  >
<token_anchor t_id="655"/>
<token_anchor t_id="656"/>
<token_anchor t_id="657"/>
<token_anchor t_id="658"/>
<token_anchor t_id="659"/>
<token_anchor t_id="660"/>
<token_anchor t_id="661"/>
<token_anchor t_id="662"/>
<token_anchor t_id="663"/>
<token_anchor t_id="664"/>
<token_anchor t_id="665"/>
<token_anchor t_id="666"/>
<token_anchor t_id="667"/>
<token_anchor t_id="668"/>
<token_anchor t_id="669"/>
<token_anchor t_id="670"/>
<token_anchor t_id="671"/>
<token_anchor t_id="672"/>
<token_anchor t_id="673"/>
<token_anchor t_id="674"/>
<token_anchor t_id="675"/>
<token_anchor t_id="676"/>
<token_anchor t_id="677"/>
<token_anchor t_id="678"/>
<token_anchor t_id="679"/>
<token_anchor t_id="680"/>
<token_anchor t_id="681"/>
<token_anchor t_id="682"/>
<token_anchor t_id="683"/>
<token_anchor t_id="684"/>
</DESCRIPTIVE>
<DESCRIPTIVE m_id="6" Type="Location" comment="" conversational-direct="FALSE" conversational-reported="FALSE"  >
<token_anchor t_id="102"/>
<token_anchor t_id="103"/>
<token_anchor t_id="104"/>
<token_anchor t_id="105"/>
<token_anchor t_id="106"/>
<token_anchor t_id="107"/>
<token_anchor t_id="108"/>
<token_anchor t_id="109"/>
<token_anchor t_id="110"/>
<token_anchor t_id="111"/>
<token_anchor t_id="112"/>
<token_anchor t_id="113"/>
<token_anchor t_id="114"/>
<token_anchor t_id="115"/>
</DESCRIPTIVE>
<DESCRIPTIVE m_id="7" Type="Location" comment="" conversational-direct="FALSE" conversational-reported="FALSE"  >
<token_anchor t_id="116"/>
<token_anchor t_id="117"/>
<token_anchor t_id="118"/>
<token_anchor t_id="119"/>
<token_anchor t_id="120"/>
<token_anchor t_id="121"/>
<token_anchor t_id="122"/>
<token_anchor t_id="123"/>
<token_anchor t_id="124"/>
<token_anchor t_id="125"/>
</DESCRIPTIVE>
<DESCRIPTIVE m_id="8" Type="Location" comment="" conversational-direct="FALSE" conversational-reported="FALSE"  >
<token_anchor t_id="137"/>
<token_anchor t_id="138"/>
<token_anchor t_id="139"/>
<token_anchor t_id="140"/>
<token_anchor t_id="141"/>
<token_anchor t_id="142"/>
<token_anchor t_id="143"/>
<token_anchor t_id="144"/>
<token_anchor t_id="145"/>
<token_anchor t_id="146"/>
<token_anchor t_id="147"/>
</DESCRIPTIVE>
<DESCRIPTIVE m_id="9" Type="Location" comment="" conversational-direct="FALSE" conversational-reported="FALSE"  >
<token_anchor t_id="148"/>
<token_anchor t_id="149"/>
<token_anchor t_id="150"/>
<token_anchor t_id="151"/>
<token_anchor t_id="152"/>
<token_anchor t_id="153"/>
</DESCRIPTIVE>
<DESCRIPTIVE m_id="41" Type="Other" comment="" conversational-direct="FALSE" conversational-reported="FALSE"  >
<token_anchor t_id="219"/>
<token_anchor t_id="220"/>
<token_anchor t_id="221"/>
<token_anchor t_id="222"/>
<token_anchor t_id="223"/>
<token_anchor t_id="224"/>
<token_anchor t_id="225"/>
<token_anchor t_id="226"/>
<token_anchor t_id="227"/>
<token_anchor t_id="228"/>
<token_anchor t_id="229"/>
<token_anchor t_id="230"/>
<token_anchor t_id="231"/>
<token_anchor t_id="232"/>
<token_anchor t_id="233"/>
<token_anchor t_id="234"/>
<token_anchor t_id="235"/>
</DESCRIPTIVE>
<DESCRIPTIVE m_id="45" Type="Other" comment="" conversational-direct="FALSE" conversational-reported="FALSE"  >
<token_anchor t_id="126"/>
<token_anchor t_id="127"/>
<token_anchor t_id="128"/>
<token_anchor t_id="129"/>
<token_anchor t_id="130"/>
<token_anchor t_id="131"/>
<token_anchor t_id="132"/>
<token_anchor t_id="133"/>
<token_anchor t_id="134"/>
<token_anchor t_id="135"/>
<token_anchor t_id="136"/>
</DESCRIPTIVE>
<DESCRIPTIVE m_id="15" Type="Location" comment="" conversational-direct="FALSE" conversational-reported="FALSE"  >
<token_anchor t_id="189"/>
<token_anchor t_id="190"/>
<token_anchor t_id="191"/>
<token_anchor t_id="192"/>
<token_anchor t_id="202"/>
<token_anchor t_id="203"/>
<token_anchor t_id="204"/>
<token_anchor t_id="205"/>
<token_anchor t_id="206"/>
<token_anchor t_id="207"/>
<token_anchor t_id="208"/>
<token_anchor t_id="209"/>
<token_anchor t_id="210"/>
<token_anchor t_id="211"/>
<token_anchor t_id="212"/>
</DESCRIPTIVE>
<DESCRIPTIVE m_id="16" Type="Other" comment="" conversational-direct="FALSE" conversational-reported="FALSE"  >
<token_anchor t_id="213"/>
<token_anchor t_id="214"/>
<token_anchor t_id="215"/>
<token_anchor t_id="216"/>
<token_anchor t_id="217"/>
<token_anchor t_id="218"/>
</DESCRIPTIVE>
<DESCRIPTIVE m_id="48" Type="Other" comment="" conversational-direct="FALSE" conversational-reported="FALSE"  >
<token_anchor t_id="270"/>
<token_anchor t_id="271"/>
<token_anchor t_id="272"/>
<token_anchor t_id="273"/>
<token_anchor t_id="274"/>
<token_anchor t_id="275"/>
<token_anchor t_id="276"/>
<token_anchor t_id="277"/>
<token_anchor t_id="278"/>
</DESCRIPTIVE>
<DESCRIPTIVE m_id="17" Type="Other" comment="" conversational-direct="FALSE" conversational-reported="FALSE"  >
<token_anchor t_id="236"/>
<token_anchor t_id="237"/>
<token_anchor t_id="238"/>
<token_anchor t_id="239"/>
<token_anchor t_id="240"/>
<token_anchor t_id="241"/>
<token_anchor t_id="242"/>
<token_anchor t_id="243"/>
<token_anchor t_id="244"/>
<token_anchor t_id="245"/>
<token_anchor t_id="246"/>
<token_anchor t_id="247"/>
<token_anchor t_id="248"/>
<token_anchor t_id="249"/>
<token_anchor t_id="250"/>
<token_anchor t_id="251"/>
<token_anchor t_id="252"/>
<token_anchor t_id="253"/>
<token_anchor t_id="254"/>
<token_anchor t_id="255"/>
<token_anchor t_id="256"/>
<token_anchor t_id="257"/>
<token_anchor t_id="258"/>
</DESCRIPTIVE>
<DESCRIPTIVE m_id="18" Type="Other" comment="" conversational-direct="FALSE" conversational-reported="FALSE"  >
<token_anchor t_id="259"/>
<token_anchor t_id="260"/>
<token_anchor t_id="261"/>
<token_anchor t_id="262"/>
<token_anchor t_id="263"/>
<token_anchor t_id="264"/>
<token_anchor t_id="265"/>
</DESCRIPTIVE>
<LOCATION m_id="2" comment=""  >
<token_anchor t_id="3"/>
</LOCATION>
<NARRATIVE m_id="25" Level="Primary" comment="" conversational-direct="FALSE" conversational-reported="FALSE"  >
<token_anchor t_id="335"/>
<token_anchor t_id="336"/>
<token_anchor t_id="337"/>
<token_anchor t_id="338"/>
<token_anchor t_id="347"/>
<token_anchor t_id="348"/>
<token_anchor t_id="349"/>
<token_anchor t_id="350"/>
<token_anchor t_id="351"/>
<token_anchor t_id="352"/>
<token_anchor t_id="353"/>
<token_anchor t_id="354"/>
<token_anchor t_id="355"/>
<token_anchor t_id="356"/>
<token_anchor t_id="357"/>
<token_anchor t_id="358"/>
<token_anchor t_id="359"/>
<token_anchor t_id="360"/>
<token_anchor t_id="361"/>
<token_anchor t_id="362"/>
<token_anchor t_id="363"/>
<token_anchor t_id="364"/>
</NARRATIVE>
<NARRATIVE m_id="27" Level="Primary" comment="" conversational-direct="FALSE" conversational-reported="FALSE"  >
<token_anchor t_id="464"/>
<token_anchor t_id="465"/>
<token_anchor t_id="466"/>
<token_anchor t_id="467"/>
<token_anchor t_id="468"/>
<token_anchor t_id="469"/>
<token_anchor t_id="470"/>
<token_anchor t_id="471"/>
<token_anchor t_id="472"/>
<token_anchor t_id="473"/>
<token_anchor t_id="474"/>
</NARRATIVE>
<NARRATIVE m_id="28" Level="Primary" comment="" conversational-direct="FALSE" conversational-reported="FALSE"  >
<token_anchor t_id="475"/>
<token_anchor t_id="476"/>
<token_anchor t_id="477"/>
<token_anchor t_id="478"/>
<token_anchor t_id="479"/>
<token_anchor t_id="480"/>
<token_anchor t_id="481"/>
<token_anchor t_id="482"/>
<token_anchor t_id="483"/>
<token_anchor t_id="484"/>
</NARRATIVE>
<NARRATIVE m_id="29" Level="Primary" comment="" conversational-direct="FALSE" conversational-reported="FALSE"  >
<token_anchor t_id="485"/>
<token_anchor t_id="486"/>
<token_anchor t_id="487"/>
<token_anchor t_id="488"/>
<token_anchor t_id="489"/>
<token_anchor t_id="490"/>
<token_anchor t_id="491"/>
<token_anchor t_id="492"/>
<token_anchor t_id="493"/>
<token_anchor t_id="494"/>
<token_anchor t_id="495"/>
<token_anchor t_id="496"/>
<token_anchor t_id="497"/>
<token_anchor t_id="498"/>
<token_anchor t_id="499"/>
<token_anchor t_id="500"/>
<token_anchor t_id="501"/>
<token_anchor t_id="502"/>
<token_anchor t_id="503"/>
<token_anchor t_id="504"/>
<token_anchor t_id="505"/>
<token_anchor t_id="506"/>
</NARRATIVE>
<NARRATIVE m_id="5" Level="Primary" comment="" conversational-direct="FALSE" conversational-reported="FALSE"  >
<token_anchor t_id="77"/>
<token_anchor t_id="78"/>
<token_anchor t_id="79"/>
<token_anchor t_id="80"/>
<token_anchor t_id="81"/>
<token_anchor t_id="82"/>
<token_anchor t_id="83"/>
<token_anchor t_id="84"/>
<token_anchor t_id="85"/>
<token_anchor t_id="86"/>
<token_anchor t_id="87"/>
<token_anchor t_id="88"/>
<token_anchor t_id="89"/>
<token_anchor t_id="90"/>
<token_anchor t_id="91"/>
<token_anchor t_id="92"/>
<token_anchor t_id="93"/>
<token_anchor t_id="94"/>
<token_anchor t_id="95"/>
<token_anchor t_id="96"/>
<token_anchor t_id="97"/>
<token_anchor t_id="98"/>
<token_anchor t_id="99"/>
<token_anchor t_id="100"/>
<token_anchor t_id="101"/>
</NARRATIVE>
<NARRATIVE m_id="40" Level="Primary" comment="" conversational-direct="FALSE" conversational-reported="FALSE"  >
<token_anchor t_id="699"/>
<token_anchor t_id="700"/>
<token_anchor t_id="701"/>
<token_anchor t_id="702"/>
<token_anchor t_id="703"/>
<token_anchor t_id="704"/>
<token_anchor t_id="705"/>
<token_anchor t_id="706"/>
<token_anchor t_id="707"/>
<token_anchor t_id="708"/>
<token_anchor t_id="709"/>
<token_anchor t_id="710"/>
<token_anchor t_id="711"/>
<token_anchor t_id="712"/>
<token_anchor t_id="713"/>
<token_anchor t_id="714"/>
<token_anchor t_id="715"/>
<token_anchor t_id="716"/>
<token_anchor t_id="717"/>
<token_anchor t_id="718"/>
<token_anchor t_id="719"/>
<token_anchor t_id="720"/>
<token_anchor t_id="721"/>
</NARRATIVE>
<NARRATIVE m_id="10" Level="Primary" comment="" conversational-direct="FALSE" conversational-reported="FALSE"  >
<token_anchor t_id="168"/>
<token_anchor t_id="169"/>
<token_anchor t_id="170"/>
<token_anchor t_id="171"/>
<token_anchor t_id="172"/>
<token_anchor t_id="173"/>
<token_anchor t_id="174"/>
<token_anchor t_id="175"/>
<token_anchor t_id="176"/>
<token_anchor t_id="177"/>
<token_anchor t_id="178"/>
<token_anchor t_id="179"/>
<token_anchor t_id="180"/>
<token_anchor t_id="181"/>
<token_anchor t_id="182"/>
<token_anchor t_id="183"/>
<token_anchor t_id="184"/>
<token_anchor t_id="185"/>
</NARRATIVE>
<NARRATIVE m_id="11" Level="Primary" comment="" conversational-direct="FALSE" conversational-reported="FALSE"  >
<token_anchor t_id="186"/>
<token_anchor t_id="187"/>
<token_anchor t_id="188"/>
</NARRATIVE>
<NARRATIVE m_id="12" Level="Primary" comment="" conversational-direct="FALSE" conversational-reported="FALSE"  >
<token_anchor t_id="154"/>
<token_anchor t_id="155"/>
<token_anchor t_id="156"/>
<token_anchor t_id="157"/>
<token_anchor t_id="158"/>
<token_anchor t_id="159"/>
<token_anchor t_id="160"/>
<token_anchor t_id="161"/>
<token_anchor t_id="162"/>
</NARRATIVE>
<NARRATIVE m_id="44" Level="Primary" comment="" conversational-direct="FALSE" conversational-reported="FALSE"  >
<token_anchor t_id="507"/>
<token_anchor t_id="508"/>
<token_anchor t_id="509"/>
<token_anchor t_id="510"/>
<token_anchor t_id="511"/>
<token_anchor t_id="512"/>
<token_anchor t_id="513"/>
</NARRATIVE>
<NARRATIVE m_id="13" Level="Primary" comment="" conversational-direct="FALSE" conversational-reported="FALSE"  >
<token_anchor t_id="163"/>
<token_anchor t_id="164"/>
</NARRATIVE>
<NARRATIVE m_id="14" Level="Primary" comment="" conversational-direct="FALSE" conversational-reported="FALSE"  >
<token_anchor t_id="193"/>
<token_anchor t_id="194"/>
<token_anchor t_id="195"/>
<token_anchor t_id="196"/>
<token_anchor t_id="197"/>
<token_anchor t_id="198"/>
<token_anchor t_id="199"/>
<token_anchor t_id="200"/>
<token_anchor t_id="201"/>
</NARRATIVE>
<NARRATIVE m_id="46" Level="Primary" comment="" conversational-direct="FALSE" conversational-reported="FALSE"  >
<token_anchor t_id="165"/>
<token_anchor t_id="166"/>
<token_anchor t_id="167"/>
</NARRATIVE>
<NARRATIVE m_id="52" Level="" comment="" conversational-direct="FALSE" conversational-reported="FALSE"  >
<token_anchor t_id="29"/>
<token_anchor t_id="30"/>
<token_anchor t_id="31"/>
<token_anchor t_id="32"/>
<token_anchor t_id="33"/>
<token_anchor t_id="34"/>
<token_anchor t_id="35"/>
<token_anchor t_id="36"/>
<token_anchor t_id="37"/>
<token_anchor t_id="38"/>
<token_anchor t_id="39"/>
<token_anchor t_id="40"/>
<token_anchor t_id="41"/>
<token_anchor t_id="42"/>
<token_anchor t_id="43"/>
<token_anchor t_id="44"/>
<token_anchor t_id="45"/>
<token_anchor t_id="46"/>
<token_anchor t_id="47"/>
<token_anchor t_id="48"/>
<token_anchor t_id="49"/>
<token_anchor t_id="50"/>
<token_anchor t_id="51"/>
<token_anchor t_id="52"/>
<token_anchor t_id="53"/>
<token_anchor t_id="54"/>
<token_anchor t_id="55"/>
<token_anchor t_id="56"/>
<token_anchor t_id="57"/>
<token_anchor t_id="58"/>
<token_anchor t_id="59"/>
<token_anchor t_id="60"/>
<token_anchor t_id="61"/>
<token_anchor t_id="62"/>
<token_anchor t_id="63"/>
<token_anchor t_id="64"/>
<token_anchor t_id="65"/>
<token_anchor t_id="66"/>
<token_anchor t_id="67"/>
<token_anchor t_id="68"/>
</NARRATIVE>
<NARRATIVE m_id="22" Level="Primary" comment="" conversational-direct="FALSE" conversational-reported="FALSE"  >
<token_anchor t_id="317"/>
<token_anchor t_id="318"/>
<token_anchor t_id="319"/>
<token_anchor t_id="320"/>
<token_anchor t_id="321"/>
</NARRATIVE>
<NARRATIVE m_id="23" Level="Primary" comment="" conversational-direct="FALSE" conversational-reported="FALSE"  >
<token_anchor t_id="325"/>
<token_anchor t_id="326"/>
<token_anchor t_id="327"/>
<token_anchor t_id="328"/>
<token_anchor t_id="329"/>
<token_anchor t_id="330"/>
<token_anchor t_id="331"/>
<token_anchor t_id="332"/>
<token_anchor t_id="333"/>
<token_anchor t_id="334"/>
</NARRATIVE>
<NARRATIVE m_id="24" Level="Primary" comment="" conversational-direct="FALSE" conversational-reported="FALSE"  >
<token_anchor t_id="339"/>
<token_anchor t_id="340"/>
<token_anchor t_id="341"/>
<token_anchor t_id="342"/>
<token_anchor t_id="343"/>
<token_anchor t_id="344"/>
<token_anchor t_id="345"/>
<token_anchor t_id="346"/>
</NARRATIVE>
<NONE m_id="1" comment=""  >
<token_anchor t_id="1"/>
<token_anchor t_id="2"/>
<token_anchor t_id="3"/>
</NONE>


</Markables>

<Relations>
</Relations>
</Document>
